Date,Expiry Date,Option Type,Strike Price,Open Price,High Price,Low Price,Close Price,Last Price,Settlement Price,Volume,Value  (₹ Lakhs) ,Premium Value  (₹ Lakhs) ,Open Interest,Change in OI
2025-11-12,2025-12-16,PE,"26,500.00",562.10,564.00,530.10,533.05,533.05,678.30,900,"2,43,42,540.00","4,92,540.00",450,450
2025-11-12,2025-12-16,CE,"25,900.00",431.00,473.65,407.60,468.90,468.90,445.75,3225,"8,49,13,192.50","13,85,692.50",1650,1650
2025-11-12,2025-12-16,CE,"27,450.00",51.00,51.00,13.00,21.00,20.00,21.00,1575,"4,32,69,191.25","35,441.25",675,675
2025-11-12,2025-12-16,CE,"26,200.00",252.05,303.20,252.05,286.75,286.75,286.75,1125,"2,97,94,035.00","3,19,035.00",750,750
2025-11-12,2025-12-16,CE,"25,800.00",488.00,541.65,468.90,505.50,504.80,505.50,3150,"8,28,46,500.00","15,76,500.00",975,975
2025-11-12,2025-12-16,CE,"26,500.00",172.80,173.65,158.35,160.80,158.35,160.80,5775,"15,39,86,467.50","9,48,967.50",4200,4200
2025-11-12,2025-12-16,CE,"26,350.00",213.45,225.00,201.65,222.35,222.35,222.35,975,"2,59,03,001.25","2,11,751.25",225,225
2025-11-12,2025-12-16,PE,"25,600.00",180.50,180.80,143.85,151.85,155.50,151.85,30000,"77,27,34,082.50","47,34,082.50",26475,26475
2025-11-12,2025-12-16,PE,"25,000.00",84.40,84.60,57.05,60.40,63.05,60.40,8700,"21,80,42,902.50","5,42,902.50",5925,5925
2025-11-12,2025-12-16,PE,"25,700.00",205.95,208.70,168.80,182.95,185.00,182.95,12300,"31,84,26,761.25","23,16,761.25",8025,8025
2025-11-12,2025-12-16,CE,"26,100.00",319.90,335.00,319.90,334.35,334.35,346.60,600,"1,58,58,870.00","1,98,870.00",600,600
2025-11-12,2025-12-16,CE,"25,850.00",463.15,463.15,451.60,451.60,451.60,473.10,150,"39,46,106.25","68,606.25",75,75
2025-11-12,2025-12-16,PE,"25,900.00",246.00,250.00,233.15,242.65,250.00,242.65,1950,"5,09,76,693.75","4,71,693.75",1350,1350
2025-11-12,2025-12-16,PE,"24,000.00",25.55,25.55,25.55,25.55,25.55,5.25,75,"18,01,916.25","1,916.25",75,75
2025-11-12,2025-12-16,PE,"26,000.00",321.70,323.40,271.20,292.25,288.60,292.25,52200,"1,37,23,24,458.75","1,51,24,458.75",25350,25350
2025-11-12,2025-12-16,PE,"25,850.00",231.25,233.00,215.70,230.15,233.00,230.15,525,"1,36,92,146.25","1,20,896.25",375,375
2025-11-12,2025-12-16,CE,"26,000.00",364.05,411.90,358.25,396.55,390.70,396.55,8475,"22,35,81,682.50","32,31,682.50",4800,4800
2025-11-13,2025-12-16,PE,"25,400.00",111.40,125.80,111.40,121.30,118.75,121.30,1725,"4,40,18,242.50","2,03,242.50",825,825
2025-11-13,2025-12-16,PE,"25,300.00",105.95,106.75,87.90,106.00,106.00,106.00,2250,"5,71,50,195.00","2,25,195.00",1575,1575
2025-11-13,2025-12-16,PE,"26,050.00",321.85,324.95,306.30,307.40,308.45,307.40,675,"1,77,98,347.50","2,14,597.50",600,600
2025-11-13,2025-12-16,PE,"25,750.00",208.00,214.95,197.20,214.90,214.90,261.40,450,"1,16,81,358.75","93,858.75",225,225
2025-11-13,2025-12-16,CE,"26,500.00",140.00,200.95,139.75,157.65,152.80,157.65,15900,"42,41,16,832.50","27,66,832.50",7725,3525
2025-11-13,2025-12-16,PE,"25,000.00",63.05,67.05,54.50,66.20,65.75,66.20,18900,"47,36,62,653.75","11,62,653.75",12150,6225
2025-11-13,2025-12-16,CE,"27,000.00",84.00,84.00,52.10,54.80,53.15,54.80,11250,"30,43,94,043.75","6,44,043.75",4800,4800
2025-11-13,2025-12-16,CE,"25,850.00",451.65,528.75,428.40,465.60,470.90,465.60,2475,"6,51,49,481.25","11,70,731.25",1050,975
2025-11-13,2025-12-16,CE,"26,000.00",360.00,451.15,355.00,376.70,367.50,376.70,35550,"93,89,93,805.00","1,46,93,805.00",5475,675
2025-11-13,2025-12-16,PE,"25,350.00",113.40,116.45,92.70,111.30,111.30,111.30,4350,"11,07,29,366.25","4,56,866.25",2175,2175
2025-11-13,2025-12-16,PE,"25,950.00",277.75,285.45,235.00,282.55,282.55,348.75,2850,"7,46,97,753.75","7,40,253.75",975,975
2025-11-13,2025-12-16,CE,"27,450.00",19.95,25.95,16.05,23.00,22.95,23.00,9075,"24,93,07,061.25","1,98,311.25",5625,4950
2025-11-13,2025-12-16,CE,"26,200.00",268.60,338.70,247.00,276.05,281.20,276.05,6150,"16,29,71,617.50","18,41,617.50",2250,1500
2025-11-13,2025-12-16,CE,"26,400.00",189.30,189.30,189.30,189.30,189.30,189.30,75,"19,94,197.50","14,197.50",75,75
2025-11-13,2025-12-16,PE,"25,800.00",213.90,230.15,213.00,223.35,222.30,223.35,1050,"2,73,21,150.00","2,31,150.00",525,525
2025-11-13,2025-12-16,CE,"25,900.00",439.25,510.00,426.00,437.30,447.45,437.30,6675,"17,59,63,830.00","30,81,330.00",1800,150
2025-11-13,2025-12-16,PE,"25,700.00",198.95,200.00,154.45,193.75,191.35,193.75,10950,"28,33,09,995.00","18,94,995.00",9300,1275
2025-11-13,2025-12-16,CE,"26,050.00",327.70,327.70,327.70,327.70,327.70,327.70,75,"19,78,327.50","24,577.50",75,75
2025-11-13,2025-12-16,PE,"25,850.00",235.70,249.80,218.90,224.35,224.35,303.00,2400,"6,26,10,611.25","5,70,611.25",825,450
2025-11-13,2025-12-16,CE,"26,100.00",292.40,381.95,292.40,327.25,327.35,327.25,3975,"10,51,65,667.50","14,18,167.50",2025,1425
2025-11-13,2025-12-16,CE,"25,950.00",437.60,473.00,404.85,404.85,404.85,412.45,1725,"4,55,39,898.75","7,76,148.75",525,525
2025-11-13,2025-12-16,PE,"26,100.00",295.00,360.60,295.00,360.60,360.60,360.60,300,"79,28,163.75","98,163.75",150,150
2025-11-13,2025-12-16,PE,"26,500.00",533.05,555.95,493.15,555.95,555.95,672.95,1725,"4,65,97,353.75","8,84,853.75",750,300
2025-11-13,2025-12-16,PE,"25,600.00",166.40,172.75,130.80,163.15,161.00,163.15,30375,"78,21,50,861.25","45,50,861.25",41025,14550
2025-11-13,2025-12-16,PE,"24,000.00",21.00,21.00,16.10,19.95,19.95,4.65,300,"72,05,850.00","5,850.00",150,75
2025-11-13,2025-12-16,PE,"26,000.00",307.50,319.40,244.10,299.15,297.90,299.15,49650,"1,30,45,64,538.75","1,36,64,538.75",29100,3750
2025-11-13,2025-12-16,PE,"24,650.00",61.85,61.85,56.95,56.95,56.95,29.60,300,"74,13,187.50","18,187.50",300,300
2025-11-13,2025-12-16,CE,"26,350.00",227.90,254.40,215.00,215.00,215.00,215.00,1125,"2,99,05,935.00","2,62,185.00",975,750
2025-11-13,2025-12-16,PE,"26,150.00",328.00,353.00,328.00,353.00,353.00,452.65,150,"39,73,575.00","51,075.00",75,75
2025-11-13,2025-12-16,CE,"25,800.00",502.50,573.95,491.00,494.55,491.00,494.55,2100,"5,52,81,975.00","11,01,975.00",900,-75
2025-11-13,2025-12-16,PE,"25,900.00",259.90,276.80,210.00,255.95,258.65,255.95,19125,"49,98,71,366.25","45,33,866.25",2400,1050
2025-11-14,2025-12-16,CE,"26,800.00",139.60,139.60,69.90,83.20,86.90,83.20,5475,"14,71,76,692.50","4,46,692.50",1575,1575
2025-11-14,2025-12-16,CE,"26,400.00",188.55,198.20,161.95,178.75,196.80,178.75,5550,"14,75,17,976.25","9,97,976.25",1800,1725
2025-11-14,2025-12-16,PE,"26,000.00",333.35,366.70,282.50,299.40,290.00,299.40,26625,"70,09,02,821.25","86,52,821.25",30450,1350
2025-11-14,2025-12-16,PE,"25,900.00",294.95,312.90,252.00,259.45,256.05,259.45,2925,"7,65,67,845.00","8,10,345.00",2625,225
2025-11-14,2025-12-16,PE,"25,200.00",104.35,105.75,86.00,86.00,86.00,86.00,600,"1,51,77,637.50","57,637.50",525,525
2025-11-14,2025-12-16,CE,"26,350.00",195.00,223.55,178.00,198.75,223.55,198.75,1200,"3,18,55,620.00","2,35,620.00",1125,150
2025-11-14,2025-12-16,PE,"26,400.00",497.70,498.00,497.60,497.80,498.00,497.80,600,"1,61,38,676.25","2,98,676.25",600,600
2025-11-14,2025-12-16,CE,"25,850.00",460.90,470.00,410.15,435.70,467.95,435.70,3225,"8,47,84,957.50","14,18,707.50",1500,450
2025-11-14,2025-12-16,CE,"26,200.00",281.20,284.25,232.15,272.65,282.30,272.65,5100,"13,49,26,875.00","13,06,875.00",2250,0
2025-11-14,2025-12-16,PE,"25,300.00",112.00,127.35,97.00,99.05,97.10,99.05,6300,"16,01,28,352.50","7,38,352.50",3450,1875
2025-11-14,2025-12-16,PE,"25,950.00",292.80,292.80,292.80,292.80,292.80,329.80,75,"19,68,210.00","21,960.00",975,0
2025-11-14,2025-12-16,PE,"25,450.00",123.10,123.10,119.20,120.80,120.00,120.80,300,"76,71,236.25","36,236.25",300,300
2025-11-14,2025-12-16,CE,"26,100.00",306.80,337.20,265.25,319.15,337.20,319.15,4125,"10,88,83,807.50","12,21,307.50",2325,300
2025-11-14,2025-12-16,CE,"26,050.00",330.15,349.90,330.15,349.90,349.90,369.55,225,"59,38,496.25","77,246.25",150,75
2025-11-14,2025-12-16,PE,"25,600.00",183.00,201.95,151.30,164.35,158.15,164.35,26250,"67,67,77,297.50","47,77,297.50",30525,-10500
2025-11-14,2025-12-16,CE,"27,150.00",60.00,60.00,30.00,34.90,34.90,34.90,1050,"2,85,52,406.25","44,906.25",675,675
2025-11-14,2025-12-16,PE,"25,000.00",69.95,76.95,55.45,57.90,59.40,57.90,15900,"39,85,61,235.00","10,61,235.00",14400,2250
2025-11-14,2025-12-16,CE,"27,000.00",50.00,58.00,43.05,51.35,49.25,51.35,34125,"92,30,68,331.25","16,93,331.25",18450,13650
2025-11-14,2025-12-16,PE,"25,850.00",251.50,283.60,223.55,242.15,223.55,242.15,2400,"6,26,81,456.25","6,41,456.25",975,150
2025-11-14,2025-12-16,CE,"26,500.00",152.80,168.15,126.75,153.20,160.25,153.20,38775,"1,03,31,91,787.50","56,54,287.50",22500,14775
2025-11-14,2025-12-16,PE,"24,000.00",20.00,20.00,15.00,17.50,15.00,17.50,300,"72,05,625.00","5,625.00",225,75
2025-11-14,2025-12-16,PE,"25,400.00",145.00,148.25,109.65,114.30,109.65,114.30,2400,"6,12,75,723.75","3,15,723.75",2100,1275
2025-11-14,2025-12-16,CE,"27,450.00",22.95,22.95,16.85,21.65,22.00,21.65,2775,"7,62,28,676.25","54,926.25",7275,1650
2025-11-14,2025-12-16,PE,"25,800.00",245.00,272.60,213.55,225.40,213.55,225.40,17025,"44,33,22,671.25","40,77,671.25",2625,2100
2025-11-14,2025-12-16,CE,"25,950.00",375.00,393.00,340.45,393.00,393.00,393.00,525,"1,38,11,370.00","1,87,620.00",600,75
2025-11-14,2025-12-16,CE,"25,900.00",402.40,453.55,374.75,420.50,433.80,420.50,10500,"27,62,13,690.00","42,63,690.00",4275,2475
2025-11-14,2025-12-16,CE,"26,000.00",355.90,390.50,315.00,378.35,389.50,378.35,32550,"85,78,22,610.00","1,15,22,610.00",13275,7800
2025-11-14,2025-12-16,PE,"26,150.00",391.00,391.00,391.00,391.00,391.00,431.45,75,"19,90,575.00","29,325.00",75,0
2025-11-14,2025-12-16,CE,"25,800.00",457.90,514.20,435.00,501.80,511.00,501.80,15075,"39,60,14,298.75","70,79,298.75",4350,3450
2025-11-14,2025-12-16,PE,"25,350.00",129.50,134.15,101.20,102.40,103.00,102.40,675,"1,71,91,837.50","80,587.50",2400,225
2025-11-14,2025-12-16,PE,"26,500.00",604.80,676.95,564.95,565.20,565.00,565.20,13050,"35,38,84,886.25","80,59,886.25",450,-300
2025-11-14,2025-12-16,PE,"24,650.00",40.00,40.00,40.00,40.00,40.00,25.70,225,"55,55,250.00","9,000.00",75,-225
2025-11-14,2025-12-16,PE,"25,500.00",165.00,175.15,125.70,136.65,127.45,136.65,13650,"35,02,06,237.50","21,31,237.50",6600,6600
2025-11-14,2025-12-16,CE,"27,600.00",18.05,18.05,12.95,12.95,12.95,12.95,525,"1,44,97,260.00","7,260.00",375,375
2025-11-14,2025-12-16,PE,"25,700.00",215.35,237.35,176.05,195.85,184.30,195.85,7575,"19,62,22,432.50","15,44,932.50",8925,-375
2025-11-14,2025-12-16,PE,"26,050.00",309.80,359.25,309.80,315.85,315.85,315.85,750,"1,97,86,792.50","2,49,292.50",1200,600
2025-11-14,2025-12-16,PE,"26,100.00",353.15,410.40,344.80,347.60,346.00,347.60,4650,"12,31,44,956.25","17,79,956.25",2925,2775
2025-11-17,2025-12-16,PE,"26,150.00",328.75,328.75,293.80,305.00,305.00,365.65,1125,"2,97,67,552.50","3,48,802.50",825,750
2025-11-17,2025-12-16,PE,"26,000.00",294.10,294.15,230.30,235.25,234.90,235.25,57300,"1,50,39,77,355.00","1,41,77,355.00",39450,9000
2025-11-17,2025-12-16,CE,"26,350.00",215.95,244.15,210.00,244.15,244.15,244.15,825,"2,19,23,621.25","1,84,871.25",1050,-75
2025-11-17,2025-12-16,CE,"25,700.00",619.20,619.20,619.20,619.20,619.20,610.00,150,"39,47,880.00","92,880.00",150,150
2025-11-17,2025-12-16,CE,"26,450.00",178.25,190.25,178.25,185.50,185.50,222.85,450,"1,19,85,566.25","83,066.25",300,300
2025-11-17,2025-12-16,PE,"24,500.00",23.00,23.70,22.00,22.95,23.35,22.95,1050,"2,57,49,086.25","24,086.25",900,900
2025-11-17,2025-12-16,PE,"25,450.00",124.15,124.15,90.05,90.60,90.05,90.60,375,"95,80,931.25","37,181.25",600,300
2025-11-17,2025-12-16,CE,"26,400.00",196.35,221.35,189.90,218.55,221.35,218.55,14775,"39,31,42,185.00","30,82,185.00",4350,2550
2025-11-17,2025-12-16,CE,"26,550.00",146.50,149.45,146.50,149.45,149.45,189.40,150,"40,04,696.25","22,196.25",150,150
2025-11-17,2025-12-16,PE,"25,550.00",131.65,140.45,106.40,107.30,107.30,107.30,1950,"5,00,53,717.50","2,31,217.50",1350,1350
2025-11-17,2025-12-16,PE,"25,800.00",208.95,208.95,166.00,168.75,169.00,168.75,11775,"30,58,90,091.25","20,95,091.25",6000,3375
2025-11-17,2025-12-16,CE,"26,600.00",139.95,146.95,130.00,144.75,143.00,144.75,12675,"33,89,29,395.00","17,74,395.00",7650,7650
2025-11-17,2025-12-16,CE,"26,500.00",158.45,183.90,154.00,175.30,177.00,175.30,44625,"1,19,01,92,396.25","76,29,896.25",25200,2700
2025-11-17,2025-12-16,PE,"25,700.00",174.00,174.00,135.65,141.20,140.00,141.20,17400,"44,98,54,076.25","26,74,076.25",14250,5325
2025-11-17,2025-12-16,CE,"26,050.00",388.00,392.85,369.25,392.85,392.85,398.80,525,"1,38,76,117.50","1,99,867.50",375,225
2025-11-17,2025-12-16,CE,"26,300.00",236.95,260.55,234.70,255.00,255.00,280.75,2100,"5,57,60,482.50","5,30,482.50",525,525
2025-11-17,2025-12-16,PE,"25,600.00",140.00,146.05,114.20,115.80,116.00,115.80,8475,"21,80,03,456.25","10,43,456.25",32400,1875
2025-11-17,2025-12-16,PE,"26,100.00",309.80,322.35,268.00,272.00,275.85,272.00,10125,"26,72,06,238.75","29,43,738.75",5250,2325
2025-11-17,2025-12-16,PE,"24,000.00",17.50,22.80,11.15,14.10,14.10,1.85,2100,"5,04,31,098.75","31,098.75",1050,825
2025-11-17,2025-12-16,PE,"25,750.00",180.65,190.40,162.65,162.65,162.65,195.85,525,"1,36,09,995.00","91,245.00",300,75
2025-11-17,2025-12-16,CE,"27,600.00",12.80,12.95,9.40,12.45,12.95,12.45,4350,"12,01,07,778.75","47,778.75",3300,2925
2025-11-17,2025-12-16,PE,"26,050.00",304.40,323.70,244.20,259.05,259.05,259.05,750,"1,97,45,992.50","2,08,492.50",1500,300
2025-11-17,2025-12-16,PE,"25,350.00",87.85,87.85,83.40,83.40,83.40,91.00,300,"76,30,743.75","25,743.75",2625,225
2025-11-17,2025-12-16,CE,"27,150.00",33.20,49.40,33.20,35.05,33.90,35.05,1200,"3,26,23,781.25","43,781.25",1350,675
2025-11-17,2025-12-16,PE,"25,400.00",110.90,110.90,78.90,81.85,79.55,81.85,10050,"25,61,71,008.75","9,01,008.75",6300,4200
2025-11-17,2025-12-16,CE,"26,150.00",321.90,337.85,313.80,337.85,337.85,337.85,750,"1,98,55,717.50","2,43,217.50",375,375
2025-11-17,2025-12-16,CE,"26,100.00",336.80,366.00,330.50,361.00,363.00,361.00,12600,"33,32,78,535.00","44,18,535.00",3675,1350
2025-11-17,2025-12-16,CE,"27,000.00",54.20,56.05,46.85,52.40,53.00,52.40,54600,"1,47,70,42,537.50","28,42,537.50",39750,21300
2025-11-17,2025-12-16,PE,"26,400.00",469.05,490.40,421.05,429.15,428.15,429.15,11400,"30,60,85,755.00","51,25,755.00",2100,1500
2025-11-17,2025-12-16,CE,"26,000.00",428.45,434.90,377.25,420.75,421.95,420.75,57150,"1,50,94,22,040.00","2,35,22,040.00",19200,5925
2025-11-17,2025-12-16,CE,"25,900.00",456.95,499.00,446.60,484.60,487.35,484.60,15600,"41,13,58,867.50","73,18,867.50",5175,900
2025-11-17,2025-12-16,PE,"25,000.00",56.10,56.10,37.30,40.85,40.60,40.85,35775,"89,59,78,365.00","16,03,365.00",22725,8325
2025-11-17,2025-12-16,CE,"27,450.00",17.00,22.00,14.80,17.25,17.65,17.25,3750,"10,30,03,522.50","66,022.50",7950,675
2025-11-17,2025-12-16,PE,"25,500.00",128.40,128.40,96.10,98.70,98.90,98.70,24150,"61,82,78,887.50","24,53,887.50",12900,6300
2025-11-17,2025-12-16,CE,"26,250.00",259.45,259.45,259.45,259.45,259.45,302.15,75,"19,88,208.75","19,458.75",75,75
2025-11-17,2025-12-16,PE,"25,300.00",84.35,84.35,62.20,65.00,64.95,65.00,1875,"4,75,63,811.25","1,26,311.25",4200,750
2025-11-17,2025-12-16,PE,"25,850.00",211.60,223.05,179.55,186.50,186.50,186.50,6450,"16,80,16,042.50","12,83,542.50",1200,225
2025-11-17,2025-12-16,CE,"26,800.00",87.40,92.10,79.95,90.30,86.40,90.30,15675,"42,14,54,666.25","13,64,666.25",5475,3900
2025-11-17,2025-12-16,PE,"25,650.00",154.35,162.45,144.90,144.90,144.90,164.00,225,"58,05,877.50","34,627.50",75,75
2025-11-17,2025-12-16,PE,"25,950.00",247.25,260.05,205.25,220.00,220.00,272.05,3750,"9,82,25,437.50","9,12,937.50",975,0
2025-11-17,2025-12-16,CE,"26,200.00",283.45,317.85,275.85,309.35,311.85,309.35,18750,"49,68,53,958.75","56,03,958.75",3975,1725
2025-11-17,2025-12-16,CE,"25,950.00",440.00,440.00,440.00,440.00,440.00,453.75,75,"19,79,250.00","33,000.00",525,-75
2025-11-17,2025-12-16,PE,"25,050.00",62.90,62.90,62.90,62.90,62.90,46.10,75,"18,83,467.50","4,717.50",75,75
2025-11-17,2025-12-16,CE,"25,850.00",500.00,520.00,491.35,515.00,515.00,513.10,1500,"3,95,29,488.75","7,54,488.75",675,-825
2025-11-17,2025-12-16,PE,"25,900.00",228.80,238.25,195.20,200.00,201.90,200.00,5550,"14,49,09,630.00","11,64,630.00",3000,375
2025-11-17,2025-12-16,CE,"25,800.00",535.25,562.00,510.00,552.80,558.00,552.80,5700,"15,02,17,376.25","31,57,376.25",3000,-1350
2025-11-17,2025-12-16,CE,"26,700.00",120.75,120.75,105.00,109.75,110.45,109.75,4125,"11,05,76,970.00","4,39,470.00",3450,3450
2025-11-17,2025-12-16,PE,"26,500.00",513.10,513.10,487.15,495.00,495.00,571.40,750,"2,02,47,018.75","3,72,018.75",1200,750
2025-11-17,2025-12-16,PE,"25,200.00",68.00,68.30,51.10,56.85,56.80,56.85,3450,"8,71,61,887.50","2,21,887.50",2850,2325
2025-11-18,2025-12-16,PE,"24,650.00",38.80,38.80,38.80,38.80,38.80,19.35,75,"18,51,660.00","2,910.00",150,75
2025-11-18,2025-12-16,CE,"26,100.00",311.05,349.35,297.30,303.60,298.35,303.60,12750,"33,68,24,966.25","40,49,966.25",8100,4425
2025-11-18,2025-12-16,PE,"25,350.00",90.60,100.70,78.00,87.90,91.85,87.90,2925,"7,44,02,790.00","2,54,040.00",3675,1050
2025-11-18,2025-12-16,PE,"26,150.00",320.25,362.40,320.25,339.60,362.40,339.60,375,"99,32,137.50","1,25,887.50",825,0
2025-11-18,2025-12-16,PE,"24,000.00",14.10,17.00,12.80,14.00,14.00,14.00,1875,"4,50,26,122.50","26,122.50",2625,1575
2025-11-18,2025-12-16,CE,"25,900.00",434.05,465.00,404.35,411.70,408.40,411.70,17325,"45,61,63,252.50","74,45,752.50",11250,6075
2025-11-18,2025-12-16,PE,"25,000.00",48.00,54.95,41.25,48.40,49.95,48.40,58425,"1,46,33,78,197.50","27,53,197.50",49200,26475
2025-11-18,2025-12-16,PE,"26,050.00",293.95,313.20,290.35,294.55,294.40,294.55,1125,"2,96,40,123.75","3,33,873.75",1950,450
2025-11-18,2025-12-16,PE,"26,000.00",248.00,300.00,240.10,277.80,283.55,277.80,104775,"2,75,22,23,906.25","2,80,73,906.25",50175,10725
2025-11-18,2025-12-16,CE,"25,950.00",420.00,431.00,367.95,381.10,367.95,381.10,3900,"10,27,63,406.25","15,58,406.25",1350,825
2025-11-18,2025-12-16,CE,"26,600.00",125.00,132.40,107.00,110.65,107.00,110.65,6900,"18,43,78,605.00","8,38,605.00",8850,1200
2025-11-18,2025-12-16,CE,"26,250.00",254.25,257.55,220.70,222.85,227.00,222.85,525,"1,39,06,443.75","1,25,193.75",525,450
2025-11-18,2025-12-16,PE,"26,400.00",494.90,496.00,452.10,496.00,496.00,496.00,1125,"3,02,38,248.75","5,38,248.75",1650,-450
2025-11-18,2025-12-16,CE,"26,700.00",98.05,102.25,81.65,86.00,83.65,86.00,29100,"77,97,03,228.75","27,33,228.75",16950,13500
2025-11-18,2025-12-16,PE,"26,200.00",375.40,375.40,360.00,361.85,361.85,443.95,2775,"7,37,32,440.00","10,27,440.00",2400,2400
2025-11-18,2025-12-16,PE,"25,850.00",215.00,230.00,202.00,218.70,218.70,218.70,2700,"7,03,84,961.25","5,89,961.25",675,-525
2025-11-18,2025-12-16,PE,"25,750.00",168.70,202.00,162.00,177.70,177.70,177.70,1125,"2,91,60,438.75","1,91,688.75",900,600
2025-11-18,2025-12-16,CE,"26,400.00",191.10,196.15,167.00,170.95,169.80,170.95,3675,"9,76,74,135.00","6,54,135.00",5325,975
2025-11-18,2025-12-16,CE,"26,200.00",279.90,289.00,244.00,253.35,244.00,253.35,6450,"17,07,20,445.00","17,30,445.00",5925,1950
2025-11-18,2025-12-16,PE,"25,800.00",178.80,216.00,172.10,201.90,206.10,201.90,13050,"33,92,05,833.75","25,15,833.75",7500,1500
2025-11-18,2025-12-16,CE,"26,050.00",340.30,362.15,314.10,362.15,362.15,336.20,1575,"4,15,65,150.00","5,36,400.00",1200,825
2025-11-18,2025-12-16,CE,"27,000.00",47.00,53.00,36.25,38.35,37.75,38.35,40425,"1,09,32,02,445.00","17,27,445.00",45150,5400
2025-11-18,2025-12-16,CE,"26,000.00",400.00,400.00,346.05,353.15,346.05,353.15,65550,"1,72,87,29,967.50","2,44,29,967.50",36600,17400
2025-11-18,2025-12-16,CE,"26,500.00",149.05,163.70,134.00,138.75,134.00,138.75,53475,"1,42,49,97,281.25","79,09,781.25",28575,3375
2025-11-18,2025-12-16,CE,"26,800.00",72.05,78.45,61.90,64.65,62.65,64.65,13950,"37,48,43,242.50","9,83,242.50",8025,2550
2025-11-18,2025-12-16,CE,"27,250.00",42.00,42.00,14.35,22.65,22.65,22.65,375,"1,02,28,125.00","9,375.00",75,75
2025-11-18,2025-12-16,PE,"26,500.00",530.15,589.15,516.80,527.20,527.20,637.90,6000,"16,22,97,645.00","32,97,645.00",1650,450
2025-11-18,2025-12-16,PE,"25,900.00",219.95,259.70,210.00,235.50,246.85,235.50,30450,"79,57,19,658.75","70,64,658.75",7425,4425
2025-11-18,2025-12-16,PE,"25,650.00",142.00,153.00,137.75,147.45,147.45,147.45,1875,"4,83,64,642.50","2,70,892.50",1725,1650
2025-11-18,2025-12-16,PE,"25,400.00",92.15,104.95,82.50,97.25,100.00,97.25,4425,"11,28,08,028.75","4,13,028.75",8550,2250
2025-11-18,2025-12-16,CE,"26,150.00",308.80,308.80,279.95,284.65,282.80,284.65,1275,"3,37,12,230.00","3,70,980.00",1050,675
2025-11-18,2025-12-16,PE,"25,450.00",98.80,109.40,95.10,105.20,109.40,105.20,4050,"10,34,82,483.75","4,09,983.75",3750,3150
2025-11-18,2025-12-16,PE,"25,950.00",254.00,269.55,236.55,236.55,236.55,312.15,1575,"4,12,65,787.50","3,94,537.50",1200,225
2025-11-18,2025-12-16,PE,"26,100.00",309.95,342.05,281.75,316.75,325.20,316.75,14925,"39,41,76,408.75","46,33,908.75",7050,1800
2025-11-18,2025-12-16,CE,"26,300.00",226.70,239.35,204.75,209.70,206.00,209.70,3225,"8,55,15,975.00","6,98,475.00",1875,1350
2025-11-18,2025-12-16,PE,"25,600.00",134.95,155.00,120.00,142.55,146.90,142.55,8775,"22,58,47,076.25","12,07,076.25",32175,-225
2025-11-18,2025-12-16,PE,"25,300.00",69.50,89.00,65.10,65.10,65.10,96.90,3225,"8,18,47,650.00","2,55,150.00",5100,900
2025-11-18,2025-12-16,CE,"27,450.00",15.00,25.00,11.15,12.60,11.60,12.60,14700,"40,37,11,275.00","1,96,275.00",13875,5925
2025-11-18,2025-12-16,CE,"25,700.00",539.55,592.00,533.25,544.15,541.00,544.15,4050,"10,62,92,613.75","22,07,613.75",975,825
2025-11-18,2025-12-16,CE,"27,200.00",52.10,52.10,25.00,26.95,26.95,26.95,1575,"4,28,83,428.75","43,428.75",1275,1275
2025-11-18,2025-12-16,PE,"25,550.00",119.90,137.00,118.30,127.05,132.65,127.05,1875,"4,81,46,268.75","2,40,018.75",2325,975
2025-11-18,2025-12-16,CE,"25,850.00",479.10,485.60,439.00,442.80,442.80,442.80,1425,"3,74,89,507.50","6,53,257.50",675,0
2025-11-18,2025-12-16,CE,"25,800.00",509.40,515.20,474.45,500.00,500.00,470.25,2925,"7,69,32,311.25","14,67,311.25",2025,-975
2025-11-18,2025-12-16,PE,"25,500.00",102.00,133.00,100.00,118.25,123.00,118.25,32400,"82,99,82,190.00","37,82,190.00",17475,4575
2025-11-18,2025-12-16,PE,"24,500.00",24.00,26.25,19.65,22.75,22.75,22.75,3075,"7,54,08,150.00","70,650.00",3000,2100
2025-11-18,2025-12-16,CE,"26,450.00",180.00,180.00,161.40,169.00,169.00,179.45,1275,"3,39,42,978.75","2,19,228.75",525,225
2025-11-18,2025-12-16,CE,"27,150.00",35.05,35.05,34.90,34.90,34.90,34.90,300,"81,55,488.75","10,488.75",1575,225
2025-11-18,2025-12-16,CE,"27,600.00",12.45,12.45,8.00,8.10,8.10,14.80,225,"62,12,141.25","2,141.25",3375,75
2025-11-18,2025-12-16,CE,"26,350.00",200.05,206.00,183.20,189.75,184.70,189.75,1950,"5,17,68,292.50","3,85,792.50",1425,375
2025-11-18,2025-12-16,PE,"25,700.00",160.65,185.00,147.00,170.20,171.85,170.20,13275,"34,33,45,308.75","21,77,808.75",15225,975
2025-11-18,2025-12-16,PE,"25,200.00",59.00,74.00,57.25,68.95,73.25,68.95,2775,"7,01,09,343.75","1,79,343.75",4650,1800
2025-11-19,2025-12-16,CE,"27,000.00",38.40,50.40,30.35,48.75,50.00,48.75,66150,"1,78,87,92,562.50","27,42,562.50",44400,-750
2025-11-19,2025-12-16,CE,"25,750.00",580.00,580.00,575.00,575.00,575.00,585.85,150,"39,49,125.00","86,625.00",150,150
2025-11-19,2025-12-16,CE,"26,700.00",67.90,111.00,67.90,106.40,110.20,106.40,26700,"71,55,21,885.00","26,31,885.00",22125,5175
2025-11-19,2025-12-16,PE,"26,050.00",309.60,309.60,235.50,243.30,242.75,243.30,5100,"13,41,44,100.00","12,89,100.00",3075,1125
2025-11-19,2025-12-16,CE,"26,450.00",128.85,201.65,128.85,190.45,190.45,190.45,1350,"3,59,33,392.50","2,25,892.50",600,75
2025-11-19,2025-12-16,CE,"26,800.00",59.85,86.50,55.70,82.35,82.85,82.35,15825,"42,52,21,717.50","11,11,717.50",11550,3525
2025-11-19,2025-12-16,CE,"27,200.00",20.00,28.75,19.50,27.85,26.10,27.85,10425,"28,38,24,386.25","2,64,386.25",6750,5475
2025-11-19,2025-12-16,PE,"24,850.00",35.10,35.10,35.10,35.10,35.10,21.55,75,"18,66,382.50","2,632.50",75,75
2025-11-19,2025-12-16,PE,"25,750.00",177.90,177.90,141.00,147.35,147.35,147.35,3525,"9,13,01,801.25","5,33,051.25",2025,1125
2025-11-19,2025-12-16,PE,"26,250.00",334.50,340.75,332.95,332.95,332.95,388.95,450,"1,19,64,300.00","1,51,800.00",450,450
2025-11-19,2025-12-16,CE,"25,500.00",700.40,700.40,668.05,668.05,668.05,767.35,150,"39,27,633.75","1,02,633.75",0,0
2025-11-19,2025-12-16,PE,"24,600.00",21.00,21.80,20.80,21.80,21.80,21.80,3450,"8,49,44,055.00","74,055.00",3375,3375
2025-11-19,2025-12-16,CE,"26,050.00",312.25,396.40,307.40,390.40,389.75,390.40,3300,"8,72,03,895.00","12,38,895.00",2325,1125
2025-11-19,2025-12-16,CE,"25,800.00",440.05,560.00,435.80,555.00,555.00,552.55,4200,"11,04,03,600.00","20,43,600.00",1425,-600
2025-11-19,2025-12-16,CE,"25,600.00",604.90,604.90,604.90,604.90,604.90,691.85,75,"19,65,367.50","45,367.50",75,75
2025-11-19,2025-12-16,CE,"26,600.00",107.00,141.20,92.40,136.25,139.30,136.25,31500,"84,16,95,420.00","37,95,420.00",20775,11925
2025-11-19,2025-12-16,CE,"25,950.00",360.00,461.85,360.00,457.00,457.00,459.20,3000,"7,90,80,795.00","12,30,795.00",825,-525
2025-11-19,2025-12-16,PE,"24,700.00",24.95,25.50,21.10,24.75,25.50,24.75,3300,"8,15,88,727.50","78,727.50",2025,2025
2025-11-19,2025-12-16,PE,"25,600.00",149.75,155.20,106.05,111.50,112.70,111.50,41700,"1,07,27,90,407.50","52,70,407.50",28500,-3675
2025-11-19,2025-12-16,PE,"25,350.00",70.05,73.00,70.05,73.00,73.00,76.90,300,"76,26,603.75","21,603.75",3975,300
2025-11-19,2025-12-16,PE,"25,300.00",87.40,87.40,61.30,65.10,66.75,65.10,8400,"21,30,99,581.25","5,79,581.25",8850,3750
2025-11-19,2025-12-16,CE,"26,200.00",247.90,313.30,224.45,302.20,302.70,302.20,18450,"48,85,62,675.00","51,72,675.00",8250,2325
2025-11-19,2025-12-16,CE,"26,550.00",125.10,158.80,125.10,153.50,153.45,153.50,1050,"2,80,27,882.50","1,50,382.50",300,150
2025-11-19,2025-12-16,PE,"26,000.00",301.90,301.90,214.55,224.10,221.00,224.10,121875,"3,19,78,65,075.00","2,91,15,075.00",87675,37500
2025-11-19,2025-12-16,PE,"24,650.00",38.80,38.80,22.40,23.75,24.75,23.75,4275,"10,54,86,993.75","1,08,243.75",3750,3600
2025-11-19,2025-12-16,CE,"26,300.00",190.20,261.95,188.10,252.70,256.95,252.70,62625,"1,66,19,66,722.50","1,49,29,222.50",27000,25125
2025-11-19,2025-12-16,CE,"26,400.00",165.05,219.30,147.95,211.60,214.65,211.60,28575,"75,94,97,985.00","51,17,985.00",9375,4050
2025-11-19,2025-12-16,CE,"25,700.00",520.70,636.50,520.70,635.95,635.35,635.95,2100,"5,51,85,525.00","12,15,525.00",1650,675
2025-11-19,2025-12-16,PE,"25,900.00",247.30,258.35,180.40,189.25,188.80,189.25,34125,"89,13,14,325.00","74,76,825.00",12225,4800
2025-11-19,2025-12-16,CE,"27,700.00",11.80,11.80,7.35,10.10,10.00,10.10,1050,"2,90,94,783.75","9,783.75",150,150
2025-11-19,2025-12-16,CE,"27,450.00",10.00,15.65,10.00,15.30,15.00,15.30,6675,"18,33,15,731.25","86,981.25",14850,975
2025-11-19,2025-12-16,CE,"25,900.00",400.00,495.90,377.35,486.80,488.75,486.80,23175,"61,02,94,736.25","1,00,62,236.25",8775,-2475
2025-11-19,2025-12-16,CE,"26,500.00",130.65,175.35,117.70,168.95,169.85,168.95,51600,"1,37,50,99,878.75","76,99,878.75",30600,2025
2025-11-19,2025-12-16,CE,"26,000.00",353.15,430.00,322.00,418.10,423.00,418.10,105000,"2,77,05,97,608.75","4,05,97,608.75",53175,16575
2025-11-19,2025-12-16,PE,"25,700.00",165.00,176.15,128.00,134.00,133.40,134.00,15600,"40,32,11,718.75","22,91,718.75",15525,300
2025-11-19,2025-12-16,CE,"26,350.00",173.00,236.70,160.85,226.90,226.85,226.90,2625,"6,96,92,220.00","5,23,470.00",1950,525
2025-11-19,2025-12-16,CE,"26,950.00",67.50,67.50,43.00,56.80,56.60,56.80,1125,"3,03,80,801.25","62,051.25",975,975
2025-11-19,2025-12-16,PE,"25,800.00",211.00,218.20,155.00,160.00,159.90,160.00,39525,"1,02,68,86,417.50","71,41,417.50",21225,13725
2025-11-19,2025-12-16,PE,"26,500.00",568.45,596.40,450.90,465.00,473.00,465.00,4575,"12,36,41,295.00","24,03,795.00",3150,1500
2025-11-19,2025-12-16,PE,"24,000.00",15.40,15.40,10.90,11.35,11.35,11.35,10650,"25,57,22,055.00","1,22,055.00",9375,6750
2025-11-19,2025-12-16,PE,"25,950.00",249.65,250.00,200.30,203.20,203.20,246.40,5175,"13,54,39,402.50","11,48,152.50",3150,1950
2025-11-19,2025-12-16,CE,"26,100.00",298.35,368.45,270.00,360.25,362.05,360.25,34050,"89,98,08,255.00","1,11,03,255.00",11550,3450
2025-11-19,2025-12-16,CE,"27,600.00",7.55,11.55,7.55,10.90,9.60,10.90,6600,"18,22,25,103.75","65,103.75",7200,3825
2025-11-19,2025-12-16,PE,"26,200.00",381.80,402.90,292.85,305.15,302.15,305.15,6825,"18,11,51,186.25","23,36,186.25",7425,5025
2025-11-19,2025-12-16,PE,"26,100.00",289.10,309.20,254.35,262.30,263.30,262.30,12075,"31,84,93,158.75","33,35,658.75",12975,5925
2025-11-19,2025-12-16,PE,"25,850.00",218.70,218.70,168.25,177.30,177.30,177.30,4125,"10,73,61,956.25","7,30,706.25",3225,2550
2025-11-19,2025-12-16,PE,"25,650.00",169.10,169.10,118.40,121.90,124.95,121.90,1800,"4,63,96,076.25","2,26,076.25",2925,1200
2025-11-19,2025-12-16,PE,"25,200.00",68.95,71.65,49.50,53.65,53.00,53.65,12150,"30,68,70,727.50","6,90,727.50",10650,6000
2025-11-19,2025-12-16,PE,"26,300.00",368.30,371.00,341.95,351.00,351.00,351.00,2625,"6,99,92,058.75","9,54,558.75",2325,2325
2025-11-19,2025-12-16,CE,"27,300.00",30.00,30.00,16.40,21.35,21.35,21.35,2100,"5,73,71,823.75","41,823.75",1200,1200
2025-11-19,2025-12-16,CE,"27,150.00",30.00,30.00,30.00,30.00,30.00,58.00,75,"20,38,500.00","2,250.00",1575,0
2025-11-19,2025-12-16,PE,"25,450.00",110.05,110.05,81.40,82.10,83.05,82.10,2850,"7,27,92,067.50","2,59,567.50",5925,2175
2025-11-19,2025-12-16,PE,"26,150.00",321.75,321.75,274.70,281.05,281.05,336.85,2550,"6,74,29,743.75","7,47,243.75",2250,1425
2025-11-19,2025-12-16,CE,"26,250.00",208.70,285.00,202.45,277.90,277.90,277.90,1500,"3,97,63,316.25","3,88,316.25",825,300
2025-11-19,2025-12-16,PE,"25,000.00",48.40,50.45,35.40,38.10,39.00,38.10,29850,"74,74,65,573.75","12,15,573.75",51750,2550
2025-11-19,2025-12-16,PE,"25,550.00",111.00,111.00,95.30,101.30,100.40,101.30,32100,"82,34,61,412.50","33,06,412.50",27225,24900
2025-11-19,2025-12-16,PE,"24,950.00",45.35,46.35,45.35,46.35,46.35,28.45,525,"1,31,22,933.75","24,183.75",525,525
2025-11-19,2025-12-16,CE,"25,850.00",405.00,522.25,405.00,505.10,505.10,520.35,1050,"2,76,43,106.25","5,00,606.25",750,75
2025-11-19,2025-12-16,PE,"24,800.00",28.95,30.10,27.00,28.55,29.00,28.55,1950,"4,84,15,725.00","55,725.00",1125,1125
2025-11-19,2025-12-16,PE,"24,900.00",40.00,40.00,31.45,31.85,31.85,24.80,1575,"3,92,69,025.00","51,525.00",1350,1350
2025-11-19,2025-12-16,PE,"25,500.00",122.90,129.65,87.50,91.35,92.00,91.35,44325,"1,13,46,17,291.25","43,29,791.25",31050,13575
2025-11-19,2025-12-16,CE,"26,150.00",259.80,338.65,247.10,330.30,332.65,330.30,4575,"12,10,45,001.25","14,08,751.25",1275,225
2025-11-19,2025-12-16,CE,"27,500.00",19.20,19.20,9.15,11.85,11.85,11.85,11325,"31,15,58,415.00","1,20,915.00",8850,8850
2025-11-19,2025-12-16,PE,"24,750.00",26.85,26.85,26.85,26.85,26.85,16.10,75,"18,58,263.75","2,013.75",75,75
2025-11-19,2025-12-16,PE,"24,500.00",25.00,25.00,16.20,19.10,19.25,19.10,17100,"41,92,81,995.00","3,31,995.00",11100,8100
2025-11-19,2025-12-16,PE,"26,400.00",492.55,492.55,414.25,428.85,428.85,475.60,1575,"4,22,91,450.00","7,11,450.00",1350,-300
2025-11-19,2025-12-16,PE,"25,400.00",104.90,104.90,71.15,76.25,73.75,76.25,19275,"49,12,03,920.00","16,18,920.00",11925,3375
2025-11-20,2025-12-16,CE,"27,500.00",11.85,17.90,11.85,15.55,17.00,15.55,25425,"69,95,67,240.00","3,79,740.00",23400,14550
2025-11-20,2025-12-16,PE,"25,000.00",33.95,35.35,28.50,29.95,29.00,29.95,32250,"80,72,60,760.00","10,10,760.00",52875,1125
2025-11-20,2025-12-16,PE,"24,500.00",15.60,18.00,14.95,15.30,15.00,15.30,11550,"28,31,61,337.50","1,86,337.50",14475,3375
2025-11-20,2025-12-16,CE,"27,800.00",10.60,10.65,5.55,9.40,9.25,9.40,2550,"7,09,12,042.50","22,042.50",225,225
2025-11-20,2025-12-16,PE,"26,500.00",441.05,449.05,350.00,363.55,360.00,363.55,5625,"15,12,87,225.00","22,24,725.00",4425,1275
2025-11-20,2025-12-16,CE,"25,750.00",650.00,710.00,650.00,710.00,710.00,677.55,150,"39,64,500.00","1,02,000.00",0,-150
2025-11-20,2025-12-16,CE,"26,250.00",297.55,378.60,290.15,355.15,365.20,355.15,6225,"16,55,46,438.75","21,40,188.75",2325,1500
2025-11-20,2025-12-16,PE,"26,000.00",200.00,217.05,156.00,162.10,157.20,162.10,115725,"3,02,88,41,021.25","1,99,91,021.25",115425,27750
2025-11-20,2025-12-16,PE,"25,350.00",59.05,59.05,52.00,52.00,52.00,53.40,300,"76,21,387.50","16,387.50",3675,-300
2025-11-20,2025-12-16,CE,"26,350.00",268.10,321.90,245.75,295.10,296.05,295.10,2175,"5,79,45,866.25","6,34,616.25",2175,225
2025-11-20,2025-12-16,CE,"26,400.00",216.40,290.00,210.00,270.15,277.00,270.15,53700,"1,43,07,35,958.75","1,30,55,958.75",20925,11550
2025-11-20,2025-12-16,CE,"26,500.00",176.55,241.70,173.80,221.60,229.85,221.60,78525,"2,09,76,65,557.50","1,67,53,057.50",40650,10050
2025-11-20,2025-12-16,PE,"26,250.00",288.90,306.70,233.95,247.25,246.35,247.25,8550,"22,66,04,058.75","21,66,558.75",1725,1275
2025-11-20,2025-12-16,CE,"26,000.00",441.00,544.55,419.80,514.50,525.10,514.50,56400,"1,49,36,22,307.50","2,72,22,307.50",46725,-6450
2025-11-20,2025-12-16,PE,"24,600.00",18.80,18.80,18.00,18.00,18.00,18.00,375,"92,31,930.00","6,930.00",3000,-375
2025-11-20,2025-12-16,CE,"26,050.00",408.85,501.35,400.00,491.55,491.55,475.85,5025,"13,31,20,065.00","22,18,815.00",1950,-375
2025-11-20,2025-12-16,PE,"25,050.00",37.00,41.50,30.15,31.15,31.65,31.15,4425,"11,10,00,183.75","1,53,933.75",1275,1200
2025-11-20,2025-12-16,CE,"26,550.00",157.30,200.00,157.30,200.00,200.00,200.00,525,"1,40,31,082.50","92,332.50",375,75
2025-11-20,2025-12-16,PE,"25,600.00",90.95,102.70,75.00,77.75,76.00,77.75,58200,"1,49,47,23,528.75","48,03,528.75",42900,14400
2025-11-20,2025-12-16,PE,"26,350.00",288.00,289.80,275.40,289.80,289.80,289.80,1050,"2,79,64,383.75","2,96,883.75",1050,1050
2025-11-20,2025-12-16,PE,"24,800.00",25.80,26.55,21.10,21.80,21.10,21.80,12450,"30,90,59,351.25","2,99,351.25",4950,3825
2025-11-20,2025-12-16,CE,"25,700.00",770.00,770.00,770.00,770.00,770.00,714.75,75,"19,85,250.00","57,750.00",1575,-75
2025-11-20,2025-12-16,PE,"25,700.00",116.95,129.00,92.00,97.20,93.55,97.20,21600,"55,73,96,205.00","22,76,205.00",18225,2700
2025-11-20,2025-12-16,CE,"26,800.00",89.30,126.45,83.50,111.50,117.85,111.50,37425,"1,00,68,70,312.50","38,80,312.50",15525,3975
2025-11-20,2025-12-16,CE,"27,300.00",21.50,31.80,21.00,29.40,29.40,29.40,5625,"15,37,12,998.75","1,50,498.75",3000,1800
2025-11-20,2025-12-16,PE,"26,300.00",312.30,312.30,258.90,265.15,258.90,265.15,24900,"66,18,81,015.00","70,11,015.00",18450,16125
2025-11-20,2025-12-16,PE,"25,650.00",112.40,112.45,85.00,89.25,89.25,105.90,2550,"6,56,56,462.50","2,48,962.50",3450,525
2025-11-20,2025-12-16,PE,"24,700.00",24.00,24.00,18.10,20.80,20.80,8.30,2850,"7,04,54,036.25","59,036.25",2400,375
2025-11-20,2025-12-16,CE,"25,900.00",510.00,625.00,497.35,588.35,588.35,588.35,9075,"23,99,51,396.25","49,08,896.25",6675,-2100
2025-11-20,2025-12-16,PE,"24,650.00",20.00,21.00,19.00,19.00,19.00,19.00,375,"92,51,175.00","7,425.00",3450,-300
2025-11-20,2025-12-16,CE,"26,700.00",112.50,157.00,108.00,142.90,149.00,142.90,36675,"98,39,76,742.50","47,54,242.50",31275,9150
2025-11-20,2025-12-16,CE,"26,450.00",252.00,255.00,252.00,255.00,255.00,255.00,450,"1,20,16,578.75","1,14,078.75",750,150
2025-11-20,2025-12-16,CE,"27,200.00",27.00,43.90,27.00,37.70,39.95,37.70,10050,"27,37,12,177.50","3,52,177.50",7725,975
2025-11-20,2025-12-16,CE,"26,150.00",437.20,443.50,341.80,420.30,420.25,420.30,7425,"19,70,73,660.00","29,09,910.00",3225,1950
2025-11-20,2025-12-16,PE,"24,000.00",10.95,12.35,9.00,10.55,10.45,10.55,7800,"18,72,79,541.25","79,541.25",14100,4725
2025-11-20,2025-12-16,PE,"26,200.00",275.90,286.15,218.85,228.30,223.15,228.30,32850,"86,83,41,153.75","76,71,153.75",16725,9300
2025-11-20,2025-12-16,CE,"25,850.00",620.00,650.00,620.00,646.55,646.55,606.10,375,"99,34,477.50","2,40,727.50",675,-75
2025-11-20,2025-12-16,PE,"25,550.00",90.00,94.45,72.30,73.75,72.30,73.75,31200,"79,99,51,695.00","27,91,695.00",3975,-23250
2025-11-20,2025-12-16,PE,"26,100.00",234.95,249.05,188.00,193.70,189.40,193.70,36825,"96,89,87,257.50","78,54,757.50",16800,3825
2025-11-20,2025-12-16,CE,"27,000.00",56.00,77.85,48.40,68.55,69.15,68.55,131250,"3,55,19,71,995.00","82,21,995.00",59475,15075
2025-11-20,2025-12-16,PE,"25,500.00",107.20,107.20,62.10,65.35,62.10,65.35,84825,"2,16,90,72,360.00","60,34,860.00",43425,12375
2025-11-20,2025-12-16,PE,"25,450.00",66.55,75.50,58.80,59.95,58.80,59.95,2250,"5,74,10,835.00","1,48,335.00",5850,-75
2025-11-20,2025-12-16,PE,"25,800.00",142.15,153.00,109.65,113.00,111.65,113.00,70425,"1,82,60,92,792.50","91,27,792.50",39000,17775
2025-11-20,2025-12-16,CE,"25,950.00",521.55,571.90,467.15,548.40,549.40,548.40,1800,"4,76,73,828.75","9,63,828.75",975,150
2025-11-20,2025-12-16,PE,"25,950.00",195.25,195.25,144.45,147.60,147.60,147.60,1500,"3,91,71,041.25","2,46,041.25",3600,450
2025-11-20,2025-12-16,PE,"25,300.00",56.40,57.90,47.95,47.95,47.95,47.95,27075,"68,64,32,973.75","14,35,473.75",20325,11475
2025-11-20,2025-12-16,CE,"26,100.00",350.05,474.05,350.05,445.40,446.35,445.40,37050,"98,21,79,183.75","1,51,74,183.75",11250,-300
2025-11-20,2025-12-16,PE,"25,400.00",64.80,69.00,55.95,56.85,55.95,56.85,39075,"99,48,31,192.50","23,26,192.50",25275,13350
2025-11-20,2025-12-16,CE,"27,700.00",11.00,11.55,8.65,11.55,11.50,11.55,750,"2,07,82,717.50","7,717.50",225,75
2025-11-20,2025-12-16,CE,"26,200.00",319.00,409.50,311.20,385.20,393.65,385.20,51825,"1,37,70,68,632.50","1,92,53,632.50",19350,11100
2025-11-20,2025-12-16,CE,"27,450.00",15.75,21.00,10.65,19.30,19.05,19.30,7725,"21,21,99,183.75","1,47,933.75",15000,150
2025-11-20,2025-12-16,PE,"26,400.00",376.40,395.85,302.00,318.10,313.55,318.10,4275,"11,42,47,878.75","13,87,878.75",2250,900
2025-11-20,2025-12-16,CE,"26,600.00",144.95,196.45,136.05,181.40,185.10,181.40,16800,"44,96,02,953.75","27,22,953.75",16425,-4350
2025-11-20,2025-12-16,CE,"25,800.00",589.00,691.00,570.00,666.20,666.20,641.35,2025,"5,35,27,710.00","12,82,710.00",825,-600
2025-11-20,2025-12-16,CE,"27,600.00",10.90,13.25,9.80,12.90,13.25,12.90,3975,"10,97,57,047.50","47,047.50",7650,450
2025-11-20,2025-12-16,CE,"27,150.00",32.00,49.05,32.00,42.45,42.40,42.45,3750,"10,19,74,623.75","1,62,123.75",1875,300
2025-11-20,2025-12-16,PE,"25,900.00",168.70,180.10,132.85,136.00,133.00,136.00,23475,"61,15,56,333.75","35,53,833.75",16500,4275
2025-11-20,2025-12-16,CE,"26,950.00",63.00,85.05,56.30,74.15,75.00,74.15,4425,"11,95,46,782.50","2,93,032.50",1200,225
2025-11-20,2025-12-16,PE,"25,850.00",155.00,155.00,121.60,123.50,123.50,123.50,2175,"5,65,08,731.25","2,84,981.25",3975,750
2025-11-20,2025-12-16,PE,"26,050.00",221.55,229.90,171.70,174.90,173.00,174.90,11625,"30,49,96,383.75","21,65,133.75",8625,5550
2025-11-20,2025-12-16,PE,"24,900.00",30.10,30.10,22.15,25.05,22.15,25.05,6825,"17,01,27,405.00","1,84,905.00",2325,975
2025-11-20,2025-12-16,CE,"26,300.00",270.00,347.15,253.25,328.15,332.00,328.15,86700,"2,30,54,84,595.00","2,52,74,595.00",20175,-6825
2025-11-20,2025-12-16,PE,"25,200.00",47.00,50.90,36.85,39.40,37.80,39.40,17775,"44,86,74,311.25","7,44,311.25",12375,1725
2025-11-20,2025-12-16,PE,"26,150.00",262.75,262.75,203.60,208.55,207.15,208.55,4050,"10,68,19,980.00","9,12,480.00",3900,1650
2025-11-20,2025-12-16,PE,"25,750.00",115.00,115.00,102.35,105.75,106.95,105.75,1500,"3,87,87,191.25","1,62,191.25",2625,600
2025-11-21,2025-12-16,PE,"25,400.00",62.00,75.20,59.45,73.40,74.85,73.40,26025,"66,27,32,118.75","16,97,118.75",32550,7275
2025-11-21,2025-12-16,PE,"26,250.00",280.00,330.10,268.15,317.75,330.10,317.75,5925,"15,72,62,013.75","17,30,763.75",2250,525
2025-11-21,2025-12-16,CE,"26,050.00",469.05,469.90,389.25,399.55,391.90,399.55,8025,"21,23,93,111.25","33,41,861.25",5400,3450
2025-11-21,2025-12-16,CE,"27,700.00",11.55,11.55,7.90,9.25,9.30,9.25,900,"2,49,38,036.25","8,036.25",300,75
2025-11-21,2025-12-16,CE,"27,500.00",17.00,17.00,11.15,12.90,11.70,12.90,26700,"73,46,14,260.00","3,64,260.00",35250,11850
2025-11-21,2025-12-16,PE,"25,850.00",161.85,169.10,138.50,166.10,169.10,166.10,2175,"5,65,80,048.75","3,56,298.75",5325,1350
2025-11-21,2025-12-16,PE,"25,900.00",157.00,183.00,146.15,179.00,181.50,179.00,40650,"1,05,96,35,808.75","68,00,808.75",24450,7950
2025-11-21,2025-12-16,PE,"26,200.00",262.95,302.00,245.00,294.55,296.20,294.55,48300,"1,27,86,20,370.00","1,31,60,370.00",20400,3675
2025-11-21,2025-12-16,CE,"26,850.00",100.00,100.00,78.00,78.00,78.00,99.45,450,"1,21,20,937.50","38,437.50",75,75
2025-11-21,2025-12-16,CE,"26,200.00",290.00,374.10,290.00,309.55,306.00,309.55,151575,"4,02,13,08,232.50","5,00,43,232.50",101625,82275
2025-11-21,2025-12-16,CE,"25,900.00",512.85,543.00,490.05,491.10,491.35,491.10,6600,"17,43,21,176.25","33,81,176.25",8100,1425
2025-11-21,2025-12-16,PE,"25,000.00",28.50,39.00,28.50,37.15,37.95,37.15,78975,"1,97,71,34,707.50","27,59,707.50",61425,8550
2025-11-21,2025-12-16,PE,"24,600.00",18.00,18.00,18.00,18.00,18.00,7.75,600,"1,47,70,800.00","10,800.00",3600,600
2025-11-21,2025-12-16,PE,"25,750.00",123.00,141.35,115.60,138.85,136.50,138.85,1575,"4,07,58,963.75","2,02,713.75",2775,150
2025-11-21,2025-12-16,CE,"26,300.00",276.00,315.00,248.75,255.70,249.55,255.70,44325,"1,17,81,46,807.50","1,23,99,307.50",29700,9525
2025-11-21,2025-12-16,PE,"24,500.00",16.50,17.75,14.00,17.00,17.00,17.00,12900,"31,62,58,252.50","2,08,252.50",20475,6000
2025-11-21,2025-12-16,CE,"26,750.00",130.25,130.25,101.90,102.50,102.50,121.65,525,"1,41,00,918.75","57,168.75",375,375
2025-11-21,2025-12-16,PE,"26,300.00",299.95,354.60,284.40,343.70,350.70,343.70,22275,"59,29,32,037.50","70,99,537.50",26325,7875
2025-11-21,2025-12-16,PE,"26,150.00",232.80,280.10,227.75,275.45,278.60,275.45,12375,"32,67,21,082.50","31,14,832.50",4950,1050
2025-11-21,2025-12-16,CE,"27,200.00",39.95,39.95,27.50,28.00,27.50,28.00,21000,"57,18,67,331.25","6,67,331.25",13650,5925
2025-11-21,2025-12-16,CE,"27,800.00",8.70,9.55,7.00,8.40,9.55,8.40,4050,"11,26,22,846.25","32,846.25",2175,1950
2025-11-21,2025-12-16,PE,"25,800.00",111.35,154.90,111.35,150.40,152.85,150.40,50550,"1,31,13,12,517.50","71,22,517.50",44175,5175
2025-11-21,2025-12-16,CE,"26,000.00",470.00,500.90,414.00,422.40,416.65,422.40,56850,"1,50,40,93,942.50","2,59,93,942.50",51825,5100
2025-11-21,2025-12-16,CE,"26,700.00",130.05,138.80,102.00,104.95,102.00,104.95,30750,"82,47,31,425.00","37,06,425.00",40500,9225
2025-11-21,2025-12-16,CE,"27,300.00",29.40,29.40,20.45,21.35,22.25,21.35,5400,"14,75,50,091.25","1,30,091.25",6150,3150
2025-11-21,2025-12-16,PE,"26,400.00",350.00,397.95,336.60,392.45,387.90,392.45,7500,"20,08,00,380.00","28,00,380.00",5400,3150
2025-11-21,2025-12-16,CE,"27,150.00",40.00,42.00,31.95,32.10,32.00,32.10,17100,"46,49,36,673.75","6,71,673.75",5700,3825
2025-11-21,2025-12-16,PE,"25,350.00",60.80,60.80,56.00,58.65,58.65,67.25,750,"1,90,56,056.25","43,556.25",4275,600
2025-11-21,2025-12-16,CE,"26,500.00",198.60,215.00,164.00,169.90,165.85,169.90,86625,"2,31,19,70,298.75","1,64,07,798.75",40425,-225
2025-11-21,2025-12-16,CE,"26,550.00",186.25,186.25,137.55,139.30,137.55,139.30,675,"1,80,30,873.75","1,09,623.75",825,450
2025-11-21,2025-12-16,CE,"27,100.00",62.30,62.30,35.95,37.20,35.95,37.20,1800,"4,88,57,186.25","77,186.25",675,675
2025-11-21,2025-12-16,PE,"25,450.00",68.00,81.95,67.50,81.95,81.95,81.95,10425,"26,61,43,623.75","8,27,373.75",10500,4650
2025-11-21,2025-12-16,PE,"24,000.00",10.25,10.50,9.00,9.95,9.95,9.95,7500,"18,00,73,867.50","73,867.50",17250,3150
2025-11-21,2025-12-16,CE,"26,150.00",392.65,403.05,328.05,328.10,328.05,328.10,12750,"33,81,79,136.25","47,66,636.25",6975,3750
2025-11-21,2025-12-16,PE,"24,750.00",27.65,27.65,25.05,26.30,25.95,26.30,375,"92,91,105.00","9,855.00",225,150
2025-11-21,2025-12-16,PE,"25,550.00",91.00,96.60,77.60,95.60,96.60,95.60,3375,"8,65,27,031.25","2,95,781.25",4800,825
2025-11-21,2025-12-16,CE,"25,800.00",610.00,653.95,550.00,561.95,556.15,561.95,4050,"10,68,63,390.00","23,73,390.00",1875,1050
2025-11-21,2025-12-16,CE,"26,600.00",145.15,171.00,129.65,132.50,130.20,132.50,31275,"83,65,52,313.75","46,37,313.75",20250,3825
2025-11-21,2025-12-16,PE,"25,950.00",168.85,197.85,163.20,192.55,197.85,192.55,3225,"8,42,79,060.00","5,90,310.00",3900,300
2025-11-21,2025-12-16,PE,"26,050.00",200.30,236.00,192.95,235.70,233.00,235.70,22125,"58,12,86,978.75","49,30,728.75",8475,-150
2025-11-21,2025-12-16,PE,"26,000.00",180.00,219.00,171.55,214.60,213.60,214.60,201600,"5,28,09,64,706.25","3,93,64,706.25",101550,-13875
2025-11-21,2025-12-16,CE,"26,400.00",239.95,256.80,203.05,207.90,204.10,207.90,25575,"68,09,94,577.50","58,14,577.50",32100,11175
2025-11-21,2025-12-16,PE,"24,900.00",27.90,32.00,26.10,29.95,29.60,29.95,5700,"14,20,95,525.00","1,65,525.00",3450,1125
2025-11-21,2025-12-16,CE,"27,600.00",12.55,13.25,9.20,10.35,10.80,10.35,4200,"11,59,65,952.50","45,952.50",10425,2775
2025-11-21,2025-12-16,PE,"26,100.00",217.00,257.00,206.10,251.60,247.65,251.60,68700,"1,80,92,73,090.00","1,62,03,090.00",32025,15225
2025-11-21,2025-12-16,PE,"24,700.00",23.00,23.00,21.00,22.55,22.55,10.85,2775,"6,86,05,098.75","62,598.75",4425,2025
2025-11-21,2025-12-16,CE,"26,250.00",338.00,338.00,275.00,281.45,280.00,281.45,3900,"10,35,80,681.25","12,05,681.25",4425,2100
2025-11-21,2025-12-16,CE,"26,800.00",100.00,107.00,78.50,81.45,81.10,81.45,23775,"63,94,49,715.00","22,79,715.00",15600,75
2025-11-21,2025-12-16,CE,"27,000.00",59.45,64.95,47.85,49.85,50.05,49.85,125925,"3,40,69,96,650.00","70,21,650.00",91575,32100
2025-11-21,2025-12-16,PE,"25,300.00",56.15,64.75,50.65,62.15,61.75,62.15,19575,"49,63,97,823.75","11,50,323.75",20250,-75
2025-11-21,2025-12-16,PE,"24,800.00",27.45,27.50,22.35,26.35,27.50,26.35,4200,"10,42,65,907.50","1,05,907.50",6075,1125
2025-11-21,2025-12-16,CE,"27,850.00",10.40,10.40,9.40,9.40,9.40,8.05,150,"41,78,985.00","1,485.00",75,75
2025-11-21,2025-12-16,CE,"26,950.00",73.05,73.50,52.65,53.80,52.65,53.80,3750,"10,12,93,908.75","2,31,408.75",2475,1275
2025-11-21,2025-12-16,PE,"25,700.00",111.95,128.15,99.05,126.55,127.85,126.55,27525,"71,05,57,455.00","31,64,955.00",18825,600
2025-11-21,2025-12-16,PE,"24,650.00",20.00,21.45,19.50,20.95,20.40,20.95,1425,"3,51,54,663.75","28,413.75",2625,-825
2025-11-21,2025-12-16,CE,"25,600.00",801.10,801.10,712.30,715.95,720.05,715.95,1050,"2,76,51,266.25","7,71,266.25",600,525
2025-11-21,2025-12-16,PE,"25,600.00",90.00,106.05,82.90,104.75,104.80,104.75,32400,"83,25,95,302.50","31,55,302.50",43650,750
2025-11-21,2025-12-16,CE,"26,100.00",412.65,430.00,354.60,364.35,358.10,364.35,64725,"1,71,45,32,287.50","2,52,09,787.50",29700,18450
2025-11-21,2025-12-16,CE,"26,350.00",278.00,278.00,231.75,252.45,252.45,249.65,2775,"7,38,37,323.75","7,16,073.75",3300,1125
2025-11-21,2025-12-16,PE,"25,200.00",46.15,54.25,41.65,51.55,51.00,51.55,34650,"87,48,62,321.25","16,82,321.25",13350,975
2025-11-21,2025-12-16,CE,"25,950.00",512.00,512.00,512.00,512.00,512.00,450.40,75,"19,84,650.00","38,400.00",975,0
2025-11-21,2025-12-16,PE,"27,800.00","1,458.00","1,458.00","1,458.00","1,458.00","1,458.00","1,631.95",75,"21,94,350.00","1,09,350.00",75,75
2025-11-21,2025-12-16,PE,"25,500.00",69.00,90.00,69.00,86.45,90.00,86.45,60600,"1,55,00,23,125.00","47,23,125.00",54525,11100
2025-11-21,2025-12-16,CE,"26,450.00",218.85,240.00,190.00,193.40,192.20,193.40,3900,"10,39,82,351.25","8,27,351.25",2250,1500
2025-11-21,2025-12-16,PE,"25,650.00",95.45,126.30,95.45,116.40,117.05,116.40,5100,"13,13,96,812.50","5,81,812.50",3225,-225
2025-11-21,2025-12-16,CE,"27,450.00",16.40,18.20,14.05,14.35,14.50,14.35,6675,"18,33,36,862.50","1,08,112.50",15525,525
2025-11-21,2025-12-16,PE,"26,500.00",385.00,456.15,381.40,453.35,456.00,453.35,14475,"38,96,88,783.75","61,01,283.75",7200,2775
2025-11-21,2025-12-16,CE,"27,950.00",6.00,6.00,5.40,5.40,5.40,5.40,525,"1,46,76,630.00","2,880.00",525,525
2025-11-24,2025-12-16,CE,"27,200.00",27.25,29.85,15.90,17.45,17.20,17.45,52275,"1,42,30,01,227.50","11,21,227.50",36900,23250
2025-11-24,2025-12-16,CE,"26,550.00",160.00,167.00,119.05,120.90,120.90,123.00,1575,"4,20,34,425.00","2,18,175.00",1725,900
2025-11-24,2025-12-16,PE,"26,050.00",218.10,260.95,189.00,251.40,260.00,251.40,14925,"39,21,27,135.00","33,30,885.00",8625,150
2025-11-24,2025-12-16,CE,"26,150.00",360.05,373.80,250.00,262.30,250.00,262.30,7950,"21,05,25,011.25","26,32,511.25",8625,1650
2025-11-24,2025-12-16,CE,"26,400.00",225.80,232.60,145.50,158.80,147.05,158.80,54375,"1,44,56,01,225.00","1,01,01,225.00",28800,-3300
2025-11-24,2025-12-16,CE,"27,000.00",57.75,57.75,29.00,30.35,29.00,30.35,312150,"8,44,12,41,457.50","1,31,91,457.50",155475,63900
2025-11-24,2025-12-16,PE,"26,250.00",287.85,355.00,285.85,339.65,345.00,339.65,1050,"2,78,91,663.75","3,29,163.75",2325,75
2025-11-24,2025-12-16,CE,"27,300.00",22.25,24.00,11.30,13.15,16.95,13.15,18600,"50,80,99,425.00","3,19,425.00",12000,5850
2025-11-24,2025-12-16,PE,"24,650.00",19.00,19.00,15.40,17.75,17.75,17.75,2250,"5,54,99,516.25","37,016.25",2925,300
2025-11-24,2025-12-16,PE,"25,600.00",81.15,111.80,77.40,106.95,109.80,106.95,24075,"61,84,33,537.50","21,13,537.50",50775,7125
2025-11-24,2025-12-16,CE,"26,700.00",104.95,114.55,67.00,72.75,68.65,72.75,61200,"1,63,91,84,538.75","51,44,538.75",59025,18525
2025-11-24,2025-12-16,PE,"25,850.00",134.90,186.75,132.35,173.15,173.95,173.15,3900,"10,14,22,102.50","6,07,102.50",4875,-450
2025-11-24,2025-12-16,CE,"26,200.00",313.10,343.30,230.00,245.95,230.00,245.95,83550,"2,21,30,64,911.25","2,40,54,911.25",117750,16125
2025-11-24,2025-12-16,PE,"25,400.00",54.60,75.30,53.45,71.75,74.40,71.75,24975,"63,59,32,927.50","15,67,927.50",37125,4575
2025-11-24,2025-12-16,CE,"25,800.00",574.50,600.10,458.55,482.15,458.55,482.15,14475,"38,12,18,332.50","77,63,332.50",7200,5325
2025-11-24,2025-12-16,PE,"25,350.00",49.25,58.75,49.25,55.75,55.75,74.20,975,"2,47,69,110.00","52,860.00",4200,-75
2025-11-24,2025-12-16,CE,"26,950.00",66.65,66.65,34.35,35.30,36.00,35.30,3000,"8,10,01,627.50","1,51,627.50",2100,-375
2025-11-24,2025-12-16,PE,"25,750.00",111.15,139.95,104.85,139.95,139.95,139.95,1275,"3,29,81,677.50","1,50,427.50",2925,150
2025-11-24,2025-12-16,CE,"25,950.00",477.95,477.95,366.10,373.60,369.25,373.60,2250,"5,92,69,725.00","8,82,225.00",2625,1650
2025-11-24,2025-12-16,PE,"24,600.00",17.50,20.20,14.45,17.20,20.20,17.20,4650,"11,44,66,113.75","76,113.75",2325,-1275
2025-11-24,2025-12-16,PE,"25,200.00",45.00,53.05,36.70,47.60,53.05,47.60,18000,"45,43,56,270.00","7,56,270.00",19500,6150
2025-11-24,2025-12-16,CE,"26,100.00",374.10,399.40,275.60,295.35,280.00,295.35,68175,"1,80,36,16,185.00","2,42,48,685.00",47550,17850
2025-11-24,2025-12-16,CE,"27,850.00",9.40,9.40,3.60,7.10,6.60,7.10,975,"2,71,59,712.50","5,962.50",75,0
2025-11-24,2025-12-16,CE,"26,800.00",95.65,95.65,51.25,55.45,52.00,55.45,35175,"94,51,27,128.75","24,37,128.75",25500,9900
2025-11-24,2025-12-16,CE,"27,800.00",7.65,9.80,5.60,6.65,5.60,6.65,26250,"72,99,35,771.25","1,85,771.25",14475,12300
2025-11-24,2025-12-16,CE,"25,850.00",567.10,567.10,425.55,468.35,425.55,468.35,4500,"11,86,74,783.75","23,49,783.75",2475,1800
2025-11-24,2025-12-16,PE,"24,950.00",25.00,37.00,19.55,31.20,31.00,31.20,3300,"8,24,27,640.00","92,640.00",600,75
2025-11-24,2025-12-16,CE,"25,700.00",668.75,673.40,531.80,543.10,531.80,543.10,1500,"3,94,72,293.75","9,22,293.75",1650,75
2025-11-24,2025-12-16,CE,"26,000.00",440.05,460.65,330.00,350.75,330.00,350.75,89475,"2,36,19,95,216.25","3,56,45,216.25",72525,20700
2025-11-24,2025-12-16,PE,"26,350.00",322.70,428.50,322.00,428.50,428.50,428.50,450,"1,20,14,692.50","1,57,192.50",1200,150
2025-11-24,2025-12-16,CE,"26,500.00",179.00,188.75,112.90,125.65,117.35,125.65,103350,"2,75,43,64,908.75","1,55,89,908.75",64800,24375
2025-11-24,2025-12-16,CE,"27,650.00",12.45,12.45,8.50,9.65,8.50,9.65,525,"1,45,22,130.00","5,880.00",300,300
2025-11-24,2025-12-16,PE,"24,500.00",13.95,14.95,10.80,13.95,14.50,13.95,33225,"81,44,32,301.25","4,19,801.25",38400,17925
2025-11-24,2025-12-16,PE,"25,900.00",159.00,205.30,142.75,195.55,202.00,195.55,39825,"1,03,83,04,545.00","68,37,045.00",19650,-4800
2025-11-24,2025-12-16,CE,"27,100.00",39.05,39.05,21.85,22.10,22.05,22.10,5250,"14,24,46,716.25","1,71,716.25",2250,1575
2025-11-24,2025-12-16,PE,"26,300.00",300.55,397.35,285.25,375.35,395.50,375.35,34125,"90,82,76,081.25","1,07,88,581.25",29775,3450
2025-11-24,2025-12-16,CE,"27,500.00",11.70,13.50,8.65,9.00,9.95,9.00,49500,"1,36,17,96,393.75","5,46,393.75",52275,17025
2025-11-24,2025-12-16,PE,"25,300.00",50.20,64.65,43.05,60.50,63.55,60.50,42075,"1,06,66,21,751.25","21,24,251.25",33375,13125
2025-11-24,2025-12-16,PE,"25,650.00",101.85,129.15,91.05,122.35,129.15,122.35,3075,"7,92,11,883.75","3,38,133.75",4425,1200
2025-11-24,2025-12-16,CE,"27,700.00",6.45,10.30,6.00,9.05,8.70,9.05,8775,"24,31,44,213.75","76,713.75",5625,5325
2025-11-24,2025-12-16,CE,"26,300.00",269.85,283.85,183.15,201.50,185.85,201.50,62850,"1,66,81,50,450.00","1,51,95,450.00",43050,13350
2025-11-24,2025-12-16,CE,"27,950.00",6.45,6.45,2.05,5.05,3.30,5.05,2700,"7,54,77,813.75","12,813.75",1275,750
2025-11-24,2025-12-16,CE,"27,150.00",28.00,28.00,19.95,21.30,19.95,21.30,4275,"11,61,65,118.75","98,868.75",5850,150
2025-11-24,2025-12-16,PE,"26,000.00",200.10,244.60,173.75,230.75,241.20,230.75,190425,"4,98,94,92,221.25","3,84,42,221.25",126825,25275
2025-11-24,2025-12-16,PE,"24,900.00",29.60,29.60,20.35,28.10,25.85,28.10,5100,"12,71,16,761.25","1,26,761.25",4500,1050
2025-11-24,2025-12-16,CE,"26,250.00",281.00,305.30,212.95,213.05,212.95,213.05,2400,"6,36,54,772.50","6,54,772.50",3975,-450
2025-11-24,2025-12-16,CE,"27,450.00",12.65,12.65,8.25,10.00,10.10,10.00,4800,"13,18,09,335.00","49,335.00",15000,-525
2025-11-24,2025-12-16,CE,"25,600.00",715.95,768.50,625.30,625.30,625.30,625.30,3600,"9,47,87,313.75","26,27,313.75",1200,600
2025-11-24,2025-12-16,CE,"26,350.00",252.45,252.45,175.00,175.00,175.00,175.00,675,"1,79,30,160.00","1,43,910.00",3300,0
2025-11-24,2025-12-16,CE,"26,850.00",86.00,86.00,59.50,59.50,59.50,63.00,4200,"11,30,76,945.00","3,06,945.00",3675,3600
2025-11-24,2025-12-16,PE,"25,000.00",31.95,36.60,25.05,34.25,34.60,34.25,113100,"2,83,08,73,222.50","33,73,222.50",94350,32925
2025-11-24,2025-12-16,PE,"26,150.00",254.25,300.00,230.00,295.45,286.35,295.45,3750,"9,90,18,888.75","9,56,388.75",5775,825
2025-11-24,2025-12-16,CE,"26,750.00",110.00,110.00,58.40,59.15,59.85,59.15,1950,"5,23,29,078.75","1,66,578.75",675,300
2025-11-24,2025-12-16,PE,"24,700.00",20.00,20.75,15.50,19.65,20.75,19.65,3450,"8,52,75,270.00","60,270.00",4875,450
2025-11-24,2025-12-16,CE,"27,250.00",42.70,42.70,19.10,19.10,19.10,22.30,225,"61,37,317.50","6,067.50",225,150
2025-11-24,2025-12-16,CE,"26,050.00",426.00,432.50,305.00,336.60,305.00,336.60,14625,"38,66,57,535.00","56,76,285.00",7425,2025
2025-11-24,2025-12-16,PE,"25,800.00",122.15,168.80,116.80,159.90,166.00,159.90,83550,"2,16,75,21,761.25","1,19,31,761.25",55875,11700
2025-11-24,2025-12-16,PE,"26,400.00",352.45,445.30,351.00,434.90,432.95,434.90,3525,"9,44,04,922.50","13,44,922.50",6300,900
2025-11-24,2025-12-16,CE,"27,900.00",7.90,7.90,7.90,7.90,7.90,2.85,150,"41,86,185.00","1,185.00",150,150
2025-11-24,2025-12-16,CE,"25,900.00",515.00,535.00,392.70,413.50,399.55,413.50,16650,"43,89,18,918.75","76,83,918.75",10575,2475
2025-11-24,2025-12-16,PE,"26,100.00",213.10,286.70,205.00,273.65,286.00,273.65,76800,"2,02,24,67,666.25","1,79,87,666.25",47475,15450
2025-11-24,2025-12-16,PE,"25,450.00",69.75,84.50,60.50,79.95,80.80,79.95,3075,"7,84,69,792.50","2,11,042.50",10950,450
2025-11-24,2025-12-16,PE,"25,700.00",126.55,139.40,95.05,133.90,139.40,133.90,41850,"1,08,03,71,988.75","48,26,988.75",35250,16425
2025-11-24,2025-12-16,PE,"26,500.00",434.00,520.00,392.45,501.90,511.60,501.90,8625,"23,23,74,952.50","38,12,452.50",9600,2400
2025-11-24,2025-12-16,PE,"25,550.00",86.05,102.30,62.85,98.95,102.30,98.95,3150,"8,07,64,856.25","2,82,356.25",6150,1350
2025-11-24,2025-12-16,PE,"24,800.00",23.00,23.95,18.05,23.00,23.50,23.00,14625,"36,30,08,430.00","3,08,430.00",8850,2775
2025-11-24,2025-12-16,PE,"25,100.00",35.00,42.70,30.60,41.10,42.60,41.10,4950,"12,44,36,598.75","1,91,598.75",2250,2250
2025-11-24,2025-12-16,PE,"25,950.00",179.80,226.35,158.95,216.00,226.25,216.00,6900,"18,03,96,873.75","13,41,873.75",4875,975
2025-11-24,2025-12-16,CE,"26,600.00",149.65,149.65,88.40,96.85,89.00,96.85,49950,"1,33,46,59,725.00","59,89,725.00",28125,7875
2025-11-24,2025-12-16,CE,"27,600.00",7.00,9.95,6.35,8.80,6.65,8.80,2550,"7,04,00,887.50","20,887.50",10650,225
2025-11-24,2025-12-16,PE,"24,000.00",10.00,10.00,7.10,8.15,8.05,8.15,20925,"50,23,67,392.50","1,67,392.50",22950,5700
2025-11-24,2025-12-16,PE,"25,500.00",79.00,93.00,63.40,86.75,91.00,86.75,55200,"1,41,18,88,912.50","42,88,912.50",56700,2175
2025-11-24,2025-12-16,CE,"25,650.00",581.90,581.90,581.90,581.90,581.90,581.90,75,"19,67,392.50","43,642.50",75,75
2025-11-24,2025-12-16,PE,"26,200.00",272.70,329.60,243.95,314.75,323.60,314.75,25275,"66,92,50,503.75","70,45,503.75",22725,2325
2025-11-24,2025-12-16,CE,"26,450.00",207.30,207.30,130.15,132.55,130.15,132.55,600,"1,59,55,117.50","85,117.50",2625,375
2025-11-25,2025-12-16,CE,"26,350.00",175.00,175.00,107.90,117.40,107.90,117.40,2925,"7,74,46,680.00","3,72,930.00",4500,1200
2025-11-25,2025-12-16,PE,"25,000.00",35.00,35.00,25.30,30.00,29.70,30.00,100575,"2,51,73,06,675.00","29,31,675.00",116325,21975
2025-11-25,2025-12-16,CE,"26,450.00",152.00,152.00,80.00,88.50,80.00,88.50,7200,"19,12,16,895.00","7,76,895.00",3150,525
2025-11-25,2025-12-16,PE,"25,200.00",47.65,49.00,36.50,44.60,45.95,44.60,26550,"67,02,03,120.00","11,43,120.00",29775,10275
2025-11-25,2025-12-16,CE,"27,850.00",6.60,6.60,3.80,3.80,3.80,3.80,675,"1,88,01,761.25","3,011.25",450,375
2025-11-25,2025-12-16,CE,"26,050.00",300.00,333.65,228.60,237.30,230.00,237.30,7275,"19,16,37,270.00","21,23,520.00",9225,1800
2025-11-25,2025-12-16,CE,"25,000.00","1,000.00","1,100.00","1,000.00","1,050.05","1,050.05","1,050.05",225,"58,61,253.75","2,36,253.75",75,75
2025-11-25,2025-12-16,CE,"26,700.00",72.75,73.00,37.05,42.90,37.05,42.90,92325,"2,46,99,58,245.00","48,80,745.00",38925,-20100
2025-11-25,2025-12-16,CE,"26,800.00",53.15,55.20,27.00,30.45,27.00,30.45,65775,"1,76,54,55,723.75","26,85,723.75",35625,10125
2025-11-25,2025-12-16,PE,"25,450.00",82.95,86.05,66.65,80.75,85.40,80.75,6075,"15,50,68,661.25","4,59,911.25",12225,1275
2025-11-25,2025-12-16,PE,"26,150.00",303.30,334.05,278.00,328.25,326.75,328.25,8475,"22,42,26,397.50","26,05,147.50",4875,-900
2025-11-25,2025-12-16,PE,"25,350.00",68.95,71.05,49.55,64.00,62.75,64.00,3825,"9,72,07,946.25","2,44,196.25",4500,300
2025-11-25,2025-12-16,CE,"27,100.00",21.55,23.20,12.00,13.60,12.00,13.60,22275,"60,40,63,312.50","4,10,812.50",11925,9675
2025-11-25,2025-12-16,CE,"26,100.00",276.50,302.00,205.00,213.95,206.00,213.95,52350,"1,37,99,22,307.50","1,35,87,307.50",51825,4275
2025-11-25,2025-12-16,CE,"25,700.00",526.00,560.55,431.35,446.05,436.10,446.05,5625,"14,72,54,606.25","26,92,106.25",4125,2475
2025-11-25,2025-12-16,PE,"27,800.00","1,600.00","1,600.00","1,600.00","1,600.00","1,600.00","1,825.85",75,"22,05,000.00","1,20,000.00",150,75
2025-11-25,2025-12-16,PE,"25,900.00",205.30,219.25,170.05,213.55,211.00,213.55,84600,"2,20,80,52,008.75","1,69,12,008.75",40425,20775
2025-11-25,2025-12-16,CE,"25,900.00",381.90,425.00,308.55,319.20,310.00,319.20,42375,"1,11,21,90,435.00","1,46,77,935.00",21900,11325
2025-11-25,2025-12-16,CE,"26,250.00",200.00,228.00,140.20,149.65,143.70,149.65,7575,"20,01,39,521.25","12,95,771.25",4200,225
2025-11-25,2025-12-16,CE,"26,850.00",41.00,42.10,26.20,26.30,26.20,26.30,4650,"12,50,14,173.75","1,61,673.75",1875,-1800
2025-11-25,2025-12-16,PE,"24,650.00",15.50,20.95,13.50,15.65,15.95,15.65,4125,"10,17,48,510.00","67,260.00",2925,0
2025-11-25,2025-12-16,PE,"25,850.00",186.65,200.55,152.95,192.70,195.95,192.70,7800,"20,30,32,672.50","14,02,672.50",5100,225
2025-11-25,2025-12-16,PE,"26,250.00",336.25,394.00,332.00,387.25,394.00,387.25,1425,"3,79,15,087.50","5,08,837.50",2175,-150
2025-11-25,2025-12-16,CE,"26,200.00",225.00,252.55,161.90,171.90,169.15,171.90,110700,"2,92,35,93,911.25","2,32,53,911.25",141000,23250
2025-11-25,2025-12-16,CE,"27,700.00",6.85,6.85,2.80,3.25,2.85,3.25,15900,"44,04,98,392.50","68,392.50",3750,-1875
2025-11-25,2025-12-16,PE,"26,200.00",323.65,375.50,295.00,366.60,372.05,366.60,46125,"1,22,34,43,308.75","1,49,68,308.75",32550,9825
2025-11-25,2025-12-16,CE,"26,600.00",85.00,96.70,50.95,56.25,51.35,56.25,81750,"2,18,07,39,236.25","61,89,236.25",40350,12225
2025-11-25,2025-12-16,CE,"25,950.00",360.95,394.55,280.05,290.90,289.00,290.90,10875,"28,59,41,535.00","37,35,285.00",4050,1425
2025-11-25,2025-12-16,PE,"25,600.00",112.60,116.00,90.05,111.45,113.85,111.45,26850,"69,01,77,828.75","28,17,828.75",55725,4950
2025-11-25,2025-12-16,PE,"26,050.00",265.25,283.00,226.10,281.95,283.00,281.95,10800,"28,41,98,366.25","28,58,366.25",6450,-2175
2025-11-25,2025-12-16,CE,"25,650.00",545.85,570.20,545.85,570.20,570.20,484.00,525,"1,37,57,966.25","2,91,716.25",225,150
2025-11-25,2025-12-16,CE,"25,800.00",449.00,488.00,370.00,377.50,371.00,377.50,14700,"38,56,24,762.50","63,64,762.50",7875,675
2025-11-25,2025-12-16,PE,"26,500.00",528.00,578.00,469.20,563.80,566.75,563.80,4425,"11,95,33,068.75","22,70,568.75",10350,750
2025-11-25,2025-12-16,CE,"27,150.00",21.30,21.30,13.50,13.70,13.50,13.70,900,"2,44,49,838.75","14,838.75",5775,-75
2025-11-25,2025-12-16,CE,"27,600.00",6.25,7.40,4.40,5.95,4.40,5.95,11700,"32,29,95,060.00","75,060.00",15750,5100
2025-11-25,2025-12-16,PE,"25,800.00",166.30,178.75,139.40,173.05,175.00,173.05,83550,"2,16,87,74,280.00","1,31,84,280.00",60075,4200
2025-11-25,2025-12-16,PE,"25,300.00",60.00,62.05,48.00,57.05,58.05,57.05,30075,"76,25,06,891.25","16,09,391.25",32475,-900
2025-11-25,2025-12-16,PE,"26,000.00",249.95,265.00,207.40,257.25,255.50,257.25,222300,"5,83,20,43,248.75","5,22,43,248.75",137325,10500
2025-11-25,2025-12-16,CE,"25,600.00",639.15,640.90,601.55,601.55,601.55,517.55,825,"2,16,38,823.75","5,18,823.75",975,-225
2025-11-25,2025-12-16,CE,"26,150.00",258.15,286.85,188.90,193.70,188.90,193.70,11925,"31,45,73,598.75","27,34,848.75",12450,3825
2025-11-25,2025-12-16,CE,"26,300.00",177.85,201.60,122.90,133.80,122.90,133.80,50850,"1,34,58,95,610.00","85,40,610.00",53550,10500
2025-11-25,2025-12-16,CE,"26,750.00",57.40,60.05,36.60,37.35,36.60,37.35,3225,"8,64,29,827.50","1,61,077.50",2325,1650
2025-11-25,2025-12-16,CE,"27,950.00",6.00,7.45,2.00,4.40,4.40,4.40,4650,"12,99,88,687.50","21,187.50",2100,825
2025-11-25,2025-12-16,PE,"24,900.00",23.00,25.25,21.50,23.60,23.15,23.60,4350,"10,84,15,972.50","1,00,972.50",6375,1875
2025-11-25,2025-12-16,PE,"26,400.00",443.60,505.00,405.45,494.30,505.00,494.30,3225,"8,66,05,567.50","14,65,567.50",4425,-1875
2025-11-25,2025-12-16,PE,"25,950.00",225.85,239.95,187.85,233.55,235.00,233.55,18300,"47,88,31,710.00","39,46,710.00",5700,825
2025-11-25,2025-12-16,PE,"25,550.00",101.95,105.30,78.00,99.80,102.45,99.80,9375,"24,04,21,743.75","8,90,493.75",7650,1500
2025-11-25,2025-12-16,PE,"25,500.00",88.90,93.40,72.65,90.05,89.05,90.05,74175,"1,89,76,30,661.25","61,68,161.25",68775,12075
2025-11-25,2025-12-16,PE,"24,500.00",12.50,13.95,10.10,11.80,12.75,11.80,34650,"84,93,27,116.25","4,02,116.25",47700,9300
2025-11-25,2025-12-16,PE,"24,700.00",18.00,19.60,15.30,16.75,15.30,16.75,14925,"36,88,95,660.00","2,48,160.00",5250,375
2025-11-25,2025-12-16,CE,"27,300.00",13.15,13.15,6.35,8.00,7.20,8.00,14325,"39,12,15,772.50","1,43,272.50",13575,1575
2025-11-25,2025-12-16,CE,"26,000.00",340.00,361.55,252.00,262.60,260.10,262.60,248925,"6,55,03,64,362.50","7,83,14,362.50",121950,49425
2025-11-25,2025-12-16,PE,"25,700.00",130.00,144.90,113.00,141.20,142.80,141.20,45000,"1,16,23,39,563.75","58,39,563.75",36975,1725
2025-11-25,2025-12-16,CE,"27,000.00",30.00,31.75,15.80,18.15,16.45,18.15,258375,"6,98,20,21,777.50","58,96,777.50",208350,52875
2025-11-25,2025-12-16,CE,"27,900.00",5.00,5.00,2.65,3.00,2.65,3.00,2175,"6,06,91,230.00","8,730.00",600,450
2025-11-25,2025-12-16,CE,"25,750.00",475.00,612.20,405.00,413.30,405.00,413.30,975,"2,55,81,157.50","4,74,907.50",300,300
2025-11-25,2025-12-16,PE,"24,750.00",17.00,17.65,17.00,17.65,17.65,17.65,975,"2,41,48,215.00","16,965.00",1125,900
2025-11-25,2025-12-16,CE,"26,550.00",96.40,99.85,59.30,65.50,59.65,65.50,35250,"93,82,56,731.25","23,69,231.25",21600,19875
2025-11-25,2025-12-16,CE,"27,200.00",16.10,17.25,8.60,10.15,8.60,10.15,45825,"1,24,70,67,258.75","6,27,258.75",35100,-1800
2025-11-25,2025-12-16,PE,"24,000.00",8.20,13.55,3.30,7.05,6.75,7.05,151275,"3,63,17,49,930.00","11,49,930.00",32025,9075
2025-11-25,2025-12-16,PE,"24,800.00",22.55,22.55,17.00,18.90,18.30,18.90,10425,"25,87,37,831.25","1,97,831.25",13875,5025
2025-11-25,2025-12-16,PE,"25,750.00",152.80,162.40,123.20,159.05,161.00,159.05,4425,"11,45,74,563.75","6,30,813.75",2775,-150
2025-11-25,2025-12-16,PE,"24,950.00",32.75,32.80,21.85,25.40,25.45,25.40,2700,"6,74,32,320.00","67,320.00",2250,1650
2025-11-25,2025-12-16,PE,"24,850.00",19.90,20.75,19.90,20.70,20.70,20.70,2100,"5,22,27,922.50","42,922.50",1725,1650
2025-11-25,2025-12-16,CE,"27,500.00",9.05,10.20,4.85,6.65,4.85,6.65,58350,"1,60,50,81,135.00","4,56,135.00",63975,11700
2025-11-25,2025-12-16,PE,"25,400.00",75.60,76.15,58.05,71.90,73.45,71.90,27075,"68,95,71,082.50","18,66,082.50",36675,-450
2025-11-25,2025-12-16,CE,"26,400.00",143.15,161.20,93.00,99.25,93.00,99.25,58050,"1,53,93,96,753.75","68,76,753.75",41100,12300
2025-11-25,2025-12-16,CE,"26,500.00",126.50,128.85,70.05,76.25,72.50,76.25,182100,"4,84,38,15,738.75","1,81,65,738.75",98100,33300
2025-11-25,2025-12-16,PE,"26,100.00",286.00,311.85,247.95,305.55,307.60,305.55,27375,"72,21,83,771.25","76,96,271.25",46050,-1425
2025-11-25,2025-12-16,PE,"25,100.00",40.00,40.00,30.70,36.95,36.90,36.95,13275,"33,36,55,620.00","4,53,120.00",5100,2850
2025-11-25,2025-12-16,PE,"26,300.00",395.55,429.35,346.15,422.05,425.00,422.05,13725,"36,62,13,315.00","52,45,815.00",26850,-2925
2025-11-25,2025-12-16,CE,"27,450.00",10.65,10.65,5.15,6.65,5.55,6.65,17475,"47,98,31,561.25","1,42,811.25",15225,225
2025-11-25,2025-12-16,CE,"27,750.00",4.55,4.55,3.90,3.90,3.90,2.95,1200,"3,33,05,092.50","5,092.50",0,0
2025-11-25,2025-12-16,CE,"26,950.00",30.90,34.85,17.05,20.65,17.05,20.65,6150,"16,58,89,755.00","1,47,255.00",5400,3300
2025-11-25,2025-12-16,CE,"27,800.00",7.30,7.30,3.00,3.10,3.10,3.10,22575,"62,76,75,420.00","90,420.00",29850,15375
2025-11-25,2025-12-16,CE,"25,500.00",674.75,722.35,582.00,593.20,590.00,593.20,1875,"4,90,83,855.00","12,71,355.00",450,450
2025-11-25,2025-12-16,PE,"25,650.00",119.30,129.20,99.55,125.95,125.95,125.95,2400,"6,18,41,415.00","2,81,415.00",5325,900
2025-11-25,2025-12-16,CE,"27,050.00",39.95,39.95,15.00,15.90,15.95,15.90,3675,"9,94,70,973.75","62,223.75",2700,2700
2025-11-25,2025-12-16,CE,"25,850.00",405.00,448.55,341.70,351.45,345.20,351.45,6600,"17,30,79,450.00","24,69,450.00",3675,1200
2025-11-26,2025-12-16,PE,"24,800.00",17.00,17.00,11.40,12.80,13.85,12.80,27525,"68,29,85,040.00","3,65,040.00",15225,1350
2025-11-26,2025-12-16,PE,"24,900.00",18.20,18.50,13.15,14.15,14.00,14.15,17250,"42,97,93,518.75","2,68,518.75",13500,7125
2025-11-26,2025-12-16,PE,"26,250.00",269.60,270.00,219.15,225.55,220.50,225.55,14250,"37,74,25,908.75","33,63,408.75",4800,2625
2025-11-26,2025-12-16,CE,"26,250.00",178.90,294.05,178.85,284.60,290.00,284.60,23550,"62,42,14,953.75","60,27,453.75",6825,2625
2025-11-26,2025-12-16,CE,"26,600.00",66.85,130.75,64.80,123.20,126.75,123.20,178125,"4,75,71,77,643.75","1,90,52,643.75",83850,43500
2025-11-26,2025-12-16,CE,"25,750.00",460.00,651.20,460.00,613.10,613.10,636.55,975,"2,56,87,185.00","5,80,935.00",225,-75
2025-11-26,2025-12-16,PE,"26,950.00",697.20,697.20,690.40,690.40,690.40,738.95,150,"41,46,570.00","1,04,070.00",0,0
2025-11-26,2025-12-16,CE,"26,350.00",134.85,240.00,134.80,229.25,240.00,229.25,26550,"70,51,43,550.00","55,51,050.00",15450,10950
2025-11-26,2025-12-16,PE,"27,550.00","1,237.85","1,238.15","1,223.50","1,230.95","1,224.45","1,230.95",1200,"3,45,37,095.00","14,77,095.00",0,0
2025-11-26,2025-12-16,CE,"25,100.00","1,216.45","1,216.45","1,210.95","1,213.70","1,210.95","1,213.70",150,"39,47,055.00","1,82,055.00",0,0
2025-11-26,2025-12-16,CE,"27,600.00",5.80,5.80,3.35,5.20,5.70,5.20,6225,"17,18,43,243.75","33,243.75",17175,1425
2025-11-26,2025-12-16,CE,"25,900.00",323.00,527.20,314.20,521.35,523.15,521.35,58950,"1,55,21,62,151.25","2,53,57,151.25",10875,-11025
2025-11-26,2025-12-16,CE,"27,950.00",3.50,4.65,3.50,4.50,4.65,4.50,1050,"2,93,52,011.25","4,511.25",2550,450
2025-11-26,2025-12-16,PE,"26,400.00",451.00,451.00,277.55,293.45,285.00,293.45,25500,"68,13,58,492.50","81,58,492.50",7425,3000
2025-11-26,2025-12-16,CE,"27,300.00",7.10,13.80,7.05,13.00,13.35,13.00,78375,"2,14,05,17,853.75","8,80,353.75",44100,30525
2025-11-26,2025-12-16,CE,"25,200.00","1,120.90","1,120.90","1,115.80","1,118.35","1,115.80","1,118.35",150,"39,47,752.50","1,67,752.50",0,0
2025-11-26,2025-12-16,CE,"26,550.00",80.00,148.40,77.60,141.90,146.40,141.90,53925,"1,43,71,47,720.00","54,38,970.00",28950,7350
2025-11-26,2025-12-16,CE,"26,750.00",42.80,84.00,40.50,80.60,80.95,80.60,14700,"39,42,29,553.75","10,04,553.75",4125,1800
2025-11-26,2025-12-16,PE,"24,000.00",5.45,7.30,5.35,6.90,6.65,6.90,26925,"64,63,74,817.50","1,74,817.50",35025,3000
2025-11-26,2025-12-16,CE,"26,200.00",138.65,327.55,138.65,316.50,323.00,316.50,350850,"9,29,26,24,676.25","10,03,54,676.25",122625,-18375
2025-11-26,2025-12-16,PE,"27,500.00","1,189.50","1,189.50","1,189.50","1,189.50","1,189.50","1,189.50",75,"21,51,712.50","89,212.50",75,75
2025-11-26,2025-12-16,PE,"27,700.00","1,385.70","1,385.70","1,371.40","1,380.00","1,385.65","1,380.00",375,"1,09,04,985.00","5,17,485.00",75,75
2025-11-26,2025-12-16,PE,"25,000.00",24.90,24.90,16.90,17.40,17.70,17.40,254400,"6,36,49,04,718.75","49,04,718.75",109800,-6525
2025-11-26,2025-12-16,CE,"26,800.00",36.95,71.90,34.15,69.20,71.90,69.20,213075,"5,72,23,78,102.50","1,19,68,102.50",79350,43725
2025-11-26,2025-12-16,PE,"26,800.00",580.90,580.90,572.55,572.60,572.60,621.50,450,"1,23,18,888.75","2,58,888.75",75,75
2025-11-26,2025-12-16,CE,"27,750.00",4.40,4.55,3.90,4.50,4.50,8.30,2700,"7,49,36,850.00","11,850.00",825,825
2025-11-26,2025-12-16,PE,"25,300.00",42.75,43.45,28.20,29.65,28.85,29.65,123675,"3,13,31,71,215.00","41,93,715.00",49425,16950
2025-11-26,2025-12-16,CE,"26,850.00",30.00,60.85,30.00,58.50,59.95,58.50,24000,"64,55,48,913.75","11,48,913.75",9375,7500
2025-11-26,2025-12-16,CE,"27,450.00",6.65,8.60,5.85,8.25,8.60,8.25,19800,"54,36,62,887.50","1,52,887.50",16800,1575
2025-11-26,2025-12-16,CE,"24,950.00","1,363.20","1,363.20","1,357.60","1,360.40","1,357.60","1,360.40",150,"39,46,560.00","2,04,060.00",0,0
2025-11-26,2025-12-16,PE,"27,200.00",908.80,908.80,903.30,906.05,903.30,906.05,150,"42,15,907.50","1,35,907.50",0,0
2025-11-26,2025-12-16,PE,"26,200.00",286.15,299.00,195.25,204.00,195.25,204.00,160800,"4,24,80,87,288.75","3,51,27,288.75",53250,20700
2025-11-26,2025-12-16,CE,"25,000.00","1,314.85","1,314.85","1,309.45","1,312.15","1,309.45","1,312.15",150,"39,46,822.50","1,96,822.50",75,0
2025-11-26,2025-12-16,PE,"26,750.00",539.80,539.80,512.80,512.80,512.80,512.80,300,"81,84,138.75","1,59,138.75",150,150
2025-11-26,2025-12-16,PE,"24,400.00",8.00,11.75,8.00,11.75,11.75,0.95,225,"54,92,306.25","2,306.25",225,225
2025-11-26,2025-12-16,PE,"25,400.00",56.30,56.30,34.85,36.10,34.85,36.10,73425,"1,86,79,69,747.50","29,74,747.50",48675,12000
2025-11-26,2025-12-16,CE,"23,950.00","2,377.80","2,377.90","2,353.35","2,367.45","2,377.90","2,367.45",525,"1,38,16,650.00","12,42,900.00",150,150
2025-11-26,2025-12-16,PE,"27,450.00","1,153.15","1,153.15","1,146.25","1,149.70","1,146.25","1,149.70",150,"42,89,955.00","1,72,455.00",0,0
2025-11-26,2025-12-16,PE,"26,000.00",229.75,229.75,131.00,135.85,132.00,135.85,476925,"12,47,45,10,663.75","7,44,60,663.75",244125,106800
2025-11-26,2025-12-16,CE,"27,400.00",10.00,10.00,10.00,10.00,10.00,10.00,375,"1,02,78,750.00","3,750.00",375,375
2025-11-26,2025-12-16,CE,"27,000.00",18.40,37.90,18.40,35.80,37.00,35.80,434400,"11,74,19,00,673.75","1,31,00,673.75",156600,-51750
2025-11-26,2025-12-16,PE,"27,800.00","1,370.00","1,565.00","1,370.00","1,560.00","1,560.00","1,514.30",450,"1,31,83,496.25","6,73,496.25",300,150
2025-11-26,2025-12-16,PE,"26,900.00",652.75,652.75,651.05,651.05,651.05,698.85,150,"41,32,785.00","97,785.00",75,75
2025-11-26,2025-12-16,CE,"26,950.00",21.90,44.60,21.25,42.90,43.05,42.90,43875,"1,18,41,62,756.25","17,31,506.25",24750,19350
2025-11-26,2025-12-16,CE,"26,050.00",260.00,418.10,248.05,409.05,415.90,409.05,29475,"77,84,21,992.50","1,05,98,242.50",6600,-2625
2025-11-26,2025-12-16,CE,"24,000.00","2,328.20","2,328.35","2,303.80","2,317.90","2,328.35","2,317.90",525,"1,38,16,882.50","12,16,882.50",75,75
2025-11-26,2025-12-16,PE,"26,550.00",400.85,401.75,380.60,383.40,383.85,383.40,1200,"3,23,25,765.00","4,65,765.00",1125,1125
2025-11-26,2025-12-16,PE,"24,700.00",13.35,13.95,9.20,11.55,11.75,11.55,22275,"55,04,55,262.50","2,62,762.50",17400,12150
2025-11-26,2025-12-16,PE,"27,100.00",830.65,830.65,830.65,830.65,830.65,864.30,75,"20,94,798.75","62,298.75",75,75
2025-11-26,2025-12-16,CE,"27,150.00",12.60,21.95,12.60,21.25,21.35,21.25,11025,"29,95,35,311.25","2,06,561.25",4200,-1575
2025-11-26,2025-12-16,CE,"26,650.00",100.10,111.50,80.45,108.10,111.50,108.10,16275,"43,53,28,803.75","16,00,053.75",7050,7050
2025-11-26,2025-12-16,CE,"25,050.00","1,266.45","1,266.45","1,260.95","1,263.70","1,260.95","1,263.70",150,"39,47,055.00","1,89,555.00",0,0
2025-11-26,2025-12-16,CE,"25,950.00",339.40,486.20,333.30,478.10,486.00,478.10,9300,"24,49,75,098.75","36,40,098.75",2850,-1200
2025-11-26,2025-12-16,CE,"26,100.00",225.00,387.55,224.95,378.05,383.80,378.05,153000,"4,04,38,53,551.25","5,05,53,551.25",47325,-4500
2025-11-26,2025-12-16,PE,"24,650.00",12.85,12.85,10.30,11.95,10.90,11.95,525,"1,29,47,512.50","6,262.50",2850,-75
2025-11-26,2025-12-16,CE,"26,300.00",140.00,265.70,140.00,257.40,264.00,257.40,181425,"4,81,25,15,733.75","4,10,38,233.75",86400,32850
2025-11-26,2025-12-16,PE,"26,350.00",423.00,423.00,264.20,274.55,264.20,274.55,5775,"15,37,80,202.50","16,08,952.50",3750,2550
2025-11-26,2025-12-16,PE,"25,800.00",136.50,139.80,84.00,87.95,84.00,87.95,184350,"4,77,53,18,726.25","1,90,88,726.25",78525,18450
2025-11-26,2025-12-16,PE,"25,900.00",190.05,190.05,105.60,109.75,105.60,109.75,157125,"4,08,98,26,151.25","2,02,88,651.25",72225,31800
2025-11-26,2025-12-16,CE,"27,500.00",5.85,8.35,4.40,7.45,7.60,7.45,95475,"2,62,62,05,527.50","6,43,027.50",71100,7125
2025-11-26,2025-12-16,CE,"27,100.00",11.20,26.55,11.20,25.40,26.55,25.40,46050,"1,24,89,47,805.00","9,92,805.00",23250,11325
2025-11-26,2025-12-16,CE,"27,800.00",3.10,4.90,3.05,3.95,4.90,3.95,16425,"45,66,75,630.00","60,630.00",37500,7650
2025-11-26,2025-12-16,PE,"25,650.00",121.35,121.35,61.85,63.00,62.70,63.00,11925,"30,67,40,617.50","8,64,367.50",5625,300
2025-11-26,2025-12-16,PE,"25,050.00",30.80,30.80,18.25,18.25,18.25,18.25,3525,"8,83,71,945.00","70,695.00",1125,-150
2025-11-26,2025-12-16,PE,"26,650.00",461.50,466.55,448.50,449.05,448.55,449.05,600,"1,62,64,470.00","2,74,470.00",525,525
2025-11-26,2025-12-16,PE,"25,950.00",194.00,194.00,118.60,120.95,118.60,120.95,34575,"90,21,65,351.25","49,44,101.25",18300,12600
2025-11-26,2025-12-16,CE,"26,450.00",108.80,188.95,108.80,183.85,184.05,183.85,13050,"34,73,77,462.50","22,04,962.50",5625,2475
2025-11-26,2025-12-16,PE,"26,700.00",502.45,503.00,476.10,476.10,476.10,476.10,600,"1,63,18,815.00","2,98,815.00",300,300
2025-11-26,2025-12-16,CE,"25,500.00",650.00,855.60,649.95,852.75,852.75,852.75,2100,"5,52,21,097.50","16,71,097.50",825,375
2025-11-26,2025-12-16,PE,"26,050.00",231.50,231.50,146.65,151.50,147.00,151.50,39675,"1,04,03,95,916.25","68,62,166.25",14850,8400
2025-11-26,2025-12-16,PE,"24,600.00",9.00,11.70,9.00,10.20,10.05,10.20,2325,"5,72,18,658.75","23,658.75",4200,1875
2025-11-26,2025-12-16,PE,"27,750.00","1,435.10","1,435.10","1,420.80","1,429.40","1,435.05","1,429.40",375,"1,09,42,263.75","5,36,013.75",75,75
2025-11-26,2025-12-16,PE,"26,300.00",356.75,356.80,240.00,246.30,240.00,246.30,64725,"1,71,93,87,150.00","1,71,19,650.00",29550,2700
2025-11-26,2025-12-16,CE,"27,050.00",15.95,30.60,15.95,29.75,30.35,29.75,14100,"38,17,73,077.50","3,68,077.50",4650,1950
2025-11-26,2025-12-16,PE,"25,550.00",77.75,78.30,48.80,49.80,48.80,49.80,19275,"49,35,70,845.00","10,94,595.00",10275,2625
2025-11-26,2025-12-16,PE,"24,950.00",25.00,25.00,16.15,16.25,16.35,16.25,3150,"7,86,46,353.75","53,853.75",1350,-900
2025-11-26,2025-12-16,CE,"25,400.00",934.10,934.10,929.15,931.65,929.15,931.65,150,"39,49,743.75","1,39,743.75",75,75
2025-11-26,2025-12-16,PE,"25,850.00",185.00,185.00,94.55,97.70,94.55,97.70,27975,"72,62,00,403.75","30,46,653.75",12525,7425
2025-11-26,2025-12-16,CE,"27,200.00",7.15,18.35,7.15,17.45,18.15,17.45,78300,"2,13,09,21,667.50","11,61,667.50",62850,27750
2025-11-26,2025-12-16,PE,"25,700.00",153.20,153.20,66.65,69.70,66.80,69.70,171525,"4,42,22,98,788.75","1,41,06,288.75",100200,63225
2025-11-26,2025-12-16,PE,"25,150.00",23.00,23.10,22.30,22.30,22.30,22.30,1500,"3,77,59,335.00","34,335.00",1350,1350
2025-11-26,2025-12-16,PE,"25,600.00",127.85,127.85,53.30,56.15,54.20,56.15,121950,"3,12,99,97,485.00","80,77,485.00",77925,22200
2025-11-26,2025-12-16,PE,"25,750.00",120.00,122.50,76.70,79.65,76.70,79.65,47700,"1,23,25,22,996.25","42,47,996.25",15525,12750
2025-11-26,2025-12-16,PE,"26,450.00",337.80,337.80,328.00,328.00,328.00,328.00,375,"1,00,43,190.00","1,24,440.00",225,225
2025-11-26,2025-12-16,CE,"25,850.00",407.00,560.85,397.80,556.35,560.85,556.35,10800,"28,44,21,150.00","52,41,150.00",1800,-1875
2025-11-26,2025-12-16,CE,"27,700.00",3.25,4.75,2.70,3.70,3.70,9.80,2400,"6,64,89,067.50","9,067.50",3750,0
2025-11-26,2025-12-16,CE,"26,150.00",225.90,357.45,225.90,343.45,346.40,343.45,36525,"96,66,60,480.00","1,15,31,730.00",8550,-3900
2025-11-26,2025-12-16,PE,"26,850.00",620.40,620.40,619.00,619.00,619.00,659.70,150,"41,20,455.00","92,955.00",75,75
2025-11-26,2025-12-16,CE,"25,350.00",980.15,980.15,975.80,978.00,975.80,978.00,150,"39,49,196.25","1,46,696.25",75,75
2025-11-26,2025-12-16,CE,"25,450.00",888.70,888.70,883.80,886.25,883.80,886.25,150,"39,50,437.50","1,32,937.50",75,75
2025-11-26,2025-12-16,CE,"25,700.00",485.00,681.75,485.00,675.05,672.95,675.05,3900,"10,25,80,383.75","23,50,383.75",4275,150
2025-11-26,2025-12-16,PE,"27,000.00",740.75,740.75,733.80,733.80,733.80,779.95,150,"41,60,591.25","1,10,591.25",0,0
2025-11-26,2025-12-16,PE,"27,950.00","1,634.75","1,634.75","1,619.95","1,627.40","1,620.20","1,627.40",450,"1,33,09,830.00","7,32,330.00",0,0
2025-11-26,2025-12-16,CE,"25,300.00","1,026.65","1,026.65","1,021.70","1,024.20","1,021.70","1,024.20",150,"39,48,626.25","1,53,626.25",75,75
2025-11-26,2025-12-16,PE,"27,650.00","1,500.00","1,500.00","1,337.65","1,337.65","1,337.65","1,337.65",1200,"3,49,67,823.75","17,87,823.75",1200,1200
2025-11-26,2025-12-16,CE,"26,000.00",273.75,456.35,262.50,443.50,453.50,443.50,233025,"6,14,87,03,692.50","9,00,53,692.50",98550,-23400
2025-11-26,2025-12-16,PE,"26,150.00",270.05,270.75,180.30,183.95,183.20,183.95,52275,"1,37,73,55,616.25","1,03,64,366.25",18675,13800
2025-11-26,2025-12-16,PE,"25,200.00",35.00,35.15,22.70,23.80,22.70,23.80,92925,"2,34,42,31,683.75","25,21,683.75",43575,13800
2025-11-26,2025-12-16,PE,"25,450.00",62.75,62.75,39.70,40.50,39.80,40.50,16200,"41,30,14,477.50","7,24,477.50",12825,600
2025-11-26,2025-12-16,CE,"25,650.00",689.50,689.50,689.50,689.50,689.50,714.60,75,"19,75,462.50","51,712.50",225,0
2025-11-26,2025-12-16,PE,"25,500.00",102.10,102.10,42.55,44.65,42.60,44.65,215925,"5,51,70,96,982.50","1,10,09,482.50",95250,26475
2025-11-26,2025-12-16,CE,"26,700.00",49.40,97.00,47.60,93.30,96.90,93.30,115725,"3,09,91,46,763.75","92,89,263.75",68250,29325
2025-11-26,2025-12-16,PE,"27,300.00","1,009.05","1,009.05","1,004.95","1,007.00","1,004.95","1,007.00",150,"42,46,050.00","1,51,050.00",0,0
2025-11-26,2025-12-16,PE,"27,350.00","1,050.45","1,050.45","1,045.20","1,047.85","1,045.20","1,047.85",150,"42,59,673.75","1,57,173.75",0,0
2025-11-26,2025-12-16,CE,"26,400.00",118.25,214.75,118.25,205.25,214.75,205.25,117600,"3,12,50,56,297.50","2,04,16,297.50",36225,-4875
2025-11-26,2025-12-16,PE,"24,850.00",16.00,16.00,14.00,14.00,14.00,14.00,225,"55,94,550.00","3,300.00",1800,75
2025-11-26,2025-12-16,PE,"27,150.00",876.70,876.70,876.70,876.70,876.70,907.55,75,"21,02,002.50","65,752.50",75,75
2025-11-26,2025-12-16,PE,"24,500.00",8.80,10.40,8.20,9.40,9.05,9.40,48300,"1,18,38,06,656.25","4,56,656.25",68025,20325
2025-11-26,2025-12-16,CE,"24,900.00","1,413.30","1,413.30","1,406.40","1,409.85","1,406.40","1,409.85",150,"39,46,477.50","2,11,477.50",0,0
2025-11-26,2025-12-16,PE,"26,100.00",276.80,276.80,161.50,167.20,161.50,167.20,179925,"4,72,98,65,771.25","3,38,23,271.25",69300,23250
2025-11-26,2025-12-16,PE,"27,050.00",776.75,776.75,773.25,775.00,773.25,775.00,150,"41,73,750.00","1,16,250.00",0,0
2025-11-26,2025-12-16,PE,"25,350.00",51.65,51.65,31.80,32.25,31.80,32.25,8550,"21,70,70,122.50","3,27,622.50",3450,-1050
2025-11-26,2025-12-16,PE,"27,600.00","1,288.25","1,288.25","1,273.55","1,281.00","1,273.85","1,281.00",450,"1,29,96,435.00","5,76,435.00",0,0
2025-11-26,2025-12-16,CE,"24,850.00","1,460.90","1,460.90","1,454.55","1,457.75","1,454.55","1,457.75",150,"39,46,158.75","2,18,658.75",0,0
2025-11-26,2025-12-16,CE,"25,550.00",780.85,780.85,780.85,780.85,780.85,796.45,75,"19,74,813.75","58,563.75",75,75
2025-11-26,2025-12-16,PE,"27,900.00","1,584.05","1,584.05","1,568.80","1,576.50","1,568.80","1,576.50",1050,"3,09,50,332.50","16,55,332.50",0,0
2025-11-26,2025-12-16,PE,"25,100.00",27.10,27.10,19.60,19.90,19.75,19.90,32175,"80,82,99,386.25","7,06,886.25",13725,8625
2025-11-26,2025-12-16,PE,"27,250.00",961.55,961.55,957.45,959.50,957.45,959.50,150,"42,31,425.00","1,43,925.00",0,0
2025-11-26,2025-12-16,PE,"27,850.00","1,534.30","1,534.30","1,519.00","1,526.75","1,519.00","1,526.75",1050,"3,08,45,568.75","16,03,068.75",0,0
2025-11-26,2025-12-16,CE,"25,150.00","1,168.60","1,168.60","1,163.50","1,166.05","1,163.50","1,166.05",150,"39,47,407.50","1,74,907.50",0,0
2025-11-26,2025-12-16,PE,"26,500.00",430.20,430.20,342.30,351.10,342.30,351.10,42150,"1,13,22,63,727.50","1,52,88,727.50",19275,8925
2025-11-26,2025-12-16,CE,"26,500.00",79.95,169.00,79.95,162.00,169.00,162.00,284250,"7,57,15,77,686.25","3,89,52,686.25",104100,6000
2025-11-26,2025-12-16,CE,"25,800.00",409.00,610.00,409.00,598.05,598.50,598.05,27825,"73,20,66,491.25","1,41,81,491.25",6900,-975
2025-11-26,2025-12-16,PE,"27,400.00","1,096.20","1,096.20","1,090.35","1,093.30","1,090.35","1,093.30",150,"42,73,991.25","1,63,991.25",0,0
2025-11-26,2025-12-16,PE,"26,600.00",427.60,432.85,404.70,413.65,404.70,413.65,5100,"13,77,80,778.75","21,20,778.75",4950,4950
2025-11-26,2025-12-16,CE,"25,250.00","1,073.65","1,073.65","1,068.65","1,071.15","1,068.65","1,071.15",150,"39,48,172.50","1,60,672.50",0,0
2025-11-26,2025-12-16,CE,"25,600.00",602.50,760.50,602.50,754.00,754.00,754.00,2100,"5,52,58,766.25","14,98,766.25",1425,450
2025-11-26,2025-12-16,CE,"27,900.00",3.60,4.45,3.10,4.35,4.40,4.35,7425,"20,71,86,048.75","28,548.75",4650,4050
2025-11-27,2025-12-16,CE,"25,650.00",693.60,695.70,693.60,695.70,695.70,714.20,150,"39,51,697.50","1,04,197.50",225,0
2025-11-27,2025-12-16,PE,"25,450.00",32.50,38.00,28.30,28.70,28.75,28.70,8100,"20,64,06,315.00","2,61,315.00",15150,2325
2025-11-27,2025-12-16,PE,"24,200.00",5.40,5.40,5.00,5.25,5.00,5.25,750,"1,81,53,915.00","3,915.00",75,75
2025-11-27,2025-12-16,PE,"24,800.00",13.70,13.70,8.25,9.40,9.10,9.40,20325,"50,42,78,831.25","2,18,831.25",21000,5775
2025-11-27,2025-12-16,CE,"26,000.00",421.35,523.15,397.05,439.65,441.70,439.65,93525,"2,47,44,06,885.00","4,27,56,885.00",103275,4725
2025-11-27,2025-12-16,PE,"25,750.00",65.20,80.05,58.35,60.90,60.50,60.90,26025,"67,18,91,298.75","17,47,548.75",11775,-3750
2025-11-27,2025-12-16,CE,"24,750.00","1,558.10","1,558.10","1,550.90","1,550.90","1,550.90","1,543.00",150,"39,45,675.00","2,33,175.00",0,0
2025-11-27,2025-12-16,PE,"25,350.00",25.00,28.55,22.80,24.35,22.80,24.35,3000,"7,61,26,342.50","76,342.50",4050,600
2025-11-27,2025-12-16,CE,"24,950.00","1,357.85","1,357.85","1,353.75","1,353.75","1,353.75","1,347.90",150,"39,45,870.00","2,03,370.00",0,0
2025-11-27,2025-12-16,CE,"26,650.00",115.05,139.55,86.75,100.40,99.65,100.40,25050,"67,03,40,163.75","27,57,663.75",10575,3525
2025-11-27,2025-12-16,CE,"25,000.00","1,299.50","1,346.35","1,280.00","1,326.75","1,346.35","1,326.75",750,"1,97,39,493.75","9,89,493.75",750,675
2025-11-27,2025-12-16,CE,"27,050.00",32.00,39.60,22.70,26.75,26.90,26.75,31425,"85,10,20,106.25","9,73,856.25",12300,7650
2025-11-27,2025-12-16,CE,"25,700.00",741.25,766.50,631.00,683.95,680.80,683.95,2100,"5,54,75,508.75","15,05,508.75",4050,-225
2025-11-27,2025-12-16,CE,"25,800.00",627.95,685.70,550.95,586.50,595.00,586.50,6150,"16,24,79,276.25","38,09,276.25",6900,0
2025-11-27,2025-12-16,CE,"27,650.00",7.40,7.40,4.90,6.15,4.90,6.15,150,"41,48,422.50",922.50,375,75
2025-11-27,2025-12-16,CE,"24,000.00","2,311.45","2,319.00","2,311.45","2,315.25","2,319.00","2,315.25",150,"39,47,283.75","3,47,283.75",75,0
2025-11-27,2025-12-16,PE,"25,550.00",38.80,48.40,35.50,37.55,36.05,37.55,19425,"49,70,96,002.50","7,87,252.50",15075,4800
2025-11-27,2025-12-16,PE,"25,150.00",18.15,19.85,15.00,15.65,15.90,15.65,2250,"5,66,28,592.50","41,092.50",2100,750
2025-11-27,2025-12-16,CE,"26,800.00",75.45,89.80,53.00,62.70,62.80,62.70,247950,"6,66,25,77,071.25","1,75,17,071.25",121725,42375
2025-11-27,2025-12-16,CE,"27,450.00",8.95,10.60,6.15,6.60,6.60,6.60,7200,"19,77,05,437.50","65,437.50",18750,1950
2025-11-27,2025-12-16,PE,"25,850.00",76.70,101.00,72.65,77.90,79.40,77.90,18450,"47,84,75,662.50","15,43,162.50",11400,-1125
2025-11-27,2025-12-16,PE,"27,000.00",656.80,750.00,643.00,705.25,712.90,705.25,1875,"5,19,37,983.75","13,12,983.75",525,525
2025-11-27,2025-12-16,CE,"27,800.00",4.05,6.80,2.50,2.80,2.75,2.80,72375,"2,01,22,80,172.50","2,55,172.50",62100,24600
2025-11-27,2025-12-16,PE,"26,250.00",217.95,239.00,173.15,198.30,195.30,198.30,115500,"3,05,47,02,191.25","2,28,27,191.25",20775,15975
2025-11-27,2025-12-16,PE,"24,650.00",10.90,10.90,8.30,9.25,9.25,2.30,1125,"2,77,41,405.00","10,155.00",2325,-525
2025-11-27,2025-12-16,CE,"27,900.00",4.00,5.35,2.85,3.45,3.35,3.45,3750,"10,46,38,976.25","13,976.25",5850,1200
2025-11-27,2025-12-16,CE,"27,700.00",3.80,5.75,3.25,4.10,4.10,4.10,11250,"31,16,68,931.25","43,931.25",11025,7275
2025-11-27,2025-12-16,PE,"24,950.00",14.55,14.60,13.55,14.10,14.10,7.75,1350,"3,37,01,842.50","19,342.50",1425,75
2025-11-27,2025-12-16,CE,"25,400.00",975.00,975.00,942.95,942.95,942.95,927.20,150,"39,53,846.25","1,43,846.25",75,0
2025-11-27,2025-12-16,CE,"25,600.00",800.00,859.30,723.00,723.00,723.00,755.10,525,"1,38,59,347.50","4,19,347.50",1200,-225
2025-11-27,2025-12-16,PE,"26,300.00",221.00,262.95,190.60,221.55,215.00,221.55,283950,"7,53,02,94,082.50","6,24,09,082.50",76800,47250
2025-11-27,2025-12-16,CE,"26,950.00",47.00,63.35,33.65,37.85,37.85,37.85,73950,"1,99,61,52,078.75","31,99,578.75",30600,5850
2025-11-27,2025-12-16,CE,"27,500.00",8.05,10.35,6.05,6.45,6.30,6.45,123450,"3,39,58,37,062.50","9,62,062.50",97050,25950
2025-11-27,2025-12-16,CE,"27,300.00",14.80,16.80,9.35,10.80,10.70,10.80,80550,"2,20,00,03,425.00","9,88,425.00",53400,9300
2025-11-27,2025-12-16,PE,"24,000.00",5.80,7.45,5.20,5.70,5.60,5.70,14250,"34,20,90,708.75","90,708.75",36975,1950
2025-11-27,2025-12-16,PE,"26,400.00",260.60,316.40,229.80,264.85,261.90,264.85,108525,"2,89,34,01,251.25","2,83,41,251.25",35700,28275
2025-11-27,2025-12-16,PE,"27,250.00",943.75,943.75,936.00,939.90,936.00,939.90,150,"42,28,481.25","1,40,981.25",75,75
2025-11-27,2025-12-16,CE,"27,750.00",4.50,4.50,3.95,4.20,3.95,4.20,225,"62,44,717.50",967.50,825,0
2025-11-27,2025-12-16,CE,"27,100.00",28.35,33.65,19.40,22.55,22.60,22.55,200550,"5,43,99,57,656.25","50,52,656.25",99375,76125
2025-11-27,2025-12-16,CE,"27,950.00",4.00,4.25,3.00,3.35,3.45,3.35,1875,"5,24,12,943.75","6,693.75",3300,750
2025-11-27,2025-12-16,PE,"25,600.00",49.10,56.00,40.50,41.60,41.05,41.60,144225,"3,69,89,17,091.25","67,57,091.25",91500,13575
2025-11-27,2025-12-16,PE,"27,400.00","1,086.00","1,086.00","1,077.75","1,081.90","1,077.75","1,081.90",150,"42,72,281.25","1,62,281.25",75,75
2025-11-27,2025-12-16,CE,"24,700.00","1,596.15","1,604.45","1,596.15","1,604.45","1,604.45","1,592.20",150,"39,45,045.00","2,40,045.00",75,75
2025-11-27,2025-12-16,CE,"27,550.00",16.55,16.55,16.55,16.55,16.55,13.85,150,"41,34,982.50","2,482.50",150,150
2025-11-27,2025-12-16,PE,"26,100.00",149.95,176.00,125.20,142.80,142.80,142.80,225525,"5,91,92,75,610.00","3,30,73,110.00",101100,31800
2025-11-27,2025-12-16,CE,"27,150.00",23.70,26.60,15.75,18.40,18.55,18.40,16425,"44,63,02,893.75","3,64,143.75",9150,4950
2025-11-27,2025-12-16,CE,"26,400.00",231.90,255.00,169.00,197.15,197.50,197.15,230850,"6,14,55,57,303.75","5,11,17,303.75",114225,78000
2025-11-27,2025-12-16,PE,"27,200.00",895.80,895.80,888.05,891.95,888.05,891.95,150,"42,13,788.75","1,33,788.75",0,0
2025-11-27,2025-12-16,PE,"27,700.00","1,395.80","1,395.80","1,352.25","1,370.40","1,353.05","1,370.40",375,"1,09,01,400.00","5,13,900.00",75,0
2025-11-27,2025-12-16,CE,"26,850.00",60.25,77.30,45.95,52.90,52.90,52.90,62175,"1,67,32,46,583.75","38,47,833.75",17850,8475
2025-11-27,2025-12-16,CE,"26,550.00",148.05,180.10,117.00,133.45,133.60,133.45,32100,"85,67,80,762.50","45,25,762.50",31200,2250
2025-11-27,2025-12-16,CE,"24,800.00","1,521.95","1,521.95","1,498.05","1,498.05","1,498.05","1,498.05",150,"39,46,500.00","2,26,500.00",75,75
2025-11-27,2025-12-16,PE,"24,700.00",10.05,11.70,8.30,8.30,8.30,8.30,5325,"13,15,81,196.25","53,696.25",17850,450
2025-11-27,2025-12-16,CE,"24,600.00","1,736.40","1,736.40","1,716.60","1,726.50","1,716.60","1,726.50",150,"39,48,975.00","2,58,975.00",75,75
2025-11-27,2025-12-16,CE,"25,050.00","1,259.95","1,259.95","1,256.40","1,256.40","1,256.40","1,251.65",150,"39,46,226.25","1,88,726.25",0,0
2025-11-27,2025-12-16,PE,"27,950.00","1,621.75","1,621.75","1,599.65","1,610.70","1,599.65","1,610.70",150,"44,34,105.00","2,41,605.00",0,0
2025-11-27,2025-12-16,PE,"27,350.00","1,037.95","1,037.95","1,030.00","1,034.00","1,030.00","1,034.00",150,"42,57,596.25","1,55,096.25",0,0
2025-11-27,2025-12-16,PE,"26,050.00",133.00,156.75,114.65,125.40,123.00,125.40,57900,"1,51,56,38,940.00","73,43,940.00",38250,23400
2025-11-27,2025-12-16,CE,"26,700.00",99.95,120.75,72.55,85.65,86.20,85.65,282450,"7,56,71,63,407.50","2,57,48,407.50",123450,55200
2025-11-27,2025-12-16,PE,"26,500.00",311.05,374.65,277.85,321.55,317.00,321.55,71250,"1,91,07,75,000.00","2,26,50,000.00",29775,10500
2025-11-27,2025-12-16,PE,"26,200.00",185.45,217.30,155.85,180.40,175.30,180.40,355200,"9,37,17,37,185.00","6,54,97,185.00",88875,35625
2025-11-27,2025-12-16,CE,"26,750.00",90.00,105.00,64.20,73.75,75.00,73.75,30375,"81,50,53,203.75","25,21,953.75",9225,5100
2025-11-27,2025-12-16,PE,"26,550.00",327.05,371.35,327.05,343.05,342.75,343.05,3600,"9,67,94,655.00","12,14,655.00",3075,1950
2025-11-27,2025-12-16,PE,"25,000.00",17.70,17.70,12.10,12.75,12.95,12.75,130500,"3,26,44,16,111.25","19,16,111.25",129300,19500
2025-11-27,2025-12-16,PE,"26,600.00",403.20,439.05,333.05,387.25,380.10,387.25,24900,"67,17,34,830.00","93,94,830.00",8175,3225
2025-11-27,2025-12-16,CE,"24,200.00","2,137.85","2,137.85","2,116.95","2,127.40","2,116.95","2,127.40",150,"39,49,110.00","3,19,110.00",75,75
2025-11-27,2025-12-16,CE,"25,750.00",634.60,635.95,634.60,635.95,635.95,635.20,225,"59,36,718.75","1,42,968.75",150,-75
2025-11-27,2025-12-16,PE,"24,900.00",14.15,14.70,9.65,10.40,9.65,10.40,9300,"23,16,74,347.50","1,04,347.50",14550,1050
2025-11-27,2025-12-16,CE,"26,150.00",372.25,412.75,300.00,335.60,342.65,335.60,46350,"1,22,81,40,573.75","1,60,88,073.75",9825,1275
2025-11-27,2025-12-16,PE,"24,600.00",9.20,10.15,6.35,7.80,8.00,7.80,6300,"15,50,31,037.50","51,037.50",5250,1050
2025-11-27,2025-12-16,CE,"25,250.00","1,059.20","1,059.20","1,055.00","1,055.00","1,055.00","1,063.35",150,"39,46,065.00","1,58,565.00",0,0
2025-11-27,2025-12-16,PE,"27,500.00","1,197.15","1,197.15","1,166.95","1,180.25","1,166.95","1,180.25",225,"64,53,052.50","2,65,552.50",75,0
2025-11-27,2025-12-16,CE,"26,250.00",309.60,345.85,245.00,278.20,279.45,278.20,81750,"2,17,09,63,751.25","2,50,26,251.25",25800,18975
2025-11-27,2025-12-16,CE,"26,600.00",126.75,157.90,98.00,115.10,115.80,115.10,162525,"4,34,41,63,650.00","2,09,98,650.00",98400,14550
2025-11-27,2025-12-16,PE,"25,100.00",17.90,18.00,13.60,14.75,13.60,14.75,28875,"72,52,44,712.50","4,82,212.50",18975,5250
2025-11-27,2025-12-16,PE,"25,300.00",24.85,27.10,19.85,20.75,20.00,20.75,61125,"1,54,79,02,526.25","14,40,026.25",60750,11325
2025-11-27,2025-12-16,PE,"25,700.00",59.00,70.75,51.20,54.15,53.00,54.15,160125,"4,12,43,45,220.00","91,32,720.00",94500,-5700
2025-11-27,2025-12-16,PE,"27,600.00","1,277.20","1,277.20","1,253.75","1,265.50","1,253.75","1,265.50",300,"86,59,642.50","3,79,642.50",0,0
2025-11-27,2025-12-16,PE,"27,650.00","1,327.20","1,327.20","1,302.35","1,312.85","1,303.35","1,312.85",825,"2,38,95,397.50","10,84,147.50",1125,-75
2025-11-27,2025-12-16,CE,"26,200.00",355.30,383.60,270.00,307.30,306.75,307.30,345750,"9,17,15,95,897.50","11,29,45,897.50",132375,9750
2025-11-27,2025-12-16,PE,"26,150.00",183.20,195.95,140.25,161.35,157.35,161.35,59250,"1,55,92,47,581.25","98,60,081.25",24075,5400
2025-11-27,2025-12-16,PE,"25,400.00",30.65,34.15,24.30,25.40,24.65,25.40,120900,"3,07,42,76,362.50","34,16,362.50",87975,39300
2025-11-27,2025-12-16,CE,"25,200.00","1,090.00","1,145.50","1,090.00","1,145.50","1,145.50","1,145.50",9075,"23,88,12,273.75","1,01,22,273.75",6450,6450
2025-11-27,2025-12-16,CE,"24,050.00","2,294.05","2,294.05","2,275.95","2,285.00","2,275.95","2,285.00",150,"39,50,250.00","3,42,750.00",75,75
2025-11-27,2025-12-16,PE,"26,350.00",238.15,286.75,209.35,245.00,238.15,245.00,33000,"87,75,53,242.50","80,03,242.50",5850,2100
2025-11-27,2025-12-16,CE,"26,500.00",174.00,204.80,131.05,154.30,151.65,154.30,435975,"11,62,64,04,686.25","7,30,67,186.25",185775,81675
2025-11-27,2025-12-16,CE,"25,300.00",980.00,"1,036.85",980.00,"1,036.85","1,036.85","1,017.40",150,"39,46,263.75","1,51,263.75",75,0
2025-11-27,2025-12-16,PE,"27,100.00",797.35,797.35,780.10,782.75,780.10,782.75,225,"62,74,710.00","1,77,210.00",0,-75
2025-11-27,2025-12-16,PE,"26,650.00",390.70,464.00,373.95,404.20,404.90,404.20,3000,"8,11,54,140.00","12,04,140.00",1800,1275
2025-11-27,2025-12-16,PE,"25,650.00",54.40,62.95,45.40,48.25,46.10,48.25,13950,"35,85,41,163.75","7,23,663.75",7050,1425
2025-11-27,2025-12-16,CE,"25,500.00",899.95,936.05,800.00,870.00,870.00,870.00,1500,"3,95,38,642.50","12,88,642.50",975,150
2025-11-27,2025-12-16,PE,"26,750.00",450.00,543.00,440.15,496.80,488.00,496.80,3975,"10,82,38,541.25","19,07,291.25",1425,1275
2025-11-27,2025-12-16,PE,"25,900.00",109.55,115.00,81.50,89.60,87.50,89.60,178275,"4,63,41,57,341.25","1,68,34,841.25",80025,7800
2025-11-27,2025-12-16,PE,"27,050.00",757.40,757.40,752.30,754.85,752.30,754.85,150,"41,70,727.50","1,13,227.50",0,0
2025-11-27,2025-12-16,PE,"27,450.00","1,126.65","1,126.65","1,106.50","1,116.60","1,106.60","1,116.60",300,"85,69,968.75","3,34,968.75",150,150
2025-11-27,2025-12-16,PE,"26,800.00",552.70,552.70,508.50,515.50,524.50,515.50,675,"1,84,43,373.75","3,53,373.75",450,375
2025-11-27,2025-12-16,PE,"25,050.00",16.45,16.45,12.60,13.15,12.60,13.15,1725,"4,32,36,127.50","24,877.50",1125,0
2025-11-27,2025-12-16,CE,"27,400.00",11.00,12.85,6.50,7.65,8.00,7.65,15675,"42,96,53,508.75","1,58,508.75",7425,7050
2025-11-27,2025-12-16,PE,"27,150.00",843.35,849.50,842.25,845.90,842.25,845.90,225,"62,98,882.50","1,90,132.50",75,0
2025-11-27,2025-12-16,CE,"27,000.00",36.00,48.70,27.35,32.65,32.75,32.65,731100,"19,76,76,37,582.50","2,79,37,582.50",318225,161625
2025-11-27,2025-12-16,PE,"26,950.00",681.55,681.55,677.30,677.30,677.30,728.50,300,"82,88,812.50","2,03,812.50",0,0
2025-11-27,2025-12-16,PE,"24,500.00",8.50,9.20,6.50,7.55,7.30,7.55,99000,"2,42,63,61,375.00","8,61,375.00",100275,32250
2025-11-27,2025-12-16,PE,"26,000.00",112.35,143.05,101.40,114.60,111.75,114.60,674025,"17,60,50,04,426.25","8,03,54,426.25",278625,34500
2025-11-27,2025-12-16,PE,"24,850.00",14.00,14.00,10.90,11.50,11.50,5.25,825,"2,05,11,705.00","10,455.00",1200,-600
2025-11-27,2025-12-16,CE,"27,600.00",5.70,8.40,5.00,5.00,5.00,5.00,15975,"44,10,19,072.50","1,09,072.50",21825,4650
2025-11-27,2025-12-16,PE,"25,950.00",104.45,127.20,91.85,101.55,98.00,101.55,25650,"66,83,20,248.75","27,02,748.75",23775,5475
2025-11-27,2025-12-16,CE,"24,900.00","1,430.35","1,431.60","1,426.15","1,429.40","1,431.60","1,429.40",225,"59,24,107.50","3,21,607.50",150,150
2025-11-27,2025-12-16,CE,"25,550.00",804.95,804.95,781.75,781.75,781.75,796.95,150,"39,51,502.50","1,19,002.50",75,0
2025-11-27,2025-12-16,PE,"25,500.00",40.40,43.70,31.25,32.90,31.30,32.90,207675,"5,30,33,17,376.25","76,04,876.25",142425,47175
2025-11-27,2025-12-16,PE,"27,550.00","1,224.65","1,224.65","1,208.80","1,216.75","1,208.80","1,216.75",150,"43,15,008.75","1,82,508.75",0,0
2025-11-27,2025-12-16,CE,"25,850.00",605.00,605.00,553.45,553.45,553.45,560.50,300,"79,30,290.00","1,75,290.00",1575,-225
2025-11-27,2025-12-16,PE,"27,750.00","1,417.55","1,421.80","1,401.00","1,411.90","1,401.05","1,411.90",825,"2,40,58,552.50","11,64,802.50",0,-75
2025-11-27,2025-12-16,CE,"26,450.00",203.65,227.65,151.75,175.35,174.80,175.35,21900,"58,34,11,256.25","41,56,256.25",8025,2400
2025-11-27,2025-12-16,CE,"25,100.00","1,208.75","1,208.75","1,201.35","1,201.35","1,201.35","1,204.00",150,"39,45,757.50","1,80,757.50",0,0
2025-11-27,2025-12-16,CE,"27,200.00",18.85,23.05,13.25,15.10,14.65,15.10,147525,"4,01,54,08,548.75","27,28,548.75",72300,9450
2025-11-27,2025-12-16,PE,"26,700.00",430.00,510.00,404.00,453.40,449.00,453.40,11250,"30,54,10,368.75","50,35,368.75",3000,2700
2025-11-27,2025-12-16,CE,"25,150.00","1,167.10","1,167.10","1,163.45","1,163.45","1,163.45","1,156.70",150,"39,47,291.25","1,74,791.25",0,0
2025-11-27,2025-12-16,CE,"25,900.00",550.00,604.00,472.00,520.30,522.35,520.30,7200,"19,03,93,076.25","39,13,076.25",10275,-600
2025-11-27,2025-12-16,PE,"25,800.00",87.70,89.90,63.95,69.75,66.70,69.75,149175,"3,85,96,87,653.75","1,09,72,653.75",94425,15900
2025-11-27,2025-12-16,CE,"26,350.00",264.00,287.15,195.00,223.15,223.50,223.15,57300,"1,52,40,30,360.00","1,41,75,360.00",13575,-1875
2025-11-27,2025-12-16,PE,"25,200.00",24.50,24.50,15.80,16.45,16.15,16.45,76650,"1,93,30,56,416.25","14,76,416.25",66375,22800
2025-11-27,2025-12-16,CE,"26,050.00",424.80,487.60,366.00,401.90,412.85,401.90,9825,"25,99,59,543.75","40,18,293.75",5775,-825
2025-11-27,2025-12-16,PE,"24,750.00",9.40,9.40,9.40,9.40,9.40,9.40,75,"18,56,955.00",705.00,1050,-75
2025-11-27,2025-12-16,CE,"24,500.00","1,802.50","1,802.50","1,783.30","1,793.55","1,793.55","1,793.55",300,"78,87,198.75","5,37,198.75",225,225
2025-11-27,2025-12-16,PE,"26,450.00",274.05,335.80,255.00,291.25,288.60,291.25,5925,"15,84,14,261.25","16,98,011.25",3975,3750
2025-11-27,2025-12-16,CE,"27,850.00",3.00,4.00,3.00,4.00,4.00,4.00,225,"62,67,000.00",750.00,600,150
2025-11-27,2025-12-16,CE,"25,450.00",881.25,881.25,876.40,878.85,876.40,878.85,150,"39,49,323.75","1,31,823.75",75,0
2025-11-27,2025-12-16,CE,"25,350.00",973.40,973.40,968.15,970.80,968.15,970.80,150,"39,48,116.25","1,45,616.25",75,0
2025-11-27,2025-12-16,PE,"27,850.00","1,522.70","1,522.70","1,500.35","1,511.55","1,500.35","1,511.55",150,"44,04,228.75","2,26,728.75",0,0
2025-11-27,2025-12-16,PE,"27,300.00",991.45,991.45,983.15,987.30,983.15,987.30,150,"42,43,095.00","1,48,095.00",75,75
2025-11-27,2025-12-16,PE,"27,900.00","1,572.35","1,572.35","1,550.00","1,561.20","1,550.00","1,561.20",150,"44,19,176.25","2,34,176.25",0,0
2025-11-27,2025-12-16,PE,"27,800.00","1,446.90","1,446.90","1,401.00","1,401.00","1,401.00","1,507.40",225,"65,73,866.25","3,18,866.25",300,0
2025-11-27,2025-12-16,CE,"23,950.00","2,358.60","2,366.85","2,358.60","2,362.75","2,366.85","2,362.75",150,"39,46,908.75","3,54,408.75",150,0
2025-11-27,2025-12-16,CE,"24,400.00","1,947.90","1,947.90","1,928.55","1,938.35","1,928.90","1,938.35",750,"1,97,53,755.00","14,53,755.00",225,225
2025-11-27,2025-12-16,PE,"26,850.00",604.15,604.15,601.90,601.90,601.90,648.80,150,"41,17,953.75","90,453.75",75,0
2025-11-27,2025-12-16,CE,"25,950.00",519.95,536.25,437.55,480.55,482.95,480.55,2025,"5,35,48,953.75","10,00,203.75",2775,-75
2025-11-27,2025-12-16,PE,"26,900.00",646.25,646.25,641.95,641.95,641.95,688.20,300,"82,63,346.25","1,93,346.25",75,0
2025-11-27,2025-12-16,CE,"26,100.00",392.90,449.00,328.45,369.85,375.00,369.85,94350,"2,49,86,14,042.50","3,60,79,042.50",48075,750
2025-11-27,2025-12-16,CE,"26,300.00",271.80,316.55,216.95,248.35,249.05,248.35,367275,"9,75,75,58,207.50","9,82,25,707.50",135225,48825
2025-11-28,2025-12-16,PE,"27,550.00","1,226.35","1,226.35","1,226.35","1,226.35","1,226.35","1,226.35",75,"21,58,226.25","91,976.25",75,75
2025-11-28,2025-12-16,CE,"25,100.00","1,227.25","1,227.25","1,220.25","1,223.75","1,220.25","1,223.75",150,"39,48,562.50","1,83,562.50",0,0
2025-11-28,2025-12-16,CE,"24,450.00","1,871.70","1,871.70","1,867.70","1,867.70","1,867.70","1,822.95",150,"39,47,955.00","2,80,455.00",0,0
2025-11-28,2025-12-16,CE,"27,200.00",14.00,15.15,11.50,12.40,12.55,12.40,116025,"3,15,73,89,112.50","15,09,112.50",90150,17850
2025-11-28,2025-12-16,PE,"27,250.00",941.60,941.60,932.20,936.90,932.20,936.90,150,"42,28,035.00","1,40,535.00",75,0
2025-11-28,2025-12-16,PE,"27,500.00","1,177.75","1,179.35","1,169.45","1,175.55","1,179.35","1,175.55",225,"64,51,991.25","2,64,491.25",150,75
2025-11-28,2025-12-16,PE,"25,050.00",13.15,13.15,10.00,10.25,10.00,10.25,675,"1,69,16,145.00","7,395.00",900,-225
2025-11-28,2025-12-16,PE,"26,800.00",497.45,534.60,489.25,534.60,534.60,616.65,600,"1,63,81,256.25","3,01,256.25",375,-75
2025-11-28,2025-12-16,CE,"24,550.00","1,771.65","1,771.65","1,769.20","1,769.20","1,769.20","1,723.70",150,"39,48,063.75","2,65,563.75",0,0
2025-11-28,2025-12-16,PE,"27,350.00","1,034.70","1,034.70","1,023.75","1,029.35","1,023.75","1,029.35",300,"85,13,797.50","3,08,797.50",0,0
2025-11-28,2025-12-16,PE,"25,900.00",91.05,91.05,75.00,80.25,75.05,80.25,137025,"3,56,01,14,722.50","1,11,67,222.50",94125,14100
2025-11-28,2025-12-16,PE,"25,500.00",31.55,33.20,26.10,28.50,26.85,28.50,323850,"8,26,79,71,237.50","97,96,237.50",261975,119550
2025-11-28,2025-12-16,PE,"24,600.00",7.90,7.95,5.85,6.65,5.85,6.65,7350,"18,08,61,855.00","51,855.00",6900,1650
2025-11-28,2025-12-16,CE,"25,050.00","1,276.15","1,276.15","1,269.10","1,272.65","1,269.10","1,272.65",150,"39,48,393.75","1,90,893.75",0,0
2025-11-28,2025-12-16,PE,"26,000.00",115.00,119.00,95.25,103.70,100.55,103.70,377925,"9,86,56,59,776.25","3,96,09,776.25",311100,32475
2025-11-28,2025-12-16,PE,"24,000.00",5.05,5.20,4.15,4.30,4.25,4.30,34200,"82,09,54,293.75","1,54,293.75",47400,10425
2025-11-28,2025-12-16,CE,"26,600.00",112.70,129.20,97.85,102.60,105.95,102.60,247500,"6,61,08,39,948.75","2,73,39,948.75",106950,8550
2025-11-28,2025-12-16,CE,"25,750.00",635.40,666.60,624.70,624.70,624.70,616.05,300,"79,18,473.75","1,93,473.75",225,75
2025-11-28,2025-12-16,PE,"24,900.00",9.65,10.00,7.90,8.85,7.90,8.85,19050,"47,45,20,935.00","1,75,935.00",15900,1350
2025-11-28,2025-12-16,PE,"27,100.00",728.30,793.50,728.30,793.50,793.50,864.60,150,"41,79,135.00","1,14,135.00",75,75
2025-11-28,2025-12-16,PE,"24,950.00",11.00,12.50,8.35,8.70,8.35,8.70,600,"1,49,76,322.50","6,322.50",1275,-150
2025-11-28,2025-12-16,PE,"26,050.00",123.00,127.85,108.00,115.45,113.70,115.45,32775,"85,76,07,532.50","38,18,782.50",34050,-4200
2025-11-28,2025-12-16,PE,"24,500.00",7.00,7.45,5.35,6.00,5.35,6.00,53325,"1,30,68,04,507.50","3,42,007.50",117000,16725
2025-11-28,2025-12-16,CE,"25,550.00",820.05,820.05,778.40,798.85,800.00,798.85,525,"1,38,32,302.50","4,18,552.50",0,-75
2025-11-28,2025-12-16,CE,"24,500.00","1,820.55","1,820.55","1,815.00","1,815.00","1,815.00","1,815.00",150,"39,47,666.25","2,72,666.25",225,0
2025-11-28,2025-12-16,CE,"25,000.00","1,328.60","1,328.60","1,316.40","1,318.80","1,317.75","1,318.80",300,"78,96,371.25","3,96,371.25",750,0
2025-11-28,2025-12-16,PE,"25,700.00",55.35,55.35,45.00,48.80,45.35,48.80,132675,"3,41,62,86,416.25","65,38,916.25",113925,19425
2025-11-28,2025-12-16,CE,"25,650.00",707.00,709.10,707.00,709.10,709.10,695.05,150,"39,53,707.50","1,06,207.50",225,0
2025-11-28,2025-12-16,CE,"24,200.00","2,140.40","2,142.15","2,114.35","2,128.15","2,115.60","2,128.15",900,"2,36,95,316.25","19,15,316.25",75,0
2025-11-28,2025-12-16,PE,"25,000.00",12.95,12.95,8.15,9.20,8.70,9.20,244350,"6,11,12,66,917.50","25,16,917.50",223575,94275
2025-11-28,2025-12-16,PE,"25,100.00",13.95,14.05,10.30,11.45,10.30,11.45,85200,"2,13,95,71,871.25","10,51,871.25",60600,41625
2025-11-28,2025-12-16,PE,"26,450.00",298.50,298.55,262.45,286.10,280.15,286.10,5775,"15,43,91,088.75","16,42,338.75",4425,450
2025-11-28,2025-12-16,CE,"25,800.00",601.15,632.00,569.40,584.30,590.00,584.30,6975,"18,41,53,338.75","41,98,338.75",8850,1950
2025-11-28,2025-12-16,PE,"24,800.00",9.00,9.75,7.20,8.55,7.20,8.55,150450,"3,73,24,85,426.25","13,25,426.25",119775,98775
2025-11-28,2025-12-16,PE,"27,750.00","1,427.55","1,427.55","1,406.50","1,417.05","1,406.50","1,417.05",450,"1,31,25,168.75","6,37,668.75",0,0
2025-11-28,2025-12-16,CE,"25,950.00",490.00,516.15,460.00,460.00,460.00,460.00,1275,"3,37,13,550.00","6,27,300.00",2850,75
2025-11-28,2025-12-16,CE,"26,250.00",272.25,308.35,250.45,258.50,264.00,258.50,87525,"2,32,16,50,833.75","2,41,19,583.75",35025,9225
2025-11-28,2025-12-16,CE,"24,400.00","1,917.20","1,922.90","1,917.20","1,920.65","1,922.90","1,920.65",225,"59,21,887.50","4,31,887.50",150,-75
2025-11-28,2025-12-16,CE,"24,900.00","1,438.90","1,438.90","1,421.10","1,421.10","1,421.10","1,379.10",150,"39,49,500.00","2,14,500.00",150,0
2025-11-28,2025-12-16,CE,"26,950.00",38.35,40.35,29.70,31.05,30.70,31.05,108375,"2,92,44,27,510.00","37,21,260.00",35850,5250
2025-11-28,2025-12-16,CE,"25,250.00","1,079.85","1,079.85","1,074.95","1,077.40","1,074.95","1,077.40",150,"39,49,110.00","1,61,610.00",0,0
2025-11-28,2025-12-16,CE,"27,650.00",4.65,4.65,4.45,4.50,4.50,7.95,900,"2,48,89,072.50","4,072.50",750,375
2025-11-28,2025-12-16,CE,"24,300.00","2,036.30","2,036.30","2,015.30","2,025.80","2,015.30","2,025.80",150,"39,48,870.00","3,03,870.00",75,75
2025-11-28,2025-12-16,PE,"26,900.00",616.55,616.55,614.55,614.55,614.55,695.75,225,"61,90,923.75","1,38,423.75",225,150
2025-11-28,2025-12-16,CE,"25,450.00",901.35,901.35,888.55,892.20,892.20,864.30,225,"59,27,407.50","2,01,157.50",75,0
2025-11-28,2025-12-16,PE,"27,300.00",965.10,991.60,965.10,991.60,991.60,991.60,225,"63,62,145.00","2,19,645.00",75,0
2025-11-28,2025-12-16,CE,"26,100.00",360.65,402.00,342.80,354.30,362.55,354.30,116775,"3,08,98,85,508.75","4,20,58,008.75",93375,45300
2025-11-28,2025-12-16,PE,"26,950.00",659.90,659.90,656.65,656.65,656.65,736.70,150,"41,41,241.25","98,741.25",0,0
2025-11-28,2025-12-16,PE,"25,850.00",82.00,82.00,66.05,71.85,68.00,71.85,21750,"56,38,13,932.50","15,76,432.50",15300,3900
2025-11-28,2025-12-16,CE,"27,600.00",3.70,5.25,3.35,4.75,5.15,4.75,42675,"1,17,80,12,347.50","1,82,347.50",29250,7425
2025-11-28,2025-12-16,PE,"25,650.00",43.55,46.75,38.75,42.45,38.75,42.45,23175,"59,54,37,356.25","9,98,606.25",14775,7725
2025-11-28,2025-12-16,CE,"24,000.00","2,306.45","2,314.15","2,306.45","2,310.30","2,314.15","2,310.30",150,"39,46,545.00","3,46,545.00",75,0
2025-11-28,2025-12-16,CE,"26,000.00",441.65,480.00,413.50,427.00,432.00,427.00,86400,"2,28,43,70,130.00","3,79,70,130.00",99900,-3375
2025-11-28,2025-12-16,CE,"27,750.00",2.60,3.05,2.60,3.05,3.05,5.60,225,"62,44,376.25",626.25,825,0
2025-11-28,2025-12-16,CE,"27,800.00",3.00,3.75,2.45,3.35,3.75,3.35,47550,"1,32,20,42,227.50","1,52,227.50",62025,-75
2025-11-28,2025-12-16,CE,"24,700.00","1,620.60","1,620.60","1,613.00","1,613.00","1,613.00","1,613.00",150,"39,47,520.00","2,42,520.00",75,0
2025-11-28,2025-12-16,PE,"24,550.00",5.50,5.50,5.50,5.50,5.50,5.50,750,"1,84,16,625.00","4,125.00",750,750
2025-11-28,2025-12-16,CE,"26,550.00",135.80,145.00,114.00,119.05,120.05,119.05,21825,"58,22,05,331.25","27,51,581.25",35625,4425
2025-11-28,2025-12-16,PE,"26,650.00",389.25,419.85,389.25,419.85,419.85,506.00,600,"1,62,28,676.25","2,38,676.25",1650,-150
2025-11-28,2025-12-16,PE,"26,350.00",251.10,251.10,212.05,228.85,224.20,228.85,43725,"1,16,21,86,440.00","1,00,32,690.00",10200,4350
2025-11-28,2025-12-16,CE,"27,900.00",3.00,3.10,2.25,2.75,3.10,2.75,3750,"10,46,35,770.00","10,770.00",6900,1050
2025-11-28,2025-12-16,PE,"26,500.00",325.05,330.75,284.25,312.10,306.20,312.10,100050,"2,68,24,14,532.50","3,10,89,532.50",55350,25575
2025-11-28,2025-12-16,PE,"24,400.00",8.85,8.85,8.85,8.85,8.85,0.60,75,"18,30,663.75",663.75,300,75
2025-11-28,2025-12-16,CE,"27,400.00",7.65,9.20,5.40,6.30,6.30,6.30,41325,"1,13,25,65,152.50","2,60,152.50",30525,23100
2025-11-28,2025-12-16,PE,"24,850.00",8.55,8.55,7.30,7.45,7.30,7.45,825,"2,05,07,366.25","6,116.25",1125,-75
2025-11-28,2025-12-16,PE,"26,250.00",198.35,199.35,170.00,183.40,178.70,183.40,166125,"4,39,13,06,220.00","3,05,24,970.00",72150,51375
2025-11-28,2025-12-16,CE,"24,850.00","1,491.30","1,491.30","1,470.65","1,481.00","1,470.65","1,481.00",150,"39,49,646.25","2,22,146.25",75,75
2025-11-28,2025-12-16,CE,"26,700.00",84.75,95.70,69.20,72.70,75.00,72.70,291375,"7,80,19,47,776.25","2,22,35,276.25",215625,92175
2025-11-28,2025-12-16,CE,"25,400.00",947.35,947.35,941.95,941.95,941.95,908.55,150,"39,51,697.50","1,41,697.50",75,0
2025-11-28,2025-12-16,CE,"26,450.00",177.55,191.05,154.00,157.75,161.85,157.75,23925,"63,68,73,813.75","40,57,563.75",8400,375
2025-11-28,2025-12-16,PE,"27,000.00",650.00,702.00,650.00,698.00,698.00,698.00,750,"2,07,56,340.00","5,06,340.00",1200,675
2025-11-28,2025-12-16,PE,"27,150.00",847.60,847.60,842.55,845.10,842.55,845.10,150,"41,99,261.25","1,26,761.25",0,-75
2025-11-28,2025-12-16,CE,"26,050.00",427.00,427.00,380.00,390.50,394.70,390.50,6075,"16,06,41,341.25","23,87,591.25",7275,1500
2025-11-28,2025-12-16,CE,"26,800.00",59.85,68.00,50.35,52.15,53.00,52.15,228525,"6,13,73,62,796.25","1,28,92,796.25",152700,30975
2025-11-28,2025-12-16,PE,"27,900.00","1,574.85","1,576.00","1,554.70","1,566.40","1,575.50","1,566.40",675,"1,98,89,805.00","10,57,305.00",75,75
2025-11-28,2025-12-16,CE,"26,150.00",350.05,372.65,310.80,321.95,325.00,321.95,29025,"76,87,41,480.00","97,37,730.00",14250,4425
2025-11-28,2025-12-16,PE,"25,600.00",38.25,42.95,34.25,36.70,34.25,36.70,117825,"3,02,08,33,380.00","45,13,380.00",105300,13800
2025-11-28,2025-12-16,CE,"27,150.00",16.65,18.35,13.10,13.85,14.20,13.85,24825,"67,43,89,245.00","3,90,495.00",21375,12225
2025-11-28,2025-12-16,PE,"26,700.00",453.45,465.00,406.40,439.55,441.60,439.55,6225,"16,88,89,721.25","26,82,221.25",6150,3150
2025-11-28,2025-12-16,PE,"25,150.00",14.75,14.85,11.55,12.60,11.55,12.60,8625,"21,70,34,040.00","1,15,290.00",3150,1050
2025-11-28,2025-12-16,PE,"24,700.00",8.50,8.80,6.30,7.45,6.30,7.45,16725,"41,32,38,345.00","1,30,845.00",13125,-4725
2025-11-28,2025-12-16,CE,"26,400.00",197.55,218.40,174.50,181.80,187.80,181.80,494325,"13,14,39,47,058.75","9,37,67,058.75",282225,168000
2025-11-28,2025-12-16,CE,"27,850.00",3.50,3.50,3.40,3.40,3.40,3.85,225,"62,67,022.50",772.50,600,0
2025-11-28,2025-12-16,PE,"27,200.00",827.00,895.20,827.00,895.20,895.20,895.20,225,"63,12,840.00","1,92,840.00",0,0
2025-11-28,2025-12-16,PE,"25,350.00",21.45,22.45,18.10,19.45,18.10,19.45,19050,"48,33,12,431.25","3,94,931.25",14325,10275
2025-11-28,2025-12-16,CE,"24,100.00","2,237.20","2,237.20","2,212.75","2,225.05","2,212.75","2,225.05",900,"2,36,92,526.25","20,02,526.25",225,225
2025-11-28,2025-12-16,CE,"25,900.00",510.20,555.00,487.80,499.85,506.10,499.85,3900,"10,30,05,390.00","19,95,390.00",10425,150
2025-11-28,2025-12-16,PE,"25,200.00",15.05,16.50,12.40,13.85,12.40,13.85,85350,"2,15,20,94,913.75","12,74,913.75",82650,16275
2025-11-28,2025-12-16,CE,"24,650.00","1,671.00","1,671.00","1,670.90","1,670.90","1,670.90","1,624.70",150,"39,48,142.50","2,50,642.50",0,0
2025-11-28,2025-12-16,CE,"24,600.00","1,719.40","1,719.40","1,711.45","1,711.45","1,711.45","1,711.45",150,"39,47,313.75","2,57,313.75",75,0
2025-11-28,2025-12-16,CE,"24,250.00","2,090.60","2,092.40","2,064.60","2,078.35","2,065.85","2,078.35",900,"2,36,95,511.25","18,70,511.25",300,300
2025-11-28,2025-12-16,PE,"27,450.00","1,139.35","1,139.35","1,130.05","1,134.05","1,134.05","1,184.90",225,"64,31,508.75","2,55,258.75",150,0
2025-11-28,2025-12-16,CE,"27,300.00",10.85,11.00,8.00,8.65,8.70,8.65,77475,"2,11,57,71,337.50","7,03,837.50",63975,10575
2025-11-28,2025-12-16,CE,"26,850.00",46.75,56.70,41.25,44.20,44.80,44.20,37725,"1,01,47,06,875.00","17,90,625.00",22725,4875
2025-11-28,2025-12-16,CE,"24,750.00","1,571.30","1,592.35","1,567.90","1,580.15","1,592.35","1,580.15",300,"78,97,507.50","4,72,507.50",0,0
2025-11-28,2025-12-16,CE,"25,350.00",991.75,991.75,983.80,987.80,983.80,987.80,150,"39,50,666.25","1,48,166.25",150,75
2025-11-28,2025-12-16,CE,"25,300.00","1,032.50","1,032.50","1,027.50","1,030.00","1,027.50","1,030.00",150,"39,49,500.00","1,54,500.00",75,0
2025-11-28,2025-12-16,PE,"27,600.00","1,275.75","1,275.75","1,275.75","1,275.75","1,275.75","1,275.75",75,"21,65,681.25","95,681.25",75,75
2025-11-28,2025-12-16,CE,"27,450.00",7.50,7.90,5.80,6.40,6.40,6.40,450,"1,23,55,477.50","2,977.50",18750,0
2025-11-28,2025-12-16,PE,"27,400.00","1,080.65","1,080.65","1,063.20","1,072.00","1,063.20","1,072.00",1050,"2,98,95,585.00","11,25,585.00",300,225
2025-11-28,2025-12-16,CE,"27,700.00",4.35,4.90,3.20,4.50,4.45,4.50,160950,"4,45,89,70,050.00","6,55,050.00",118575,107550
2025-11-28,2025-12-16,CE,"26,750.00",73.85,79.45,58.40,62.40,63.20,62.40,40950,"1,09,82,03,486.25","27,90,986.25",15000,5775
2025-11-28,2025-12-16,CE,"27,500.00",6.90,6.90,4.75,5.80,5.95,5.80,123225,"3,38,93,68,177.50","6,80,677.50",125475,28425
2025-11-28,2025-12-16,PE,"26,550.00",328.45,351.45,319.10,342.70,339.90,342.70,2625,"7,05,90,705.00","8,96,955.00",1875,-1200
2025-11-28,2025-12-16,PE,"27,850.00","1,525.55","1,526.55","1,505.55","1,516.55","1,505.55","1,516.55",1200,"3,52,39,841.25","18,19,841.25",0,0
2025-11-28,2025-12-16,CE,"24,150.00","2,187.55","2,187.55","2,163.10","2,175.40","2,163.10","2,175.40",900,"2,36,92,837.50","19,57,837.50",0,0
2025-11-28,2025-12-16,CE,"27,000.00",33.05,34.35,24.05,25.35,26.00,25.35,663150,"17,92,33,30,631.25","1,82,80,631.25",437550,119325
2025-11-28,2025-12-16,PE,"26,750.00",482.50,490.00,450.00,490.00,490.00,578.65,600,"1,63,33,631.25","2,83,631.25",1200,-225
2025-11-28,2025-12-16,PE,"26,850.00",573.95,575.65,573.95,575.65,575.65,655.70,150,"41,13,720.00","86,220.00",75,0
2025-11-28,2025-12-16,CE,"27,950.00",3.45,3.50,2.35,2.70,2.70,2.70,3525,"9,85,34,861.25","11,111.25",5475,2175
2025-11-28,2025-12-16,PE,"26,600.00",388.05,390.80,345.85,375.10,373.80,375.10,15900,"42,88,28,216.25","58,88,216.25",9300,1125
2025-11-28,2025-12-16,CE,"25,600.00",776.30,788.45,757.25,757.25,757.25,736.05,225,"59,34,150.00","1,74,150.00",1200,0
2025-11-28,2025-12-16,CE,"24,800.00","1,522.35","1,522.35","1,514.25","1,514.25","1,514.25","1,514.25",150,"39,47,745.00","2,27,745.00",75,0
2025-11-28,2025-12-16,CE,"26,500.00",147.35,171.75,132.40,138.80,142.50,138.80,458475,"12,21,69,47,306.25","6,73,59,806.25",215775,30000
2025-11-28,2025-12-16,CE,"26,300.00",240.00,274.85,221.45,230.35,238.00,230.35,402900,"10,69,39,88,805.00","9,77,18,805.00",203775,68550
2025-11-28,2025-12-16,CE,"26,200.00",310.05,338.00,280.00,289.55,295.00,289.55,372750,"9,87,80,92,267.50","11,20,42,267.50",214500,82125
2025-11-28,2025-12-16,PE,"24,650.00",8.80,8.80,7.80,7.80,7.80,7.80,300,"73,97,415.00","2,415.00",2325,0
2025-11-28,2025-12-16,CE,"25,500.00",869.95,896.40,859.80,859.80,859.80,820.75,1050,"2,76,99,806.25","9,24,806.25",975,0
2025-11-28,2025-12-16,PE,"25,550.00",34.00,36.70,30.70,32.10,30.70,32.10,32400,"82,89,21,138.75","11,01,138.75",23550,8475
2025-11-28,2025-12-16,PE,"25,400.00",24.15,25.60,19.60,22.55,19.60,22.55,129750,"3,29,86,82,493.75","30,32,493.75",110400,22425
2025-11-28,2025-12-16,PE,"26,400.00",274.05,275.20,232.00,256.55,250.50,256.55,145275,"3,87,23,55,352.50","3,70,95,352.50",74400,38700
2025-11-28,2025-12-16,CE,"27,550.00",6.55,6.60,4.40,4.40,4.40,11.20,3675,"10,12,65,663.75","19,413.75",1200,1050
2025-11-28,2025-12-16,CE,"26,650.00",97.85,110.40,84.00,87.00,89.10,87.00,23925,"63,98,89,721.25","22,88,471.25",8400,-2175
2025-11-28,2025-12-16,PE,"24,200.00",5.25,5.25,5.25,5.25,5.25,0.20,150,"36,30,787.50",787.50,225,150
2025-11-28,2025-12-16,PE,"27,950.00","1,625.75","1,626.45","1,602.40","1,614.85","1,602.40","1,614.85",900,"2,66,08,342.50","14,53,342.50",0,0
2025-11-28,2025-12-16,PE,"26,200.00",181.75,187.05,152.00,164.45,160.05,164.45,530100,"13,97,77,96,545.00","8,91,76,545.00",213525,124650
2025-11-28,2025-12-16,PE,"25,750.00",56.10,60.10,50.90,53.80,50.90,53.80,31725,"81,86,92,717.50","17,73,967.50",17025,5250
2025-11-28,2025-12-16,CE,"25,700.00",677.35,721.00,656.00,667.85,673.45,667.85,2475,"6,53,35,635.00","17,28,135.00",3900,-150
2025-11-28,2025-12-16,PE,"26,100.00",144.60,145.05,120.00,128.60,129.00,128.60,266400,"6,98,80,72,713.75","3,50,32,713.75",170325,69225
2025-11-28,2025-12-16,CE,"25,850.00",590.00,590.00,590.00,590.00,590.00,541.40,225,"59,49,000.00","1,32,750.00",1425,-150
2025-11-28,2025-12-16,CE,"24,050.00","2,263.95","2,263.95","2,256.50","2,260.25","2,256.50","2,260.25",150,"39,46,533.75","3,39,033.75",75,0
2025-11-28,2025-12-16,CE,"24,950.00","1,392.60","1,392.60","1,372.05","1,382.35","1,372.05","1,382.35",150,"39,49,848.75","2,07,348.75",75,75
2025-11-28,2025-12-16,CE,"25,200.00","1,127.90","1,127.90","1,124.25","1,124.25","1,124.25","1,091.80",150,"39,48,911.25","1,68,911.25",6300,-150
2025-11-28,2025-12-16,CE,"23,950.00","2,390.35","2,398.05","2,357.55","2,377.80","2,398.05","2,377.80",225,"59,24,696.25","5,35,946.25",150,0
2025-11-28,2025-12-16,CE,"25,150.00","1,176.70","1,176.70","1,171.60","1,174.15","1,171.60","1,174.15",150,"39,48,622.50","1,76,122.50",0,0
2025-11-28,2025-12-16,PE,"26,300.00",201.70,228.70,188.00,206.40,204.25,206.40,361425,"9,57,98,38,522.50","7,43,61,022.50",177225,100425
2025-11-28,2025-12-16,PE,"25,450.00",27.10,28.75,23.80,25.30,23.80,25.30,22500,"57,32,28,487.50","6,03,487.50",25200,10050
2025-11-28,2025-12-16,CE,"27,100.00",22.45,23.20,16.75,17.55,17.80,17.55,129675,"3,51,66,88,125.00","24,95,625.00",102075,2700
2025-11-28,2025-12-16,PE,"26,150.00",157.35,162.25,136.00,147.65,141.50,147.65,41775,"1,09,86,26,287.50","62,10,037.50",29475,5400
2025-11-28,2025-12-16,CE,"27,050.00",26.05,27.45,19.85,20.70,20.55,20.70,31800,"86,09,00,490.00","7,10,490.00",12525,225
2025-11-28,2025-12-16,PE,"24,750.00",9.40,9.40,7.20,7.25,7.30,7.25,1425,"3,52,79,403.75","10,653.75",375,-675
2025-11-28,2025-12-16,PE,"27,650.00","1,328.60","1,328.60","1,307.60","1,318.15","1,307.60","1,318.15",450,"1,30,35,656.25","5,93,156.25",1125,0
2025-11-28,2025-12-16,PE,"25,950.00",101.95,102.75,86.00,90.65,87.65,90.65,28500,"74,22,20,370.00","26,45,370.00",29625,5850
2025-11-28,2025-12-16,PE,"27,050.00",755.30,755.30,750.45,753.25,750.45,753.25,300,"83,40,971.25","2,25,971.25",75,75
2025-11-28,2025-12-16,PE,"25,800.00",70.95,72.95,56.50,61.45,58.60,61.45,202350,"5,23,34,11,661.25","1,27,81,661.25",135225,40800
2025-11-28,2025-12-16,CE,"26,350.00",228.10,243.10,198.90,203.05,207.85,203.05,42000,"1,11,57,51,176.25","90,51,176.25",13950,375
2025-11-28,2025-12-16,PE,"25,300.00",19.65,20.10,15.50,17.40,16.00,17.40,84750,"2,14,57,21,635.00","15,46,635.00",87000,26250
2025-12-01,2025-12-16,PE,"26,050.00",80.00,134.50,80.00,122.25,120.40,122.25,79875,"2,08,99,35,528.75","91,91,778.75",26550,-7500
2025-12-01,2025-12-16,CE,"27,300.00",9.20,10.20,6.70,7.35,7.50,7.35,279675,"7,63,73,31,450.00","22,03,950.00",132900,68925
2025-12-01,2025-12-16,PE,"24,600.00",4.50,7.25,4.50,6.35,5.50,6.35,23400,"57,57,90,577.50","1,50,577.50",19575,12675
2025-12-01,2025-12-16,CE,"27,550.00",5.50,6.60,4.65,5.35,5.05,5.35,23325,"64,27,30,440.00","1,26,690.00",15525,14325
2025-12-01,2025-12-16,PE,"27,400.00","1,131.55","1,152.00","1,131.55","1,152.00","1,152.00","1,169.50",150,"42,81,266.25","1,71,266.25",300,0
2025-12-01,2025-12-16,CE,"25,300.00",961.20,989.60,955.80,979.50,989.60,979.50,1050,"2,75,90,325.00","10,25,325.00",375,300
2025-12-01,2025-12-16,CE,"26,150.00",356.65,375.25,265.00,280.80,275.05,280.80,113100,"2,99,10,36,510.00","3,34,71,510.00",31200,16950
2025-12-01,2025-12-16,CE,"27,000.00",30.05,30.95,16.85,18.60,18.60,18.60,1431675,"38,68,67,52,982.50","3,15,27,982.50",512550,75000
2025-12-01,2025-12-16,CE,"24,800.00","1,456.55","1,456.55","1,453.20","1,453.20","1,453.20","1,436.50",150,"39,38,231.25","2,18,231.25",75,0
2025-12-01,2025-12-16,CE,"25,450.00",827.50,827.50,822.40,822.40,822.40,817.70,150,"39,41,242.50","1,23,742.50",75,0
2025-12-01,2025-12-16,PE,"24,000.00",4.10,4.80,3.45,3.90,3.60,3.90,60600,"1,45,46,41,046.25","2,41,046.25",64050,16650
2025-12-01,2025-12-16,PE,"26,300.00",170.65,243.45,164.00,222.30,220.80,222.30,855300,"22,66,64,93,898.75","17,21,03,898.75",255150,77925
2025-12-01,2025-12-16,PE,"27,500.00","1,110.00","1,247.00","1,110.00","1,247.00","1,247.00","1,266.10",150,"43,01,775.00","1,76,775.00",300,150
2025-12-01,2025-12-16,PE,"27,800.00","1,394.00","1,394.00","1,394.00","1,394.00","1,394.00","1,560.60",150,"43,79,100.00","2,09,100.00",150,-150
2025-12-01,2025-12-16,CE,"24,050.00","2,192.80","2,196.40","2,192.80","2,196.40","2,196.40","2,182.55",150,"39,36,690.00","3,29,190.00",75,0
2025-12-01,2025-12-16,PE,"25,700.00",41.45,53.05,33.85,45.90,44.90,45.90,515175,"13,26,20,69,422.50","2,20,71,922.50",262575,148650
2025-12-01,2025-12-16,CE,"27,850.00",4.25,4.25,2.55,2.95,3.30,2.95,4800,"13,36,94,913.75","14,913.75",3225,2625
2025-12-01,2025-12-16,CE,"27,450.00",5.15,6.30,4.60,5.65,6.00,5.65,17175,"47,15,44,901.25","91,151.25",22200,3450
2025-12-01,2025-12-16,CE,"25,150.00","1,117.85","1,117.85","1,112.65","1,115.25","1,112.65","1,115.25",150,"39,39,787.50","1,67,287.50",0,0
2025-12-01,2025-12-16,PE,"26,850.00",589.95,614.90,589.95,611.65,611.65,670.55,225,"61,77,487.50","1,36,237.50",150,75
2025-12-01,2025-12-16,PE,"24,800.00",6.15,8.60,6.15,8.00,7.55,8.00,190425,"4,72,39,79,808.75","14,39,808.75",209775,90000
2025-12-01,2025-12-16,PE,"27,150.00",904.40,904.40,898.60,898.60,898.60,933.95,150,"42,07,725.00","1,35,225.00",0,0
2025-12-01,2025-12-16,CE,"25,050.00","1,202.90","1,202.90","1,197.95","1,197.95","1,197.95","1,191.80",150,"39,37,563.75","1,80,063.75",0,0
2025-12-01,2025-12-16,PE,"25,200.00",11.95,14.25,8.55,12.40,11.75,12.40,215775,"5,44,00,88,441.25","25,58,441.25",128475,45825
2025-12-01,2025-12-16,CE,"25,500.00",917.25,920.00,773.05,795.25,800.15,795.25,14400,"37,89,01,511.25","1,17,01,511.25",9675,8700
2025-12-01,2025-12-16,PE,"26,350.00",201.05,269.20,184.10,248.40,248.15,248.40,115275,"3,06,25,37,283.75","2,50,41,033.75",20550,10350
2025-12-01,2025-12-16,CE,"26,500.00",170.00,170.00,104.50,115.00,112.00,115.00,1275150,"33,95,59,56,660.00","16,44,81,660.00",462825,247050
2025-12-01,2025-12-16,PE,"26,450.00",237.75,326.15,235.50,307.05,307.95,307.05,10575,"28,26,78,746.25","29,69,996.25",3600,-825
2025-12-01,2025-12-16,PE,"26,000.00",80.00,121.40,68.80,107.00,105.50,107.00,1063425,"27,75,56,98,571.25","10,66,48,571.25",523200,212100
2025-12-01,2025-12-16,CE,"26,250.00",290.30,307.00,209.80,223.75,220.55,223.75,218250,"5,78,38,88,928.75","5,48,26,428.75",84375,49350
2025-12-01,2025-12-16,PE,"24,200.00",6.75,6.90,4.45,4.45,4.45,4.45,1125,"2,72,30,625.00","5,625.00",1275,1050
2025-12-01,2025-12-16,PE,"24,900.00",6.50,10.60,6.00,8.70,7.70,8.70,60375,"1,50,38,12,707.50","4,75,207.50",42675,26775
2025-12-01,2025-12-16,PE,"26,800.00",472.20,586.00,460.80,565.30,564.25,565.30,27450,"74,94,93,397.50","1,38,33,397.50",22275,21900
2025-12-01,2025-12-16,CE,"26,650.00",105.95,106.70,62.80,69.25,68.00,69.25,62250,"1,66,40,13,296.25","50,50,796.25",15300,6900
2025-12-01,2025-12-16,CE,"27,600.00",5.45,5.75,3.65,4.05,4.50,4.05,51225,"1,41,40,35,472.50","2,25,472.50",35250,6000
2025-12-01,2025-12-16,PE,"25,900.00",60.05,92.30,58.30,81.95,82.80,81.95,454500,"11,80,46,80,582.50","3,31,30,582.50",195000,100875
2025-12-01,2025-12-16,PE,"26,950.00",715.70,715.70,711.90,711.90,711.90,755.30,150,"41,49,570.00","1,07,070.00",75,75
2025-12-01,2025-12-16,CE,"25,650.00",660.05,660.05,658.15,658.15,658.15,646.50,150,"39,46,365.00","98,865.00",225,0
2025-12-01,2025-12-16,PE,"24,650.00",6.10,7.80,5.60,6.95,7.80,6.95,375,"92,46,285.00","2,535.00",2400,75
2025-12-01,2025-12-16,CE,"25,700.00",711.00,730.00,590.70,600.50,617.65,600.50,24525,"64,51,03,732.50","1,48,11,232.50",25575,21675
2025-12-01,2025-12-16,PE,"26,700.00",396.00,498.75,379.60,481.75,478.70,481.75,54900,"1,49,07,11,400.00","2,48,81,400.00",40650,34500
2025-12-01,2025-12-16,CE,"25,850.00",600.00,600.00,490.00,490.00,490.00,490.00,1050,"2,76,79,338.75","5,36,838.75",1275,-150
2025-12-01,2025-12-16,PE,"26,900.00",558.45,654.80,546.15,654.80,654.80,712.50,675,"1,85,61,510.00","4,04,010.00",300,75
2025-12-01,2025-12-16,CE,"26,800.00",70.00,78.90,35.80,39.25,38.75,39.25,1241400,"33,32,48,06,231.25","5,52,86,231.25",507075,354375
2025-12-01,2025-12-16,PE,"26,400.00",210.00,298.00,204.45,277.30,278.10,277.30,269775,"7,18,86,92,085.00","6,66,32,085.00",111300,36900
2025-12-01,2025-12-16,CE,"27,700.00",5.10,5.10,3.35,4.05,3.75,4.05,311325,"8,62,49,37,153.75","12,34,653.75",246675,128100
2025-12-01,2025-12-16,CE,"26,750.00",120.00,120.00,43.90,47.95,46.90,47.95,141150,"3,78,36,46,248.75","78,83,748.75",29625,14625
2025-12-01,2025-12-16,CE,"27,750.00",3.05,3.05,3.05,3.05,3.05,2.45,75,"20,81,478.75",228.75,825,0
2025-12-01,2025-12-16,PE,"25,450.00",19.90,26.35,17.65,23.25,22.15,23.25,33675,"85,77,31,323.75","7,02,573.75",28575,3375
2025-12-01,2025-12-16,PE,"27,450.00","1,202.00","1,204.25","1,202.00","1,204.25","1,204.25","1,217.65",150,"42,97,968.75","1,80,468.75",150,0
2025-12-01,2025-12-16,PE,"26,750.00",473.35,537.05,465.95,525.40,525.40,525.40,1050,"2,86,22,092.50","5,34,592.50",825,-375
2025-12-01,2025-12-16,CE,"24,100.00","2,162.50","2,162.50","2,146.35","2,146.35","2,146.35","2,132.65",150,"39,38,163.75","3,23,163.75",225,0
2025-12-01,2025-12-16,PE,"24,750.00",7.25,8.70,5.50,6.30,6.40,6.30,4500,"11,14,04,527.50","29,527.50",1950,1575
2025-12-01,2025-12-16,PE,"26,150.00",100.00,172.00,92.85,159.50,156.75,159.50,174375,"4,58,64,83,651.25","2,65,77,401.25",52800,23325
2025-12-01,2025-12-16,CE,"25,200.00","1,076.70","1,076.70","1,075.35","1,075.35","1,075.35","1,048.05",150,"39,41,403.75","1,61,403.75",6150,-150
2025-12-01,2025-12-16,CE,"27,150.00",15.95,15.95,9.90,10.80,10.30,10.80,43050,"1,16,93,36,317.50","5,28,817.50",17250,-4125
2025-12-01,2025-12-16,CE,"26,200.00",337.95,345.00,236.00,251.10,248.95,251.10,836325,"22,14,11,23,953.75","22,94,08,953.75",344250,129750
2025-12-01,2025-12-16,CE,"25,000.00","1,250.35","1,250.35","1,246.60","1,246.60","1,246.60","1,240.35",150,"39,37,271.25","1,87,271.25",750,0
2025-12-01,2025-12-16,PE,"25,850.00",58.00,80.00,51.70,71.00,69.65,71.00,58950,"1,52,75,85,708.75","37,28,208.75",23700,8400
2025-12-01,2025-12-16,CE,"26,900.00",43.20,43.20,24.10,26.45,25.55,26.45,205725,"5,53,94,27,227.50","54,24,727.50",94650,94650
2025-12-01,2025-12-16,CE,"26,350.00",226.75,248.25,163.00,174.65,172.70,174.65,144450,"3,83,46,74,445.00","2,84,16,945.00",60375,46425
2025-12-01,2025-12-16,CE,"24,900.00","1,371.15","1,371.15","1,357.50","1,357.50","1,357.50","1,338.10",150,"39,39,648.75","2,04,648.75",75,-75
2025-12-01,2025-12-16,CE,"24,950.00","1,308.50","1,308.50","1,304.90","1,304.90","1,304.90","1,289.10",150,"39,38,505.00","1,96,005.00",75,0
2025-12-01,2025-12-16,CE,"26,400.00",203.80,218.10,140.05,152.70,150.00,152.70,613725,"16,30,98,16,897.50","10,74,76,897.50",324525,42300
2025-12-01,2025-12-16,PE,"26,100.00",103.20,152.25,98.50,138.45,138.40,138.45,460425,"12,07,48,75,481.25","5,77,82,981.25",248175,77850
2025-12-01,2025-12-16,PE,"26,200.00",132.95,194.20,127.55,177.75,175.85,177.75,1050675,"27,70,26,86,797.50","17,50,01,797.50",338700,125175
2025-12-01,2025-12-16,PE,"26,550.00",294.10,389.80,292.75,373.35,371.20,373.35,7350,"19,77,95,512.50","26,53,012.50",1875,0
2025-12-01,2025-12-16,CE,"26,550.00",140.00,145.00,89.85,97.85,95.90,97.85,203775,"5,43,24,78,420.00","2,22,52,170.00",49275,13650
2025-12-01,2025-12-16,PE,"27,100.00",856.55,856.55,852.60,852.60,852.60,888.30,150,"41,93,186.25","1,28,186.25",75,0
2025-12-01,2025-12-16,CE,"27,200.00",13.40,14.30,8.45,9.85,10.55,9.85,594525,"16,17,74,55,982.50","63,75,982.50",264300,174150
2025-12-01,2025-12-16,CE,"24,250.00","2,015.15","2,015.15","1,997.15","2,005.60","2,005.60","1,983.10",225,"59,07,592.50","4,51,342.50",300,0
2025-12-01,2025-12-16,CE,"23,950.00","2,296.15","2,296.15","2,292.40","2,292.40","2,292.40","2,282.30",150,"39,36,641.25","3,44,141.25",150,0
2025-12-01,2025-12-16,PE,"25,350.00",15.50,19.45,12.90,16.65,16.30,16.65,18225,"46,22,96,898.75","2,93,148.75",17100,2775
2025-12-01,2025-12-16,PE,"24,550.00",4.40,5.50,4.20,5.40,5.50,5.40,900,"2,20,99,080.00","4,080.00",750,0
2025-12-01,2025-12-16,CE,"25,600.00",810.15,815.50,678.25,700.10,698.60,700.10,158850,"4,17,72,44,355.00","11,06,84,355.00",145425,144225
2025-12-01,2025-12-16,CE,"26,050.00",430.10,440.85,328.50,345.10,343.00,345.10,15225,"40,21,99,672.50","55,88,422.50",11550,4275
2025-12-01,2025-12-16,CE,"25,400.00",865.75,865.75,861.50,861.50,861.50,862.55,150,"39,39,543.75","1,29,543.75",75,0
2025-12-01,2025-12-16,CE,"26,450.00",188.90,193.95,123.25,133.50,128.05,133.50,57825,"1,53,81,18,705.00","86,47,455.00",21975,13575
2025-12-01,2025-12-16,PE,"26,500.00",306.20,362.00,252.00,339.30,336.55,339.30,208350,"5,58,48,31,605.00","6,35,56,605.00",105750,50400
2025-12-01,2025-12-16,CE,"26,850.00",52.60,53.60,29.70,32.40,31.95,32.40,140400,"3,77,53,29,337.50","55,89,337.50",31800,9075
2025-12-01,2025-12-16,PE,"27,550.00","1,269.30","1,269.30","1,269.30","1,269.30","1,269.30","1,269.30",75,"21,61,447.50","95,197.50",0,-75
2025-12-01,2025-12-16,PE,"25,750.00",42.25,61.00,39.20,53.00,52.40,53.00,82650,"2,13,22,38,952.50","40,01,452.50",28575,11550
2025-12-01,2025-12-16,PE,"25,550.00",25.80,34.80,22.90,29.60,30.05,29.60,38175,"97,64,83,837.50","11,12,587.50",34950,11400
2025-12-01,2025-12-16,CE,"26,700.00",75.80,91.75,52.25,57.60,56.85,57.60,713550,"19,09,89,20,062.50","4,71,35,062.50",225450,9825
2025-12-01,2025-12-16,PE,"25,150.00",8.75,12.70,7.90,10.40,10.30,10.40,18375,"46,23,21,663.75","1,90,413.75",10950,7800
2025-12-01,2025-12-16,CE,"27,100.00",19.95,20.55,11.60,12.50,12.80,12.50,405075,"10,98,35,28,682.50","59,96,182.50",124050,21975
2025-12-01,2025-12-16,PE,"27,200.00",833.50,952.50,833.50,948.40,948.40,980.20,225,"63,25,080.00","2,05,080.00",75,75
2025-12-01,2025-12-16,CE,"24,650.00","1,599.65","1,601.15","1,599.65","1,601.15","1,601.15","1,584.95",150,"39,37,560.00","2,40,060.00",0,0
2025-12-01,2025-12-16,CE,"24,400.00","1,864.75","1,864.75","1,845.15","1,845.15","1,845.15","1,833.60",150,"39,38,242.50","2,78,242.50",150,0
2025-12-01,2025-12-16,PE,"27,000.00",625.80,754.70,622.00,739.40,738.00,739.40,2400,"6,64,04,280.00","16,04,280.00",1725,525
2025-12-01,2025-12-16,CE,"24,000.00","2,245.85","2,261.25","2,242.40","2,242.40","2,242.40","2,232.40",1125,"2,95,41,311.25","25,41,311.25",1050,975
2025-12-01,2025-12-16,CE,"27,650.00",4.45,4.85,4.00,4.40,4.40,4.40,6600,"18,25,18,110.00","28,110.00",4200,3450
2025-12-01,2025-12-16,PE,"25,950.00",75.60,105.00,67.55,94.60,92.10,94.60,72900,"1,89,83,09,793.75","65,54,793.75",38475,8850
2025-12-01,2025-12-16,CE,"24,500.00","1,746.45","1,749.80","1,746.45","1,749.80","1,749.80","1,734.05",150,"39,37,218.75","2,62,218.75",225,0
2025-12-01,2025-12-16,CE,"26,000.00",477.35,490.00,357.40,378.55,378.30,378.55,243600,"6,43,55,26,443.75","10,19,26,443.75",141750,41850
2025-12-01,2025-12-16,PE,"25,300.00",12.70,18.75,10.75,15.60,15.40,15.60,184350,"4,66,66,84,451.25","26,29,451.25",103575,16575
2025-12-01,2025-12-16,PE,"27,300.00",925.50,925.50,925.50,925.50,925.50,"1,074.05",75,"21,16,912.50","69,412.50",75,0
2025-12-01,2025-12-16,CE,"27,400.00",6.35,7.90,5.35,6.00,6.00,6.00,101400,"2,77,89,85,717.50","6,25,717.50",34950,4425
2025-12-01,2025-12-16,CE,"26,600.00",117.50,127.25,75.50,82.75,79.50,82.75,551025,"14,70,90,79,395.00","5,18,14,395.00",167700,60750
2025-12-01,2025-12-16,CE,"27,500.00",6.55,6.70,4.60,5.25,5.40,5.25,413925,"11,38,51,20,506.25","21,83,006.25",326925,201450
2025-12-01,2025-12-16,PE,"24,850.00",7.00,10.10,6.90,8.40,8.40,2.80,1650,"4,10,15,501.25","13,001.25",750,-375
2025-12-01,2025-12-16,CE,"25,350.00",943.45,943.45,935.65,939.55,935.65,939.55,150,"39,43,432.50","1,40,932.50",150,0
2025-12-01,2025-12-16,CE,"24,700.00","1,548.10","1,551.85","1,548.10","1,551.85","1,551.85","1,535.40",150,"39,37,496.25","2,32,496.25",75,0
2025-12-01,2025-12-16,PE,"25,000.00",8.55,11.00,5.95,9.10,8.70,9.10,520350,"13,01,33,15,178.75","45,65,178.75",277200,53625
2025-12-01,2025-12-16,CE,"24,300.00","1,944.05","1,948.00","1,944.05","1,948.00","1,948.00","1,933.25",150,"39,36,903.75","2,91,903.75",75,0
2025-12-01,2025-12-16,PE,"26,600.00",329.35,428.20,319.65,415.50,412.40,415.50,47475,"1,28,14,89,615.00","1,86,54,615.00",27675,18375
2025-12-01,2025-12-16,PE,"25,050.00",10.00,11.90,7.70,9.00,9.00,9.00,7575,"18,98,24,718.75","70,968.75",2925,2025
2025-12-01,2025-12-16,PE,"27,050.00",808.15,808.15,805.00,805.00,805.00,843.25,150,"41,78,486.25","1,20,986.25",0,-75
2025-12-01,2025-12-16,PE,"25,500.00",23.00,31.50,20.20,27.05,25.80,27.05,904425,"23,08,58,38,755.00","2,30,01,255.00",525975,264000
2025-12-01,2025-12-16,PE,"25,800.00",48.00,69.80,38.85,61.15,61.65,61.15,825375,"21,34,02,15,562.50","4,55,40,562.50",339075,203850
2025-12-01,2025-12-16,CE,"26,950.00",37.00,38.70,20.00,22.05,21.05,22.05,93225,"2,51,49,46,417.50","25,32,667.50",42975,7125
2025-12-01,2025-12-16,CE,"25,750.00",574.45,574.45,554.15,571.40,570.80,571.40,600,"1,57,91,272.50","3,41,272.50",300,75
2025-12-01,2025-12-16,CE,"25,100.00","1,153.70","1,153.70","1,148.20","1,148.20","1,148.20","1,143.55",150,"39,37,642.50","1,72,642.50",0,0
2025-12-01,2025-12-16,CE,"25,550.00",739.55,739.55,731.50,731.50,731.50,730.30,150,"39,42,828.75","1,10,328.75",0,0
2025-12-01,2025-12-16,PE,"24,400.00",6.75,7.30,4.10,4.75,4.80,4.75,2550,"6,22,33,676.25","13,676.25",1500,1200
2025-12-01,2025-12-16,CE,"25,250.00","1,015.25","1,015.25","1,010.70","1,013.00","1,010.70","1,013.00",150,"39,39,446.25","1,51,946.25",0,0
2025-12-01,2025-12-16,CE,"24,550.00","1,694.45","1,703.95","1,694.45","1,703.95","1,703.95","1,684.30",225,"59,06,137.50","3,82,387.50",75,75
2025-12-01,2025-12-16,PE,"24,500.00",6.05,6.90,4.30,6.00,5.30,6.00,228225,"5,59,27,10,745.00","11,98,245.00",181125,64125
2025-12-01,2025-12-16,CE,"25,900.00",557.10,568.50,434.15,453.05,449.75,453.05,64125,"1,69,20,23,711.25","3,11,86,211.25",47475,37050
2025-12-01,2025-12-16,CE,"27,950.00",2.50,2.50,1.90,2.25,2.00,2.25,5700,"15,93,27,731.25","12,731.25",6975,1500
2025-12-01,2025-12-16,PE,"25,100.00",9.65,11.70,8.00,10.35,9.60,10.35,94275,"2,36,72,45,756.25","9,43,256.25",72750,12150
2025-12-01,2025-12-16,PE,"25,650.00",32.95,49.70,29.70,40.10,39.65,40.10,62850,"1,61,44,37,152.50","23,34,652.50",28650,13875
2025-12-01,2025-12-16,PE,"25,600.00",38.50,40.45,26.00,34.15,33.15,34.15,495975,"12,71,34,37,837.50","1,64,77,837.50",254775,149475
2025-12-01,2025-12-16,PE,"27,600.00","1,318.55","1,318.55","1,318.55","1,318.55","1,318.55","1,318.55",75,"21,68,891.25","98,891.25",0,-75
2025-12-01,2025-12-16,PE,"25,250.00",12.30,16.20,9.90,13.30,12.70,13.30,11925,"30,12,57,420.00","1,51,170.00",6975,6975
2025-12-01,2025-12-16,PE,"27,250.00","1,002.15","1,002.15",993.85,993.85,993.85,"1,026.90",150,"42,37,200.00","1,49,700.00",75,0
2025-12-01,2025-12-16,PE,"24,950.00",9.50,10.15,7.60,8.55,8.10,8.55,3000,"7,48,76,482.50","26,482.50",1275,0
2025-12-01,2025-12-16,CE,"24,600.00","1,647.95","1,650.75","1,647.95","1,650.75","1,650.75","1,634.60",150,"39,37,402.50","2,47,402.50",75,0
2025-12-01,2025-12-16,PE,"26,250.00",149.95,218.65,146.20,200.75,198.00,200.75,323025,"8,53,78,36,582.50","5,84,30,332.50",108900,36750
2025-12-01,2025-12-16,CE,"27,050.00",24.00,24.35,13.60,15.20,15.20,15.20,69600,"1,88,39,39,823.75","12,59,823.75",24525,12000
2025-12-01,2025-12-16,CE,"26,100.00",399.75,410.95,293.20,310.70,306.45,310.70,274875,"7,26,41,42,553.75","8,99,05,053.75",133575,40200
2025-12-01,2025-12-16,PE,"26,650.00",358.05,461.80,351.00,440.80,437.05,440.80,4350,"11,77,06,218.75","17,78,718.75",1800,150
2025-12-01,2025-12-16,PE,"25,400.00",16.35,24.15,15.35,20.15,20.45,20.15,300225,"7,63,15,04,910.00","57,89,910.00",175050,64650
2025-12-01,2025-12-16,CE,"25,800.00",640.00,644.00,510.05,529.35,532.40,529.35,76350,"2,01,26,35,406.25","4,28,05,406.25",54225,45375
2025-12-01,2025-12-16,CE,"24,850.00","1,409.00","1,409.00","1,403.65","1,403.65","1,403.65","1,387.20",150,"39,38,448.75","2,10,948.75",75,0
2025-12-01,2025-12-16,CE,"27,900.00",3.10,3.75,2.00,2.60,2.65,2.60,93300,"2,60,32,90,256.25","2,20,256.25",48375,41475
2025-12-01,2025-12-16,CE,"26,300.00",278.05,279.70,184.35,198.00,195.25,198.00,1045950,"27,74,51,20,222.50","23,66,35,222.50",398400,194625
2025-12-01,2025-12-16,CE,"27,800.00",3.90,4.10,2.60,3.35,3.75,3.35,51675,"1,43,67,32,163.75","1,67,163.75",63075,1050
2025-12-01,2025-12-16,PE,"24,700.00",5.80,8.30,5.10,6.95,6.00,6.95,10275,"25,38,55,170.00","62,670.00",15750,2625
2025-12-01,2025-12-16,CE,"25,950.00",497.05,532.10,398.15,414.90,416.90,414.90,2850,"7,52,81,392.50","13,23,892.50",3075,225
2025-12-01,2025-12-16,PE,"27,900.00","1,618.95","1,618.95","1,618.95","1,618.95","1,618.95","1,618.95",75,"22,13,921.25","1,21,421.25",0,-75
2025-12-02,2025-12-16,PE,"27,450.00","1,314.70","1,314.70","1,314.70","1,314.70","1,314.70","1,360.80",75,"21,57,352.50","98,602.50",150,0
2025-12-02,2025-12-16,CE,"24,050.00","2,078.30","2,078.30","2,078.30","2,078.30","2,078.30","2,035.20",75,"19,59,622.50","1,55,872.50",75,0
2025-12-02,2025-12-16,CE,"24,750.00","1,396.55","1,396.55","1,396.55","1,396.55","1,396.55","1,396.55",75,"19,60,991.25","1,04,741.25",75,75
2025-12-02,2025-12-16,CE,"25,950.00",394.05,396.85,305.40,323.10,328.45,323.10,20325,"53,42,46,701.25","68,12,951.25",9450,6375
2025-12-02,2025-12-16,PE,"24,700.00",7.00,7.00,4.30,6.00,5.45,6.00,28425,"70,22,71,125.00","1,73,625.00",27525,11775
2025-12-02,2025-12-16,CE,"25,200.00","1,075.35","1,075.35",954.00,954.70,954.70,906.50,1875,"4,90,91,681.25","18,41,681.25",7800,1650
2025-12-02,2025-12-16,CE,"26,950.00",17.80,20.70,11.60,12.45,12.40,12.45,214125,"5,77,40,81,036.25","34,12,286.25",53100,10125
2025-12-02,2025-12-16,PE,"26,600.00",450.00,517.00,414.40,493.90,481.45,493.90,16350,"44,27,00,088.75","77,90,088.75",28725,1050
2025-12-02,2025-12-16,CE,"24,950.00","1,186.65","1,186.65","1,186.65","1,186.65","1,186.65","1,143.85",75,"19,60,248.75","88,998.75",75,0
2025-12-02,2025-12-16,CE,"26,650.00",64.95,64.95,36.15,39.05,40.75,39.05,201375,"5,37,57,27,018.75","90,83,268.75",62700,47400
2025-12-02,2025-12-16,CE,"26,250.00",203.60,212.40,145.00,152.60,158.10,152.60,262875,"6,94,43,49,900.00","4,38,81,150.00",144075,59700
2025-12-02,2025-12-16,PE,"25,350.00",18.70,22.80,17.45,19.10,17.95,19.10,60150,"1,52,60,24,463.75","12,21,963.75",40125,23025
2025-12-02,2025-12-16,CE,"27,350.00",7.20,7.20,4.10,4.70,5.20,4.70,14250,"38,98,16,426.25","78,926.25",2850,2850
2025-12-02,2025-12-16,PE,"26,050.00",134.35,171.85,127.40,154.55,151.60,154.55,341250,"8,94,26,39,572.50","5,30,77,072.50",74625,48075
2025-12-02,2025-12-16,CE,"27,450.00",5.55,6.45,3.55,3.95,4.45,3.95,34275,"94,10,04,461.25","1,55,711.25",25950,3750
2025-12-02,2025-12-16,CE,"24,700.00","1,498.15","1,498.15","1,414.80","1,414.80","1,414.80","1,388.65",225,"58,86,607.50","3,29,107.50",300,225
2025-12-02,2025-12-16,CE,"27,500.00",5.35,6.40,3.50,3.80,3.70,3.80,386625,"10,63,38,57,367.50","16,69,867.50",367050,40125
2025-12-02,2025-12-16,CE,"26,450.00",124.55,124.55,76.45,81.45,86.95,81.45,188400,"5,00,05,55,137.50","1,73,75,137.50",47175,25200
2025-12-02,2025-12-16,PE,"27,250.00","1,104.35","1,104.35","1,095.75","1,100.05","1,095.75","1,100.05",150,"42,52,507.50","1,65,007.50",75,0
2025-12-02,2025-12-16,PE,"27,600.00","1,455.80","1,455.85","1,440.85","1,449.10","1,445.20","1,449.10",450,"1,30,72,098.75","6,52,098.75",75,75
2025-12-02,2025-12-16,CE,"26,300.00",185.30,185.60,124.85,134.75,138.25,134.75,1369650,"36,22,06,70,167.50","19,88,75,167.50",689475,291075
2025-12-02,2025-12-16,CE,"25,550.00",645.85,645.85,645.85,645.85,645.85,600.80,75,"19,64,688.75","48,438.75",75,75
2025-12-02,2025-12-16,CE,"27,950.00",2.35,2.35,1.60,1.95,1.70,1.95,11700,"32,70,36,817.50","21,817.50",12525,5550
2025-12-02,2025-12-16,PE,"24,200.00",4.45,5.05,3.15,3.35,3.15,3.35,3450,"8,35,03,072.50","13,072.50",4125,2850
2025-12-02,2025-12-16,PE,"26,100.00",148.00,195.15,143.45,174.05,169.10,174.05,1337400,"35,13,90,16,312.50","23,28,76,312.50",416475,168300
2025-12-02,2025-12-16,CE,"27,850.00",2.90,2.90,2.70,2.70,2.70,2.70,150,"41,77,920.00",420.00,3300,75
2025-12-02,2025-12-16,PE,"24,650.00",6.95,6.95,5.60,5.90,5.90,5.90,825,"2,03,41,301.25","5,051.25",3000,600
2025-12-02,2025-12-16,PE,"25,900.00",91.75,117.80,83.90,99.15,99.10,99.15,731550,"19,02,24,05,250.00","7,52,60,250.00",277575,82575
2025-12-02,2025-12-16,PE,"26,650.00",443.10,572.25,443.10,523.70,526.50,523.70,2250,"6,11,47,143.75","11,84,643.75",1875,75
2025-12-02,2025-12-16,PE,"24,400.00",4.00,6.55,4.00,6.55,6.55,0.40,300,"73,21,642.50","1,642.50",1725,225
2025-12-02,2025-12-16,PE,"26,200.00",175.85,245.15,175.85,223.60,216.35,223.60,876975,"23,16,80,36,640.00","19,12,91,640.00",370050,31350
2025-12-02,2025-12-16,CE,"25,350.00",901.60,901.75,795.60,845.60,845.60,845.60,450,"1,17,89,355.00","3,81,855.00",150,0
2025-12-02,2025-12-16,CE,"24,350.00","1,806.70","1,806.70","1,791.20","1,798.95","1,791.20","1,798.95",150,"39,22,342.50","2,69,842.50",0,0
2025-12-02,2025-12-16,PE,"27,150.00","1,005.60","1,005.60",996.95,"1,001.30",996.95,"1,001.30",150,"42,22,691.25","1,50,191.25",0,0
2025-12-02,2025-12-16,CE,"27,650.00",4.60,4.60,2.90,3.60,3.60,3.60,1050,"2,90,36,715.00","4,215.00",4800,600
2025-12-02,2025-12-16,PE,"24,900.00",9.00,10.05,6.60,8.25,7.50,8.25,51525,"1,28,33,98,852.50","4,26,352.50",41250,-1425
2025-12-02,2025-12-16,PE,"24,950.00",10.00,10.10,6.50,8.20,7.65,8.20,1350,"3,36,94,683.75","12,183.75",2100,825
2025-12-02,2025-12-16,CE,"26,700.00",49.80,52.70,30.00,32.10,33.90,32.10,845025,"22,59,40,59,367.50","3,18,91,867.50",284100,58650
2025-12-02,2025-12-16,CE,"26,350.00",147.65,163.30,106.50,113.70,119.40,113.70,182775,"4,83,99,75,738.75","2,38,54,488.75",69000,8625
2025-12-02,2025-12-16,CE,"24,400.00","1,726.15","1,726.15","1,726.15","1,726.15","1,726.15","1,686.35",75,"19,59,461.25","1,29,461.25",150,0
2025-12-02,2025-12-16,PE,"25,150.00",11.40,13.50,10.25,11.10,10.25,11.10,26250,"66,04,96,436.25","3,08,936.25",15600,4650
2025-12-02,2025-12-16,CE,"24,150.00","2,022.05","2,022.05","2,022.05","2,022.05","2,022.05","2,022.05",75,"19,62,903.75","1,51,653.75",75,75
2025-12-02,2025-12-16,PE,"27,500.00","1,259.45","1,315.00","1,246.85","1,315.00","1,315.00","1,410.00",225,"64,74,097.50","2,86,597.50",375,75
2025-12-02,2025-12-16,PE,"27,100.00",970.05,970.05,964.15,967.10,964.15,967.10,150,"42,10,065.00","1,45,065.00",150,75
2025-12-02,2025-12-16,CE,"24,650.00","1,505.10","1,505.90","1,490.65","1,499.70","1,505.90","1,499.70",375,"98,06,133.75","5,62,383.75",225,225
2025-12-02,2025-12-16,CE,"24,850.00","1,285.30","1,285.30","1,285.30","1,285.30","1,285.30","1,241.20",75,"19,60,147.50","96,397.50",75,0
2025-12-02,2025-12-16,CE,"26,600.00",79.50,79.50,43.75,47.35,49.25,47.35,978075,"26,07,18,04,492.50","5,50,09,492.50",257850,90150
2025-12-02,2025-12-16,CE,"26,200.00",226.75,239.00,166.50,176.80,180.00,176.80,1302825,"34,38,48,78,011.25","25,08,63,011.25",639600,295350
2025-12-02,2025-12-16,CE,"23,950.00","2,181.55","2,181.55","2,181.55","2,181.55","2,181.55","2,181.55",75,"19,59,866.25","1,63,616.25",150,0
2025-12-02,2025-12-16,PE,"25,000.00",9.20,10.35,7.10,8.30,7.90,8.30,515025,"12,88,02,76,121.25","46,51,121.25",351450,74250
2025-12-02,2025-12-16,CE,"25,700.00",592.65,592.65,490.00,500.95,517.55,500.95,19200,"50,34,98,047.50","1,00,58,047.50",35550,9975
2025-12-02,2025-12-16,PE,"27,650.00","1,489.00","1,489.00","1,477.30","1,483.15","1,477.30","1,483.15",150,"43,69,972.50","2,22,472.50",1125,0
2025-12-02,2025-12-16,CE,"25,050.00","1,089.00","1,089.00","1,089.00","1,089.00","1,089.00","1,047.70",75,"19,60,425.00","81,675.00",75,75
2025-12-02,2025-12-16,CE,"25,800.00",480.05,512.00,408.30,426.25,431.10,426.25,76125,"1,99,74,37,196.25","3,34,12,196.25",83925,29700
2025-12-02,2025-12-16,CE,"26,100.00",286.40,298.50,215.10,228.15,233.15,228.15,1058625,"27,88,79,85,285.00","25,78,72,785.00",394125,260550
2025-12-02,2025-12-16,PE,"26,950.00",818.40,818.40,811.95,815.20,811.95,815.20,150,"41,64,776.25","1,22,276.25",150,75
2025-12-02,2025-12-16,PE,"27,550.00","1,409.55","1,409.75","1,393.15","1,401.45","1,393.25","1,401.45",450,"1,30,28,141.25","6,30,641.25",0,0
2025-12-02,2025-12-16,CE,"25,900.00",410.20,439.85,338.95,359.55,359.95,359.55,137175,"3,60,36,13,848.75","5,07,81,348.75",77925,30450
2025-12-02,2025-12-16,PE,"25,550.00",33.45,41.70,31.85,35.15,34.20,35.15,204675,"5,23,70,52,315.00","76,06,065.00",60450,25500
2025-12-02,2025-12-16,CE,"25,250.00",895.45,895.45,890.45,890.45,890.45,860.50,150,"39,21,442.50","1,33,942.50",0,0
2025-12-02,2025-12-16,CE,"25,000.00","1,200.00","1,205.35","1,130.00","1,130.00","1,130.00","1,095.60",750,"1,96,35,618.75","8,85,618.75",1350,600
2025-12-02,2025-12-16,PE,"27,850.00","1,700.00","1,700.00","1,688.35","1,694.20","1,688.35","1,694.20",150,"44,31,626.25","2,54,126.25",0,0
2025-12-02,2025-12-16,CE,"26,150.00",258.40,272.30,191.30,200.95,208.50,200.95,299325,"7,89,31,30,192.50","6,57,81,442.50",96900,65700
2025-12-02,2025-12-16,CE,"24,600.00","1,532.80","1,532.80","1,532.80","1,532.80","1,532.80","1,487.60",75,"19,59,960.00","1,14,960.00",75,0
2025-12-02,2025-12-16,PE,"25,100.00",6.90,13.70,6.90,9.85,9.65,9.85,108375,"2,72,13,57,468.75","11,44,968.75",97500,24750
2025-12-02,2025-12-16,PE,"26,150.00",165.00,218.80,161.20,198.95,188.25,198.95,283200,"7,46,03,09,632.50","5,46,29,632.50",76350,23550
2025-12-02,2025-12-16,CE,"27,200.00",8.75,9.50,5.50,6.00,6.20,6.00,665850,"18,11,61,40,162.50","50,20,162.50",165225,-99075
2025-12-02,2025-12-16,CE,"24,300.00","1,830.35","1,830.35","1,830.35","1,830.35","1,830.35","1,785.95",75,"19,59,776.25","1,37,276.25",75,0
2025-12-02,2025-12-16,CE,"25,750.00",518.50,518.50,454.90,474.75,477.00,474.75,675,"1,77,00,675.00","3,19,425.00",600,300
2025-12-02,2025-12-16,CE,"24,000.00","2,264.80","2,264.80","2,160.00","2,160.00","2,160.00","2,085.10",300,"78,62,771.25","6,62,771.25",1200,150
2025-12-02,2025-12-16,CE,"26,050.00",324.00,332.75,244.80,258.00,265.00,258.00,237525,"6,25,16,35,488.75","6,41,09,238.75",84975,73425
2025-12-02,2025-12-16,CE,"27,800.00",3.35,3.70,1.85,2.10,1.85,2.10,102525,"2,85,04,60,338.75","2,65,338.75",66900,3825
2025-12-02,2025-12-16,PE,"24,800.00",8.20,8.55,5.75,6.95,6.90,6.95,110625,"2,74,43,15,081.25","8,15,081.25",215475,5700
2025-12-02,2025-12-16,PE,"26,550.00",388.60,464.90,382.80,457.55,461.45,457.55,2175,"5,87,08,965.00","9,62,715.00",2025,150
2025-12-02,2025-12-16,PE,"24,750.00",6.60,7.35,5.05,6.10,6.15,6.10,3975,"9,84,05,955.00","24,705.00",4050,2100
2025-12-02,2025-12-16,CE,"27,900.00",2.40,3.00,1.60,1.85,1.60,1.85,25200,"70,31,41,027.50","61,027.50",54225,5850
2025-12-02,2025-12-16,CE,"25,150.00","1,000.00","1,000.00","1,000.00","1,000.00","1,000.00",953.05,75,"19,61,250.00","75,000.00",75,75
2025-12-02,2025-12-16,CE,"26,800.00",25.15,36.20,20.15,21.60,22.40,21.60,1592775,"42,72,93,59,775.00","4,29,89,775.00",522525,15450
2025-12-02,2025-12-16,PE,"26,350.00",275.00,333.50,259.95,308.90,301.50,308.90,25200,"67,14,23,928.75","74,03,928.75",19200,-1350
2025-12-02,2025-12-16,PE,"25,200.00",12.40,15.00,10.80,12.45,11.80,12.45,234075,"5,90,18,24,017.50","31,34,017.50",155550,27075
2025-12-02,2025-12-16,PE,"26,400.00",306.00,366.15,287.15,344.60,329.15,344.60,85650,"2,28,99,75,326.25","2,88,15,326.25",100500,-10800
2025-12-02,2025-12-16,PE,"25,500.00",28.10,36.90,26.25,30.25,29.75,30.25,1115100,"28,47,07,54,942.50","3,57,04,942.50",590925,64950
2025-12-02,2025-12-16,CE,"27,400.00",5.00,6.65,3.70,4.45,3.80,4.45,76725,"2,10,26,24,073.75","3,59,073.75",38475,3525
2025-12-02,2025-12-16,CE,"27,600.00",3.50,4.45,2.90,3.30,3.15,3.30,19800,"54,65,55,082.50","75,082.50",35175,-75
2025-12-02,2025-12-16,CE,"26,850.00",27.75,29.85,16.45,17.35,18.00,17.35,203400,"5,46,57,27,412.50","44,37,412.50",81075,49275
2025-12-02,2025-12-16,PE,"27,350.00","1,208.30","1,208.30","1,193.30","1,201.55","1,197.65","1,201.55",450,"1,28,48,190.00","5,40,690.00",150,150
2025-12-02,2025-12-16,PE,"26,250.00",219.80,272.75,206.05,250.10,242.70,250.10,117675,"3,11,71,86,772.50","2,82,18,022.50",108375,-525
2025-12-02,2025-12-16,PE,"26,000.00",121.05,154.90,110.00,135.30,128.95,135.30,2004675,"52,39,43,17,470.00","27,27,67,470.00",733575,210375
2025-12-02,2025-12-16,PE,"26,500.00",374.95,440.35,352.60,418.85,406.25,418.85,115500,"3,10,72,27,687.50","4,64,77,687.50",103500,-2250
2025-12-02,2025-12-16,PE,"25,400.00",21.00,26.30,19.95,22.20,20.40,22.20,479625,"12,19,38,52,215.00","1,13,77,215.00",242025,66975
2025-12-02,2025-12-16,CE,"27,750.00",3.40,3.40,2.75,2.75,2.75,2.75,450,"1,24,88,883.75","1,383.75",825,0
2025-12-02,2025-12-16,CE,"24,200.00","1,972.25","1,972.25","1,972.25","1,972.25","1,972.25","1,972.25",75,"19,62,918.75","1,47,918.75",75,0
2025-12-02,2025-12-16,PE,"25,250.00",14.30,17.10,12.90,13.85,13.25,13.85,35250,"89,05,93,938.75","5,31,438.75",22575,15600
2025-12-02,2025-12-16,PE,"27,900.00","1,740.10","1,740.10","1,740.10","1,740.10","1,740.10","1,740.10",75,"22,23,007.50","1,30,507.50",75,75
2025-12-02,2025-12-16,PE,"26,800.00",583.80,685.60,583.80,657.20,651.00,657.20,8100,"22,23,41,966.25","52,61,966.25",26925,4650
2025-12-02,2025-12-16,CE,"26,900.00",23.20,24.65,13.90,14.90,15.00,14.90,474150,"12,76,34,35,668.75","88,00,668.75",93675,-975
2025-12-02,2025-12-16,PE,"25,050.00",9.70,10.85,7.95,8.65,8.95,8.65,23175,"58,07,42,325.00","2,08,575.00",18750,15825
2025-12-02,2025-12-16,PE,"26,850.00",631.15,714.25,631.15,713.00,714.25,713.00,750,"2,06,57,647.50","5,20,147.50",600,450
2025-12-02,2025-12-16,CE,"27,000.00",17.75,17.75,10.20,10.80,11.45,10.80,1857900,"50,18,76,25,162.50","2,43,25,162.50",655050,142500
2025-12-02,2025-12-16,PE,"25,700.00",51.15,65.10,47.65,55.70,53.75,55.70,517575,"13,33,13,52,652.50","2,96,75,152.50",350925,88350
2025-12-02,2025-12-16,PE,"25,800.00",68.95,86.85,62.50,75.65,71.85,75.65,706050,"18,27,04,66,901.25","5,43,76,901.25",457575,118500
2025-12-02,2025-12-16,PE,"27,750.00","1,602.30","1,602.30","1,591.20","1,596.75","1,591.20","1,596.75",150,"44,02,012.50","2,39,512.50",0,0
2025-12-02,2025-12-16,PE,"24,850.00",8.40,8.45,6.75,7.00,7.00,7.00,3300,"8,20,28,280.00","23,280.00",3675,2925
2025-12-02,2025-12-16,PE,"24,600.00",7.30,7.30,4.40,5.10,5.30,5.10,16050,"39,49,20,577.50","90,577.50",20475,900
2025-12-02,2025-12-16,PE,"27,700.00","1,555.05","1,555.10","1,539.95","1,547.65","1,539.95","1,547.65",300,"87,74,291.25","4,64,291.25",75,0
2025-12-02,2025-12-16,PE,"25,950.00",105.20,133.05,98.50,118.80,112.80,118.80,190275,"4,96,03,42,248.75","2,27,05,998.75",49575,11100
2025-12-02,2025-12-16,PE,"26,300.00",252.00,303.20,230.80,279.05,271.00,279.05,472275,"12,55,02,41,546.25","12,94,09,046.25",258375,3225
2025-12-02,2025-12-16,PE,"27,800.00","1,610.00","1,655.25","1,610.00","1,655.25","1,655.25","1,655.25",150,"44,14,893.75","2,44,893.75",150,0
2025-12-02,2025-12-16,PE,"27,950.00","1,785.25","1,786.35","1,765.90","1,776.05","1,765.95","1,776.05",900,"2,67,53,418.75","15,98,418.75",0,0
2025-12-02,2025-12-16,PE,"25,300.00",16.30,19.55,14.55,16.25,15.05,16.25,262050,"6,63,44,06,583.75","45,41,583.75",167925,64350
2025-12-02,2025-12-16,CE,"27,700.00",4.35,4.35,2.75,3.10,2.75,3.10,85350,"2,36,44,95,926.25","3,00,926.25",236250,-10425
2025-12-02,2025-12-16,CE,"27,250.00",9.75,9.75,5.25,5.80,6.00,5.80,24450,"66,64,13,782.50","1,51,282.50",13650,13425
2025-12-02,2025-12-16,CE,"26,750.00",37.30,44.75,24.65,26.30,28.00,26.30,252825,"6,77,09,63,775.00","78,95,025.00",64050,34425
2025-12-02,2025-12-16,PE,"27,300.00","1,055.90","1,170.00","1,055.90","1,170.00","1,170.00","1,214.15",225,"63,92,193.75","2,49,693.75",225,150
2025-12-02,2025-12-16,PE,"25,600.00",38.85,49.00,35.15,41.05,39.65,41.05,610200,"15,64,70,06,325.00","2,58,86,325.00",315675,60900
2025-12-02,2025-12-16,CE,"24,550.00","1,591.25","1,591.25","1,591.25","1,591.25","1,591.25","1,591.25",75,"19,60,593.75","1,19,343.75",75,0
2025-12-02,2025-12-16,PE,"27,000.00",810.45,875.00,810.45,875.00,875.00,928.50,1200,"3,34,09,110.00","10,09,110.00",2100,375
2025-12-02,2025-12-16,CE,"27,050.00",13.50,13.50,8.00,8.95,8.80,8.95,166050,"4,49,34,80,872.50","18,28,372.50",42300,17775
2025-12-02,2025-12-16,CE,"25,650.00",635.30,635.30,538.80,555.70,561.00,555.70,1275,"3,34,31,658.75","7,27,908.75",675,450
2025-12-02,2025-12-16,CE,"24,450.00","1,724.10","1,724.10","1,724.10","1,724.10","1,724.10","1,724.10",75,"19,63,057.50","1,29,307.50",75,75
2025-12-02,2025-12-16,CE,"25,600.00",666.45,682.65,572.20,579.45,599.90,579.45,37425,"98,07,43,706.25","2,26,63,706.25",172650,27225
2025-12-02,2025-12-16,PE,"26,450.00",331.90,395.00,319.40,375.40,368.85,375.40,12000,"32,18,14,166.25","44,14,166.25",3075,-525
2025-12-02,2025-12-16,CE,"25,300.00",920.00,920.00,854.90,854.90,854.90,854.90,1050,"2,74,84,830.00","9,19,830.00",975,600
2025-12-02,2025-12-16,CE,"26,500.00",101.00,112.05,64.15,69.20,71.90,69.20,1652850,"43,93,54,60,905.00","13,49,35,905.00",590925,128100
2025-12-02,2025-12-16,CE,"27,150.00",9.85,10.30,5.75,6.50,7.05,6.50,27600,"74,95,58,137.50","2,18,137.50",20925,3675
2025-12-02,2025-12-16,PE,"26,700.00",500.00,601.35,500.00,588.45,563.25,588.45,11850,"32,33,20,001.25","69,25,001.25",36225,-4425
2025-12-02,2025-12-16,PE,"24,550.00",6.45,6.45,4.50,4.50,4.50,4.50,450,"1,10,50,110.00","2,610.00",1050,300
2025-12-02,2025-12-16,PE,"26,750.00",545.05,631.20,545.05,622.70,625.00,622.70,1350,"3,69,38,096.25","8,25,596.25",975,150
2025-12-02,2025-12-16,PE,"27,200.00","1,059.50","1,059.65","1,044.90","1,053.05","1,049.20","1,053.05",450,"1,27,13,857.50","4,73,857.50",75,0
2025-12-02,2025-12-16,CE,"27,300.00",7.65,7.85,4.60,5.05,4.90,5.05,344850,"9,41,64,68,167.50","20,63,167.50",179550,46650
2025-12-02,2025-12-16,CE,"24,500.00","1,631.70","1,631.70","1,631.70","1,631.70","1,631.70","1,586.85",75,"19,59,877.50","1,22,377.50",225,0
2025-12-02,2025-12-16,CE,"26,400.00",131.20,143.80,90.45,97.35,100.25,97.35,883800,"23,42,98,16,868.75","9,74,96,868.75",412950,88425
2025-12-02,2025-12-16,CE,"26,550.00",80.90,89.95,53.35,55.65,59.95,55.65,351000,"9,34,19,09,996.25","2,28,59,996.25",117750,68475
2025-12-02,2025-12-16,CE,"24,250.00","1,877.65","1,883.25","1,877.65","1,880.45","1,883.25","1,880.45",150,"39,19,567.50","2,82,067.50",225,-75
2025-12-02,2025-12-16,CE,"25,500.00",740.05,775.00,657.40,685.00,694.85,685.00,24525,"64,26,12,851.25","1,72,25,351.25",22200,12525
2025-12-02,2025-12-16,CE,"27,100.00",11.95,12.20,7.05,7.70,8.50,7.70,417975,"11,33,10,97,222.50","39,74,722.50",157575,33525
2025-12-02,2025-12-16,CE,"24,100.00","2,133.25","2,133.25","2,037.95","2,037.95","2,037.95","1,985.35",225,"58,94,602.50","4,72,102.50",150,-75
2025-12-02,2025-12-16,PE,"27,050.00",921.50,921.50,915.75,918.65,915.75,918.65,150,"41,95,293.75","1,37,793.75",0,0
2025-12-02,2025-12-16,PE,"25,450.00",25.15,30.80,23.20,26.75,24.05,26.75,119775,"3,05,15,78,096.25","33,04,346.25",52125,23550
2025-12-02,2025-12-16,CE,"24,800.00","1,338.15","1,338.15","1,338.15","1,338.15","1,338.15","1,290.15",75,"19,60,361.25","1,00,361.25",75,0
2025-12-02,2025-12-16,PE,"24,500.00",5.70,6.20,4.25,4.80,4.90,4.80,199500,"4,88,88,25,087.50","10,75,087.50",206775,25650
2025-12-02,2025-12-16,PE,"25,850.00",80.65,100.40,73.45,89.60,86.10,89.60,133125,"3,45,31,42,275.00","1,18,61,025.00",45000,21300
2025-12-02,2025-12-16,CE,"25,450.00",815.95,815.95,704.80,738.60,738.60,738.60,300,"78,57,678.75","2,22,678.75",75,0
2025-12-02,2025-12-16,CE,"27,550.00",5.55,5.55,3.50,3.75,3.50,3.75,14025,"38,64,49,260.00","60,510.00",17400,1875
2025-12-02,2025-12-16,CE,"25,850.00",431.20,431.20,374.10,392.10,388.10,392.10,2250,"5,90,57,283.75","8,94,783.75",3075,1800
2025-12-02,2025-12-16,CE,"25,400.00",820.00,820.00,749.75,749.75,749.75,726.65,600,"1,57,06,860.00","4,66,860.00",225,150
2025-12-02,2025-12-16,PE,"25,750.00",57.00,75.20,55.40,64.80,63.70,64.80,117375,"3,03,03,61,038.75","79,54,788.75",46350,17775
2025-12-02,2025-12-16,CE,"24,900.00","1,274.35","1,278.50","1,274.35","1,274.35","1,274.35","1,192.40",1500,"3,92,62,436.25","19,12,436.25",1575,1500
2025-12-02,2025-12-16,PE,"26,900.00",780.90,780.90,780.90,780.90,780.90,836.95,75,"20,76,067.50","58,567.50",225,-75
2025-12-02,2025-12-16,PE,"25,650.00",45.10,56.00,41.65,45.70,45.20,45.70,266025,"6,83,62,76,111.25","1,27,34,861.25",88200,59550
2025-12-02,2025-12-16,CE,"26,000.00",352.95,364.25,271.25,288.90,295.70,288.90,1031775,"27,13,37,42,775.00","30,75,92,775.00",384375,242625
2025-12-02,2025-12-16,CE,"25,100.00","1,111.45","1,111.45","1,093.30","1,093.30","1,093.30","1,000.15",150,"39,30,356.25","1,65,356.25",75,75
2025-12-02,2025-12-16,PE,"27,400.00","1,267.90","1,267.90","1,267.90","1,267.90","1,267.90","1,311.70",75,"21,50,092.50","95,092.50",300,0
2025-12-02,2025-12-16,PE,"24,000.00",3.40,6.80,3.10,4.25,3.95,4.25,184800,"4,43,59,40,216.25","7,40,216.25",143325,79275
2025-12-03,2025-12-16,CE,"24,900.00","1,115.25","1,163.35","1,106.95","1,163.00","1,163.35","1,163.00",825,"2,14,69,635.00","9,27,135.00",1725,150
2025-12-03,2025-12-16,CE,"24,500.00","1,540.35","1,582.50","1,540.35","1,576.70","1,570.55","1,576.70",375,"97,76,032.50","5,88,532.50",375,150
2025-12-03,2025-12-16,CE,"25,900.00",350.00,350.00,234.05,282.90,286.05,282.90,1476600,"38,62,97,06,876.25","38,57,66,876.25",223425,145500
2025-12-03,2025-12-16,PE,"24,800.00",6.95,9.40,6.10,6.60,7.15,6.60,455025,"11,28,80,43,986.25","34,23,986.25",244500,29025
2025-12-03,2025-12-16,CE,"26,000.00",284.95,284.95,179.85,222.10,223.35,222.10,4768425,"1,24,96,98,00,333.75","99,07,50,333.75",1329150,944775
2025-12-03,2025-12-16,CE,"25,500.00",650.05,650.05,529.50,603.40,605.80,603.40,61800,"1,61,10,02,943.75","3,51,02,943.75",31800,9600
2025-12-03,2025-12-16,CE,"26,250.00",139.35,141.85,83.05,106.05,108.85,106.05,1117650,"29,45,11,92,652.50","11,28,80,152.50",210750,66675
2025-12-03,2025-12-16,PE,"26,650.00",600.00,676.75,600.00,644.60,644.60,656.85,1200,"3,27,68,238.75","7,88,238.75",1950,75
2025-12-03,2025-12-16,CE,"25,200.00",836.65,891.00,806.95,869.65,881.00,869.65,10425,"27,15,11,257.50","88,01,257.50",14475,6675
2025-12-03,2025-12-16,PE,"26,700.00",634.00,723.20,623.00,644.45,641.00,644.45,18000,"49,25,81,298.75","1,19,81,298.75",32625,-3600
2025-12-03,2025-12-16,PE,"25,300.00",17.45,26.85,16.90,17.95,17.60,17.95,1326300,"33,58,52,92,181.25","2,99,02,181.25",399900,231975
2025-12-03,2025-12-16,PE,"26,150.00",208.50,288.90,206.80,226.35,221.55,226.35,299325,"7,90,11,79,218.75","7,38,30,468.75",89775,13425
2025-12-03,2025-12-16,PE,"27,050.00",969.60,969.60,961.10,964.90,963.90,964.90,225,"63,03,345.00","2,17,095.00",150,150
2025-12-03,2025-12-16,PE,"27,400.00","1,373.95","1,373.95","1,337.30","1,340.10","1,337.30","1,340.10",225,"64,69,061.25","3,04,061.25",150,-150
2025-12-03,2025-12-16,PE,"25,100.00",10.45,15.95,10.05,10.65,10.05,10.65,616500,"15,48,18,88,773.75","77,38,773.75",169725,72225
2025-12-03,2025-12-16,PE,"25,850.00",100.00,138.35,91.40,98.35,94.80,98.35,685575,"17,80,13,84,876.25","7,92,71,126.25",123900,78900
2025-12-03,2025-12-16,PE,"26,450.00",476.85,504.45,423.45,432.30,427.00,432.30,7125,"19,18,43,130.00","33,86,880.00",3075,0
2025-12-03,2025-12-16,CE,"26,300.00",130.00,130.05,69.50,90.40,91.00,90.40,2690925,"71,00,56,30,672.50","23,43,03,172.50",1011525,322050
2025-12-03,2025-12-16,CE,"24,150.00","1,887.25","1,921.00","1,887.25","1,914.45","1,907.85","1,914.45",225,"58,62,457.50","4,28,707.50",150,75
2025-12-03,2025-12-16,CE,"26,650.00",34.10,34.10,18.00,23.25,23.95,23.25,444900,"11,86,67,98,586.25","1,02,13,586.25",83250,20550
2025-12-03,2025-12-16,CE,"25,400.00",712.05,726.00,621.95,684.65,695.00,684.65,26475,"69,04,76,186.25","1,80,11,186.25",23400,23175
2025-12-03,2025-12-16,PE,"27,950.00","1,877.00","1,880.95","1,851.65","1,865.35","1,851.65","1,865.35",750,"2,23,61,512.50","13,99,012.50",225,225
2025-12-03,2025-12-16,CE,"27,300.00",5.00,5.50,3.35,3.95,3.90,3.95,653850,"17,85,26,01,105.00","24,96,105.00",272550,93000
2025-12-03,2025-12-16,CE,"25,950.00",315.00,323.65,206.20,251.40,255.20,251.40,1029075,"26,94,22,20,457.50","23,77,24,207.50",114600,105150
2025-12-03,2025-12-16,CE,"25,750.00",428.10,428.10,333.00,393.35,394.75,393.35,40200,"1,04,97,97,083.75","1,46,47,083.75",10125,9525
2025-12-03,2025-12-16,PE,"24,550.00",5.40,6.20,4.40,4.55,5.00,4.55,29925,"73,48,23,401.25","1,64,651.25",5475,4425
2025-12-03,2025-12-16,PE,"24,900.00",9.50,10.05,7.00,7.35,7.00,7.35,290400,"7,23,34,43,017.50","24,83,017.50",74925,33675
2025-12-03,2025-12-16,PE,"27,650.00","1,550.00","1,595.40","1,550.00","1,593.55","1,594.20","1,593.55",1725,"5,03,96,111.25","26,99,861.25",525,-600
2025-12-03,2025-12-16,CE,"26,750.00",22.75,22.95,12.70,15.80,16.30,15.80,469725,"12,57,25,06,938.75","73,63,188.75",87225,23175
2025-12-03,2025-12-16,PE,"24,100.00",4.75,4.75,2.70,3.35,3.10,3.35,10425,"25,12,82,718.75","40,218.75",4200,4200
2025-12-03,2025-12-16,CE,"26,450.00",80.60,80.65,39.50,51.50,52.75,51.50,851100,"22,55,45,09,077.50","4,29,14,077.50",135900,88725
2025-12-03,2025-12-16,PE,"27,300.00","1,238.55","1,238.55","1,220.70","1,229.10","1,220.70","1,229.10",225,"64,19,040.00","2,76,540.00",150,-75
2025-12-03,2025-12-16,PE,"25,650.00",52.35,78.80,49.60,54.15,50.10,54.15,689400,"17,72,65,63,297.50","4,34,53,297.50",107250,19050
2025-12-03,2025-12-16,CE,"27,800.00",2.30,2.30,1.60,1.70,2.00,1.70,227475,"6,32,42,31,963.75","4,26,963.75",86400,19500
2025-12-03,2025-12-16,CE,"24,850.00","1,145.75","1,201.25","1,145.75","1,201.25","1,201.25","1,190.95",375,"97,56,468.75","4,37,718.75",225,150
2025-12-03,2025-12-16,PE,"25,450.00",28.55,42.45,26.10,27.75,26.40,27.75,469275,"11,95,85,95,788.75","1,55,47,038.75",144450,92325
2025-12-03,2025-12-16,PE,"26,300.00",289.05,392.85,289.05,320.80,314.95,320.80,351300,"9,35,96,62,312.50","12,04,72,312.50",273825,15450
2025-12-03,2025-12-16,PE,"25,950.00",126.15,180.30,125.00,133.30,128.35,133.30,1307025,"34,12,03,63,586.25","20,30,64,836.25",193875,144300
2025-12-03,2025-12-16,PE,"24,650.00",5.65,7.10,5.35,5.55,5.65,5.55,46425,"1,14,46,66,215.00","2,89,965.00",10650,7650
2025-12-03,2025-12-16,CE,"27,450.00",3.95,4.10,2.80,3.00,2.95,3.00,37875,"1,03,97,84,951.25","1,16,201.25",23400,-2550
2025-12-03,2025-12-16,PE,"24,600.00",5.40,6.55,4.50,5.05,4.85,5.05,152850,"3,76,09,97,085.00","8,87,085.00",37125,16650
2025-12-03,2025-12-16,CE,"24,100.00","1,947.55","1,958.85","1,947.55","1,953.20","1,958.85","1,953.20",150,"39,07,980.00","2,92,980.00",150,0
2025-12-03,2025-12-16,PE,"26,050.00",165.95,230.55,157.95,176.10,170.55,176.10,664050,"17,42,92,77,888.75","13,07,75,388.75",163725,89100
2025-12-03,2025-12-16,CE,"26,800.00",20.75,20.75,10.90,13.55,13.85,13.55,1706850,"45,76,63,89,780.00","2,28,09,780.00",595500,72975
2025-12-03,2025-12-16,PE,"26,750.00",698.40,766.85,698.35,709.15,709.15,709.15,900,"2,47,40,182.50","6,65,182.50",750,-225
2025-12-03,2025-12-16,PE,"26,800.00",710.00,820.00,710.00,747.95,740.00,747.95,2700,"7,44,71,628.75","21,11,628.75",26100,-825
2025-12-03,2025-12-16,CE,"26,100.00",220.00,220.00,134.40,169.50,169.45,169.50,2724975,"71,55,30,42,993.75","43,11,95,493.75",645150,251025
2025-12-03,2025-12-16,CE,"27,900.00",1.95,2.90,1.60,1.80,2.00,1.80,106275,"2,96,52,69,825.00","1,97,325.00",37650,-16575
2025-12-03,2025-12-16,PE,"25,800.00",77.80,120.00,77.65,83.80,81.55,83.80,2261475,"58,57,15,28,415.00","22,54,73,415.00",676425,218850
2025-12-03,2025-12-16,PE,"25,250.00",15.95,23.00,14.70,15.60,15.60,15.60,234450,"5,92,42,97,842.50","44,35,342.50",43875,21300
2025-12-03,2025-12-16,CE,"24,600.00","1,478.85","1,487.80","1,478.85","1,484.00","1,487.80","1,484.00",300,"78,25,192.50","4,45,192.50",75,0
2025-12-03,2025-12-16,PE,"27,700.00","1,632.95","1,632.95","1,621.45","1,627.20","1,621.45","1,627.20",150,"43,99,080.00","2,44,080.00",75,0
2025-12-03,2025-12-16,CE,"26,950.00",10.35,12.05,7.00,8.20,8.60,8.20,186450,"5,02,64,10,776.25","15,83,276.25",50325,-2775
2025-12-03,2025-12-16,PE,"27,800.00","1,730.80","1,734.10","1,723.15","1,729.35","1,723.15","1,729.35",225,"66,44,103.75","3,89,103.75",75,-75
2025-12-03,2025-12-16,PE,"26,950.00",967.25,967.30,917.75,917.75,917.75,925.70,450,"1,25,59,065.00","4,31,565.00",300,150
2025-12-03,2025-12-16,PE,"24,500.00",4.85,5.50,3.95,4.30,3.95,4.30,720825,"17,66,37,51,712.50","35,39,212.50",319800,113025
2025-12-03,2025-12-16,PE,"26,600.00",537.90,634.00,529.00,563.65,554.05,563.65,46725,"1,27,00,04,583.75","2,71,19,583.75",19950,-8775
2025-12-03,2025-12-16,CE,"24,350.00","1,691.15","1,691.15","1,690.55","1,690.55","1,690.55","1,686.05",150,"39,06,127.50","2,53,627.50",75,75
2025-12-03,2025-12-16,CE,"24,050.00","1,986.50","2,032.90","1,986.50","2,020.60","2,008.35","2,020.60",675,"1,75,95,078.75","13,61,328.75",150,75
2025-12-03,2025-12-16,CE,"27,150.00",7.00,7.85,4.50,5.00,5.20,5.00,73800,"2,00,40,54,555.00","3,84,555.00",25125,4200
2025-12-03,2025-12-16,PE,"25,750.00",70.20,104.85,68.10,72.85,68.70,72.85,562125,"14,52,24,91,875.00","4,77,73,125.00",153075,106725
2025-12-03,2025-12-16,CE,"26,050.00",265.00,265.00,157.15,195.30,196.00,195.30,810975,"21,27,56,26,233.75","14,97,27,483.75",198675,113700
2025-12-03,2025-12-16,PE,"25,200.00",13.40,20.25,12.90,14.05,13.10,14.05,1008600,"25,43,33,83,961.25","1,66,63,961.25",338850,183300
2025-12-03,2025-12-16,CE,"23,950.00","2,068.10","2,094.50","2,068.10","2,094.50","2,094.50","2,085.00",375,"97,63,605.00","7,82,355.00",225,75
2025-12-03,2025-12-16,PE,"26,550.00",491.75,585.65,491.75,514.35,507.00,514.35,1050,"2,84,58,615.00","5,81,115.00",1800,-225
2025-12-03,2025-12-16,CE,"25,050.00","1,012.20","1,017.70","1,012.20","1,014.95","1,017.70","1,014.95",150,"39,09,742.50","1,52,242.50",75,0
2025-12-03,2025-12-16,PE,"24,850.00",9.05,9.15,6.20,7.00,7.10,7.00,18150,"45,11,73,277.50","1,45,777.50",7050,3375
2025-12-03,2025-12-16,CE,"24,200.00","1,836.95","1,873.40","1,836.95","1,867.05","1,860.65","1,867.05",225,"58,62,825.00","4,17,825.00",75,0
2025-12-03,2025-12-16,CE,"27,100.00",7.50,12.75,5.00,5.60,5.80,5.60,637650,"17,28,38,58,288.75","35,43,288.75",150975,-6600
2025-12-03,2025-12-16,CE,"24,800.00","1,195.40","1,246.00","1,195.40","1,246.00","1,246.00","1,239.95",375,"97,55,565.00","4,55,565.00",225,150
2025-12-03,2025-12-16,CE,"27,500.00",3.50,3.60,2.50,2.90,2.95,2.90,697425,"19,18,11,66,596.25","19,79,096.25",406950,39900
2025-12-03,2025-12-16,PE,"26,400.00",362.15,468.10,362.10,390.60,386.35,390.60,155250,"4,16,45,29,020.00","6,59,29,020.00",134700,34200
2025-12-03,2025-12-16,PE,"24,750.00",6.05,7.85,5.40,5.70,5.40,5.70,12375,"30,63,63,795.00","82,545.00",5625,1575
2025-12-03,2025-12-16,CE,"25,550.00",513.40,562.70,490.75,556.85,562.70,556.85,1875,"4,88,69,970.00","9,63,720.00",825,750
2025-12-03,2025-12-16,CE,"25,150.00",883.75,886.30,883.75,886.30,886.30,903.10,150,"39,05,253.75","1,32,753.75",150,75
2025-12-03,2025-12-16,CE,"27,600.00",3.20,3.40,2.00,2.25,2.50,2.25,246825,"6,81,29,63,587.50","5,93,587.50",50400,15225
2025-12-03,2025-12-16,PE,"27,150.00","1,088.45","1,088.45","1,078.85","1,083.65","1,078.85","1,083.65",150,"42,35,047.50","1,62,547.50",0,0
2025-12-03,2025-12-16,CE,"26,400.00",90.20,92.00,47.35,62.35,62.70,62.35,3510750,"92,90,04,59,670.00","21,66,59,670.00",1001925,588975
2025-12-03,2025-12-16,CE,"25,000.00","1,065.65","1,090.45",995.00,"1,052.60","1,074.10","1,052.60",5100,"13,27,38,652.50","52,38,652.50",4650,3300
2025-12-03,2025-12-16,PE,"24,000.00",3.30,3.70,2.85,3.10,3.05,3.10,249075,"5,97,86,23,200.00","8,23,200.00",191100,47775
2025-12-03,2025-12-16,CE,"24,750.00","1,245.15","1,302.30","1,245.15","1,302.30","1,302.30","1,289.10",375,"97,56,480.00","4,75,230.00",225,150
2025-12-03,2025-12-16,CE,"26,350.00",119.40,119.40,57.95,75.45,77.00,75.45,1093200,"28,88,46,50,655.00","7,88,30,655.00",198900,129900
2025-12-03,2025-12-16,PE,"24,450.00",5.00,5.55,4.10,4.30,4.10,4.30,3900,"9,53,73,956.25","18,956.25",2325,2325
2025-12-03,2025-12-16,CE,"26,600.00",40.55,42.60,21.80,28.40,29.15,28.40,2274675,"60,56,96,99,493.75","6,33,44,493.75",491850,234000
2025-12-03,2025-12-16,PE,"24,700.00",5.65,8.15,5.30,5.60,5.40,5.60,159825,"3,94,87,04,602.50","10,27,102.50",49575,22050
2025-12-03,2025-12-16,PE,"24,200.00",3.70,4.45,3.10,3.65,3.75,3.65,31650,"76,60,46,103.75","1,16,103.75",12975,8850
2025-12-03,2025-12-16,PE,"27,850.00","1,785.55","1,785.55","1,775.75","1,780.65","1,775.75","1,780.65",150,"44,44,597.50","2,67,097.50",75,75
2025-12-03,2025-12-16,CE,"26,850.00",15.05,15.80,9.30,11.25,11.90,11.25,436275,"11,71,88,38,481.25","48,54,731.25",84075,3000
2025-12-03,2025-12-16,PE,"26,250.00",266.85,354.95,266.85,290.20,281.75,290.20,73425,"1,95,03,95,643.75","2,29,89,393.75",106575,-1800
2025-12-03,2025-12-16,CE,"25,700.00",468.05,469.50,368.25,426.70,435.00,426.70,126525,"3,30,27,43,852.50","5,10,51,352.50",45675,10125
2025-12-03,2025-12-16,CE,"26,900.00",13.35,14.25,7.95,9.55,10.15,9.55,929250,"25,00,60,24,252.50","91,99,252.50",197400,103725
2025-12-03,2025-12-16,CE,"25,100.00","1,019.80","1,020.15",904.10,969.20,978.35,969.20,1500,"3,91,12,957.50","14,62,957.50",1200,1125
2025-12-03,2025-12-16,PE,"24,950.00",9.55,11.60,7.65,8.30,7.80,8.30,77700,"1,93,93,55,088.75","7,40,088.75",18150,16050
2025-12-03,2025-12-16,CE,"27,950.00",1.80,2.60,1.50,1.95,2.40,1.95,22350,"62,47,22,178.75","39,678.75",20175,7650
2025-12-03,2025-12-16,CE,"26,500.00",70.55,70.55,32.30,42.55,43.20,42.55,3236025,"85,88,76,39,393.75","13,29,76,893.75",920175,329250
2025-12-03,2025-12-16,PE,"26,900.00",865.75,865.75,860.05,860.05,860.05,879.20,150,"41,64,435.00","1,29,435.00",150,-75
2025-12-03,2025-12-16,CE,"27,700.00",2.60,2.80,1.85,1.95,1.85,1.95,451200,"12,49,92,43,233.75","10,03,233.75",72600,-163650
2025-12-03,2025-12-16,PE,"26,850.00",836.95,836.95,803.50,803.50,803.50,803.50,225,"62,26,661.25","1,85,411.25",525,-75
2025-12-03,2025-12-16,CE,"24,400.00","1,620.55","1,647.00","1,620.55","1,645.00","1,645.00","1,636.25",375,"97,64,602.50","6,14,602.50",300,150
2025-12-03,2025-12-16,PE,"27,000.00",912.00,"1,013.05",912.00,999.45,999.45,972.70,2475,"6,92,63,452.50","24,38,452.50",3150,1050
2025-12-03,2025-12-16,CE,"27,750.00",1.25,2.45,1.25,2.15,2.05,2.15,1050,"2,91,39,727.50","2,227.50",1650,825
2025-12-03,2025-12-16,CE,"24,950.00","1,132.95","1,142.20","1,132.95","1,138.20","1,142.20","1,138.20",300,"78,26,452.50","3,41,452.50",75,0
2025-12-03,2025-12-16,PE,"26,200.00",239.75,321.25,228.50,254.60,249.45,254.60,884625,"23,42,46,88,290.00","24,75,13,290.00",378000,7950
2025-12-03,2025-12-16,PE,"24,400.00",4.55,5.70,3.60,4.20,5.00,4.20,22125,"53,99,51,407.50","1,01,407.50",5175,3450
2025-12-03,2025-12-16,CE,"24,250.00","1,843.50","1,843.50","1,770.80","1,770.80","1,770.80","1,785.75",300,"78,13,057.50","5,38,057.50",225,0
2025-12-03,2025-12-16,PE,"25,550.00",38.55,57.95,36.00,37.95,36.70,37.95,492450,"12,60,47,72,936.25","2,26,75,436.25",104925,44475
2025-12-03,2025-12-16,PE,"25,900.00",99.10,158.00,99.10,114.20,111.00,114.20,2708850,"70,52,68,13,287.50","36,75,98,287.50",573750,296175
2025-12-03,2025-12-16,CE,"27,850.00",1.45,2.80,1.45,2.10,1.65,2.10,12375,"34,46,69,250.00","25,500.00",4650,1350
2025-12-03,2025-12-16,PE,"23,950.00",3.35,3.35,2.50,2.75,2.75,2.75,28725,"68,80,44,318.75","80,568.75",14400,14400
2025-12-03,2025-12-16,PE,"27,200.00","1,127.60","1,127.60","1,118.30","1,122.95","1,118.30","1,122.95",150,"42,48,442.50","1,68,442.50",75,0
2025-12-03,2025-12-16,PE,"25,050.00",10.35,13.75,9.30,9.75,9.55,9.75,89625,"2,24,61,13,488.75","10,07,238.75",22200,3450
2025-12-03,2025-12-16,PE,"25,350.00",22.60,31.20,19.45,20.60,20.05,20.60,325050,"8,24,80,77,525.00","80,60,025.00",66825,26700
2025-12-03,2025-12-16,PE,"27,750.00","1,681.15","1,681.15","1,670.80","1,676.00","1,670.80","1,676.00",150,"44,13,896.25","2,51,396.25",75,75
2025-12-03,2025-12-16,PE,"25,000.00",9.00,12.70,8.20,8.95,8.20,8.95,1367475,"34,20,13,93,631.25","1,45,18,631.25",548850,197400
2025-12-03,2025-12-16,CE,"27,550.00",3.40,3.40,2.40,2.85,2.40,2.85,56925,"1,56,84,37,218.75","1,53,468.75",32100,14700
2025-12-03,2025-12-16,CE,"25,300.00",829.50,829.50,707.70,780.80,786.20,780.80,7950,"20,71,69,132.50","60,34,132.50",4500,3525
2025-12-03,2025-12-16,CE,"24,000.00","2,020.00","2,030.00","1,996.85","2,020.35","2,020.35","2,035.10",900,"2,34,11,812.50","18,11,812.50",1575,375
2025-12-03,2025-12-16,CE,"24,450.00","1,584.70","1,630.30","1,584.70","1,625.45","1,620.55","1,625.45",225,"58,63,916.25","3,62,666.25",150,75
2025-12-03,2025-12-16,PE,"27,500.00","1,473.20","1,475.90","1,472.75","1,475.90","1,475.90","1,459.35",300,"86,92,181.25","4,42,181.25",375,0
2025-12-03,2025-12-16,PE,"24,300.00",4.55,5.60,3.40,3.85,3.70,3.85,30600,"74,37,12,086.25","1,32,086.25",8850,8850
2025-12-03,2025-12-16,CE,"25,600.00",535.00,550.05,445.45,512.70,516.00,512.70,129075,"3,36,75,85,743.75","6,32,65,743.75",240450,67800
2025-12-03,2025-12-16,CE,"25,250.00",787.80,834.35,787.80,832.60,834.35,832.60,225,"58,65,221.25","1,83,971.25",150,150
2025-12-03,2025-12-16,CE,"27,350.00",4.40,4.95,2.85,3.65,3.85,3.65,16350,"44,72,28,858.75","56,358.75",2850,0
2025-12-03,2025-12-16,CE,"27,650.00",3.00,3.00,1.80,2.15,1.90,2.15,21675,"59,93,62,631.25","48,881.25",9900,5100
2025-12-03,2025-12-16,PE,"27,350.00","1,284.20","1,284.20","1,276.90","1,280.55","1,276.90","1,280.55",150,"42,94,582.50","1,92,082.50",75,-75
2025-12-03,2025-12-16,PE,"26,500.00",418.85,551.90,418.85,469.25,465.00,469.25,101175,"2,73,16,78,496.25","5,05,40,996.25",115725,12225
2025-12-03,2025-12-16,PE,"26,000.00",139.00,203.50,139.00,152.85,149.05,152.85,4962600,"1,29,89,81,33,100.00","87,05,33,100.00",1510500,776925
2025-12-03,2025-12-16,CE,"25,450.00",600.20,651.35,578.50,650.70,651.35,650.70,675,"1,75,88,396.25","4,09,646.25",525,450
2025-12-03,2025-12-16,CE,"24,700.00","1,319.85","1,319.85","1,315.00","1,315.00","1,315.00","1,338.45",150,"39,02,613.75","1,97,613.75",300,0
2025-12-03,2025-12-16,PE,"27,100.00","1,061.25","1,061.25","1,027.80","1,027.80","1,027.80","1,027.80",150,"42,21,678.75","1,56,678.75",75,-75
2025-12-03,2025-12-16,PE,"27,550.00","1,486.00","1,486.00","1,475.75","1,480.90","1,475.75","1,480.90",150,"43,54,631.25","2,22,131.25",0,0
2025-12-03,2025-12-16,CE,"24,650.00","1,381.70","1,422.95","1,381.70","1,419.30","1,422.95","1,419.30",300,"78,15,146.25","4,20,146.25",225,0
2025-12-03,2025-12-16,PE,"27,250.00","1,183.40","1,183.40","1,173.65","1,178.55","1,173.65","1,178.55",150,"42,64,278.75","1,76,778.75",75,0
2025-12-03,2025-12-16,CE,"26,700.00",33.90,33.90,15.00,19.15,19.30,19.15,1993800,"53,27,22,18,487.50","3,77,58,487.50",473925,189825
2025-12-03,2025-12-16,PE,"27,600.00","1,528.10","1,533.30","1,504.85","1,519.45","1,507.05","1,519.45",900,"2,62,07,505.00","13,67,505.00",150,75
2025-12-03,2025-12-16,PE,"25,150.00",11.45,18.45,10.65,12.20,11.90,12.20,126900,"3,19,33,93,980.00","18,58,980.00",32775,17175
2025-12-03,2025-12-16,CE,"25,650.00",465.95,485.00,405.70,472.15,471.00,472.15,15600,"40,70,66,497.50","69,26,497.50",5925,5250
2025-12-03,2025-12-16,CE,"26,550.00",49.55,51.25,26.80,35.10,35.50,35.10,809325,"21,51,44,24,467.50","2,68,45,717.50",211125,93375
2025-12-03,2025-12-16,CE,"25,850.00",342.05,353.95,255.10,318.25,322.00,318.25,167700,"4,38,36,00,990.00","4,85,55,990.00",27825,24750
2025-12-03,2025-12-16,PE,"25,500.00",34.00,50.00,30.85,33.10,31.60,33.10,2150775,"54,93,32,52,277.50","8,84,89,777.50",736650,145725
2025-12-03,2025-12-16,PE,"27,450.00","1,394.25","1,394.25","1,387.80","1,391.05","1,387.80","1,391.05",150,"43,26,153.75","2,08,653.75",75,-75
2025-12-03,2025-12-16,CE,"27,400.00",3.25,4.40,2.75,3.15,3.50,3.15,308250,"8,44,70,00,827.50","9,50,827.50",118725,80250
2025-12-03,2025-12-16,CE,"24,550.00","1,463.05","1,532.40","1,443.85","1,528.70","1,532.40","1,528.70",450,"1,17,13,856.25","6,66,356.25",150,75
2025-12-03,2025-12-16,CE,"27,200.00",7.05,7.45,4.05,4.65,4.40,4.65,646275,"17,58,16,85,561.25","30,05,561.25",206100,40875
2025-12-03,2025-12-16,CE,"24,300.00","1,741.60","1,774.50","1,741.60","1,768.20","1,761.90","1,768.20",225,"58,63,350.00","3,95,850.00",150,75
2025-12-03,2025-12-16,CE,"27,250.00",5.95,5.95,3.85,4.35,4.25,4.35,74175,"2,02,15,90,687.50","3,21,937.50",32700,19050
2025-12-03,2025-12-16,CE,"27,050.00",7.55,8.65,5.70,6.40,6.45,6.40,166350,"4,50,08,13,543.75","10,46,043.75",40350,-1950
2025-12-03,2025-12-16,PE,"27,900.00","1,870.60","1,870.60","1,801.40","1,813.80","1,801.40","1,813.80",225,"66,89,861.25","4,12,361.25",75,0
2025-12-03,2025-12-16,PE,"25,700.00",66.10,90.80,57.65,61.85,59.05,61.85,1405800,"36,23,40,79,957.50","10,50,19,957.50",427050,76125
2025-12-03,2025-12-16,CE,"26,200.00",160.35,167.90,97.40,125.55,126.40,125.55,3350325,"88,17,46,74,945.00","39,61,59,945.00",888375,248775
2025-12-03,2025-12-16,PE,"26,350.00",336.05,427.40,336.05,348.10,351.05,348.10,30975,"82,77,74,070.00","1,15,82,820.00",21750,2550
2025-12-03,2025-12-16,PE,"25,400.00",23.00,36.70,22.35,23.75,23.00,23.75,1173900,"29,85,16,42,173.75","3,45,82,173.75",426900,184875
2025-12-03,2025-12-16,PE,"26,100.00",187.95,258.50,180.70,199.90,194.20,199.90,1732500,"45,60,88,67,208.75","39,06,17,208.75",416100,-375
2025-12-03,2025-12-16,PE,"25,600.00",45.05,67.55,42.05,44.70,42.60,44.70,1353000,"34,71,09,96,686.25","7,41,96,686.25",468300,152625
2025-12-03,2025-12-16,CE,"25,350.00",694.40,730.55,694.40,724.75,730.55,724.75,375,"97,75,755.00","2,69,505.00",300,150
2025-12-03,2025-12-16,CE,"27,000.00",11.30,11.30,6.35,7.40,7.60,7.40,2184975,"59,01,06,16,946.25","1,62,91,946.25",827100,172050
2025-12-03,2025-12-16,CE,"26,150.00",191.55,191.80,115.50,146.80,148.45,146.80,757275,"19,90,73,24,572.50","10,45,83,322.50",158775,61875
2025-12-03,2025-12-16,CE,"25,800.00",435.00,435.00,297.90,354.65,358.35,354.65,563475,"14,72,16,48,138.75","18,39,93,138.75",140775,56850
2025-12-04,2025-12-16,CE,"24,050.00","2,072.60","2,072.60","2,067.40","2,070.00","2,067.40","2,070.00",150,"39,18,000.00","3,10,500.00",150,0
2025-12-04,2025-12-16,PE,"26,750.00",741.95,741.95,607.75,640.70,639.80,640.70,825,"2,26,18,563.75","5,49,813.75",900,150
2025-12-04,2025-12-16,CE,"24,600.00","1,524.65","1,530.60","1,524.65","1,527.65","1,530.60","1,527.65",150,"39,19,143.75","2,29,143.75",150,75
2025-12-04,2025-12-16,CE,"25,200.00",825.00,920.00,822.00,920.00,920.00,920.00,4050,"10,56,76,837.50","36,16,837.50",15900,1425
2025-12-04,2025-12-16,CE,"25,300.00",771.30,872.00,760.95,825.95,821.75,825.95,4875,"12,73,82,253.75","40,44,753.75",6450,1950
2025-12-04,2025-12-16,CE,"26,850.00",9.50,13.80,8.45,9.90,9.55,9.90,516375,"13,87,02,06,270.00","55,37,520.00",85800,1725
2025-12-04,2025-12-16,PE,"25,100.00",11.15,11.60,7.30,7.75,7.30,7.75,583650,"14,65,47,40,308.75","51,25,308.75",203550,33825
2025-12-04,2025-12-16,CE,"25,450.00",636.70,687.85,636.70,687.85,687.85,687.85,225,"58,75,447.50","1,49,197.50",450,-75
2025-12-04,2025-12-16,CE,"26,800.00",11.80,16.90,10.35,12.15,12.10,12.15,1656975,"44,42,81,89,830.00","2,12,59,830.00",613650,18150
2025-12-04,2025-12-16,PE,"26,450.00",470.25,470.25,351.00,381.25,384.70,381.25,12375,"33,23,74,601.25","50,55,851.25",3900,825
2025-12-04,2025-12-16,PE,"24,300.00",3.10,4.20,2.70,3.25,2.70,3.25,28500,"69,26,55,281.25","1,05,281.25",20925,12075
2025-12-04,2025-12-16,PE,"24,600.00",6.05,6.05,3.70,3.95,3.90,3.95,56550,"1,39,13,86,751.25","2,56,751.25",40425,3300
2025-12-04,2025-12-16,CE,"24,150.00","1,973.30","1,973.30","1,968.25","1,970.80","1,968.25","1,970.80",150,"39,18,116.25","2,95,616.25",150,0
2025-12-04,2025-12-16,CE,"25,600.00",468.60,600.00,451.50,550.70,546.30,550.70,90675,"2,36,90,30,977.50","4,77,50,977.50",275850,35400
2025-12-04,2025-12-16,CE,"26,500.00",34.00,57.70,31.20,41.80,41.30,41.80,4804800,"1,27,52,83,85,767.50","20,11,85,767.50",1120050,199875
2025-12-04,2025-12-16,PE,"26,550.00",493.00,532.35,431.40,465.75,466.35,465.75,4275,"11,55,60,157.50","20,58,907.50",2550,750
2025-12-04,2025-12-16,PE,"25,600.00",46.00,52.20,28.90,29.95,30.50,29.95,2242200,"57,48,08,18,805.00","8,04,98,805.00",678600,210300
2025-12-04,2025-12-16,CE,"26,200.00",119.30,166.25,96.80,131.20,129.25,131.20,4856325,"1,27,85,74,60,106.25","62,17,45,106.25",1065975,177600
2025-12-04,2025-12-16,CE,"25,850.00",280.00,392.00,264.20,340.70,334.40,340.70,199425,"5,22,10,38,412.50","6,59,02,162.50",37050,9225
2025-12-04,2025-12-16,PE,"25,950.00",151.45,157.05,92.95,100.45,101.75,100.45,1810875,"47,20,60,96,650.00","21,38,90,400.00",291000,97125
2025-12-04,2025-12-16,CE,"27,700.00",1.90,2.25,1.50,1.60,1.50,1.60,115200,"3,19,12,43,190.00","2,03,190.00",84300,11700
2025-12-04,2025-12-16,CE,"27,500.00",2.55,2.55,1.65,1.80,1.80,1.80,765300,"21,04,73,42,771.25","15,92,771.25",618000,211050
2025-12-04,2025-12-16,PE,"26,850.00",834.75,834.75,736.45,736.45,736.45,736.45,300,"82,93,848.75","2,38,848.75",675,150
2025-12-04,2025-12-16,CE,"25,550.00",630.00,639.40,528.15,593.30,593.15,593.30,4125,"10,78,36,976.25","24,43,226.25",1575,750
2025-12-04,2025-12-16,PE,"25,250.00",16.40,17.05,10.35,10.90,10.75,10.90,471600,"11,91,37,48,406.25","58,48,406.25",195075,151200
2025-12-04,2025-12-16,CE,"24,300.00","1,824.25","1,824.25","1,819.50","1,821.90","1,819.50","1,821.90",150,"39,18,281.25","2,73,281.25",150,0
2025-12-04,2025-12-16,CE,"24,550.00","1,574.05","1,574.75","1,565.50","1,571.45","1,574.75","1,571.45",375,"97,95,536.25","5,89,286.25",75,-75
2025-12-04,2025-12-16,CE,"26,900.00",9.75,11.80,7.45,8.20,8.20,8.20,1100775,"29,62,12,43,235.00","1,03,95,735.00",343500,146100
2025-12-04,2025-12-16,CE,"25,900.00",261.00,355.00,235.05,303.20,302.45,303.20,1335600,"34,97,97,58,436.25","38,77,18,436.25",178425,-45000
2025-12-04,2025-12-16,PE,"25,200.00",10.00,15.35,9.05,9.45,9.50,9.45,1770600,"44,63,94,45,435.00","2,03,25,435.00",382425,43575
2025-12-04,2025-12-16,CE,"26,350.00",70.00,102.45,56.75,76.60,75.00,76.60,1341825,"35,45,85,21,798.75","10,14,33,048.75",185550,-13350
2025-12-04,2025-12-16,CE,"26,650.00",21.30,30.95,16.00,21.85,20.75,21.85,627975,"16,74,98,20,417.50","1,42,86,667.50",166200,82950
2025-12-04,2025-12-16,CE,"27,450.00",2.95,2.95,2.10,2.25,2.10,2.25,55125,"1,51,33,20,378.75","1,39,128.75",36450,13050
2025-12-04,2025-12-16,PE,"26,650.00",593.00,628.20,506.75,560.00,560.00,614.30,1650,"4,49,35,792.50","9,63,292.50",1875,-75
2025-12-04,2025-12-16,PE,"26,300.00",360.00,365.30,245.45,271.50,267.25,271.50,449550,"11,95,11,05,392.50","12,79,40,392.50",222300,-51525
2025-12-04,2025-12-16,CE,"26,600.00",24.95,38.10,20.65,27.15,26.70,27.15,2623425,"69,85,65,20,610.00","7,34,15,610.00",555450,63600
2025-12-04,2025-12-16,CE,"27,150.00",4.00,5.60,3.75,4.15,3.75,4.15,103200,"2,80,23,54,851.25","4,74,851.25",29850,4725
2025-12-04,2025-12-16,CE,"25,750.00",349.45,471.30,337.00,420.65,414.60,420.65,35925,"93,94,02,435.00","1,43,33,685.00",8475,-1650
2025-12-04,2025-12-16,CE,"25,000.00","1,049.80","1,173.00","1,040.00","1,118.15","1,111.90","1,118.15",6825,"17,83,21,316.25","76,96,316.25",9600,4950
2025-12-04,2025-12-16,PE,"26,500.00",511.10,525.55,381.35,420.15,422.75,420.15,223500,"6,01,86,27,885.00","9,58,77,885.00",170025,54300
2025-12-04,2025-12-16,PE,"25,550.00",40.30,44.15,24.15,25.05,24.95,25.05,630000,"16,11,47,74,308.75","1,82,74,308.75",205050,100125
2025-12-04,2025-12-16,PE,"26,400.00",436.05,441.00,309.10,342.60,345.30,342.60,342975,"9,17,68,75,470.00","12,23,35,470.00",232575,97875
2025-12-04,2025-12-16,PE,"24,200.00",2.95,3.90,2.20,3.20,2.50,3.20,49950,"1,20,89,53,668.75","1,63,668.75",19425,6450
2025-12-04,2025-12-16,CE,"27,900.00",2.10,2.10,1.35,1.45,1.35,1.45,33300,"92,91,22,856.25","52,856.25",41250,3600
2025-12-04,2025-12-16,PE,"26,000.00",149.00,179.70,107.65,117.35,116.40,117.35,6548250,"1,71,14,37,27,138.75","88,92,27,138.75",1984800,474300
2025-12-04,2025-12-16,CE,"26,750.00",12.65,20.30,11.40,14.70,14.35,14.70,547575,"14,65,60,81,560.00","84,50,310.00",130350,43125
2025-12-04,2025-12-16,CE,"24,800.00","1,294.00","1,373.00","1,242.00","1,280.15","1,280.15","1,282.45",3675,"9,58,73,778.75","47,33,778.75",3000,2775
2025-12-04,2025-12-16,PE,"24,400.00",4.95,5.00,2.65,3.40,3.80,3.40,23775,"58,02,03,067.50","93,067.50",7125,1950
2025-12-04,2025-12-16,CE,"24,200.00","1,914.25","1,914.25","1,898.30","1,906.30","1,898.30","1,906.30",150,"39,15,941.25","2,85,941.25",150,75
2025-12-04,2025-12-16,CE,"27,750.00",1.75,2.00,1.35,1.35,1.35,0.35,2625,"7,28,48,265.00","4,515.00",1275,-375
2025-12-04,2025-12-16,PE,"26,150.00",245.85,262.00,166.80,182.95,184.70,182.95,885750,"23,33,79,20,287.50","17,55,57,787.50",141750,51975
2025-12-04,2025-12-16,PE,"26,700.00",661.00,672.05,550.00,593.90,599.85,593.90,6225,"17,00,16,273.75","38,08,773.75",31800,-825
2025-12-04,2025-12-16,PE,"27,150.00","1,033.85","1,033.85","1,027.00","1,030.45","1,027.00","1,030.45",150,"42,27,063.75","1,54,563.75",75,75
2025-12-04,2025-12-16,CE,"27,550.00",2.30,2.55,1.65,1.80,1.65,1.80,46950,"1,29,35,71,350.00","98,850.00",36600,4500
2025-12-04,2025-12-16,CE,"27,250.00",3.55,4.50,3.20,3.40,3.20,3.40,139050,"3,78,96,38,325.00","5,25,825.00",43350,10650
2025-12-04,2025-12-16,PE,"24,650.00",5.85,6.80,3.65,4.45,6.60,4.45,24375,"60,09,64,492.50","1,20,742.50",8025,-2625
2025-12-04,2025-12-16,PE,"27,300.00","1,222.30","1,222.30","1,171.05","1,173.85","1,171.05","1,173.85",375,"1,06,88,595.00","4,51,095.00",375,225
2025-12-04,2025-12-16,CE,"27,650.00",2.05,2.35,1.30,1.65,1.30,1.65,27600,"76,31,92,841.25","52,841.25",12900,3000
2025-12-04,2025-12-16,PE,"26,350.00",397.55,397.55,278.85,305.80,308.35,305.80,42375,"1,13,03,58,277.50","1,37,77,027.50",27900,6150
2025-12-04,2025-12-16,PE,"24,850.00",7.70,7.70,5.20,5.50,5.20,5.50,28950,"71,95,95,843.75","1,88,343.75",9975,2925
2025-12-04,2025-12-16,PE,"26,900.00",765.00,824.00,765.00,808.50,808.50,835.50,750,"2,07,79,035.00","6,04,035.00",225,75
2025-12-04,2025-12-16,PE,"25,450.00",28.45,31.35,17.60,18.35,18.60,18.35,594825,"15,15,11,72,351.25","1,28,76,101.25",137475,-6975
2025-12-04,2025-12-16,PE,"27,650.00","1,551.90","1,551.90","1,543.85","1,543.85","1,543.85","1,564.65",150,"43,79,681.25","2,32,181.25",375,-150
2025-12-04,2025-12-16,CE,"25,400.00",670.00,785.15,632.00,732.60,727.05,732.60,10725,"28,00,16,658.75","76,01,658.75",24075,675
2025-12-04,2025-12-16,PE,"26,100.00",224.75,233.70,144.80,159.35,157.00,159.35,3424650,"89,98,45,26,888.75","60,11,61,888.75",537975,121875
2025-12-04,2025-12-16,CE,"27,350.00",3.75,3.75,2.30,2.85,2.60,2.85,9675,"26,46,41,332.50","30,082.50",6675,3825
2025-12-04,2025-12-16,PE,"27,500.00","1,376.65","1,376.65","1,370.50","1,373.60","1,370.50","1,373.60",150,"43,31,036.25","2,06,036.25",375,0
2025-12-04,2025-12-16,PE,"24,450.00",2.95,4.40,2.95,3.40,3.80,3.40,8400,"20,54,11,485.00","31,485.00",4200,1875
2025-12-04,2025-12-16,CE,"24,950.00","1,177.60","1,183.60","1,177.60","1,180.60","1,183.60","1,180.60",150,"39,19,590.00","1,77,090.00",150,75
2025-12-04,2025-12-16,PE,"27,100.00",935.00,"1,025.00",935.00,973.95,973.95,973.95,225,"63,17,546.25","2,20,046.25",75,0
2025-12-04,2025-12-16,CE,"25,350.00",742.80,780.90,742.80,779.70,779.05,779.70,825,"2,15,38,980.00","6,25,230.00",450,150
2025-12-04,2025-12-16,PE,"25,500.00",35.25,37.60,20.70,21.55,22.45,21.55,2852100,"72,80,37,04,117.50","7,51,54,117.50",804525,67875
2025-12-04,2025-12-16,CE,"25,950.00",234.90,318.35,206.40,268.90,267.00,268.90,723300,"18,95,35,81,601.25","18,39,46,601.25",98850,-15750
2025-12-04,2025-12-16,CE,"24,450.00","1,661.25","1,661.25","1,645.20","1,653.00","1,646.10","1,653.00",600,"1,56,61,781.25","9,91,781.25",150,0
2025-12-04,2025-12-16,PE,"25,850.00",103.50,115.85,67.55,72.40,72.70,72.40,1169625,"30,33,22,85,730.00","9,74,79,480.00",217275,93375
2025-12-04,2025-12-16,CE,"27,200.00",4.55,4.90,3.35,3.75,3.95,3.75,527625,"14,35,36,01,193.75","22,01,193.75",201225,-4875
2025-12-04,2025-12-16,PE,"27,800.00","1,674.90","1,674.90","1,668.65","1,671.80","1,668.65","1,671.80",150,"44,20,766.25","2,50,766.25",75,0
2025-12-04,2025-12-16,PE,"26,050.00",186.35,205.45,125.40,137.25,137.50,137.25,1688250,"44,24,00,45,062.50","26,11,32,562.50",214425,50700
2025-12-04,2025-12-16,CE,"26,050.00",181.20,251.30,156.30,207.95,204.15,207.95,1877025,"49,27,68,83,996.25","38,03,82,746.25",275925,77250
2025-12-04,2025-12-16,CE,"27,300.00",3.70,3.95,2.80,3.00,2.85,3.00,495150,"13,51,92,55,181.25","16,60,181.25",289350,16800
2025-12-04,2025-12-16,PE,"25,050.00",10.00,10.80,6.85,7.25,6.85,7.25,125025,"3,13,29,12,483.75","10,36,233.75",31725,9525
2025-12-04,2025-12-16,PE,"25,150.00",13.15,13.95,8.05,8.50,8.05,8.50,186825,"4,70,05,55,100.00","19,06,350.00",39750,6975
2025-12-04,2025-12-16,CE,"26,250.00",90.65,143.05,81.65,110.80,109.00,110.80,1649850,"43,48,39,55,362.50","17,53,92,862.50",245400,34650
2025-12-04,2025-12-16,CE,"27,100.00",4.25,6.20,3.65,4.70,3.65,4.70,585525,"15,87,07,36,181.25","30,08,681.25",175725,24750
2025-12-04,2025-12-16,CE,"26,300.00",82.00,121.40,68.20,92.00,90.30,92.00,4049025,"1,06,86,47,26,110.00","37,53,68,610.00",1059750,48225
2025-12-04,2025-12-16,PE,"24,350.00",2.65,4.30,2.65,2.90,2.90,2.90,8175,"19,90,89,378.75","28,128.75",600,600
2025-12-04,2025-12-16,CE,"27,800.00",1.65,1.85,1.35,1.40,1.35,1.40,65925,"1,83,28,21,391.25","1,06,391.25",90975,4575
2025-12-04,2025-12-16,PE,"27,050.00",974.50,974.50,932.40,933.75,933.75,933.75,675,"1,89,01,901.25","6,43,151.25",150,0
2025-12-04,2025-12-16,PE,"24,000.00",3.30,3.30,2.15,2.35,2.20,2.35,233775,"5,61,12,33,840.00","6,33,840.00",244425,53325
2025-12-04,2025-12-16,CE,"26,450.00",41.20,70.25,34.95,51.55,50.70,51.55,1352250,"35,83,70,26,627.50","7,00,14,127.50",159975,24075
2025-12-04,2025-12-16,PE,"24,900.00",8.80,8.80,5.40,5.75,5.40,5.75,225450,"5,61,51,88,905.00","14,83,905.00",92025,17100
2025-12-04,2025-12-16,PE,"27,000.00",950.00,974.25,843.25,875.90,880.00,875.90,2100,"5,86,25,238.75","19,25,238.75",3225,75
2025-12-04,2025-12-16,CE,"27,950.00",2.50,2.50,1.40,1.50,1.45,1.50,35325,"98,73,90,356.25","56,606.25",26400,6225
2025-12-04,2025-12-16,PE,"27,600.00","1,484.35","1,484.35","1,475.60","1,480.00","1,475.60","1,480.00",150,"43,61,996.25","2,21,996.25",150,0
2025-12-04,2025-12-16,CE,"24,350.00","1,778.00","1,778.00","1,770.55","1,774.30","1,770.55","1,774.30",150,"39,18,641.25","2,66,141.25",75,0
2025-12-04,2025-12-16,CE,"27,600.00",1.80,2.75,1.50,1.60,1.50,1.60,122850,"3,39,08,93,253.75","2,33,253.75",51525,1125
2025-12-04,2025-12-16,CE,"27,850.00",1.75,1.90,1.40,1.45,1.40,1.45,6300,"17,54,65,353.75","10,353.75",4950,300
2025-12-04,2025-12-16,PE,"25,650.00",57.80,61.25,34.40,35.75,36.25,35.75,844350,"21,69,42,71,043.75","3,66,93,543.75",171300,64050
2025-12-04,2025-12-16,CE,"24,000.00","2,155.50","2,155.50","2,085.50","2,085.50","2,085.50","2,079.10",225,"58,79,276.25","4,79,276.25",1725,150
2025-12-04,2025-12-16,CE,"26,100.00",151.20,220.65,133.90,179.15,177.45,179.15,5422200,"1,42,46,48,85,708.75","94,54,65,708.75",878025,232875
2025-12-04,2025-12-16,PE,"25,750.00",77.55,85.35,48.85,51.05,51.65,51.05,1060350,"27,36,78,44,347.50","6,38,31,847.50",220275,67200
2025-12-04,2025-12-16,CE,"26,000.00",200.55,282.80,180.15,236.10,235.95,236.10,5957550,"1,56,23,71,10,557.50","1,34,08,10,557.50",1655250,326100
2025-12-04,2025-12-16,PE,"25,800.00",93.05,99.45,57.15,61.00,61.10,61.00,2775675,"71,81,10,11,073.75","19,85,96,073.75",696300,19875
2025-12-04,2025-12-16,PE,"27,900.00","1,795.15","1,795.15","1,778.60","1,786.90","1,778.60","1,786.90",150,"44,53,031.25","2,68,031.25",75,0
2025-12-04,2025-12-16,PE,"25,300.00",18.00,24.00,11.50,12.00,11.75,12.00,1988925,"50,34,94,65,195.00","2,96,62,695.00",517125,117225
2025-12-04,2025-12-16,CE,"24,700.00","1,350.00","1,385.00","1,350.00","1,385.00","1,385.00","1,381.45",525,"1,36,84,500.00","7,17,000.00",825,525
2025-12-04,2025-12-16,PE,"27,750.00","1,634.15","1,634.15","1,624.50","1,629.30","1,631.70","1,629.30",375,"1,10,17,237.50","6,10,987.50",150,75
2025-12-04,2025-12-16,PE,"26,600.00",607.95,607.95,462.00,506.30,510.50,506.30,34875,"94,55,78,580.00","1,79,03,580.00",29925,9975
2025-12-04,2025-12-16,CE,"26,400.00",50.00,84.90,45.35,62.75,61.35,62.75,3946725,"1,04,45,20,84,987.50","25,85,44,987.50",728025,-273900
2025-12-04,2025-12-16,PE,"25,700.00",75.00,78.00,40.80,42.70,43.00,42.70,2072700,"53,37,37,50,997.50","10,53,60,997.50",518925,91875
2025-12-04,2025-12-16,CE,"26,150.00",119.25,192.50,115.00,154.25,152.00,154.25,1788150,"47,02,65,85,871.25","26,64,63,371.25",247050,88275
2025-12-04,2025-12-16,PE,"25,900.00",120.00,135.00,79.45,85.45,86.50,85.45,3644625,"94,76,12,11,541.25","36,54,24,041.25",680025,106275
2025-12-04,2025-12-16,CE,"25,650.00",416.00,552.75,415.50,501.65,498.80,501.65,16950,"44,28,44,115.00","80,76,615.00",5700,-225
2025-12-04,2025-12-16,PE,"24,700.00",5.45,6.25,4.10,4.40,4.10,4.40,248175,"6,13,11,58,301.25","12,35,801.25",78675,29100
2025-12-04,2025-12-16,PE,"24,750.00",5.80,7.45,4.05,4.65,4.05,4.65,20175,"49,94,39,370.00","1,08,120.00",8550,2925
2025-12-04,2025-12-16,PE,"24,800.00",5.30,6.95,4.70,5.15,5.00,5.15,342450,"8,49,47,11,260.00","19,51,260.00",271950,27450
2025-12-04,2025-12-16,PE,"27,850.00","1,734.05","1,734.05","1,720.75","1,727.35","1,727.20","1,727.35",225,"66,54,900.00","3,88,650.00",150,75
2025-12-04,2025-12-16,CE,"25,500.00",552.00,693.00,546.00,637.95,633.45,637.95,65550,"1,71,19,22,737.50","4,03,97,737.50",38550,6750
2025-12-04,2025-12-16,CE,"24,250.00","1,750.80","1,907.45","1,750.80","1,864.95","1,860.85","1,864.95",300,"78,29,111.25","5,54,111.25",225,0
2025-12-04,2025-12-16,PE,"25,000.00",9.00,10.15,6.50,6.85,6.50,6.85,1413300,"35,34,34,44,918.75","1,09,44,918.75",681675,132825
2025-12-04,2025-12-16,PE,"27,250.00","1,133.25","1,133.25","1,126.35","1,129.80","1,126.35","1,129.80",150,"42,56,970.00","1,69,470.00",0,-75
2025-12-04,2025-12-16,PE,"27,950.00","1,844.85","1,844.85","1,828.50","1,836.70","1,828.50","1,836.70",150,"44,68,001.25","2,75,501.25",225,0
2025-12-04,2025-12-16,PE,"27,700.00","1,583.85","1,583.85","1,573.95","1,578.85","1,573.95","1,578.85",300,"87,83,647.50","4,73,647.50",75,0
2025-12-04,2025-12-16,PE,"24,100.00",2.85,4.30,2.20,2.50,2.20,2.50,22425,"54,05,10,033.75","67,533.75",6825,2625
2025-12-04,2025-12-16,PE,"26,950.00",874.95,874.95,825.45,829.25,825.45,829.25,450,"1,25,14,368.75","3,86,868.75",150,-150
2025-12-04,2025-12-16,PE,"24,950.00",9.30,9.30,5.10,6.35,6.10,6.35,109275,"2,72,71,87,878.75","7,76,628.75",35175,17025
2025-12-04,2025-12-16,CE,"26,950.00",6.60,9.65,6.45,7.00,6.95,7.00,151200,"4,07,60,30,325.00","11,90,325.00",63000,12675
2025-12-04,2025-12-16,PE,"27,550.00","1,431.55","1,431.55","1,421.50","1,426.55","1,421.50","1,426.55",150,"43,46,478.75","2,13,978.75",75,75
2025-12-04,2025-12-16,PE,"26,800.00",780.00,780.00,650.90,691.55,691.05,691.55,7800,"21,45,93,195.00","55,53,195.00",27525,1425
2025-12-04,2025-12-16,PE,"27,450.00","1,369.85","1,369.85","1,324.95","1,328.30","1,324.95","1,328.30",300,"86,39,718.75","4,04,718.75",75,0
2025-12-04,2025-12-16,PE,"25,400.00",25.90,26.80,15.10,15.65,15.75,15.65,1610100,"40,92,66,86,816.25","3,01,46,816.25",450225,23325
2025-12-04,2025-12-16,PE,"26,200.00",271.35,297.40,190.30,210.75,212.20,210.75,1786050,"47,19,89,89,012.50","40,44,79,012.50",344625,-33375
2025-12-04,2025-12-16,CE,"26,700.00",17.25,25.10,14.35,17.60,16.70,17.60,2422500,"64,72,51,03,350.00","4,43,53,350.00",530550,56625
2025-12-04,2025-12-16,CE,"24,750.00","1,374.95","1,380.75","1,374.95","1,377.85","1,380.75","1,377.85",150,"39,19,177.50","2,06,677.50",225,0
2025-12-04,2025-12-16,CE,"26,550.00",28.55,46.95,25.90,33.90,32.60,33.90,1064850,"28,30,88,51,681.25","3,70,84,181.25",262725,51600
2025-12-04,2025-12-16,CE,"27,050.00",6.40,7.35,4.75,5.30,4.75,5.30,254625,"6,88,90,89,581.25","14,83,331.25",71400,31050
2025-12-04,2025-12-16,PE,"27,350.00","1,293.35","1,293.35","1,258.65","1,258.65","1,258.65","1,267.55",375,"1,07,33,703.75","4,77,453.75",225,150
2025-12-04,2025-12-16,PE,"23,950.00",3.45,4.60,2.30,2.50,2.30,2.50,37725,"90,36,21,453.75","1,07,703.75",28275,13875
2025-12-04,2025-12-16,CE,"24,400.00","1,703.30","1,722.15","1,703.30","1,718.10","1,714.00","1,718.10",225,"58,75,458.75","3,85,458.75",300,0
2025-12-04,2025-12-16,CE,"24,100.00","2,001.40","2,023.85","2,001.40","2,021.20","2,018.55","2,021.20",225,"58,75,785.00","4,53,285.00",150,0
2025-12-04,2025-12-16,CE,"23,950.00","2,150.50","2,170.20","2,150.50","2,166.10","2,162.00","2,166.10",225,"58,74,952.50","4,86,202.50",300,75
2025-12-04,2025-12-16,PE,"26,250.00",312.30,329.90,216.90,240.60,248.35,240.60,174750,"4,63,20,69,603.75","4,48,82,103.75",113100,6525
2025-12-04,2025-12-16,CE,"25,100.00",925.00,"1,060.00",925.00,"1,018.00","1,018.00","1,018.00",1725,"4,50,07,635.00","17,10,135.00",1950,750
2025-12-04,2025-12-16,CE,"25,800.00",348.80,431.30,300.00,379.70,375.00,379.70,902250,"23,61,16,60,642.50","33,36,10,642.50",160575,19800
2025-12-04,2025-12-16,PE,"27,200.00","1,080.20","1,080.20","1,075.85","1,078.05","1,075.85","1,078.05",150,"42,41,703.75","1,61,703.75",75,0
2025-12-04,2025-12-16,CE,"27,400.00",2.15,3.10,2.10,2.35,2.30,2.35,283800,"7,77,68,69,107.50","7,49,107.50",126075,7350
2025-12-04,2025-12-16,PE,"24,250.00",2.95,3.90,2.95,3.00,3.00,3.00,4350,"10,55,02,080.00","14,580.00",750,750
2025-12-04,2025-12-16,CE,"24,900.00","1,181.60","1,226.35","1,181.60","1,225.80","1,226.35","1,225.80",525,"1,37,02,796.25","6,30,296.25",1650,-75
2025-12-04,2025-12-16,CE,"25,700.00",375.05,515.25,372.50,461.75,459.00,461.75,125250,"3,27,45,73,766.25","5,56,48,766.25",73050,27375
2025-12-04,2025-12-16,PE,"24,500.00",4.15,4.70,3.25,3.55,3.40,3.55,626925,"15,36,21,93,963.75","25,31,463.75",350250,30450
2025-12-04,2025-12-16,PE,"25,350.00",21.20,22.55,13.05,13.55,13.20,13.55,347625,"8,81,78,57,006.25","55,63,256.25",96675,29850
2025-12-04,2025-12-16,CE,"25,250.00",862.70,886.05,862.70,882.85,879.15,882.85,375,"97,98,307.50","3,29,557.50",225,75
2025-12-04,2025-12-16,CE,"24,500.00","1,587.35","1,620.15","1,587.35","1,620.15","1,620.15","1,620.15",375,"97,85,625.00","5,98,125.00",600,225
2025-12-04,2025-12-16,PE,"24,550.00",3.25,4.90,3.15,3.50,3.15,3.50,7650,"18,78,40,676.25","33,176.25",7350,1875
2025-12-04,2025-12-16,CE,"24,850.00","1,276.00","1,282.05","1,276.00","1,279.05","1,282.05","1,279.05",150,"39,19,353.75","1,91,853.75",225,0
2025-12-04,2025-12-16,CE,"27,000.00",6.30,8.60,5.90,6.25,5.90,6.25,2293200,"61,93,23,65,032.50","1,59,65,032.50",1188450,361350
2025-12-04,2025-12-16,CE,"25,150.00",936.75,975.45,936.75,974.00,973.90,974.00,1050,"2,74,15,005.00","10,07,505.00",600,450
2025-12-04,2025-12-16,PE,"27,400.00","1,321.25","1,321.25","1,269.40","1,272.35","1,269.40","1,272.35",375,"1,07,63,130.00","4,88,130.00",225,75
2025-12-04,2025-12-16,PE,"24,050.00",2.55,2.55,2.15,2.40,2.15,2.40,3900,"9,38,04,217.50","9,217.50",3750,3750
2025-12-04,2025-12-16,CE,"24,650.00","1,428.70","1,479.00","1,428.70","1,476.30","1,479.00","1,476.30",225,"58,74,843.75","3,28,593.75",225,0
2025-12-04,2025-12-16,CE,"25,050.00","1,033.85","1,082.70","1,020.95","1,080.10","1,077.50","1,080.10",525,"1,37,01,907.50","5,50,657.50",225,150
2025-12-05,2025-12-16,PE,"26,000.00",125.00,128.20,58.55,61.75,61.65,61.75,11056500,"2,88,37,57,70,388.75","90,67,70,388.75",2977875,993075
2025-12-05,2025-12-16,PE,"27,150.00",957.45,994.05,890.00,898.05,895.35,898.05,6000,"16,85,10,948.75","56,10,948.75",825,750
2025-12-05,2025-12-16,CE,"26,300.00",88.95,149.40,72.00,126.50,126.50,126.50,8939250,"2,36,13,57,39,795.00","1,03,34,64,795.00",1694400,634650
2025-12-05,2025-12-16,PE,"25,500.00",23.60,23.60,9.80,10.30,10.15,10.30,5970375,"1,52,32,75,80,030.00","8,30,17,530.00",2176575,1372050
2025-12-05,2025-12-16,CE,"25,300.00",806.30,985.05,806.30,952.55,953.60,952.55,3600,"9,43,91,688.75","33,11,688.75",7725,1275
2025-12-05,2025-12-16,CE,"25,500.00",637.95,793.45,610.10,763.75,763.60,763.75,82425,"2,15,92,71,165.00","5,74,33,665.00",41700,3150
2025-12-05,2025-12-16,PE,"25,400.00",16.00,17.05,7.85,8.40,7.85,8.40,3284100,"83,45,09,85,333.75","3,48,45,333.75",523575,73350
2025-12-05,2025-12-16,PE,"25,300.00",12.05,12.60,6.60,7.10,6.95,7.10,2434725,"61,61,86,06,563.75","2,00,64,063.75",811275,294150
2025-12-05,2025-12-16,CE,"25,650.00",497.00,648.75,491.05,621.05,617.75,621.05,11100,"29,08,29,101.25","61,14,101.25",3675,-2025
2025-12-05,2025-12-16,PE,"26,050.00",143.75,152.10,70.90,74.45,74.20,74.45,3133275,"81,93,22,70,175.00","31,04,56,425.00",396075,181650
2025-12-05,2025-12-16,CE,"26,050.00",186.20,308.15,176.65,278.75,279.95,278.75,1949550,"51,24,05,82,697.50","45,48,05,197.50",165600,-110325
2025-12-05,2025-12-16,CE,"24,800.00","1,406.05","1,411.45","1,406.05","1,411.45","1,411.45","1,428.10",150,"39,31,312.50","2,11,312.50",3000,0
2025-12-05,2025-12-16,PE,"27,850.00","1,724.20","1,756.25","1,588.10","1,592.20","1,588.10","1,592.20",300,"88,54,863.75","4,99,863.75",75,-75
2025-12-05,2025-12-16,CE,"27,300.00",2.70,2.85,2.10,2.45,2.10,2.45,555675,"15,17,12,65,901.25","13,38,401.25",315900,26550
2025-12-05,2025-12-16,CE,"26,650.00",20.20,32.70,14.25,23.95,24.25,23.95,2620050,"69,88,59,24,798.75","6,15,92,298.75",414150,247950
2025-12-05,2025-12-16,PE,"27,950.00","1,700.40","1,700.40","1,690.70","1,695.55","1,690.70","1,695.55",150,"44,46,832.50","2,54,332.50",225,0
2025-12-05,2025-12-16,CE,"25,250.00",950.60,985.90,950.60,985.90,985.90,985.25,450,"1,17,92,932.50","4,30,432.50",375,150
2025-12-05,2025-12-16,CE,"25,550.00",605.25,740.00,593.50,715.00,719.00,715.00,2400,"6,29,10,780.00","15,90,780.00",1650,75
2025-12-05,2025-12-16,PE,"25,850.00",75.40,78.90,33.35,35.05,33.75,35.05,2207250,"57,16,20,41,463.75","10,46,28,963.75",342750,125475
2025-12-05,2025-12-16,CE,"24,350.00","1,865.00","1,875.40","1,854.20","1,854.20","1,854.20","1,876.80",300,"78,64,751.25","5,59,751.25",150,75
2025-12-05,2025-12-16,CE,"24,700.00","1,520.60","1,572.00","1,511.05","1,511.05","1,511.05","1,527.65",4200,"11,03,20,050.00","65,80,050.00",2850,2025
2025-12-05,2025-12-16,CE,"26,000.00",214.30,347.00,205.20,316.55,314.25,316.55,6809475,"1,78,94,89,80,502.50","1,90,26,30,502.50",1654950,-300
2025-12-05,2025-12-16,CE,"24,050.00","2,175.40","2,175.40","2,159.45","2,159.45","2,159.45","2,176.30",150,"39,32,613.75","3,25,113.75",150,0
2025-12-05,2025-12-16,PE,"25,150.00",8.45,9.60,5.05,5.75,5.10,5.75,301950,"7,59,60,18,405.00","19,75,905.00",61875,22125
2025-12-05,2025-12-16,PE,"25,250.00",12.55,12.55,6.30,6.75,6.55,6.75,695925,"17,57,72,25,202.50","51,18,952.50",345000,149925
2025-12-05,2025-12-16,PE,"26,350.00",320.65,324.05,187.75,199.45,198.45,199.45,376875,"10,01,19,10,331.25","8,12,54,081.25",89175,61275
2025-12-05,2025-12-16,PE,"24,800.00",5.70,5.70,3.20,4.05,4.00,4.05,677100,"16,79,49,04,331.25","28,24,331.25",403500,131550
2025-12-05,2025-12-16,CE,"25,100.00","1,016.00","1,175.45","1,016.00","1,108.75","1,108.75","1,131.25",1950,"5,11,89,397.50","22,44,397.50",3750,1800
2025-12-05,2025-12-16,CE,"24,850.00","1,348.30","1,435.40","1,348.30","1,409.95","1,413.40","1,409.95",375,"98,46,671.25","5,27,921.25",75,-150
2025-12-05,2025-12-16,PE,"25,100.00",7.00,23.70,4.65,5.45,4.90,5.45,1117275,"28,04,99,98,091.25","63,95,591.25",254550,51000
2025-12-05,2025-12-16,CE,"24,950.00","1,245.45","1,280.50","1,245.45","1,280.50","1,280.50","1,279.15",450,"1,17,92,973.75","5,65,473.75",300,150
2025-12-05,2025-12-16,CE,"25,950.00",257.20,386.75,237.10,355.15,353.40,355.15,556275,"14,60,86,65,555.00","17,33,29,305.00",64050,-34800
2025-12-05,2025-12-16,CE,"27,100.00",4.50,4.65,3.10,3.50,3.40,3.50,1058850,"28,69,88,21,433.75","39,86,433.75",358500,182775
2025-12-05,2025-12-16,CE,"24,100.00","2,091.70","2,126.60","2,091.70","2,112.75","2,112.75","2,126.35",300,"78,63,123.75","6,33,123.75",225,75
2025-12-05,2025-12-16,CE,"25,000.00","1,120.00","1,280.00","1,100.40","1,251.25","1,253.95","1,251.25",25875,"67,87,59,375.00","3,18,84,375.00",30675,21075
2025-12-05,2025-12-16,PE,"25,650.00",37.50,38.80,15.55,16.65,15.75,16.65,2016750,"51,77,50,52,103.75","4,54,14,603.75",330975,159675
2025-12-05,2025-12-16,PE,"26,300.00",278.65,290.00,161.65,172.00,172.00,172.00,2466150,"65,32,50,38,512.50","46,52,93,512.50",500250,277950
2025-12-05,2025-12-16,PE,"26,650.00",570.60,570.60,399.85,420.40,414.40,420.40,21300,"57,70,52,253.75","94,07,253.75",5850,3975
2025-12-05,2025-12-16,CE,"24,450.00","1,676.20","1,784.85","1,676.20","1,784.85","1,784.85","1,777.00",300,"78,59,820.00","5,24,820.00",225,75
2025-12-05,2025-12-16,CE,"27,800.00",1.35,1.45,1.10,1.20,1.20,1.20,53550,"1,48,87,55,595.00","65,595.00",95100,4125
2025-12-05,2025-12-16,PE,"27,700.00","1,449.30","1,449.30","1,442.70","1,446.00","1,442.70","1,446.00",150,"43,71,900.00","2,16,900.00",75,0
2025-12-05,2025-12-16,CE,"24,650.00","1,563.50","1,577.15","1,563.50","1,577.15","1,577.15","1,577.50",150,"39,33,048.75","2,35,548.75",225,0
2025-12-05,2025-12-16,CE,"23,950.00","2,241.95","2,275.60","2,241.95","2,267.40","2,267.40","2,276.10",225,"58,97,621.25","5,08,871.25",225,-75
2025-12-05,2025-12-16,CE,"26,500.00",43.35,68.30,29.60,53.95,54.25,53.95,10161225,"2,69,77,94,79,787.50","50,70,17,287.50",1955775,835725
2025-12-05,2025-12-16,CE,"27,500.00",1.75,1.75,1.35,1.50,1.45,1.50,1776525,"48,85,70,82,262.50","26,44,762.50",816075,198075
2025-12-05,2025-12-16,PE,"24,100.00",2.40,2.90,2.10,2.50,2.10,2.50,31950,"77,00,75,658.75","80,658.75",7425,600
2025-12-05,2025-12-16,CE,"26,150.00",170.00,238.05,127.15,210.40,210.05,210.40,3423000,"90,16,01,15,655.00","64,86,65,655.00",306225,59175
2025-12-05,2025-12-16,PE,"26,750.00",607.65,647.30,491.05,505.00,503.00,505.00,3075,"8,38,88,756.25","16,32,506.25",1800,900
2025-12-05,2025-12-16,CE,"26,850.00",9.30,11.85,6.30,8.50,8.15,8.50,1167000,"31,34,44,86,937.50","1,05,36,937.50",265575,179775
2025-12-05,2025-12-16,CE,"27,150.00",4.00,4.20,2.70,3.35,3.45,3.35,111000,"3,01,40,20,698.75","3,70,698.75",46050,16200
2025-12-05,2025-12-16,CE,"26,550.00",35.00,53.95,23.15,41.75,41.30,41.75,3068400,"81,58,47,33,438.75","11,87,13,438.75",441975,179250
2025-12-05,2025-12-16,PE,"24,050.00",2.40,2.60,2.10,2.15,2.15,2.15,8550,"20,56,47,015.00","19,515.00",2850,-900
2025-12-05,2025-12-16,PE,"27,650.00","1,400.00","1,417.85","1,390.00","1,390.00","1,390.00","1,390.00",375,"1,08,96,840.00","5,28,090.00",75,-300
2025-12-05,2025-12-16,PE,"27,600.00","1,350.10","1,350.10","1,343.05","1,346.60","1,343.05","1,346.60",150,"43,41,986.25","2,01,986.25",150,0
2025-12-05,2025-12-16,CE,"25,150.00","1,049.75","1,094.85","1,049.75","1,094.85","1,094.85","1,082.30",450,"1,17,97,683.75","4,80,183.75",600,0
2025-12-05,2025-12-16,CE,"25,850.00",339.55,469.95,309.35,438.75,436.30,438.75,137475,"3,60,79,09,886.25","5,41,81,136.25",29550,-7500
2025-12-05,2025-12-16,CE,"24,150.00","2,075.90","2,075.90","2,060.30","2,060.30","2,060.30","2,076.45",150,"39,32,715.00","3,10,215.00",150,0
2025-12-05,2025-12-16,PE,"27,250.00",995.45,995.45,988.55,992.00,988.55,992.00,150,"42,36,300.00","1,48,800.00",75,75
2025-12-05,2025-12-16,PE,"27,500.00","1,245.45","1,245.45","1,237.50","1,242.40","1,244.25","1,242.40",225,"64,67,040.00","2,79,540.00",450,75
2025-12-05,2025-12-16,PE,"27,750.00","1,533.45","1,533.45","1,492.40","1,492.40","1,492.40","1,492.40",150,"43,89,438.75","2,26,938.75",150,0
2025-12-05,2025-12-16,CE,"27,350.00",2.50,2.65,1.80,2.25,2.50,2.25,40500,"1,10,77,64,156.25","89,156.25",15075,8400
2025-12-05,2025-12-16,PE,"24,850.00",6.55,6.60,3.75,4.10,4.70,4.10,46575,"1,15,75,89,873.75","2,01,123.75",11850,1875
2025-12-05,2025-12-16,PE,"25,000.00",6.35,6.80,4.30,5.05,4.55,5.05,2525475,"63,15,00,35,411.25","1,31,60,411.25",1103400,421725
2025-12-05,2025-12-16,PE,"24,600.00",3.65,4.25,2.95,3.35,2.95,3.35,83775,"2,06,11,46,970.00","2,81,970.00",41775,1350
2025-12-05,2025-12-16,PE,"27,550.00","1,291.80","1,291.80","1,284.30","1,288.05","1,284.30","1,288.05",150,"43,25,707.50","1,93,207.50",75,0
2025-12-05,2025-12-16,CE,"25,750.00",418.45,564.50,383.40,523.90,527.75,523.90,46200,"1,21,11,55,781.25","2,15,05,781.25",9225,750
2025-12-05,2025-12-16,PE,"25,050.00",6.85,7.05,4.60,5.10,4.60,5.10,186225,"4,66,59,29,426.25","9,93,176.25",62175,30450
2025-12-05,2025-12-16,PE,"27,100.00",891.00,900.00,855.75,855.75,855.75,855.75,1050,"2,93,83,526.25","9,28,526.25",600,525
2025-12-05,2025-12-16,PE,"26,850.00",658.95,658.95,572.00,603.10,598.15,603.10,1350,"3,70,79,808.75","8,32,308.75",900,225
2025-12-05,2025-12-16,CE,"27,000.00",6.25,6.65,4.15,4.95,4.70,4.95,4627425,"1,24,96,48,41,288.75","2,43,66,288.75",1529625,341175
2025-12-05,2025-12-16,CE,"26,200.00",114.65,206.55,105.80,179.85,179.95,179.85,10092225,"2,66,06,66,85,423.75","1,65,03,90,423.75",1618050,552075
2025-12-05,2025-12-16,CE,"26,100.00",170.05,272.35,150.00,243.15,244.00,243.15,8041950,"2,11,61,10,09,667.50","1,71,61,14,667.50",875325,-2700
2025-12-05,2025-12-16,PE,"26,950.00",711.15,711.15,683.35,683.35,683.35,683.35,825,"2,28,13,230.00","5,79,480.00",450,300
2025-12-05,2025-12-16,PE,"26,250.00",246.05,255.25,138.65,147.15,146.70,147.15,1331475,"35,16,88,05,727.50","21,75,86,977.50",272625,159525
2025-12-05,2025-12-16,CE,"24,000.00","2,180.00","2,278.00","2,145.00","2,246.65","2,247.60","2,246.65",12450,"32,65,83,397.50","2,77,83,397.50",12450,10725
2025-12-05,2025-12-16,PE,"25,550.00",26.50,27.20,11.40,12.00,11.50,12.00,1779300,"45,49,04,03,381.25","2,92,88,381.25",294225,89175
2025-12-05,2025-12-16,CE,"26,750.00",12.95,19.65,9.15,13.90,13.60,13.90,1873875,"50,15,26,99,098.75","2,65,42,848.75",309075,178725
2025-12-05,2025-12-16,PE,"26,400.00",360.00,360.30,215.00,228.70,230.00,228.70,829650,"22,11,21,28,650.00","20,93,68,650.00",240825,8250
2025-12-05,2025-12-16,PE,"24,350.00",2.95,3.25,2.45,3.05,3.20,3.05,2025,"4,93,14,543.75","5,793.75",375,-225
2025-12-05,2025-12-16,PE,"27,350.00","1,105.45","1,105.45","1,098.50","1,101.95","1,098.50","1,101.95",300,"85,35,585.00","3,30,585.00",75,-150
2025-12-05,2025-12-16,PE,"27,050.00",837.70,837.70,802.80,805.95,802.80,805.95,450,"1,25,37,547.50","3,65,047.50",0,-150
2025-12-05,2025-12-16,PE,"25,600.00",30.55,32.70,13.60,14.30,14.20,14.30,5199450,"1,33,20,39,40,466.25","9,80,20,466.25",1141800,463200
2025-12-05,2025-12-16,PE,"24,450.00",3.20,3.50,2.45,3.05,3.50,3.05,9600,"23,47,48,192.50","28,192.50",4275,75
2025-12-05,2025-12-16,CE,"24,500.00","1,711.00","1,771.70","1,705.00","1,769.75","1,769.75","1,727.10",975,"2,55,74,621.25","16,87,121.25",1275,675
2025-12-05,2025-12-16,PE,"27,400.00","1,125.00","1,169.35","1,125.00","1,169.35","1,169.35","1,171.75",150,"42,82,076.25","1,72,076.25",225,0
2025-12-05,2025-12-16,PE,"27,200.00",925.00,986.80,925.00,986.80,986.80,977.45,150,"42,23,385.00","1,43,385.00",150,75
2025-12-05,2025-12-16,PE,"24,750.00",3.00,4.50,2.75,3.70,3.30,3.70,44325,"1,09,72,14,341.25","1,70,591.25",17175,8625
2025-12-05,2025-12-16,CE,"24,400.00","1,793.70","1,826.70","1,793.70","1,818.85","1,818.85","1,826.90",225,"58,97,943.75","4,07,943.75",225,-75
2025-12-05,2025-12-16,PE,"25,200.00",8.05,10.00,5.50,6.20,6.00,6.20,2262000,"57,01,75,11,296.25","1,51,11,296.25",688650,306225
2025-12-05,2025-12-16,CE,"27,850.00",1.50,1.65,1.05,1.25,1.10,1.25,46050,"1,28,25,55,087.50","62,587.50",7800,2850
2025-12-05,2025-12-16,PE,"23,950.00",1.90,2.50,1.90,2.30,2.15,2.30,101775,"2,43,77,47,728.75","2,36,478.75",82125,53850
2025-12-05,2025-12-16,PE,"27,450.00","1,235.55","1,235.55","1,222.05","1,224.65","1,224.65","1,220.90",225,"64,52,418.75","2,76,168.75",75,0
2025-12-05,2025-12-16,CE,"25,050.00","1,174.00","1,220.00","1,174.00","1,198.55","1,201.35","1,198.55",300,"78,74,328.75","3,59,328.75",225,0
2025-12-05,2025-12-16,PE,"26,600.00",516.05,527.50,354.05,374.80,374.85,374.80,302325,"8,16,46,25,718.75","12,27,80,718.75",192900,162975
2025-12-05,2025-12-16,PE,"25,750.00",56.20,56.85,22.70,24.00,23.20,24.00,2760075,"71,16,32,26,248.75","9,12,94,998.75",327450,107175
2025-12-05,2025-12-16,PE,"24,200.00",2.45,3.30,2.15,2.65,2.15,2.65,71625,"1,73,35,10,771.25","1,85,771.25",25800,6375
2025-12-05,2025-12-16,PE,"25,350.00",13.45,14.10,7.20,7.95,7.30,7.95,979650,"24,84,28,86,896.25","87,59,396.25",153000,56325
2025-12-05,2025-12-16,CE,"26,600.00",23.45,41.95,17.80,31.40,30.85,31.40,7691700,"2,04,82,63,09,046.25","22,70,89,046.25",2262600,1707150
2025-12-05,2025-12-16,CE,"26,350.00",69.30,125.40,58.35,104.75,103.05,104.75,2845725,"75,25,41,19,155.00","26,92,65,405.00",312375,126825
2025-12-05,2025-12-16,CE,"27,950.00",1.50,1.50,1.05,1.15,1.15,1.15,49500,"1,38,35,85,513.75","60,513.75",29775,3375
2025-12-05,2025-12-16,CE,"25,450.00",687.85,797.00,670.75,797.00,797.00,796.00,4125,"10,79,55,993.75","29,74,743.75",1650,1200
2025-12-05,2025-12-16,CE,"25,200.00",918.00,"1,076.90",908.00,"1,048.25","1,048.25","1,033.65",3525,"9,23,65,991.25","35,35,991.25",18000,2100
2025-12-05,2025-12-16,CE,"27,700.00",1.45,1.55,1.15,1.25,1.25,1.25,104475,"2,89,40,94,157.50","1,36,657.50",99000,14700
2025-12-05,2025-12-16,PE,"24,000.00",2.00,2.65,2.00,2.30,2.15,2.30,644250,"15,46,35,13,751.25","15,13,751.25",433800,189375
2025-12-05,2025-12-16,CE,"25,700.00",447.50,610.00,431.20,573.10,571.05,573.10,207900,"5,45,51,46,397.50","11,21,16,397.50",65475,-7575
2025-12-05,2025-12-16,PE,"26,700.00",608.70,613.05,438.00,462.90,462.15,462.90,109575,"2,97,91,76,130.00","5,35,23,630.00",46275,14475
2025-12-05,2025-12-16,PE,"26,500.00",418.20,445.00,278.55,297.75,297.50,297.75,1068525,"28,65,86,49,828.75","34,27,37,328.75",427275,257250
2025-12-05,2025-12-16,PE,"24,250.00",2.90,3.25,2.30,2.80,2.35,2.80,2400,"5,82,06,956.25","6,956.25",975,225
2025-12-05,2025-12-16,CE,"27,900.00",1.40,1.40,1.10,1.20,1.10,1.20,99450,"2,77,47,81,975.00","1,26,975.00",44400,3150
2025-12-05,2025-12-16,CE,"26,900.00",6.85,9.35,5.30,6.65,6.75,6.65,2071800,"55,74,59,56,211.25","1,45,36,211.25",614325,270825
2025-12-05,2025-12-16,PE,"26,900.00",785.00,822.00,636.00,651.95,652.00,651.95,9750,"26,90,58,975.00","67,83,975.00",5400,5175
2025-12-05,2025-12-16,PE,"26,550.00",407.55,483.70,316.55,337.65,336.70,337.65,35775,"96,22,96,721.25","1,24,70,471.25",6450,3900
2025-12-05,2025-12-16,CE,"25,600.00",540.95,699.00,512.50,669.40,663.95,669.40,199050,"5,22,06,35,553.75","12,49,55,553.75",306600,30750
2025-12-05,2025-12-16,CE,"27,450.00",2.10,2.10,1.35,1.55,1.60,1.55,36900,"1,01,29,67,298.75","62,298.75",24450,-12000
2025-12-05,2025-12-16,CE,"24,300.00","1,926.55","1,926.55","1,911.10","1,911.30","1,911.30","1,926.70",300,"78,64,635.00","5,74,635.00",300,150
2025-12-05,2025-12-16,PE,"26,100.00",168.00,172.10,84.00,88.40,87.50,88.40,9647025,"2,52,87,41,39,242.50","1,08,67,86,742.50",1321050,783075
2025-12-05,2025-12-16,CE,"24,550.00","1,670.15","1,677.50","1,663.20","1,677.50","1,677.50","1,677.20",300,"78,66,075.00","5,01,075.00",150,75
2025-12-05,2025-12-16,PE,"24,950.00",5.95,6.05,4.00,4.65,4.05,4.65,135900,"3,39,13,54,822.50","6,49,822.50",48375,13200
2025-12-05,2025-12-16,PE,"24,500.00",3.35,3.55,2.55,3.10,2.55,3.10,869100,"21,29,57,04,993.75","27,54,993.75",397350,47100
2025-12-05,2025-12-16,CE,"24,600.00","1,620.40","1,650.00","1,607.85","1,650.00","1,650.00","1,650.00",450,"1,18,02,127.50","7,32,127.50",375,225
2025-12-05,2025-12-16,CE,"24,200.00","2,026.15","2,026.15","2,010.10","2,010.10","2,010.10","2,026.55",150,"39,32,718.75","3,02,718.75",150,0
2025-12-05,2025-12-16,PE,"25,900.00",92.00,93.00,40.55,42.60,41.70,42.60,5521500,"1,43,31,97,59,697.50","31,29,09,697.50",1161450,481425
2025-12-05,2025-12-16,CE,"26,250.00",101.15,177.00,87.40,152.55,151.20,152.55,3360825,"88,68,42,60,213.75","46,26,03,963.75",394275,148875
2025-12-05,2025-12-16,PE,"27,800.00","1,549.10","1,549.10","1,542.50","1,545.80","1,542.50","1,545.80",150,"44,01,870.00","2,31,870.00",75,0
2025-12-05,2025-12-16,PE,"27,900.00","1,774.70","1,774.70","1,640.50","1,644.60","1,640.50","1,644.60",300,"88,81,781.25","5,11,781.25",150,75
2025-12-05,2025-12-16,CE,"26,700.00",17.60,25.50,11.40,18.25,17.60,18.25,5546250,"1,48,18,59,07,496.25","10,10,32,496.25",1117350,586800
2025-12-05,2025-12-16,CE,"27,400.00",2.15,2.30,1.55,1.80,1.90,1.80,728550,"19,96,35,75,453.75","13,05,453.75",264075,138000
2025-12-05,2025-12-16,CE,"26,950.00",8.20,8.20,4.45,5.60,5.30,5.60,562800,"15,17,07,90,318.75","33,30,318.75",146400,83400
2025-12-05,2025-12-16,CE,"25,400.00",733.95,886.60,711.05,850.85,865.75,850.85,12750,"33,38,71,878.75","1,00,21,878.75",24075,0
2025-12-05,2025-12-16,CE,"27,050.00",5.00,5.50,3.45,4.00,4.55,4.00,484575,"13,10,98,32,382.50","20,78,632.50",106800,35400
2025-12-05,2025-12-16,PE,"26,200.00",218.95,227.30,118.00,124.85,125.20,124.85,8344500,"2,19,81,72,91,342.50","1,19,13,91,342.50",1271250,926625
2025-12-05,2025-12-16,CE,"27,600.00",2.05,2.05,1.15,1.25,1.25,1.25,582450,"16,07,63,50,571.25","7,30,571.25",231450,179925
2025-12-05,2025-12-16,PE,"26,800.00",697.95,710.00,529.85,555.85,555.10,555.85,69825,"1,91,33,50,402.50","4,20,40,402.50",20325,-7200
2025-12-05,2025-12-16,PE,"25,700.00",45.95,46.60,18.70,19.85,19.50,19.85,4335750,"1,11,54,54,49,710.00","11,66,74,710.00",867825,348900
2025-12-05,2025-12-16,CE,"25,800.00",371.50,513.00,344.30,482.35,480.60,482.35,663375,"17,40,39,67,725.00","28,88,92,725.00",166650,6075
2025-12-05,2025-12-16,PE,"25,450.00",17.60,19.65,8.75,9.35,9.20,9.35,1252125,"31,88,21,11,908.75","1,55,30,658.75",225000,87525
2025-12-05,2025-12-16,PE,"24,900.00",5.75,5.75,3.75,4.35,3.75,4.35,554250,"13,80,32,89,758.75","24,64,758.75",180975,88950
2025-12-05,2025-12-16,CE,"26,400.00",55.05,103.65,46.50,85.15,84.65,85.15,7236075,"1,91,60,41,43,377.50","57,17,63,377.50",1198350,470325
2025-12-05,2025-12-16,CE,"26,450.00",55.45,84.90,37.20,68.15,67.05,68.15,2637300,"69,91,79,88,566.25","16,14,03,566.25",253425,93450
2025-12-05,2025-12-16,PE,"25,950.00",105.00,109.05,49.30,51.80,50.50,51.80,3421875,"89,02,64,20,702.50","22,87,64,452.50",798975,507975
2025-12-05,2025-12-16,CE,"27,650.00",1.30,1.80,1.15,1.35,1.20,1.35,35175,"97,26,38,752.50","50,002.50",25575,12675
2025-12-05,2025-12-16,PE,"24,650.00",3.95,4.30,2.35,2.65,2.90,2.65,46950,"1,15,74,61,755.00","1,44,255.00",30525,22500
2025-12-05,2025-12-16,PE,"24,400.00",2.75,3.35,2.30,2.80,2.50,2.80,70875,"1,72,95,59,107.50","2,09,107.50",9975,2850
2025-12-05,2025-12-16,CE,"24,750.00","1,444.75","1,509.10","1,444.75","1,505.60","1,509.10","1,505.60",375,"98,32,192.50","5,50,942.50",75,-150
2025-12-05,2025-12-16,PE,"24,550.00",4.15,4.15,2.70,3.10,2.80,3.10,34500,"84,70,86,438.75","1,11,438.75",9900,2550
2025-12-05,2025-12-16,PE,"24,700.00",4.25,4.40,2.35,3.45,3.00,3.45,377925,"9,33,61,33,188.75","13,85,688.75",106875,28200
2025-12-05,2025-12-16,PE,"26,450.00",385.95,402.50,247.95,262.50,263.00,262.50,125025,"3,34,22,78,617.50","3,53,67,367.50",29850,25950
2025-12-05,2025-12-16,CE,"25,900.00",296.45,427.70,270.55,395.25,395.00,395.25,930150,"24,41,68,38,915.00","32,59,53,915.00",194550,16125
2025-12-05,2025-12-16,PE,"27,300.00","1,074.00","1,074.00","1,069.30","1,069.30","1,069.30","1,074.05",150,"42,55,747.50","1,60,747.50",300,-75
2025-12-05,2025-12-16,CE,"27,750.00",1.35,1.55,1.00,1.20,1.25,1.20,2100,"5,82,77,561.25","2,561.25",1275,0
2025-12-05,2025-12-16,PE,"26,150.00",189.55,199.50,100.90,105.80,105.60,105.80,3630450,"95,38,84,54,743.75","45,21,87,243.75",434925,293175
2025-12-05,2025-12-16,PE,"24,300.00",2.85,3.30,2.30,2.85,2.80,2.85,47475,"1,15,37,77,863.75","1,35,363.75",25200,4275
2025-12-05,2025-12-16,PE,"25,800.00",70.00,70.00,28.00,29.35,29.20,29.35,6668550,"1,72,30,55,01,255.00","25,69,11,255.00",1581150,884850
2025-12-05,2025-12-16,CE,"24,900.00","1,315.00","1,348.80","1,310.00","1,347.05","1,348.80","1,347.05",375,"98,37,453.75","4,99,953.75",1800,150
2025-12-05,2025-12-16,CE,"25,350.00",863.70,909.95,863.70,909.95,909.95,909.95,225,"59,01,971.25","1,98,221.25",450,0
2025-12-05,2025-12-16,CE,"27,200.00",3.55,3.60,2.55,2.95,3.10,2.95,1076175,"29,27,52,28,950.00","32,68,950.00",394725,193500
2025-12-05,2025-12-16,CE,"27,550.00",1.60,1.70,1.15,1.40,1.45,1.40,75150,"2,07,04,83,915.00","1,01,415.00",23850,-12750
2025-12-05,2025-12-16,CE,"27,250.00",3.15,3.20,2.10,2.65,2.70,2.65,241125,"6,57,12,78,116.25","6,21,866.25",40950,-2400
2025-12-05,2025-12-16,PE,"27,000.00",881.05,920.40,720.00,746.75,743.20,746.75,45675,"1,26,95,04,682.50","3,62,79,682.50",16800,13575
2025-12-05,2025-12-16,CE,"26,800.00",11.80,15.40,7.55,10.65,10.30,10.65,4017975,"1,07,72,68,46,336.25","4,51,16,336.25",1037625,423975
2025-12-08,2025-12-16,CE,"25,650.00",590.05,604.85,370.50,391.20,376.30,391.20,27000,"70,45,92,371.25","1,20,42,371.25",12525,8850
2025-12-08,2025-12-16,CE,"26,900.00",6.75,6.75,4.00,4.80,5.20,4.80,6301125,"1,69,53,02,57,598.75","2,99,95,098.75",1744350,1130025
2025-12-08,2025-12-16,PE,"27,900.00","1,883.25","1,883.25","1,874.70","1,879.00","1,874.70","1,879.00",150,"44,66,846.25","2,81,846.25",150,0
2025-12-08,2025-12-16,CE,"27,800.00",1.20,1.70,1.00,1.35,1.35,1.35,3920250,"1,08,98,76,70,346.25","47,20,346.25",1302225,1207125
2025-12-08,2025-12-16,CE,"25,750.00",494.20,512.45,294.30,308.25,296.00,308.25,139050,"3,62,72,89,275.00","4,67,51,775.00",39150,29925
2025-12-08,2025-12-16,CE,"24,150.00","1,859.75","1,859.75","1,850.15","1,854.95","1,850.15","1,854.95",150,"39,00,742.50","2,78,242.50",150,0
2025-12-08,2025-12-16,CE,"27,550.00",1.45,2.45,1.15,2.05,2.35,2.05,131475,"3,62,23,56,446.25","2,20,196.25",27300,3450
2025-12-08,2025-12-16,CE,"24,900.00","1,293.00","1,297.00","1,080.10","1,119.00","1,119.00","1,091.70",1725,"4,50,26,167.50","20,73,667.50",3450,1650
2025-12-08,2025-12-16,CE,"25,600.00",642.00,656.00,411.00,427.80,417.10,427.80,206475,"5,39,12,50,848.75","10,54,90,848.75",336450,29850
2025-12-08,2025-12-16,CE,"24,950.00","1,200.00","1,200.00","1,055.90","1,063.95","1,063.95","1,042.20",300,"78,13,972.50","3,28,972.50",150,-150
2025-12-08,2025-12-16,CE,"27,750.00",1.10,2.20,1.10,1.70,1.40,1.70,18600,"51,61,79,013.75","29,013.75",6450,5175
2025-12-08,2025-12-16,PE,"26,550.00",356.45,606.00,345.00,567.95,575.40,567.95,20775,"56,15,44,650.00","99,68,400.00",4875,-1575
2025-12-08,2025-12-16,PE,"24,950.00",3.05,7.70,3.00,7.15,7.40,7.15,359100,"8,96,17,14,045.00","21,69,045.00",117150,68775
2025-12-08,2025-12-16,PE,"27,150.00",979.00,"1,164.40",974.25,"1,132.85","1,132.85","1,157.80",1875,"5,28,20,767.50","19,14,517.50",675,-150
2025-12-08,2025-12-16,CE,"26,000.00",313.00,313.00,139.60,153.15,140.55,153.15,16653675,"4,36,11,94,48,451.25","3,12,38,98,451.25",4109775,2454825
2025-12-08,2025-12-16,CE,"26,350.00",103.15,103.15,32.90,37.20,32.90,37.20,5547450,"1,46,48,83,79,771.25","31,30,72,271.25",682650,370275
2025-12-08,2025-12-16,PE,"24,850.00",2.75,6.85,2.75,6.30,6.35,6.30,191100,"4,74,98,89,938.75","10,54,938.75",55350,43500
2025-12-08,2025-12-16,PE,"24,150.00",2.60,7.90,2.35,3.35,3.15,3.35,17550,"42,38,95,203.75","62,703.75",2925,2925
2025-12-08,2025-12-16,PE,"25,900.00",41.70,131.20,41.15,110.40,115.90,110.40,13765275,"3,57,76,73,07,060.00","1,24,66,84,560.00",1582800,421350
2025-12-08,2025-12-16,PE,"27,250.00","1,248.15","1,248.15","1,227.30","1,227.30","1,227.30","1,227.30",150,"42,73,158.75","1,85,658.75",75,0
2025-12-08,2025-12-16,CE,"27,000.00",5.15,5.50,3.40,4.25,4.80,4.25,12380475,"3,34,32,11,33,951.25","4,83,08,951.25",4624800,3095175
2025-12-08,2025-12-16,PE,"24,300.00",2.85,4.25,2.00,3.90,4.05,3.90,403650,"9,81,00,22,646.25","13,27,646.25",75975,50775
2025-12-08,2025-12-16,CE,"27,650.00",1.35,2.25,1.15,1.85,1.25,1.85,56700,"1,56,78,47,898.75","92,898.75",35100,9525
2025-12-08,2025-12-16,CE,"24,200.00","1,822.80","1,822.80","1,811.15","1,817.05","1,811.15","1,817.05",300,"78,05,107.50","5,45,107.50",150,0
2025-12-08,2025-12-16,PE,"26,900.00",677.95,922.55,677.00,908.80,911.45,908.80,9675,"26,77,31,411.25","74,73,911.25",8025,2625
2025-12-08,2025-12-16,CE,"27,950.00",1.20,1.45,0.95,1.25,1.20,1.25,533175,"14,90,28,47,257.50","6,06,007.50",174225,144450
2025-12-08,2025-12-16,PE,"25,700.00",19.50,67.85,17.65,53.50,55.00,53.50,8605725,"2,21,52,47,97,806.25","35,76,65,306.25",1513425,645600
2025-12-08,2025-12-16,CE,"25,000.00","1,227.80","1,227.85",986.90,"1,018.10",988.00,"1,018.10",139575,"3,64,34,68,668.75","15,40,93,668.75",136425,105750
2025-12-08,2025-12-16,PE,"25,200.00",5.80,12.70,5.00,10.95,10.65,10.95,5896350,"1,48,63,68,64,425.00","4,88,44,425.00",1658925,970275
2025-12-08,2025-12-16,CE,"25,450.00",652.75,652.75,554.75,554.80,554.75,554.80,1125,"2,92,79,197.50","6,47,947.50",1800,150
2025-12-08,2025-12-16,CE,"24,300.00","1,695.00","1,717.05","1,695.00","1,717.05","1,717.05","1,689.85",225,"58,52,036.25","3,84,536.25",375,75
2025-12-08,2025-12-16,CE,"24,800.00","1,395.00","1,400.00","1,085.20","1,093.00","1,085.20","1,093.00",2625,"6,82,80,588.75","31,80,588.75",5475,2475
2025-12-08,2025-12-16,CE,"24,050.00","1,960.20","1,960.20","1,949.95","1,955.10","1,949.95","1,955.10",150,"39,00,761.25","2,93,261.25",150,0
2025-12-08,2025-12-16,PE,"25,000.00",4.55,8.50,4.10,7.85,7.75,7.85,8003850,"2,00,14,81,52,696.25","5,19,02,696.25",3404925,2301525
2025-12-08,2025-12-16,PE,"26,400.00",192.00,460.65,191.95,434.70,445.95,434.70,930675,"24,86,54,48,137.50","29,56,28,137.50",261525,20700
2025-12-08,2025-12-16,CE,"26,800.00",11.05,11.05,5.30,6.30,6.30,6.30,7352175,"1,97,08,89,37,878.75","5,06,47,878.75",1884675,847050
2025-12-08,2025-12-16,PE,"27,800.00","1,795.65","1,795.65","1,774.30","1,774.30","1,774.30","1,774.30",150,"44,37,746.25","2,67,746.25",150,75
2025-12-08,2025-12-16,CE,"27,400.00",1.80,3.05,0.65,2.35,2.85,2.35,3508425,"96,13,74,65,478.75","66,20,478.75",1016175,752100
2025-12-08,2025-12-16,CE,"24,550.00","1,454.65","1,477.65","1,454.65","1,477.65","1,477.65","1,477.65",150,"39,02,422.50","2,19,922.50",75,-75
2025-12-08,2025-12-16,PE,"26,150.00",114.85,268.00,106.75,240.80,253.00,240.80,5794350,"1,52,43,16,92,825.00","90,94,40,325.00",383700,-51225
2025-12-08,2025-12-16,CE,"27,200.00",2.90,3.65,2.25,3.15,3.50,3.15,3956175,"1,07,61,84,65,415.00","1,05,05,415.00",1332375,937650
2025-12-08,2025-12-16,CE,"27,500.00",1.50,2.60,1.40,2.15,2.30,2.15,7812300,"2,14,85,22,25,841.25","1,39,75,841.25",2935275,2119200
2025-12-08,2025-12-16,PE,"26,600.00",395.05,640.00,387.95,621.55,624.90,621.55,190950,"5,17,48,08,603.75","9,55,38,603.75",137250,-55650
2025-12-08,2025-12-16,CE,"26,700.00",15.35,17.60,7.65,8.45,8.55,8.45,8521275,"2,27,60,75,32,181.25","8,94,89,681.25",1887075,769725
2025-12-08,2025-12-16,CE,"25,550.00",635.85,635.85,465.05,471.20,466.60,471.20,29025,"75,55,57,192.50","1,39,68,442.50",10575,8925
2025-12-08,2025-12-16,PE,"27,850.00","1,847.35","1,847.35","1,834.55","1,840.95","1,834.55","1,840.95",150,"44,53,642.50","2,76,142.50",150,75
2025-12-08,2025-12-16,PE,"24,550.00",1.65,5.05,1.65,4.55,4.50,4.55,103200,"2,53,39,75,841.25","4,15,841.25",35625,25725
2025-12-08,2025-12-16,PE,"26,350.00",211.00,417.15,202.00,389.90,401.45,389.90,337125,"8,98,06,64,846.25","9,74,21,096.25",39825,-49350
2025-12-08,2025-12-16,PE,"24,350.00",3.05,4.50,2.05,3.95,4.50,3.95,11700,"28,49,35,582.50","40,582.50",3375,3000
2025-12-08,2025-12-16,PE,"26,750.00",550.00,767.40,550.00,738.15,738.15,738.15,1575,"4,31,22,903.75","9,91,653.75",2175,375
2025-12-08,2025-12-16,CE,"25,850.00",432.75,432.75,226.65,244.35,230.00,244.35,554775,"14,48,88,22,087.50","14,78,88,337.50",108375,78825
2025-12-08,2025-12-16,PE,"27,950.00","1,966.85","1,966.85","1,954.10","1,960.50","1,954.10","1,960.50",150,"44,86,571.25","2,94,071.25",225,0
2025-12-08,2025-12-16,CE,"27,350.00",1.75,3.05,1.75,2.35,2.55,2.35,809100,"22,13,05,26,360.00","16,41,360.00",246600,231525
2025-12-08,2025-12-16,CE,"24,650.00","1,515.00","1,515.00","1,367.85","1,367.85","1,367.85","1,340.40",450,"1,17,57,063.75","6,64,563.75",600,375
2025-12-08,2025-12-16,PE,"26,450.00",263.40,500.00,263.40,471.45,488.25,471.45,85425,"2,28,97,65,048.75","3,02,73,798.75",11475,-18375
2025-12-08,2025-12-16,PE,"26,650.00",438.50,675.85,428.90,667.15,675.65,667.15,11400,"31,00,03,402.50","61,93,402.50",5025,-825
2025-12-08,2025-12-16,CE,"23,950.00","2,265.00","2,265.00","2,051.15","2,051.15","2,051.15","2,039.40",1125,"2,93,28,112.50","23,84,362.50",1125,900
2025-12-08,2025-12-16,PE,"25,300.00",7.70,17.05,5.95,13.50,12.65,13.50,6250125,"1,58,19,72,71,591.25","6,91,09,091.25",1277175,465900
2025-12-08,2025-12-16,PE,"24,000.00",2.05,3.20,1.95,3.00,3.05,3.00,2447925,"58,75,65,06,348.75","63,06,348.75",1075350,641550
2025-12-08,2025-12-16,CE,"26,750.00",13.95,14.50,6.25,7.05,7.20,7.05,3653250,"97,75,50,03,678.75","3,05,66,178.75",530625,221550
2025-12-08,2025-12-16,CE,"25,050.00",958.50,965.10,958.50,965.10,965.10,943.80,150,"39,01,770.00","1,44,270.00",225,0
2025-12-08,2025-12-16,PE,"27,500.00","1,415.00","1,505.00","1,415.00","1,480.85","1,480.85","1,506.40",450,"1,30,40,152.50","6,65,152.50",825,375
2025-12-08,2025-12-16,CE,"27,250.00",2.75,4.10,2.10,3.05,3.35,3.05,326475,"8,89,72,72,282.50","8,28,532.50",56175,15225
2025-12-08,2025-12-16,CE,"27,600.00",1.40,2.65,1.25,2.00,1.70,2.00,1365450,"37,68,85,38,007.50","21,18,007.50",574650,343200
2025-12-08,2025-12-16,PE,"25,050.00",4.10,9.00,2.80,8.25,7.50,8.25,918600,"23,01,79,26,648.75","69,96,648.75",147300,85125
2025-12-08,2025-12-16,CE,"26,100.00",244.00,244.00,97.25,107.50,97.95,107.50,17463450,"4,58,38,50,78,618.75","2,58,90,33,618.75",3110400,2235075
2025-12-08,2025-12-16,PE,"26,100.00",90.70,235.40,88.80,206.90,216.25,206.90,16219875,"4,25,68,58,29,638.75","2,34,70,92,138.75",1568025,246975
2025-12-08,2025-12-16,PE,"27,700.00","1,689.85","1,689.85","1,686.80","1,686.80","1,686.80","1,706.10",150,"44,08,248.75","2,53,248.75",225,150
2025-12-08,2025-12-16,PE,"26,300.00",171.95,380.10,171.95,350.10,365.30,350.10,3729825,"99,03,39,65,985.00","93,95,68,485.00",756450,256200
2025-12-08,2025-12-16,PE,"27,750.00","1,725.90","1,744.20","1,725.90","1,734.70","1,733.95","1,734.70",225,"66,34,053.75","3,90,303.75",225,75
2025-12-08,2025-12-16,CE,"25,350.00",770.00,770.00,642.30,649.00,647.10,649.00,3075,"8,00,52,708.75","21,01,458.75",900,450
2025-12-08,2025-12-16,PE,"25,500.00",8.75,33.40,8.70,25.90,26.00,25.90,10877100,"2,77,58,07,37,736.25","21,46,87,736.25",3055875,879300
2025-12-08,2025-12-16,CE,"27,150.00",3.35,3.65,2.45,3.30,3.45,3.30,404625,"10,98,67,76,283.75","12,07,533.75",94575,48525
2025-12-08,2025-12-16,CE,"26,400.00",88.55,88.55,26.10,29.35,26.10,29.35,11477625,"3,03,51,89,31,862.50","50,96,31,862.50",1970175,771825
2025-12-08,2025-12-16,CE,"24,850.00","1,325.00","1,325.00","1,131.30","1,179.40","1,179.40","1,179.40",900,"2,34,01,305.00","10,36,305.00",825,750
2025-12-08,2025-12-16,PE,"27,600.00","1,585.00","1,590.00","1,577.10","1,584.05","1,590.00","1,584.05",225,"65,66,407.50","3,56,407.50",225,75
2025-12-08,2025-12-16,PE,"26,950.00",792.95,793.05,776.05,785.35,785.35,960.50,1125,"3,11,97,888.75","8,79,138.75",600,150
2025-12-08,2025-12-16,CE,"25,300.00",933.90,937.00,685.15,705.20,698.65,705.20,37050,"96,73,09,968.75","2,99,44,968.75",34500,26775
2025-12-08,2025-12-16,PE,"25,600.00",14.90,47.90,12.35,37.10,38.35,37.10,8581350,"2,19,93,01,00,923.75","24,75,40,923.75",1666950,525150
2025-12-08,2025-12-16,CE,"24,400.00","1,740.00","1,740.00","1,587.00","1,587.00","1,587.00","1,589.95",1875,"4,89,10,308.75","31,60,308.75",1950,1725
2025-12-08,2025-12-16,CE,"24,700.00","1,500.00","1,505.00","1,292.00","1,292.00","1,292.00","1,290.55",1200,"3,13,58,250.00","17,18,250.00",3825,975
2025-12-08,2025-12-16,CE,"25,700.00",547.25,562.95,330.00,346.05,337.65,346.05,543000,"14,16,71,08,620.00","21,20,08,620.00",178725,113250
2025-12-08,2025-12-16,CE,"26,650.00",21.00,22.95,9.05,9.85,9.95,9.85,4879575,"1,30,10,49,34,860.00","6,42,61,110.00",625500,211350
2025-12-08,2025-12-16,CE,"25,900.00",395.00,395.00,195.00,210.75,198.50,210.75,5119950,"1,33,79,23,61,568.75","1,18,56,56,568.75",817500,622950
2025-12-08,2025-12-16,PE,"25,750.00",24.05,80.10,22.00,64.20,65.60,64.20,4811550,"1,24,13,65,61,235.00","23,91,48,735.00",562425,234975
2025-12-08,2025-12-16,CE,"24,350.00","1,671.45","1,671.45","1,665.80","1,668.65","1,665.80","1,668.65",150,"39,02,793.75","2,50,293.75",150,0
2025-12-08,2025-12-16,PE,"24,200.00",2.40,4.00,2.05,3.60,3.25,3.60,445575,"10,78,42,43,216.25","13,28,216.25",110775,84975
2025-12-08,2025-12-16,PE,"27,350.00","1,336.35","1,336.35","1,325.00","1,330.70","1,325.00","1,330.70",150,"43,02,101.25","1,99,601.25",150,75
2025-12-08,2025-12-16,CE,"26,500.00",55.00,55.00,16.90,19.05,17.00,19.05,17530125,"4,65,02,69,54,958.75","47,86,42,458.75",3506700,1550925
2025-12-08,2025-12-16,PE,"25,950.00",55.10,152.80,50.45,129.85,135.50,129.85,7021575,"1,82,95,11,82,001.25","74,13,10,751.25",739350,-59625
2025-12-08,2025-12-16,PE,"24,700.00",3.70,5.70,3.00,5.40,4.80,5.40,1386000,"34,24,06,08,172.50","64,08,172.50",287025,180150
2025-12-08,2025-12-16,CE,"27,700.00",1.25,2.45,1.15,1.80,1.75,1.80,357825,"9,91,22,76,288.75","5,23,788.75",156150,57150
2025-12-08,2025-12-16,CE,"27,050.00",4.00,4.45,2.85,3.90,3.85,3.90,1573725,"42,57,45,40,755.00","52,79,505.00",355125,248325
2025-12-08,2025-12-16,CE,"27,900.00",1.25,1.60,0.95,1.30,1.40,1.30,1047825,"29,23,54,88,418.75","11,70,918.75",276225,231825
2025-12-08,2025-12-16,PE,"24,500.00",2.85,4.90,2.60,4.65,4.60,4.65,2721525,"66,68,81,13,480.00","1,07,50,980.00",1162425,765075
2025-12-08,2025-12-16,PE,"27,100.00",935.00,"1,105.00",930.00,"1,083.00","1,083.00","1,108.25",1425,"4,00,53,071.25","14,35,571.25",1275,675
2025-12-08,2025-12-16,CE,"27,850.00",1.15,1.80,0.95,1.35,1.30,1.35,267450,"7,44,87,88,642.50","3,06,142.50",99075,91275
2025-12-08,2025-12-16,CE,"24,500.00","1,725.00","1,725.00","1,482.15","1,500.85","1,482.15","1,500.85",4500,"11,74,28,366.25","71,78,366.25",5325,4050
2025-12-08,2025-12-16,CE,"24,450.00","1,559.55","1,567.40","1,558.35","1,561.80","1,567.40","1,561.80",225,"58,52,647.50","3,51,397.50",225,0
2025-12-08,2025-12-16,CE,"26,950.00",5.55,5.60,3.60,4.45,4.80,4.45,1776975,"47,89,69,58,415.00","74,82,165.00",350550,204150
2025-12-08,2025-12-16,PE,"24,600.00",2.90,5.20,2.80,4.90,5.10,4.90,696525,"17,13,75,56,587.50","30,41,587.50",213000,171225
2025-12-08,2025-12-16,CE,"27,450.00",1.25,2.65,1.25,2.30,2.50,2.30,661575,"18,16,14,60,048.75","12,26,298.75",247575,223125
2025-12-08,2025-12-16,PE,"25,850.00",35.20,111.70,33.25,92.30,97.00,92.30,5053950,"1,31,00,39,30,617.50","35,93,23,117.50",520725,177975
2025-12-08,2025-12-16,PE,"25,350.00",7.90,19.80,6.25,15.50,13.80,15.50,2024400,"51,34,62,31,260.00","2,76,91,260.00",293925,140925
2025-12-08,2025-12-16,PE,"26,000.00",65.00,176.90,61.00,151.95,158.75,151.95,22034625,"5,75,47,37,80,575.00","2,57,35,30,575.00",3828300,850425
2025-12-08,2025-12-16,PE,"26,200.00",126.15,303.05,126.05,273.50,283.60,273.50,10844550,"2,86,16,68,09,638.75","2,03,95,99,638.75",1468125,196875
2025-12-08,2025-12-16,PE,"25,400.00",9.00,23.75,4.80,18.10,17.35,18.10,6146850,"1,56,21,86,89,822.50","8,86,99,822.50",1225425,701850
2025-12-08,2025-12-16,CE,"25,800.00",482.35,482.35,258.50,276.75,265.95,276.75,2054550,"53,64,81,37,158.75","64,07,47,158.75",433725,267075
2025-12-08,2025-12-16,CE,"24,600.00","1,605.00","1,605.00","1,385.00","1,399.30","1,399.30","1,390.30",600,"1,56,31,372.50","8,71,372.50",600,225
2025-12-08,2025-12-16,PE,"26,050.00",74.20,204.30,65.05,177.05,185.70,177.05,6265725,"1,64,02,96,63,646.25","80,75,27,396.25",411450,15375
2025-12-08,2025-12-16,CE,"26,200.00",185.05,185.05,65.35,73.00,66.35,73.00,18202200,"4,78,84,94,57,643.75","1,95,18,17,643.75",3661725,2043675
2025-12-08,2025-12-16,PE,"25,550.00",12.05,39.85,10.35,30.75,31.00,30.75,2582925,"66,05,50,26,641.25","6,12,92,891.25",399675,105450
2025-12-08,2025-12-16,PE,"24,400.00",2.50,5.50,2.35,4.35,3.60,4.35,397125,"9,69,13,25,040.00","14,75,040.00",89400,79425
2025-12-08,2025-12-16,PE,"26,500.00",307.95,554.40,304.10,520.20,535.00,520.20,811725,"21,84,90,67,293.75","33,83,54,793.75",328500,-98775
2025-12-08,2025-12-16,CE,"24,250.00","1,855.00","1,855.00","1,760.00","1,765.05","1,765.05","1,765.05",300,"78,10,878.75","5,35,878.75",375,150
2025-12-08,2025-12-16,CE,"26,150.00",210.40,210.40,80.25,89.10,81.85,89.10,7951875,"2,09,00,71,21,323.75","1,06,55,90,073.75",1357950,1051725
2025-12-08,2025-12-16,CE,"26,450.00",67.05,67.05,21.15,23.25,21.15,23.25,4946925,"1,31,02,02,30,615.00","17,40,64,365.00",684675,431250
2025-12-08,2025-12-16,PE,"26,850.00",679.85,852.65,679.85,838.35,839.55,838.35,825,"2,27,91,525.00","6,40,275.00",1275,375
2025-12-08,2025-12-16,PE,"24,800.00",4.25,6.75,3.35,6.00,6.15,6.00,2487600,"61,70,54,47,732.50","1,29,67,732.50",817875,414375
2025-12-08,2025-12-16,PE,"25,450.00",8.65,28.05,7.90,21.70,23.00,21.70,2025450,"51,58,21,65,671.25","3,44,63,171.25",405300,180300
2025-12-08,2025-12-16,PE,"24,100.00",2.05,3.75,1.90,3.35,3.00,3.35,160050,"3,85,76,95,365.00","4,90,365.00",70350,62925
2025-12-08,2025-12-16,PE,"27,550.00","1,533.00","1,533.00","1,523.05","1,528.05","1,523.05","1,528.05",150,"43,61,703.75","2,29,203.75",150,75
2025-12-08,2025-12-16,PE,"25,250.00",6.25,14.60,5.55,12.05,14.60,12.05,1505175,"38,01,94,35,933.75","1,37,67,183.75",240300,-104700
2025-12-08,2025-12-16,PE,"25,100.00",5.15,9.95,4.40,8.85,9.00,8.85,2709675,"68,03,28,03,892.50","1,99,61,392.50",684525,429975
2025-12-08,2025-12-16,CE,"25,150.00",860.30,872.95,860.30,866.75,866.75,846.40,375,"97,56,765.00","3,25,515.00",525,-75
2025-12-08,2025-12-16,CE,"27,300.00",2.55,3.20,1.95,2.80,3.05,2.80,3501900,"95,60,99,16,716.25","80,46,716.25",1190325,874425
2025-12-08,2025-12-16,PE,"26,700.00",484.05,730.95,469.50,714.85,723.70,714.85,82800,"2,26,25,81,838.75","5,18,21,838.75",51225,4950
2025-12-08,2025-12-16,PE,"27,300.00","1,294.85","1,294.85","1,292.60","1,293.75","1,292.60","1,293.75",150,"42,89,058.75","1,94,058.75",300,0
2025-12-08,2025-12-16,PE,"25,800.00",29.20,95.50,27.35,77.55,81.55,77.55,12152175,"3,14,28,95,89,830.00","76,34,74,830.00",2024100,442950
2025-12-08,2025-12-16,PE,"24,250.00",2.35,5.95,2.30,3.95,3.35,3.95,47100,"1,14,23,49,123.75","1,74,123.75",16500,15525
2025-12-08,2025-12-16,CE,"26,600.00",30.00,30.10,11.00,11.90,11.75,11.90,10157850,"2,70,36,81,98,891.25","16,93,88,891.25",2543175,280575
2025-12-08,2025-12-16,PE,"24,050.00",2.45,3.60,1.75,3.20,3.35,3.20,16875,"40,58,92,260.00","48,510.00",4425,1575
2025-12-08,2025-12-16,PE,"27,050.00","1,036.65","1,036.65","1,026.60","1,031.65","1,026.60","1,031.65",150,"42,12,243.75","1,54,743.75",75,75
2025-12-08,2025-12-16,CE,"26,250.00",152.55,152.55,53.00,59.35,53.85,59.35,6517125,"1,71,63,42,61,563.75","55,97,30,313.75",1212675,818400
2025-12-08,2025-12-16,CE,"25,400.00",834.10,837.00,587.65,616.15,599.40,616.15,43125,"1,12,54,78,260.00","3,01,03,260.00",41850,17775
2025-12-08,2025-12-16,CE,"25,950.00",352.35,352.35,166.00,181.05,167.75,181.05,3263925,"85,33,82,30,370.00","63,93,76,620.00",620250,556200
2025-12-08,2025-12-16,CE,"25,250.00",890.00,890.00,747.10,770.40,770.40,750.70,3900,"10,15,55,703.75","30,80,703.75",1275,900
2025-12-08,2025-12-16,PE,"26,800.00",583.05,826.90,567.95,811.35,817.25,811.35,38400,"1,05,50,04,986.25","2,58,84,986.25",22275,1950
2025-12-08,2025-12-16,CE,"26,850.00",9.00,9.00,4.75,5.50,6.00,5.50,3309825,"88,88,75,22,300.00","1,87,21,050.00",589200,323625
2025-12-08,2025-12-16,PE,"24,750.00",3.85,6.25,3.15,5.75,5.85,5.75,280650,"6,94,76,08,233.75","15,20,733.75",84750,67575
2025-12-08,2025-12-16,CE,"26,550.00",39.85,39.90,13.10,14.90,13.95,14.90,5204100,"1,38,28,21,64,827.50","11,33,09,827.50",697050,255075
2025-12-08,2025-12-16,PE,"27,200.00",985.00,"1,193.00",985.00,"1,189.00","1,189.00","1,207.45",1050,"2,97,16,140.00","11,56,140.00",900,750
2025-12-08,2025-12-16,CE,"25,100.00","1,055.00","1,071.25",885.15,890.55,886.25,890.55,46350,"1,21,11,67,158.75","4,77,82,158.75",44925,41175
2025-12-08,2025-12-16,CE,"24,000.00","2,190.00","2,208.65","1,972.50","1,990.90","1,972.50","1,990.90",51450,"1,33,89,78,247.50","10,41,78,247.50",52050,39600
2025-12-08,2025-12-16,PE,"24,450.00",3.00,5.65,2.20,4.40,4.25,4.40,75000,"1,83,40,48,286.25","2,98,286.25",22575,18300
2025-12-08,2025-12-16,CE,"27,100.00",4.25,5.00,2.60,3.50,4.85,3.50,2664000,"72,20,25,84,483.75","81,84,483.75",737175,378675
2025-12-08,2025-12-16,PE,"24,650.00",3.35,5.45,2.80,5.05,4.70,5.05,184050,"4,53,76,71,393.75","8,38,893.75",48000,17475
2025-12-08,2025-12-16,PE,"23,950.00",2.25,4.85,1.80,2.95,2.50,2.95,437325,"10,47,49,74,333.75","10,40,583.75",170475,88350
2025-12-08,2025-12-16,PE,"26,250.00",144.45,340.00,144.45,309.70,319.00,309.70,1656900,"43,83,78,66,311.25","34,42,41,311.25",180225,-92400
2025-12-08,2025-12-16,CE,"24,100.00","1,901.25","1,925.50","1,901.25","1,922.35","1,919.20","1,922.35",225,"58,53,446.25","4,30,946.25",225,0
2025-12-08,2025-12-16,PE,"27,650.00","1,632.40","1,659.65","1,632.40","1,654.30","1,648.90","1,654.30",225,"65,91,821.25","3,70,571.25",150,75
2025-12-08,2025-12-16,PE,"27,450.00","1,445.00","1,445.00","1,435.90","1,435.90","1,435.90","1,435.90",150,"43,33,567.50","2,16,067.50",150,75
2025-12-08,2025-12-16,CE,"25,500.00",736.40,749.60,497.00,521.15,506.00,521.15,267525,"6,97,90,52,302.50","15,71,64,802.50",112200,70500
2025-12-08,2025-12-16,PE,"27,000.00",770.40,"1,033.50",763.00,"1,003.05","1,018.55","1,003.05",107700,"3,00,23,14,938.75","9,44,14,938.75",88875,72075
2025-12-08,2025-12-16,CE,"25,200.00","1,030.50","1,034.45",779.20,811.40,797.55,811.40,58575,"1,53,05,05,188.75","5,44,15,188.75",67200,49200
2025-12-08,2025-12-16,CE,"26,050.00",288.45,288.45,117.95,129.15,118.60,129.15,4727325,"1,23,92,81,85,112.50","78,13,68,862.50",792975,627375
2025-12-08,2025-12-16,CE,"26,300.00",126.50,126.55,42.05,47.10,43.00,47.10,14829225,"3,91,05,97,91,692.50","1,05,11,74,192.50",3142350,1447950
2025-12-08,2025-12-16,PE,"27,400.00","1,313.55","1,395.70","1,280.50","1,395.70","1,395.70","1,406.65",375,"1,07,68,792.50","4,93,792.50",300,75
2025-12-08,2025-12-16,PE,"25,650.00",17.00,56.55,14.55,44.20,45.90,44.20,3422550,"87,91,65,55,582.50","12,81,48,082.50",520800,189825
2025-12-08,2025-12-16,CE,"24,750.00","1,271.10","1,277.05","1,271.10","1,274.10","1,277.05","1,274.10",150,"39,03,611.25","1,91,111.25",75,0
2025-12-08,2025-12-16,PE,"25,150.00",6.05,11.20,4.65,9.70,9.30,9.70,962700,"24,21,94,72,473.75","75,67,473.75",183075,121200
2025-12-08,2025-12-16,PE,"24,900.00",4.20,7.30,3.60,6.65,6.75,6.65,1814925,"45,20,12,72,283.75","96,39,783.75",499125,318150
2025-12-09,2025-12-16,PE,"24,800.00",6.20,9.65,3.70,4.00,3.95,4.00,10003875,"2,48,14,96,37,726.25","5,35,37,726.25",1973775,1155900
2025-12-09,2025-12-16,CE,"24,350.00","1,540.10","1,540.10","1,534.30","1,537.20","1,534.30","1,537.20",150,"38,83,080.00","2,30,580.00",150,0
2025-12-09,2025-12-16,CE,"26,400.00",20.00,21.95,9.90,10.55,10.80,10.55,21265425,"5,61,71,44,43,006.25","30,72,23,006.25",4402350,2432175
2025-12-09,2025-12-16,CE,"27,150.00",3.05,3.75,1.60,1.80,1.75,1.80,642825,"17,45,41,75,766.25","14,77,016.25",145275,50700
2025-12-09,2025-12-16,CE,"24,550.00","1,370.00","1,395.00","1,316.15","1,316.15","1,316.15","1,316.15",1350,"3,50,01,986.25","18,59,486.25",1350,1275
2025-12-09,2025-12-16,PE,"25,150.00",10.45,18.45,6.20,6.90,6.85,6.90,2543400,"63,99,26,97,663.75","2,61,87,663.75",411975,228900
2025-12-09,2025-12-16,PE,"25,750.00",100.00,134.55,58.15,79.15,79.00,79.15,19445475,"5,02,46,38,06,503.75","1,74,28,25,253.75",1190325,627900
2025-12-09,2025-12-16,CE,"27,750.00",1.65,2.45,1.00,1.20,1.10,1.20,101400,"2,81,39,81,595.00","1,31,595.00",33525,27075
2025-12-09,2025-12-16,PE,"26,050.00",225.00,310.60,180.65,233.20,234.95,233.20,1918650,"50,43,02,55,191.25","44,94,22,691.25",307050,-104400
2025-12-09,2025-12-16,CE,"27,550.00",2.45,3.05,1.15,1.45,1.20,1.45,103725,"2,85,78,07,728.75","1,83,978.75",27600,300
2025-12-09,2025-12-16,CE,"27,200.00",3.45,3.45,1.50,1.70,1.60,1.70,6124350,"1,66,59,57,54,810.00","1,34,34,810.00",2365950,1033575
2025-12-09,2025-12-16,PE,"25,350.00",19.70,33.55,11.00,12.90,13.00,12.90,4367625,"1,10,79,48,30,236.25","7,55,36,486.25",786075,492150
2025-12-09,2025-12-16,CE,"26,250.00",49.85,49.85,22.55,23.90,23.70,23.90,13347750,"3,50,78,66,39,486.25","40,82,01,986.25",2343225,1130550
2025-12-09,2025-12-16,PE,"24,500.00",6.00,6.85,2.95,3.15,3.10,3.15,12886350,"3,15,77,27,49,183.75","5,71,74,183.75",4097700,2935275
2025-12-09,2025-12-16,CE,"25,550.00",418.15,446.20,318.00,362.50,361.10,362.50,155325,"4,02,78,84,101.25","5,93,30,351.25",32925,22350
2025-12-09,2025-12-16,CE,"24,800.00","1,072.05","1,150.00","1,032.05","1,082.55","1,085.00","1,082.55",8700,"22,53,67,953.75","96,07,953.75",12675,7200
2025-12-09,2025-12-16,CE,"27,400.00",2.45,2.60,1.20,1.45,1.35,1.45,7187250,"1,96,94,23,50,630.00","1,17,00,630.00",1872150,855975
2025-12-09,2025-12-16,PE,"27,850.00","1,983.00","1,983.00","1,983.00","1,983.00","1,983.00","1,983.00",75,"22,37,475.00","1,48,725.00",225,75
2025-12-09,2025-12-16,CE,"26,850.00",5.50,5.55,2.15,2.35,2.25,2.35,3170700,"85,14,45,43,612.50","1,12,48,612.50",478725,-110475
2025-12-09,2025-12-16,CE,"24,850.00","1,100.00","1,100.00","1,027.05","1,027.05","1,027.05","1,016.90",300,"77,74,582.50","3,19,582.50",825,0
2025-12-09,2025-12-16,PE,"27,650.00","1,773.05","1,773.05","1,761.80","1,767.45","1,761.80","1,767.45",150,"44,12,613.75","2,65,113.75",150,0
2025-12-09,2025-12-16,CE,"25,050.00",810.75,883.00,810.75,840.50,840.50,820.25,3075,"7,96,49,182.50","26,20,432.50",1200,975
2025-12-09,2025-12-16,PE,"24,550.00",5.80,7.00,3.00,3.25,3.35,3.25,361500,"8,87,62,59,191.25","14,34,191.25",97500,61875
2025-12-09,2025-12-16,CE,"27,350.00",2.40,2.90,1.20,1.45,1.40,1.45,1227975,"33,58,71,47,673.75","20,31,423.75",326250,79650
2025-12-09,2025-12-16,PE,"25,550.00",35.15,67.65,25.15,31.95,32.15,31.95,8973825,"2,29,62,74,51,538.75","34,62,22,788.75",929775,530100
2025-12-09,2025-12-16,CE,"26,650.00",8.40,8.45,3.50,3.70,3.60,3.70,5205000,"1,38,74,27,20,631.25","2,94,70,631.25",769500,144000
2025-12-09,2025-12-16,CE,"26,550.00",11.75,11.75,5.05,5.30,5.30,5.30,6619050,"1,75,78,61,64,915.00","5,03,87,415.00",1012425,315375
2025-12-09,2025-12-16,PE,"25,000.00",8.60,13.70,5.00,5.30,5.35,5.30,15514200,"3,87,97,54,46,205.00","12,04,46,205.00",5406675,2001750
2025-12-09,2025-12-16,PE,"27,550.00","1,683.20","1,683.20","1,660.00","1,675.20","1,660.00","1,675.20",300,"87,67,552.50","5,02,552.50",375,225
2025-12-09,2025-12-16,PE,"27,300.00","1,402.00","1,421.00","1,360.00","1,407.35","1,409.25","1,407.35",600,"1,72,16,838.75","8,36,838.75",750,450
2025-12-09,2025-12-16,PE,"24,850.00",6.95,10.65,4.00,4.20,4.30,4.20,1078200,"26,79,96,68,718.75","63,98,718.75",169800,114450
2025-12-09,2025-12-16,CE,"26,500.00",18.05,18.05,6.25,6.70,6.85,6.70,23444175,"6,21,50,03,84,467.50","22,97,46,967.50",6099675,2592975
2025-12-09,2025-12-16,CE,"24,200.00","1,600.00","1,600.00","1,600.00","1,600.00","1,600.00","1,665.15",75,"19,35,000.00","1,20,000.00",225,75
2025-12-09,2025-12-16,PE,"24,050.00",3.40,4.75,1.80,2.05,1.95,2.05,174675,"4,20,14,23,428.75","4,89,678.75",37350,32925
2025-12-09,2025-12-16,CE,"24,700.00","1,124.00","1,245.00","1,111.00","1,175.45","1,175.45","1,175.45",2550,"6,59,04,236.25","29,19,236.25",6300,2475
2025-12-09,2025-12-16,CE,"24,050.00","1,832.55","1,832.55","1,826.75","1,829.65","1,826.75","1,829.65",150,"38,81,947.50","2,74,447.50",150,0
2025-12-09,2025-12-16,CE,"27,800.00",1.30,1.65,0.90,1.15,1.10,1.15,9948975,"2,76,59,33,73,697.50","1,18,68,697.50",1772625,470400
2025-12-09,2025-12-16,CE,"25,950.00",150.00,151.45,92.00,102.80,101.10,102.80,15406425,"4,01,61,33,73,181.25","1,81,66,44,431.25",1482975,862725
2025-12-09,2025-12-16,CE,"26,950.00",4.25,6.60,1.95,2.05,1.95,2.05,2966925,"79,96,89,44,647.50","1,03,15,897.50",341775,-8775
2025-12-09,2025-12-16,CE,"27,450.00",2.25,2.60,1.10,1.40,1.30,1.40,776475,"21,31,54,60,886.25","12,22,136.25",252525,4950
2025-12-09,2025-12-16,PE,"26,350.00",447.25,567.45,405.35,480.95,481.30,480.95,76950,"2,06,46,06,663.75","3,69,74,163.75",48225,8400
2025-12-09,2025-12-16,PE,"24,250.00",3.95,5.65,2.20,2.50,2.50,2.50,309000,"7,49,43,61,541.25","11,11,541.25",56100,39600
2025-12-09,2025-12-16,PE,"26,450.00",536.80,661.95,495.00,575.10,574.00,575.10,24000,"64,89,63,405.00","1,41,63,405.00",11100,-375
2025-12-09,2025-12-16,CE,"26,600.00",10.05,10.80,4.05,4.30,4.30,4.30,14212425,"3,78,14,23,07,917.50","9,18,02,917.50",3635175,1092000
2025-12-09,2025-12-16,CE,"27,050.00",3.85,4.15,1.75,1.90,1.80,1.90,1336500,"36,15,58,43,580.00","35,18,580.00",377175,22050
2025-12-09,2025-12-16,PE,"24,900.00",7.70,11.25,4.20,4.40,4.55,4.40,5164350,"1,28,62,58,83,680.00","3,35,68,680.00",1108725,609600
2025-12-09,2025-12-16,PE,"25,900.00",140.00,211.10,106.55,142.70,143.00,142.70,37945950,"9,88,25,69,13,641.25","5,45,68,08,641.25",2745675,1162875
2025-12-09,2025-12-16,PE,"27,900.00","2,020.25","2,022.00","2,004.95","2,010.15","2,010.00","2,010.15",25725,"76,94,38,807.50","5,17,11,307.50",25575,25425
2025-12-09,2025-12-16,PE,"27,100.00","1,250.00","1,252.00","1,159.00","1,220.00","1,220.00","1,232.10",525,"1,48,68,037.50","6,40,537.50",1725,450
2025-12-09,2025-12-16,CE,"25,650.00",351.15,360.00,246.00,283.15,280.50,283.15,654975,"16,99,13,66,508.75","19,12,57,758.75",91575,79050
2025-12-09,2025-12-16,CE,"27,600.00",2.00,2.30,1.05,1.45,1.45,1.45,2574975,"71,07,31,29,603.75","38,19,603.75",1341975,767325
2025-12-09,2025-12-16,CE,"27,300.00",3.80,3.80,1.30,1.50,1.45,1.50,5971350,"1,63,02,88,14,120.00","1,09,59,120.00",1899075,708750
2025-12-09,2025-12-16,PE,"24,350.00",4.05,5.80,2.45,2.75,3.10,2.75,175875,"4,28,32,54,901.25","6,98,651.25",33900,30525
2025-12-09,2025-12-16,PE,"25,200.00",7.00,21.10,6.85,7.75,7.70,7.75,10624425,"2,67,85,92,14,703.75","12,37,04,703.75",2351025,692100
2025-12-09,2025-12-16,PE,"25,800.00",96.95,157.50,72.00,97.40,98.10,97.40,49901550,"12,92,78,03,04,420.00","5,32,03,14,420.00",4485900,2461800
2025-12-09,2025-12-16,CE,"25,700.00",297.05,319.00,213.60,246.10,244.00,246.10,7764600,"2,01,54,03,79,548.75","1,99,01,59,548.75",591975,413250
2025-12-09,2025-12-16,PE,"27,500.00","1,665.00","1,667.20","1,605.55","1,616.60","1,613.05","1,616.60",6000,"17,47,23,120.00","97,23,120.00",5925,5100
2025-12-09,2025-12-16,PE,"24,750.00",6.70,8.95,3.60,3.80,4.00,3.80,993525,"24,59,48,54,355.00","51,10,605.00",112200,27450
2025-12-09,2025-12-16,CE,"25,400.00",521.95,581.05,438.10,497.60,497.00,497.60,168525,"4,36,61,46,712.50","8,56,11,712.50",57525,15675
2025-12-09,2025-12-16,PE,"24,650.00",5.05,8.30,3.35,3.60,3.60,3.60,874575,"21,56,24,71,833.75","41,98,083.75",167025,119025
2025-12-09,2025-12-16,CE,"26,300.00",33.95,34.00,17.00,18.05,18.40,18.05,27947475,"7,35,70,48,95,573.75","68,63,03,073.75",4993800,1851450
2025-12-09,2025-12-16,PE,"23,950.00",2.95,4.65,1.75,1.85,1.85,1.85,1104000,"26,44,36,29,431.25","28,29,431.25",496050,325575
2025-12-09,2025-12-16,PE,"27,950.00","2,068.10","2,075.00","2,068.10","2,072.40","2,075.00","2,072.40",225,"67,54,713.75","4,65,963.75",300,75
2025-12-09,2025-12-16,CE,"26,350.00",32.90,32.90,13.20,13.90,13.70,13.90,10544325,"2,78,04,22,49,662.50","19,92,85,912.50",1541550,858900
2025-12-09,2025-12-16,CE,"25,600.00",359.75,402.25,280.05,322.65,323.90,322.65,1852425,"48,03,57,72,701.25","61,36,92,701.25",510600,174150
2025-12-09,2025-12-16,CE,"25,250.00",600.00,723.65,600.00,644.60,642.00,644.60,2625,"6,79,76,280.00","16,95,030.00",2025,750
2025-12-09,2025-12-16,CE,"26,050.00",96.60,103.00,62.15,65.95,64.45,65.95,13704900,"3,58,09,89,43,661.25","1,08,62,98,661.25",1584825,791850
2025-12-09,2025-12-16,PE,"26,750.00",855.40,925.20,814.90,870.10,869.85,870.10,12675,"35,00,48,752.50","1,09,92,502.50",10950,8775
2025-12-09,2025-12-16,PE,"26,550.00",650.00,754.45,586.40,673.25,670.35,673.25,5025,"13,67,52,322.50","33,38,572.50",4875,0
2025-12-09,2025-12-16,CE,"26,700.00",8.15,8.15,3.05,3.25,3.10,3.25,14056950,"3,75,38,90,43,937.50","6,84,78,937.50",2749425,862350
2025-12-09,2025-12-16,PE,"26,100.00",275.00,351.00,210.65,268.35,268.20,268.35,4850700,"1,27,92,47,72,681.25","1,32,15,02,681.25",1562100,-5925
2025-12-09,2025-12-16,CE,"27,850.00",1.15,1.60,0.90,1.15,1.05,1.15,642525,"17,89,50,78,652.50","7,57,402.50",164250,65175
2025-12-09,2025-12-16,PE,"25,250.00",14.15,24.40,7.95,9.00,9.20,9.00,3390300,"85,64,87,66,726.25","4,36,91,726.25",563625,323325
2025-12-09,2025-12-16,CE,"26,900.00",3.50,5.00,2.05,2.20,2.10,2.20,7740300,"2,08,23,86,19,821.25","2,45,49,821.25",1943925,199575
2025-12-09,2025-12-16,PE,"26,800.00",900.00,990.00,855.00,915.20,913.00,915.20,6000,"16,63,68,195.00","55,68,195.00",23175,900
2025-12-09,2025-12-16,CE,"26,200.00",48.95,57.60,29.40,31.20,30.55,31.20,28917675,"7,58,79,81,04,743.75","1,15,50,19,743.75",5678325,2016600
2025-12-09,2025-12-16,PE,"25,050.00",8.75,14.80,5.20,5.60,5.50,5.60,1977375,"49,54,93,56,521.25","1,61,12,771.25",401400,254100
2025-12-09,2025-12-16,CE,"25,350.00",555.30,614.15,485.05,546.55,547.10,546.55,9225,"23,89,84,593.75","51,30,843.75",4575,3675
2025-12-09,2025-12-16,PE,"24,000.00",2.95,4.55,1.80,1.90,1.90,1.90,6562050,"1,57,50,69,86,936.25","1,77,86,936.25",2271150,1195800
2025-12-09,2025-12-16,PE,"25,400.00",18.20,39.75,12.00,15.70,15.75,15.70,17235375,"4,38,14,00,12,685.00","36,14,87,685.00",4724250,3498825
2025-12-09,2025-12-16,CE,"24,750.00","1,129.15","1,131.10","1,108.40","1,130.55","1,130.00","1,130.55",375,"97,03,477.50","4,22,227.50",300,225
2025-12-09,2025-12-16,CE,"24,950.00",990.00,990.00,939.75,939.75,939.75,918.10,150,"38,87,231.25","1,44,731.25",225,75
2025-12-09,2025-12-16,PE,"24,150.00",4.00,5.40,2.05,2.25,2.10,2.25,152550,"3,68,45,36,452.50","4,53,952.50",41475,38550
2025-12-09,2025-12-16,PE,"26,200.00",335.00,435.00,282.20,347.60,348.40,347.60,2981700,"79,15,93,21,413.75","1,03,87,81,413.75",1161525,-306600
2025-12-09,2025-12-16,PE,"27,450.00","1,578.00","1,578.00","1,578.00","1,578.00","1,578.00","1,581.45",75,"21,77,100.00","1,18,350.00",75,-75
2025-12-09,2025-12-16,CE,"25,200.00",715.95,770.00,623.85,684.45,687.00,684.45,83475,"2,16,14,50,548.75","5,78,80,548.75",82425,15225
2025-12-09,2025-12-16,PE,"24,400.00",3.85,6.15,2.55,2.80,2.55,2.80,1723725,"42,06,51,51,491.25","62,61,491.25",285075,195675
2025-12-09,2025-12-16,CE,"26,800.00",6.75,6.75,2.40,2.60,2.60,2.60,14350200,"3,84,63,98,50,511.25","5,44,90,511.25",3195825,1311150
2025-12-09,2025-12-16,PE,"26,600.00",695.70,789.50,635.00,719.75,719.55,719.75,41475,"1,13,29,26,663.75","2,96,91,663.75",143925,6675
2025-12-09,2025-12-16,CE,"25,450.00",448.10,525.00,398.10,450.20,451.85,450.20,14325,"37,10,65,200.00","64,93,950.00",5025,3225
2025-12-09,2025-12-16,CE,"26,450.00",22.80,22.80,7.75,8.20,8.10,8.20,7429875,"1,96,60,92,12,135.00","8,90,18,385.00",1353525,668850
2025-12-09,2025-12-16,CE,"24,600.00","1,255.00","1,330.00","1,255.00","1,330.00","1,330.00","1,265.70",675,"1,74,77,175.00","8,72,175.00",1200,600
2025-12-09,2025-12-16,CE,"27,100.00",2.90,3.95,1.60,1.80,1.75,1.80,4379400,"1,18,69,19,70,555.00","1,02,30,555.00",1207950,470775
2025-12-09,2025-12-16,PE,"24,200.00",4.30,5.30,2.10,2.30,2.50,2.30,2038350,"49,33,42,91,145.00","62,21,145.00",456525,345750
2025-12-09,2025-12-16,CE,"24,250.00","1,634.05","1,634.05","1,627.20","1,630.65","1,627.20","1,630.65",150,"38,82,093.75","2,44,593.75",375,0
2025-12-09,2025-12-16,CE,"27,700.00",2.00,2.35,1.00,1.40,1.30,1.40,2393775,"66,31,07,73,930.00","32,06,430.00",1060425,904275
2025-12-09,2025-12-16,PE,"27,000.00","1,088.40","1,201.80","1,050.00","1,120.10","1,121.00","1,120.10",76125,"2,14,11,95,362.50","8,58,20,362.50",78075,-10800
2025-12-09,2025-12-16,PE,"27,400.00","1,517.60","1,517.60","1,509.65","1,513.35","1,509.65","1,513.35",300,"86,74,005.00","4,54,005.00",300,0
2025-12-09,2025-12-16,PE,"27,250.00","1,362.70","1,362.70","1,357.35","1,360.05","1,357.35","1,360.05",150,"42,91,503.75","2,04,003.75",75,0
2025-12-09,2025-12-16,CE,"25,150.00",688.65,829.80,688.65,735.95,732.25,735.95,3975,"10,30,72,136.25","31,00,886.25",975,450
2025-12-09,2025-12-16,PE,"27,800.00","1,919.60","1,919.60","1,914.20","1,916.90","1,914.20","1,916.90",150,"44,57,535.00","2,87,535.00",150,0
2025-12-09,2025-12-16,PE,"24,600.00",4.20,7.30,3.20,3.45,3.50,3.45,3949050,"97,16,34,24,566.25","1,67,94,566.25",962775,749775
2025-12-09,2025-12-16,CE,"26,100.00",92.65,92.65,48.50,51.65,50.00,51.65,33165600,"8,67,69,19,32,795.00","2,06,97,72,795.00",5760900,2650500
2025-12-09,2025-12-16,PE,"26,650.00",830.40,844.00,715.00,766.00,773.05,766.00,1950,"5,34,73,526.25","15,06,026.25",5475,450
2025-12-09,2025-12-16,PE,"25,300.00",13.50,28.45,9.15,10.50,10.70,10.50,12010125,"3,04,03,85,63,456.25","18,24,00,956.25",2744925,1467750
2025-12-09,2025-12-16,CE,"25,850.00",199.05,210.70,132.75,151.30,149.15,151.30,19894875,"5,17,59,73,60,923.75","3,31,48,42,173.75",1765125,1656750
2025-12-09,2025-12-16,PE,"26,300.00",419.50,523.40,360.50,434.50,435.40,434.50,1565025,"41,84,44,11,112.50","68,42,53,612.50",934425,177975
2025-12-09,2025-12-16,PE,"26,150.00",285.60,392.70,245.00,307.75,308.10,307.75,1011525,"26,76,10,31,036.25","30,96,52,286.25",345075,-38625
2025-12-09,2025-12-16,CE,"24,300.00","1,580.00","1,580.00","1,580.00","1,580.00","1,580.00","1,565.30",75,"19,41,000.00","1,18,500.00",450,75
2025-12-09,2025-12-16,PE,"25,650.00",47.60,96.00,37.40,50.75,50.75,50.75,14087475,"3,62,15,04,49,923.75","80,67,16,173.75",1258650,737850
2025-12-09,2025-12-16,PE,"26,950.00","1,090.25","1,091.15","1,085.00","1,085.00","1,085.00","1,082.85",375,"1,05,14,490.00","4,08,240.00",375,-225
2025-12-09,2025-12-16,PE,"24,700.00",5.40,8.20,3.50,3.75,3.65,3.75,5653725,"1,39,67,35,40,868.75","2,65,33,368.75",660600,373575
2025-12-09,2025-12-16,PE,"25,450.00",23.85,47.45,16.30,19.80,20.20,19.80,6603150,"1,68,22,20,43,425.00","17,18,75,925.00",815250,409950
2025-12-09,2025-12-16,PE,"27,350.00","1,467.65","1,467.65","1,462.15","1,465.05","1,462.60","1,465.05",300,"86,44,503.75","4,39,503.75",150,0
2025-12-09,2025-12-16,PE,"27,150.00","1,280.85","1,280.85","1,280.85","1,280.85","1,280.85","1,281.95",75,"21,32,313.75","96,063.75",600,-75
2025-12-09,2025-12-16,CE,"26,150.00",73.05,73.05,38.05,40.55,39.95,40.55,15727500,"4,12,05,85,02,806.25","78,43,77,806.25",2135925,777975
2025-12-09,2025-12-16,CE,"24,900.00",990.00,"1,047.75",952.10,984.00,984.00,984.00,5175,"13,41,12,315.00","52,54,815.00",5925,2475
2025-12-09,2025-12-16,PE,"27,700.00","1,829.15","1,829.85","1,810.00","1,810.00","1,810.00","1,810.00",375,"1,10,71,597.50","6,84,097.50",450,225
2025-12-09,2025-12-16,PE,"25,700.00",69.95,114.00,46.85,63.65,63.65,63.65,31856550,"8,21,04,18,61,083.75","2,32,85,26,083.75",3038400,1524975
2025-12-09,2025-12-16,CE,"24,650.00","1,268.00","1,280.00","1,211.40","1,211.40","1,211.40","1,215.85",525,"1,36,05,405.00","6,64,155.00",975,375
2025-12-09,2025-12-16,PE,"26,700.00",793.00,886.30,747.00,819.80,824.10,819.80,50625,"1,39,27,09,972.50","4,10,22,472.50",37050,-14175
2025-12-09,2025-12-16,PE,"27,600.00","1,730.10","1,730.10","1,730.10","1,730.10","1,730.10","1,731.25",75,"21,99,757.50","1,29,757.50",225,0
2025-12-09,2025-12-16,CE,"24,400.00","1,425.00","1,544.85","1,425.00","1,544.85","1,544.85","1,465.40",1275,"3,29,76,577.50","18,66,577.50",3150,1200
2025-12-09,2025-12-16,PE,"27,050.00","1,171.80","1,171.80","1,165.90","1,168.85","1,165.90","1,168.85",150,"42,32,827.50","1,75,327.50",75,0
2025-12-09,2025-12-16,CE,"25,000.00",934.15,975.00,815.00,883.70,885.95,883.70,169425,"4,38,41,47,908.75","14,85,22,908.75",192375,55950
2025-12-09,2025-12-16,PE,"24,300.00",4.05,5.70,2.35,2.55,2.50,2.55,2079675,"50,54,33,88,506.25","72,86,006.25",299700,223725
2025-12-09,2025-12-16,PE,"25,600.00",49.00,80.95,30.75,40.50,40.40,40.50,23633325,"6,06,16,30,00,320.00","1,14,98,80,320.00",2686125,1019175
2025-12-09,2025-12-16,CE,"26,000.00",110.00,125.00,75.30,82.80,81.50,82.80,52809300,"13,78,09,47,30,622.50","5,05,29,30,622.50",7825125,3715350
2025-12-09,2025-12-16,CE,"27,000.00",4.25,4.65,1.85,2.00,1.95,2.00,21592800,"5,83,06,71,55,635.00","6,15,55,635.00",8494800,3870000
2025-12-09,2025-12-16,PE,"26,400.00",490.05,612.00,447.00,526.70,525.50,526.70,273300,"7,36,07,59,035.00","14,56,39,035.00",256125,-5400
2025-12-09,2025-12-16,PE,"25,100.00",10.65,16.20,5.60,6.05,6.15,6.05,6524700,"1,63,83,01,97,182.50","6,02,27,182.50",1272675,588150
2025-12-09,2025-12-16,CE,"27,500.00",2.00,2.55,1.20,1.50,1.45,1.50,11672475,"3,21,01,23,45,228.75","1,92,82,728.75",5739900,2804625
2025-12-09,2025-12-16,CE,"25,300.00",645.95,680.00,530.00,591.85,592.00,591.85,152850,"3,95,70,64,095.00","8,99,59,095.00",47475,12975
2025-12-09,2025-12-16,CE,"25,500.00",490.00,490.00,356.00,406.95,406.85,406.95,2092875,"54,23,81,45,073.75","86,98,32,573.75",350925,238725
2025-12-09,2025-12-16,CE,"24,450.00","1,462.00","1,495.00","1,456.40","1,457.80","1,464.15","1,457.80",1875,"4,86,01,222.50","27,57,472.50",2025,1800
2025-12-09,2025-12-16,PE,"26,250.00",380.00,474.20,320.00,390.90,391.05,390.90,296475,"7,89,96,65,827.50","11,71,97,077.50",132750,-47475
2025-12-09,2025-12-16,PE,"24,450.00",4.25,6.60,2.75,2.95,2.80,2.95,360825,"8,82,35,07,150.00","13,35,900.00",91050,68475
2025-12-09,2025-12-16,CE,"24,500.00","1,394.00","1,450.00","1,311.15","1,382.55","1,381.20","1,382.55",13200,"34,16,70,633.75","1,82,70,633.75",16350,11025
2025-12-09,2025-12-16,PE,"26,000.00",180.00,276.90,152.55,199.20,200.70,199.20,22505625,"5,89,72,32,90,270.00","4,57,70,40,270.00",4132200,303900
2025-12-09,2025-12-16,PE,"25,950.00",157.80,242.20,128.40,169.50,168.40,169.50,8308425,"2,17,02,33,59,880.00","1,41,97,31,130.00",705525,-33825
2025-12-09,2025-12-16,PE,"26,500.00",582.70,708.00,540.75,624.15,623.40,624.15,452925,"12,28,70,23,068.75","28,45,10,568.75",403875,75375
2025-12-09,2025-12-16,PE,"25,850.00",120.00,182.85,87.90,118.45,118.75,118.45,23551350,"6,11,70,53,02,736.25","2,90,29,05,236.25",1539600,1018875
2025-12-09,2025-12-16,CE,"24,100.00","1,820.00","1,820.00","1,785.80","1,785.80","1,785.80","1,785.80",300,"77,73,435.00","5,43,435.00",450,225
2025-12-09,2025-12-16,CE,"25,100.00",837.55,850.00,720.00,787.15,781.65,787.15,12525,"32,43,34,957.50","99,57,457.50",48075,3150
2025-12-09,2025-12-16,PE,"24,100.00",3.10,6.00,1.85,2.05,2.05,2.05,2518800,"60,70,97,25,536.25","66,45,536.25",710775,640425
2025-12-09,2025-12-16,CE,"27,950.00",1.25,2.05,0.90,1.10,1.00,1.10,3202425,"89,51,18,73,090.00","40,94,340.00",1204050,1029825
2025-12-09,2025-12-16,PE,"27,750.00","1,866.35","1,866.35","1,856.00","1,861.20","1,856.00","1,861.20",150,"44,41,676.25","2,79,176.25",300,75
2025-12-09,2025-12-16,CE,"25,900.00",169.05,179.85,110.20,124.80,123.00,124.80,43914225,"11,43,61,69,31,632.50","6,23,85,04,132.50",4085700,3268200
2025-12-09,2025-12-16,CE,"24,150.00","1,734.90","1,734.90","1,729.95","1,732.45","1,729.95","1,732.45",150,"38,82,363.75","2,59,863.75",150,0
2025-12-09,2025-12-16,PE,"27,200.00","1,302.00","1,324.00","1,249.95","1,309.35","1,307.00","1,309.35",17175,"48,90,64,567.50","2,19,04,567.50",16200,15300
2025-12-09,2025-12-16,CE,"27,900.00",1.05,1.55,0.90,1.15,1.20,1.15,3991125,"1,11,35,71,50,243.75","47,62,743.75",813825,537600
2025-12-09,2025-12-16,PE,"26,900.00",993.70,"1,093.40",945.00,"1,018.50","1,016.60","1,018.50",13275,"37,06,21,173.75","1,35,23,673.75",8475,450
2025-12-09,2025-12-16,CE,"25,750.00",263.90,280.75,184.05,211.40,209.80,211.40,6374700,"1,65,55,12,61,583.75","1,40,27,36,583.75",467325,428175
2025-12-09,2025-12-16,CE,"26,750.00",5.55,6.50,2.65,2.80,2.65,2.80,3484425,"93,22,30,70,812.50","1,47,02,062.50",471975,-58650
2025-12-09,2025-12-16,CE,"27,250.00",3.05,3.25,1.45,1.65,1.65,1.65,492600,"13,42,43,06,643.75","9,56,643.75",156450,100275
2025-12-09,2025-12-16,CE,"27,650.00",1.75,2.70,1.05,1.30,1.35,1.30,110775,"3,06,31,00,818.75","1,72,068.75",50400,15300
2025-12-09,2025-12-16,CE,"25,800.00",225.00,244.25,156.45,179.95,178.00,179.95,35307825,"9,17,73,48,43,230.00","6,79,29,58,230.00",3136725,2703000
2025-12-09,2025-12-16,CE,"23,950.00","1,923.25","1,935.40","1,908.50","1,934.90","1,934.60","1,934.90",525,"1,35,84,866.25","10,11,116.25",1125,0
2025-12-09,2025-12-16,PE,"25,500.00",31.20,56.50,20.25,25.35,25.85,25.35,25489350,"6,50,82,07,66,590.00","84,23,41,590.00",5076225,2020350
2025-12-09,2025-12-16,PE,"24,950.00",7.40,12.20,4.50,4.80,4.70,4.80,1430925,"35,71,16,98,380.00","1,01,19,630.00",315075,197925
2025-12-09,2025-12-16,CE,"24,000.00","1,900.00","1,945.00","1,818.00","1,879.15","1,879.15","1,879.15",71550,"1,85,28,84,678.75","13,56,84,678.75",78300,26250
2025-12-09,2025-12-16,PE,"26,850.00","1,006.70","1,028.70",987.20,987.20,987.20,983.85,225,"62,67,945.00","2,26,695.00",1125,-150
2025-12-10,2025-12-16,CE,"27,300.00",1.50,1.90,1.35,1.70,1.75,1.70,17948175,"4,90,01,27,66,876.25","2,75,89,376.25",3391125,1492050
2025-12-10,2025-12-16,CE,"27,850.00",1.15,1.45,0.95,1.10,1.20,1.10,3026400,"84,28,87,27,196.25","34,87,196.25",339000,174750
2025-12-10,2025-12-16,CE,"26,200.00",30.50,43.75,17.35,19.90,20.15,19.90,116025675,"30,43,14,38,65,968.75","3,27,11,80,968.75",8398950,2720625
2025-12-10,2025-12-16,CE,"26,650.00",4.05,4.65,2.90,3.80,3.70,3.80,18342000,"4,88,88,37,40,220.00","6,94,40,220.00",1315950,546450
2025-12-10,2025-12-16,PE,"24,050.00",2.05,2.30,1.60,2.05,1.80,2.05,2502525,"60,19,03,50,697.50","46,24,447.50",101850,64500
2025-12-10,2025-12-16,CE,"27,350.00",1.40,1.70,1.20,1.55,1.50,1.55,4942875,"1,35,19,48,52,853.75","72,21,603.75",484650,158400
2025-12-10,2025-12-16,CE,"27,700.00",1.30,1.50,1.15,1.40,1.45,1.40,5055975,"1,40,05,71,97,038.75","66,89,538.75",1441650,381225
2025-12-10,2025-12-16,PE,"24,250.00",2.75,2.75,1.95,2.45,2.40,2.45,2621550,"63,57,84,32,538.75","58,45,038.75",129900,73800
2025-12-10,2025-12-16,CE,"26,700.00",2.85,3.85,2.55,3.40,3.45,3.40,48306000,"12,89,93,07,53,531.25","16,05,53,531.25",5823225,3073800
2025-12-10,2025-12-16,CE,"27,200.00",1.60,2.00,1.40,1.85,1.80,1.85,20996475,"5,71,13,91,86,490.00","3,50,66,490.00",3664275,1298325
2025-12-10,2025-12-16,PE,"23,950.00",1.85,2.20,1.50,1.90,1.70,1.90,9567225,"2,29,15,17,42,971.25","1,67,04,221.25",1466775,970725
2025-12-10,2025-12-16,PE,"25,200.00",7.50,11.55,5.40,10.05,10.50,10.05,29757600,"7,50,14,25,60,461.25","25,10,40,461.25",2967675,616650
2025-12-10,2025-12-16,CE,"24,200.00","1,699.20","1,699.20","1,550.00","1,570.00","1,590.00","1,570.00",300,"77,49,558.75","4,89,558.75",300,75
2025-12-10,2025-12-16,CE,"24,450.00","1,449.95","1,450.00","1,356.00","1,356.00","1,356.00","1,330.10",1350,"3,49,50,915.00","19,43,415.00",1875,-150
2025-12-10,2025-12-16,CE,"27,550.00",1.35,1.50,1.25,1.40,1.35,1.40,1837950,"50,63,80,67,418.75","25,44,918.75",142875,115275
2025-12-10,2025-12-16,PE,"27,350.00","1,448.30","1,448.30","1,448.30","1,448.30","1,448.30","1,567.30",75,"21,59,872.50","1,08,622.50",150,0
2025-12-10,2025-12-16,PE,"26,700.00",852.20,922.60,727.50,902.90,911.95,902.90,27675,"76,19,40,048.75","2,30,17,548.75",42375,5325
2025-12-10,2025-12-16,PE,"26,650.00",746.10,880.00,674.05,858.40,856.75,858.40,20550,"56,36,43,502.50","1,59,86,002.50",12750,7275
2025-12-10,2025-12-16,CE,"25,350.00",543.45,640.25,437.45,460.65,459.00,460.65,106275,"2,74,83,36,487.50","5,42,65,237.50",16725,12150
2025-12-10,2025-12-16,CE,"27,650.00",1.35,1.50,1.15,1.35,1.50,1.35,388200,"10,73,42,41,755.00","5,11,755.00",72375,21975
2025-12-10,2025-12-16,CE,"25,500.00",390.00,498.00,306.10,329.75,323.35,329.75,5293800,"1,36,99,63,58,853.75","2,00,44,58,853.75",493425,142500
2025-12-10,2025-12-16,CE,"24,650.00","1,275.70","1,275.70","1,173.45","1,173.45","1,173.45","1,130.45",375,"97,06,518.75","4,62,768.75",825,-150
2025-12-10,2025-12-16,CE,"27,000.00",1.95,2.55,1.75,2.35,2.30,2.35,56339850,"15,21,29,35,15,185.00","11,75,65,185.00",11610525,3115725
2025-12-10,2025-12-16,PE,"24,900.00",4.00,5.55,3.55,5.05,5.15,5.05,18631500,"4,64,00,62,16,197.50","8,18,66,197.50",1404450,295725
2025-12-10,2025-12-16,CE,"25,800.00",185.00,241.90,113.75,125.80,122.70,125.80,169158600,"43,91,12,75,63,707.50","26,83,56,83,707.50",5874975,2738250
2025-12-10,2025-12-16,PE,"25,800.00",98.10,146.00,56.10,130.25,134.55,130.25,326836050,"84,66,09,15,29,568.75","33,72,14,39,568.75",4991925,506025
2025-12-10,2025-12-16,PE,"25,000.00",4.70,6.90,4.20,6.25,6.25,6.25,41135775,"10,28,61,00,65,051.25","21,56,90,051.25",6559650,1152975
2025-12-10,2025-12-16,PE,"26,900.00","1,000.00","1,111.80",927.50,"1,111.80","1,111.80","1,118.00",6150,"17,15,99,118.75","61,64,118.75",8700,225
2025-12-10,2025-12-16,PE,"27,250.00","1,419.90","1,419.90","1,419.90","1,419.90","1,419.90","1,467.40",75,"21,50,242.50","1,06,492.50",75,0
2025-12-10,2025-12-16,CE,"26,400.00",5.20,14.15,5.20,7.85,8.25,7.85,58653075,"15,49,01,58,71,433.75","57,46,91,433.75",6416400,2014050
2025-12-10,2025-12-16,CE,"25,750.00",211.40,279.75,138.55,152.45,148.50,152.45,51598800,"13,37,63,62,89,596.25","8,96,71,89,596.25",1986000,1518675
2025-12-10,2025-12-16,PE,"24,400.00",2.70,3.10,2.20,2.85,2.75,2.85,7130250,"1,73,99,61,08,437.50","1,80,08,437.50",1048725,763650
2025-12-10,2025-12-16,PE,"24,100.00",2.00,2.40,1.65,2.10,2.00,2.10,6707550,"1,61,66,45,82,836.25","1,26,27,836.25",624375,-86400
2025-12-10,2025-12-16,CE,"27,400.00",1.45,1.70,1.25,1.50,1.55,1.50,13936425,"3,81,87,77,74,008.75","1,97,29,008.75",2961975,1089825
2025-12-10,2025-12-16,PE,"24,750.00",3.80,4.70,3.10,4.20,4.15,4.20,5845800,"1,44,70,49,61,960.00","2,14,11,960.00",354675,242475
2025-12-10,2025-12-16,PE,"25,750.00",85.00,120.80,44.30,106.90,110.00,106.90,172566075,"44,58,95,73,23,557.50","15,38,08,92,307.50",2642625,1452300
2025-12-10,2025-12-16,CE,"24,850.00","1,061.30","1,061.30",931.45,931.45,931.45,931.50,450,"1,16,40,682.50","4,58,182.50",900,75
2025-12-10,2025-12-16,CE,"25,450.00",434.50,542.70,348.30,371.45,366.60,371.45,303900,"7,86,11,15,373.75","12,68,60,373.75",30675,25650
2025-12-10,2025-12-16,CE,"26,350.00",14.35,18.85,8.40,9.80,10.20,9.80,46209450,"12,18,20,90,21,475.00","59,00,13,975.00",3257850,1716300
2025-12-10,2025-12-16,PE,"26,150.00",307.75,404.35,221.75,380.10,386.40,380.10,2513550,"66,47,21,67,502.50","74,28,35,002.50",338700,-6375
2025-12-10,2025-12-16,PE,"26,300.00",459.20,541.00,339.45,517.30,525.25,517.30,2178750,"58,24,87,68,082.50","94,76,43,082.50",995325,60900
2025-12-10,2025-12-16,CE,"27,150.00",1.95,2.00,1.55,1.85,1.95,1.85,7069575,"1,91,95,14,35,205.00","1,24,73,955.00",811650,666375
2025-12-10,2025-12-16,PE,"25,950.00",168.40,241.35,106.95,220.60,227.45,220.60,73095900,"19,08,23,36,43,273.75","11,39,50,38,273.75",810000,104475
2025-12-10,2025-12-16,CE,"25,900.00",134.05,172.95,74.50,83.50,81.85,83.50,276910125,"72,05,49,61,30,991.25","33,52,38,93,491.25",9088650,5002950
2025-12-10,2025-12-16,PE,"26,600.00",734.30,824.55,623.00,810.90,812.85,810.90,96150,"2,62,58,49,483.75","6,82,59,483.75",142575,-1350
2025-12-10,2025-12-16,PE,"24,650.00",3.40,4.15,2.85,3.75,3.75,3.75,4381575,"1,08,02,01,64,897.50","1,43,41,147.50",273225,106200
2025-12-10,2025-12-16,CE,"26,600.00",3.90,5.65,3.50,4.15,4.25,4.15,35783775,"9,52,00,53,08,107.50","15,68,93,107.50",4532175,897000
2025-12-10,2025-12-16,CE,"25,700.00",251.00,320.00,166.50,182.15,177.65,182.15,42960375,"11,13,36,12,84,847.50","9,27,96,47,347.50",1663950,1071975
2025-12-10,2025-12-16,PE,"25,600.00",39.40,63.15,21.50,54.95,56.50,54.95,132626925,"34,00,99,57,15,001.25","5,74,64,35,001.25",3576600,890475
2025-12-10,2025-12-16,PE,"26,850.00","1,056.50","1,056.50","1,056.50","1,056.50","1,056.50","1,068.25",75,"20,92,987.50","79,237.50",1125,0
2025-12-10,2025-12-16,CE,"26,950.00",1.95,2.55,1.80,2.40,2.20,2.40,9308400,"2,50,88,11,80,821.25","1,98,00,821.25",556200,214425
2025-12-10,2025-12-16,PE,"26,000.00",190.00,278.00,130.75,256.35,263.20,256.35,81360525,"21,31,19,80,77,251.25","15,82,44,27,251.25",4347600,215400
2025-12-10,2025-12-16,CE,"27,500.00",1.45,1.70,1.25,1.50,1.60,1.50,22244775,"6,11,76,29,96,632.50","3,16,84,132.50",7400550,1660650
2025-12-10,2025-12-16,PE,"27,950.00","2,160.00","2,170.00","2,150.00","2,170.00","2,170.00","2,170.00",300,"90,33,750.00","6,48,750.00",375,75
2025-12-10,2025-12-16,PE,"26,750.00",844.55,974.15,788.75,954.85,958.55,954.85,7650,"21,12,88,927.50","66,51,427.50",13500,2550
2025-12-10,2025-12-16,PE,"24,300.00",2.20,2.85,2.00,2.55,2.45,2.55,7189350,"1,74,71,77,00,331.25","1,64,95,331.25",559500,259800
2025-12-10,2025-12-16,CE,"24,950.00","1,000.00","1,019.50",849.60,850.05,849.60,850.05,975,"2,52,62,182.50","9,35,932.50",300,75
2025-12-10,2025-12-16,CE,"26,900.00",2.20,2.80,1.80,2.55,2.40,2.55,24279300,"6,53,16,81,49,923.75","5,49,79,923.75",2976600,1032675
2025-12-10,2025-12-16,PE,"25,700.00",65.50,98.60,34.80,86.45,88.55,86.45,193295325,"49,81,25,65,00,316.25","13,56,66,47,816.25",3795225,756825
2025-12-10,2025-12-16,CE,"25,000.00",863.90,987.20,775.00,799.30,794.60,799.30,149625,"3,86,98,68,577.50","12,92,43,577.50",239025,46650
2025-12-10,2025-12-16,CE,"26,150.00",41.90,57.30,22.15,25.50,25.80,25.50,75113175,"19,66,99,71,71,820.00","2,78,76,45,570.00",3566175,1430250
2025-12-10,2025-12-16,PE,"27,900.00","1,920.00","2,110.00","1,920.00","2,099.45","2,100.00","2,099.45",17850,"53,52,46,650.00","3,72,31,650.00",37200,11625
2025-12-10,2025-12-16,PE,"26,550.00",648.10,777.30,577.10,755.55,757.85,755.55,26400,"71,88,84,146.25","1,79,64,146.25",15750,10875
2025-12-10,2025-12-16,CE,"26,500.00",6.05,8.70,4.85,5.70,5.95,5.70,55588350,"14,73,44,63,68,740.00","35,50,93,740.00",8814600,2714925
2025-12-10,2025-12-16,PE,"27,000.00","1,130.00","1,225.55","1,021.90","1,204.25","1,206.15","1,204.25",40500,"1,14,05,01,885.00","4,70,01,885.00",75450,-2625
2025-12-10,2025-12-16,CE,"25,250.00",627.15,731.80,532.75,555.65,552.10,555.65,78375,"2,02,66,97,298.75","4,77,28,548.75",10275,8250
2025-12-10,2025-12-16,CE,"24,900.00",981.60,"1,066.20",887.00,899.15,897.85,899.15,6750,"17,45,69,148.75","64,94,148.75",7275,1350
2025-12-10,2025-12-16,PE,"25,550.00",33.00,49.95,17.25,43.20,44.85,43.20,66526650,"17,02,02,58,25,077.50","2,26,99,17,577.50",1882275,952500
2025-12-10,2025-12-16,PE,"26,500.00",614.00,732.00,525.80,709.10,714.50,709.10,644550,"17,49,37,74,517.50","41,31,99,517.50",382500,-21375
2025-12-10,2025-12-16,PE,"24,000.00",1.70,2.40,1.55,2.10,1.95,2.10,17327475,"4,15,89,12,38,377.50","3,18,38,377.50",3883125,1611975
2025-12-10,2025-12-16,PE,"25,500.00",22.40,39.40,13.85,34.20,35.70,34.20,131700000,"33,61,91,73,73,365.00","3,56,73,73,365.00",7584225,2508000
2025-12-10,2025-12-16,CE,"26,800.00",2.40,3.10,2.15,2.85,2.75,2.85,45012225,"12,06,44,72,60,565.00","11,96,30,565.00",4431525,1235700
2025-12-10,2025-12-16,PE,"24,350.00",2.60,2.95,2.15,2.70,2.60,2.70,2809350,"68,41,45,01,321.25","68,28,821.25",136725,102825
2025-12-10,2025-12-16,CE,"27,100.00",1.80,2.30,1.55,2.10,2.10,2.10,19424850,"5,26,44,96,97,676.25","3,62,62,676.25",3128625,1920675
2025-12-10,2025-12-16,PE,"25,250.00",9.50,13.70,6.05,11.85,12.20,11.85,28224975,"7,12,96,11,43,151.25","28,05,24,401.25",1284900,721275
2025-12-10,2025-12-16,CE,"25,050.00",860.85,896.10,734.85,749.55,752.00,749.55,6525,"16,84,73,107.50","50,21,857.50",1725,525
2025-12-10,2025-12-16,CE,"26,300.00",16.00,24.90,10.60,12.40,12.70,12.40,90103275,"23,71,22,19,98,283.75","1,50,58,65,783.75",7128000,2134200
2025-12-10,2025-12-16,PE,"25,150.00",6.20,9.95,5.05,8.70,8.95,8.70,13426800,"3,37,78,20,51,176.25","9,80,31,176.25",761700,349725
2025-12-10,2025-12-16,PE,"25,100.00",6.20,8.70,4.60,7.60,7.65,7.60,22012725,"5,52,66,05,90,287.50","14,11,92,787.50",1991175,718500
2025-12-10,2025-12-16,PE,"24,200.00",2.35,2.60,1.80,2.30,2.15,2.30,8408550,"2,03,50,44,33,033.75","1,75,23,033.75",1396350,939825
2025-12-10,2025-12-16,CE,"24,700.00","1,176.60","1,179.15","1,176.60","1,179.15","1,179.15","1,080.60",300,"77,63,542.50","3,53,542.50",6225,-75
2025-12-10,2025-12-16,CE,"25,100.00",805.45,875.10,679.70,702.10,701.45,702.10,31875,"82,35,25,252.50","2,34,62,752.50",53625,5550
2025-12-10,2025-12-16,CE,"24,000.00","1,950.00","1,956.80","1,775.00","1,793.70","1,788.85","1,793.70",14625,"37,82,15,681.25","2,72,15,681.25",77250,-1050
2025-12-10,2025-12-16,CE,"25,850.00",149.80,205.85,92.25,103.05,101.00,103.05,159927675,"41,56,45,84,06,020.00","22,32,80,07,270.00",4666875,2901750
2025-12-10,2025-12-16,CE,"27,250.00",1.70,1.90,1.40,1.75,1.75,1.75,4895175,"1,33,40,14,19,576.25","79,00,826.25",411975,255525
2025-12-10,2025-12-16,PE,"24,500.00",2.90,3.60,2.45,3.25,3.20,3.25,24111825,"5,90,80,92,71,291.25","6,95,58,791.25",4748475,650775
2025-12-10,2025-12-16,PE,"25,900.00",142.70,206.55,87.10,187.65,192.75,187.65,240233025,"62,54,63,56,71,262.50","32,60,03,23,762.50",3503400,757725
2025-12-10,2025-12-16,PE,"26,250.00",430.00,492.35,298.00,469.25,475.50,469.25,747450,"19,90,67,77,987.50","28,62,15,487.50",135825,3075
2025-12-10,2025-12-16,CE,"25,150.00",739.80,806.20,637.00,655.00,653.75,655.00,6075,"15,71,31,588.75","43,45,338.75",1800,825
2025-12-10,2025-12-16,PE,"25,050.00",3.85,7.70,3.85,6.80,6.90,6.80,10248075,"2,56,77,30,27,262.50","5,87,48,512.50",539775,138375
2025-12-10,2025-12-16,PE,"25,850.00",139.95,174.60,70.20,157.30,161.85,157.30,208427850,"54,12,45,25,61,246.25","24,59,26,38,746.25",1697850,158250
2025-12-10,2025-12-16,CE,"26,450.00",8.60,11.00,5.50,6.70,6.90,6.70,26682525,"7,05,96,62,68,076.25","21,34,81,826.25",1910400,556875
2025-12-10,2025-12-16,PE,"25,450.00",18.80,31.15,11.15,27.15,28.30,27.15,50416200,"12,84,19,92,75,225.00","1,10,69,85,225.00",1639575,824325
2025-12-10,2025-12-16,PE,"24,700.00",3.65,4.35,2.90,3.95,3.85,3.95,15403050,"3,80,50,87,49,505.00","5,34,14,505.00",1856475,1195875
2025-12-10,2025-12-16,PE,"25,350.00",16.00,19.80,7.75,17.40,18.10,17.40,35895075,"9,10,44,36,53,733.75","50,35,02,483.75",1231125,445050
2025-12-10,2025-12-16,PE,"27,500.00","1,709.40","1,714.10","1,640.55","1,712.40","1,710.70","1,712.40",4650,"13,56,56,591.25","77,81,591.25",6975,1050
2025-12-10,2025-12-16,PE,"26,400.00",539.05,637.10,429.00,611.20,617.00,611.20,520350,"14,01,32,63,137.50","27,60,23,137.50",220800,-35325
2025-12-10,2025-12-16,PE,"27,200.00","1,369.60","1,397.30","1,369.60","1,397.30","1,397.30","1,397.30",375,"1,07,17,927.50","5,17,927.50",16500,300
2025-12-10,2025-12-16,CE,"26,000.00",82.80,116.60,46.80,52.80,52.05,52.80,250279425,"65,26,80,16,02,135.00","19,53,65,52,135.00",13160100,5334975
2025-12-10,2025-12-16,PE,"26,200.00",365.00,448.90,258.00,423.40,432.00,423.40,5661075,"1,50,25,87,77,371.25","1,93,86,12,371.25",994425,-167100
2025-12-10,2025-12-16,CE,"25,950.00",105.00,143.00,59.00,66.80,65.55,66.80,154207875,"40,17,18,08,56,635.00","15,48,65,00,385.00",4545000,3062025
2025-12-10,2025-12-16,PE,"24,950.00",5.00,6.20,3.90,5.60,5.65,5.60,9879525,"2,46,54,16,36,170.00","4,74,87,420.00",599475,284400
2025-12-10,2025-12-16,PE,"24,800.00",3.45,4.90,3.25,4.40,4.40,4.40,21097725,"5,23,30,45,30,230.00","8,09,50,230.00",2304375,330600
2025-12-10,2025-12-16,CE,"26,750.00",2.80,3.35,2.30,3.05,3.00,3.05,18097275,"4,84,15,49,92,653.75","5,28,86,403.75",1157625,685650
2025-12-10,2025-12-16,CE,"23,950.00","1,934.60","1,962.45","1,902.80","1,962.45","1,962.45","1,829.65",225,"58,23,738.75","4,34,988.75",1125,0
2025-12-10,2025-12-16,PE,"27,300.00","1,520.65","1,520.65","1,490.80","1,508.45","1,501.65","1,508.45",300,"86,42,531.25","4,52,531.25",750,0
2025-12-10,2025-12-16,PE,"26,450.00",573.20,672.35,480.05,659.70,659.55,659.70,69225,"1,87,15,49,298.75","4,05,48,048.75",21825,10725
2025-12-10,2025-12-16,CE,"27,450.00",1.40,1.70,1.20,1.50,1.50,1.50,3369525,"92,49,82,00,365.00","47,39,115.00",380100,127575
2025-12-10,2025-12-16,CE,"26,850.00",2.50,2.95,1.85,2.70,2.50,2.70,16433550,"4,41,28,14,37,372.50","4,06,19,872.50",934200,455475
2025-12-10,2025-12-16,CE,"27,950.00",1.10,1.25,0.90,1.05,1.00,1.05,8275275,"2,31,30,26,58,363.75","87,22,113.75",2172750,968700
2025-12-10,2025-12-16,CE,"27,050.00",1.95,2.30,1.65,2.10,2.00,2.10,8039625,"2,17,48,72,66,972.50","1,54,10,722.50",577725,200550
2025-12-10,2025-12-16,PE,"25,300.00",9.25,16.30,6.70,14.00,14.65,14.00,53687550,"13,58,92,25,70,277.50","62,75,55,277.50",4288050,1543125
2025-12-10,2025-12-16,PE,"26,050.00",250.00,317.80,157.35,294.95,302.90,294.95,12397425,"3,25,68,20,24,208.75","2,72,91,02,958.75",281250,-25800
2025-12-10,2025-12-16,CE,"24,400.00","1,475.45","1,475.45","1,460.00","1,460.00","1,460.00","1,380.05",825,"2,13,38,043.75","12,08,043.75",2550,-600
2025-12-10,2025-12-16,CE,"25,550.00",348.50,452.00,268.35,288.55,283.45,288.55,972675,"25,16,93,00,576.25","31,74,54,326.25",101250,68325
2025-12-10,2025-12-16,CE,"25,200.00",688.00,782.35,584.20,605.85,602.00,605.85,73575,"1,90,18,04,036.25","4,77,14,036.25",89850,7425
2025-12-10,2025-12-16,CE,"27,600.00",1.45,1.60,1.20,1.40,1.40,1.40,5231775,"1,44,40,41,28,965.00","71,38,965.00",1848900,506925
2025-12-10,2025-12-16,PE,"27,600.00","1,528.15","1,790.50","1,528.15","1,730.00","1,730.00","1,817.05",7275,"21,33,30,187.50","1,25,40,187.50",750,525
2025-12-10,2025-12-16,CE,"27,750.00",1.35,1.40,1.10,1.25,1.25,1.25,1260825,"34,98,94,86,303.75","15,92,553.75",69600,36075
2025-12-10,2025-12-16,PE,"24,150.00",2.15,2.45,1.70,2.20,2.10,2.20,2658600,"64,21,05,11,040.00","53,21,040.00",147900,106425
2025-12-10,2025-12-16,CE,"27,900.00",1.25,1.50,0.95,1.10,1.15,1.10,5062950,"1,41,26,19,81,150.00","56,76,150.00",1294875,481050
2025-12-10,2025-12-16,PE,"27,050.00","1,148.90","1,198.40","1,078.00","1,198.40","1,198.40","1,267.65",225,"63,43,147.50","2,56,897.50",75,0
2025-12-10,2025-12-16,CE,"26,250.00",22.95,33.10,13.50,15.70,15.95,15.70,60130050,"15,79,70,84,91,112.50","1,29,46,78,612.50",3997275,1654050
2025-12-10,2025-12-16,CE,"27,800.00",1.05,1.30,0.95,1.20,1.20,1.20,5637900,"1,56,74,02,01,647.50","65,81,647.50",2223300,450675
2025-12-10,2025-12-16,CE,"26,050.00",65.95,93.45,36.60,41.50,41.60,41.50,95194950,"24,85,70,32,88,617.50","5,87,48,41,117.50",3496500,1911675
2025-12-10,2025-12-16,CE,"24,050.00","1,844.20","1,844.20","1,824.90","1,824.90","1,824.90","1,729.75",150,"38,82,682.50","2,75,182.50",150,0
2025-12-10,2025-12-16,PE,"24,450.00",2.75,3.40,2.35,3.05,3.00,3.05,3546600,"86,72,38,98,502.50","95,28,502.50",246300,155250
2025-12-10,2025-12-16,PE,"24,850.00",4.00,5.25,3.50,4.75,4.80,4.75,6892950,"1,71,31,86,34,507.50","2,88,27,007.50",380400,210600
2025-12-10,2025-12-16,CE,"25,400.00",483.95,593.20,392.35,417.85,405.70,417.85,714000,"18,46,33,34,148.75","32,77,34,148.75",139800,82275
2025-12-10,2025-12-16,CE,"26,550.00",5.05,6.85,3.50,4.90,4.90,4.90,20101650,"5,33,80,31,76,600.00","10,43,69,100.00",2077725,1065300
2025-12-10,2025-12-16,CE,"24,800.00","1,082.65","1,175.70",985.00,"1,002.30",998.15,"1,002.30",3900,"10,09,02,851.25","41,82,851.25",12300,-375
2025-12-10,2025-12-16,PE,"26,350.00",486.30,586.75,384.00,562.65,567.25,562.65,226125,"6,06,80,54,666.25","10,96,60,916.25",49950,1725
2025-12-10,2025-12-16,PE,"26,950.00","1,101.20","1,153.65","1,101.20","1,151.20","1,151.20","1,151.20",600,"1,68,43,706.25","6,73,706.25",300,-75
2025-12-10,2025-12-16,CE,"26,100.00",51.00,73.55,28.30,32.20,32.30,32.20,132099000,"34,54,06,95,11,583.75","6,28,56,11,583.75",8948025,3187125
2025-12-10,2025-12-16,PE,"24,550.00",3.00,3.70,2.60,3.35,3.25,3.35,3420075,"83,97,29,61,442.50","1,01,20,192.50",184350,86850
2025-12-10,2025-12-16,CE,"25,300.00",560.05,688.00,483.20,507.80,502.95,507.80,306975,"7,94,32,53,311.25","17,67,85,811.25",73500,26025
2025-12-10,2025-12-16,PE,"25,650.00",49.25,79.35,27.35,69.15,71.25,69.15,92568825,"23,79,44,73,87,112.50","5,05,70,25,862.50",1409100,150450
2025-12-10,2025-12-16,PE,"25,400.00",16.45,24.70,9.10,21.55,22.35,21.55,73299975,"18,63,07,56,31,083.75","1,25,62,66,083.75",4175550,-548700
2025-12-10,2025-12-16,CE,"24,100.00","1,807.55","1,843.05","1,807.55","1,843.05","1,843.05","1,679.80",150,"38,88,795.00","2,73,795.00",525,75
2025-12-10,2025-12-16,CE,"24,550.00","1,255.50","1,255.50","1,255.50","1,255.50","1,255.50","1,230.25",75,"19,35,412.50","94,162.50",1275,-75
2025-12-10,2025-12-16,PE,"24,600.00",2.20,4.00,2.20,3.60,3.60,3.60,17460375,"4,29,58,05,86,306.25","5,53,61,306.25",2799525,1836750
2025-12-10,2025-12-16,CE,"25,650.00",290.00,362.10,197.40,215.00,210.60,215.00,6066375,"1,57,08,95,17,233.75","1,48,69,98,483.75",285900,194325
2025-12-10,2025-12-16,CE,"25,600.00",330.00,407.00,231.25,250.05,245.00,250.05,9045750,"2,34,17,85,40,871.25","2,60,73,40,871.25",910200,399600
2025-12-10,2025-12-16,PE,"26,100.00",288.70,360.25,187.25,335.20,342.65,335.20,16449825,"4,33,64,09,00,827.50","4,30,04,68,327.50",1157175,-404925
2025-12-10,2025-12-16,PE,"26,800.00",893.00,"1,023.60",824.10,"1,008.15","1,005.35","1,008.15",12300,"34,13,68,552.50","1,17,28,552.50",24000,825
2025-12-10,2025-12-16,CE,"24,500.00","1,390.00","1,390.00","1,288.40","1,297.80","1,294.45","1,297.80",2775,"7,16,86,563.75","36,99,063.75",16725,375
2025-12-11,2025-12-16,PE,"25,200.00",8.95,11.65,3.25,3.60,3.40,3.60,38049675,"9,59,08,85,36,422.50","23,67,26,422.50",3582900,615225
2025-12-11,2025-12-16,PE,"26,550.00",731.65,822.30,595.00,625.80,631.75,625.80,28050,"76,30,63,650.00","1,83,36,150.00",13875,-1875
2025-12-11,2025-12-16,CE,"27,600.00",1.40,1.60,0.75,0.80,0.75,0.80,2798625,"77,24,53,94,175.00","33,44,175.00",1897650,48750
2025-12-11,2025-12-16,PE,"26,100.00",300.00,395.10,188.40,207.80,205.90,207.80,13758600,"3,62,46,25,51,106.25","3,36,30,91,106.25",1059225,-97950
2025-12-11,2025-12-16,PE,"24,400.00",2.85,2.85,1.50,1.65,1.60,1.65,6346650,"1,54,87,13,05,361.25","1,30,45,361.25",848850,-199875
2025-12-11,2025-12-16,CE,"26,650.00",3.40,3.80,1.60,1.80,1.65,1.80,29256750,"7,79,76,79,75,447.50","7,55,87,947.50",1260900,-55050
2025-12-11,2025-12-16,CE,"27,750.00",1.35,1.45,0.65,0.75,0.70,0.75,544725,"15,11,66,58,903.75","5,40,153.75",87225,17625
2025-12-11,2025-12-16,CE,"27,950.00",0.95,1.35,0.60,0.65,0.65,0.65,6168300,"1,72,41,00,03,476.25","60,18,476.25",2517750,345000
2025-12-11,2025-12-16,PE,"24,050.00",2.05,2.05,1.30,1.45,1.35,1.45,2096700,"50,42,90,38,233.75","34,03,233.75",103500,1650
2025-12-11,2025-12-16,PE,"24,300.00",2.10,2.45,1.40,1.60,1.50,1.60,13428600,"3,26,34,00,05,445.00","2,50,25,445.00",1407525,848025
2025-12-11,2025-12-16,CE,"25,050.00",783.00,905.95,689.70,873.95,873.95,873.95,3975,"10,28,65,691.25","32,91,941.25",3675,1950
2025-12-11,2025-12-16,CE,"25,100.00",726.60,856.60,636.60,828.70,828.90,828.70,41025,"1,06,20,30,648.75","3,23,03,148.75",57975,4350
2025-12-11,2025-12-16,CE,"27,000.00",2.00,2.40,1.10,1.15,1.15,1.15,44620350,"12,04,82,28,29,737.50","7,33,79,737.50",9820500,-1790025
2025-12-11,2025-12-16,PE,"26,000.00",243.55,310.00,125.00,139.75,137.65,139.75,66220950,"17,33,32,13,25,367.50","11,57,66,25,367.50",4371900,24300
2025-12-11,2025-12-16,PE,"26,050.00",253.05,351.75,154.50,171.80,170.05,171.80,10383225,"2,72,57,37,88,417.50","2,09,07,77,167.50",486450,205200
2025-12-11,2025-12-16,PE,"24,350.00",2.25,2.55,1.40,1.65,1.40,1.65,3147675,"76,65,21,27,146.25","62,40,896.25",107475,-29250
2025-12-11,2025-12-16,CE,"25,700.00",199.00,291.55,135.40,257.40,257.00,257.40,82624050,"21,40,01,30,33,666.25","16,57,49,48,666.25",1088475,-575475
2025-12-11,2025-12-16,PE,"25,100.00",6.85,8.35,2.95,3.15,2.95,3.15,26543025,"6,66,35,08,81,143.75","12,09,53,643.75",2619525,628350
2025-12-11,2025-12-16,PE,"25,850.00",131.90,197.15,60.30,67.85,66.20,67.85,161451750,"41,89,22,06,35,327.50","15,69,28,97,827.50",4099425,2401575
2025-12-11,2025-12-16,CE,"24,950.00",850.00,"1,000.00",777.20,981.40,982.60,981.40,7350,"19,05,10,158.75","71,27,658.75",6675,6375
2025-12-11,2025-12-16,CE,"24,800.00","1,026.50","1,129.35",928.90,"1,123.40","1,123.35","1,123.40",15450,"39,90,87,243.75","1,59,27,243.75",11475,-825
2025-12-11,2025-12-16,PE,"25,950.00",205.00,270.50,99.45,111.30,110.35,111.30,50078850,"13,06,43,89,48,072.50","6,89,27,90,572.50",1571925,761925
2025-12-11,2025-12-16,CE,"27,850.00",0.95,1.35,0.65,0.70,0.65,0.70,1964250,"54,70,63,23,330.00","19,60,830.00",345075,6075
2025-12-11,2025-12-16,PE,"26,350.00",536.30,626.15,401.20,426.05,426.05,426.05,195600,"5,24,18,65,110.00","8,78,05,110.00",84825,34875
2025-12-11,2025-12-16,PE,"27,500.00","1,650.00","1,650.00","1,548.55","1,564.70","1,564.05","1,564.70",3300,"9,60,77,448.75","53,27,448.75",7275,300
2025-12-11,2025-12-16,PE,"25,700.00",75.00,111.70,26.30,28.75,27.60,28.75,237975300,"61,29,99,95,28,828.75","14,03,43,18,828.75",9515850,5720625
2025-12-11,2025-12-16,CE,"27,350.00",1.55,1.80,0.80,0.80,0.80,0.80,3640350,"99,56,83,07,981.25","47,35,481.25",534900,50250
2025-12-11,2025-12-16,PE,"25,400.00",17.85,27.15,5.15,5.70,5.60,5.70,66474825,"16,89,33,59,19,438.75","87,53,64,438.75",6269100,2093550
2025-12-11,2025-12-16,CE,"24,650.00","1,214.80","1,214.80","1,214.65","1,214.65","1,214.65","1,267.15",225,"58,19,561.25","2,73,311.25",825,0
2025-12-11,2025-12-16,PE,"25,350.00",12.00,21.45,4.35,4.85,4.60,4.85,33992850,"8,62,08,10,61,655.00","36,23,14,155.00",3366150,2135025
2025-12-11,2025-12-16,CE,"24,750.00","1,141.00","1,141.00","1,097.70","1,116.20","1,116.20","1,167.25",600,"1,55,17,875.00","6,67,875.00",225,-75
2025-12-11,2025-12-16,PE,"26,650.00",830.60,921.45,704.00,723.35,714.50,723.35,12525,"34,32,01,271.25","94,10,021.25",11100,-1650
2025-12-11,2025-12-16,CE,"25,950.00",70.00,116.95,44.20,90.25,89.75,90.25,137942025,"35,90,84,58,89,257.50","11,25,03,40,507.50",3565500,-979500
2025-12-11,2025-12-16,PE,"24,200.00",2.00,2.15,1.40,1.60,1.45,1.60,8520900,"2,06,22,05,29,012.50","1,47,49,012.50",1339350,-57000
2025-12-11,2025-12-16,CE,"27,150.00",1.80,1.95,0.90,1.00,0.95,1.00,6580950,"1,78,68,15,37,822.50","87,45,322.50",604425,-207225
2025-12-11,2025-12-16,CE,"24,000.00","1,800.00","1,935.00","1,743.10","1,924.90","1,929.25","1,924.90",19575,"50,61,83,332.50","3,63,83,332.50",74775,-2475
2025-12-11,2025-12-16,CE,"25,550.00",320.15,425.45,230.05,389.05,389.10,389.05,2251650,"58,23,12,94,338.75","70,16,36,838.75",92550,-8700
2025-12-11,2025-12-16,CE,"25,900.00",95.00,145.00,56.35,116.35,115.60,116.35,276054675,"71,78,28,47,16,033.75","28,46,86,33,533.75",7321275,-1767375
2025-12-11,2025-12-16,PE,"25,450.00",20.00,34.70,6.40,7.20,6.95,7.20,48879525,"12,44,80,48,70,730.00","82,09,59,480.00",2481675,842100
2025-12-11,2025-12-16,CE,"24,700.00","1,196.05","1,233.50","1,106.10","1,224.10","1,226.35","1,224.10",3150,"8,16,11,062.50","38,06,062.50",7050,825
2025-12-11,2025-12-16,PE,"26,950.00","1,107.65","1,107.80","1,028.20","1,028.85","1,029.50","1,028.85",750,"2,10,25,376.25","8,12,876.25",225,-75
2025-12-11,2025-12-16,CE,"26,850.00",3.40,3.40,1.20,1.30,1.30,1.30,10814625,"2,90,39,26,06,923.75","1,99,25,673.75",1474125,539925
2025-12-11,2025-12-16,PE,"27,300.00","1,452.05","1,452.05","1,436.10","1,436.10","1,436.10","1,380.90",225,"64,67,452.50","3,24,952.50",750,0
2025-12-11,2025-12-16,PE,"25,800.00",128.00,165.00,46.20,51.60,50.20,51.60,301265100,"77,98,77,47,25,018.75","26,13,51,45,018.75",9517350,4525425
2025-12-11,2025-12-16,CE,"24,850.00","1,040.80","1,093.60","1,020.55","1,073.85","1,082.30","1,073.85",14775,"38,31,17,520.00","1,59,58,770.00",1500,600
2025-12-11,2025-12-16,CE,"26,500.00",5.25,5.90,2.70,3.05,2.95,3.05,71904150,"19,05,76,18,90,998.75","30,19,15,998.75",10369650,1555050
2025-12-11,2025-12-16,CE,"27,800.00",1.05,1.45,0.65,0.70,0.65,0.70,4974225,"1,38,28,82,79,577.50","48,24,577.50",2119575,-103725
2025-12-11,2025-12-16,PE,"26,400.00",540.00,675.80,450.00,475.10,474.05,475.10,414150,"11,15,30,80,605.00","21,95,20,605.00",188100,-32700
2025-12-11,2025-12-16,PE,"24,100.00",1.90,1.95,1.40,1.55,1.40,1.55,5547150,"1,33,69,53,74,887.50","90,59,887.50",1044075,419700
2025-12-11,2025-12-16,CE,"24,300.00","1,580.00","1,580.00","1,580.00","1,580.00","1,580.00","1,616.85",75,"19,41,000.00","1,18,500.00",375,-75
2025-12-11,2025-12-16,CE,"25,350.00",482.00,614.00,397.45,581.80,583.60,581.80,145575,"3,76,56,28,616.25","7,53,02,366.25",28425,11700
2025-12-11,2025-12-16,PE,"24,900.00",4.00,5.20,2.15,2.60,2.35,2.60,24732750,"6,15,92,85,72,472.50","8,30,97,472.50",2533725,1129275
2025-12-11,2025-12-16,CE,"24,600.00","1,264.00","1,265.55","1,263.75","1,265.55","1,265.55","1,317.10",750,"1,93,98,262.50","9,48,262.50",1200,0
2025-12-11,2025-12-16,CE,"27,550.00",1.40,1.60,0.75,0.75,0.75,0.75,1360575,"37,48,54,15,481.25","15,74,231.25",147750,4875
2025-12-11,2025-12-16,CE,"25,750.00",175.00,250.95,110.30,217.25,215.95,217.25,92214300,"23,89,91,28,09,637.50","15,39,45,84,637.50",769125,-1216875
2025-12-11,2025-12-16,PE,"25,250.00",12.20,14.00,3.45,3.90,3.70,3.90,26243850,"6,62,85,69,65,287.50","19,97,52,787.50",1853550,568650
2025-12-11,2025-12-16,CE,"25,450.00",394.05,514.75,308.85,485.50,484.10,485.50,501450,"12,96,79,50,052.50","20,60,47,552.50",39750,9075
2025-12-11,2025-12-16,PE,"25,750.00",104.00,136.70,34.60,38.55,37.35,38.55,193096500,"49,86,62,26,17,405.00","14,38,77,42,405.00",4694025,2051400
2025-12-11,2025-12-16,CE,"26,000.00",49.40,91.65,34.60,68.10,67.65,68.10,247792575,"64,57,97,18,19,243.75","15,36,48,69,243.75",10667775,-2492325
2025-12-11,2025-12-16,CE,"24,500.00","1,262.70","1,380.00","1,262.70","1,364.15","1,364.15","1,417.00",825,"2,13,22,942.50","11,10,442.50",16575,-150
2025-12-11,2025-12-16,PE,"24,650.00",3.25,3.50,1.80,2.00,1.95,2.00,5239275,"1,29,16,13,57,152.50","1,32,28,402.50",501600,228375
2025-12-11,2025-12-16,CE,"25,250.00",580.70,697.70,492.20,680.90,682.70,680.90,54075,"1,39,79,51,756.25","3,25,58,006.25",21300,11025
2025-12-11,2025-12-16,CE,"27,650.00",1.50,1.60,0.70,0.80,0.70,0.80,863175,"23,86,77,26,272.50","9,37,522.50",73050,675
2025-12-11,2025-12-16,PE,"24,750.00",4.00,4.20,1.95,2.20,1.95,2.20,7116150,"1,76,14,52,20,698.75","2,05,08,198.75",399600,44925
2025-12-11,2025-12-16,CE,"27,700.00",1.40,1.55,0.75,0.80,0.75,0.80,3330375,"92,25,51,74,786.25","37,87,286.25",1509225,67575
2025-12-11,2025-12-16,PE,"24,250.00",2.10,2.35,1.40,1.55,1.45,1.55,3172425,"76,93,71,44,388.75","58,38,138.75",208425,78525
2025-12-11,2025-12-16,PE,"25,000.00",5.00,6.60,2.75,2.95,2.85,2.95,60549450,"15,13,97,47,45,196.25","23,84,95,196.25",11155575,4595925
2025-12-11,2025-12-16,PE,"24,600.00",3.30,3.40,1.70,1.90,1.80,1.90,18720900,"4,60,58,02,11,007.50","4,60,71,007.50",1983375,-816150
2025-12-11,2025-12-16,PE,"26,700.00",868.10,973.45,746.10,775.60,778.00,775.60,31950,"87,99,25,552.50","2,68,60,552.50",39675,-2700
2025-12-11,2025-12-16,PE,"24,150.00",2.00,2.10,1.35,1.50,1.40,1.50,2972250,"71,78,48,59,331.25","50,21,831.25",192750,44850
2025-12-11,2025-12-16,PE,"26,750.00",929.95,947.00,815.35,822.85,815.35,822.85,1350,"3,73,00,833.75","11,88,333.75",13275,-225
2025-12-11,2025-12-16,CE,"27,500.00",1.50,1.75,0.75,0.85,0.80,0.85,21166125,"5,82,09,21,89,160.00","2,37,51,660.00",6021225,-1379325
2025-12-11,2025-12-16,CE,"25,800.00",124.55,212.05,89.00,180.30,179.55,180.30,250170150,"64,90,92,27,18,701.25","36,53,28,48,701.25",3141825,-2733150
2025-12-11,2025-12-16,CE,"25,300.00",549.95,661.10,444.00,631.90,627.00,631.90,290325,"7,50,76,67,913.75","16,24,45,413.75",73575,75
2025-12-11,2025-12-16,CE,"26,050.00",41.45,70.90,26.85,50.35,49.70,50.35,97745625,"25,50,91,10,84,677.50","4,63,75,53,427.50",3381825,-114675
2025-12-11,2025-12-16,CE,"25,500.00",341.00,471.00,268.50,438.35,437.00,438.35,6700050,"1,73,33,85,50,505.00","2,48,72,75,505.00",357300,-136125
2025-12-11,2025-12-16,CE,"26,800.00",2.30,2.90,1.25,1.35,1.35,1.35,36242475,"9,71,37,27,71,028.75","7,44,41,028.75",5426925,995400
2025-12-11,2025-12-16,PE,"23,950.00",1.55,1.85,1.25,1.35,1.30,1.35,5650050,"1,35,32,72,51,700.00","85,54,200.00",1993275,526500
2025-12-11,2025-12-16,PE,"24,700.00",3.65,3.70,1.90,2.10,1.95,2.10,21848550,"5,39,71,67,23,803.75","5,75,38,803.75",2181375,324900
2025-12-11,2025-12-16,PE,"25,650.00",67.00,89.80,19.45,21.45,20.35,21.45,103235700,"26,52,67,48,27,102.50","4,67,91,22,102.50",3965100,2556000
2025-12-11,2025-12-16,PE,"25,150.00",7.85,9.85,3.15,3.40,3.15,3.40,16077375,"4,04,43,57,12,457.50","8,97,31,207.50",1266375,504675
2025-12-11,2025-12-16,PE,"25,600.00",40.50,71.95,14.50,16.00,14.95,16.00,143576250,"36,80,47,97,11,488.75","4,92,77,11,488.75",5997525,2420925
2025-12-11,2025-12-16,CE,"26,200.00",19.90,30.50,12.90,18.70,18.20,18.70,120996225,"31,72,45,62,87,318.75","2,35,51,92,318.75",8527725,128775
2025-12-11,2025-12-16,PE,"26,150.00",340.00,442.75,226.00,247.30,244.95,247.30,2570700,"67,95,53,76,067.50","73,15,71,067.50",248850,-89850
2025-12-11,2025-12-16,PE,"26,200.00",401.00,488.00,267.00,289.80,288.00,289.80,4671075,"1,23,93,29,34,630.00","1,55,07,69,630.00",700350,-294075
2025-12-11,2025-12-16,PE,"24,000.00",1.85,1.90,1.30,1.40,1.35,1.40,17608350,"4,22,62,79,35,391.25","2,75,35,391.25",5255400,1372275
2025-12-11,2025-12-16,CE,"25,400.00",425.00,562.90,352.30,533.15,532.95,533.15,964725,"24,94,29,06,315.00","43,88,91,315.00",120225,-19575
2025-12-11,2025-12-16,PE,"25,300.00",13.00,17.10,3.95,4.30,4.20,4.30,44878950,"11,35,83,35,19,866.25","39,60,84,866.25",4248450,-39600
2025-12-11,2025-12-16,CE,"26,250.00",15.00,22.25,10.35,13.20,12.80,13.20,65779725,"17,27,66,90,60,970.00","95,12,79,720.00",5504475,1507200
2025-12-11,2025-12-16,CE,"27,400.00",1.55,1.75,0.75,0.80,0.75,0.80,11731950,"3,21,46,89,69,078.75","1,35,39,078.75",2464650,-497325
2025-12-11,2025-12-16,CE,"27,250.00",1.60,1.85,0.85,0.90,0.85,0.90,3686400,"1,00,45,94,03,707.50","50,03,707.50",513150,101175
2025-12-11,2025-12-16,PE,"27,200.00","1,286.70","1,286.70","1,250.00","1,250.00","1,250.00","1,281.00",225,"64,04,002.50","2,84,002.50",16425,-75
2025-12-11,2025-12-16,CE,"25,850.00",118.00,177.25,71.05,146.45,145.85,146.45,171348675,"44,50,75,91,32,425.00","21,39,58,83,675.00",2175075,-2491800
2025-12-11,2025-12-16,PE,"26,600.00",780.80,874.85,647.65,675.45,677.40,675.45,102525,"2,79,75,09,851.25","7,03,44,851.25",99825,-42750
2025-12-11,2025-12-16,CE,"27,900.00",1.10,1.30,0.65,0.70,0.65,0.70,3787575,"1,05,67,68,84,727.50","35,42,227.50",1694025,399150
2025-12-11,2025-12-16,CE,"26,700.00",2.60,3.35,1.40,1.50,1.50,1.50,54199200,"14,47,24,53,42,570.00","12,67,02,570.00",5040150,-783075
2025-12-11,2025-12-16,CE,"26,950.00",2.30,2.45,1.15,1.20,1.20,1.20,5707050,"1,53,81,48,92,913.75","98,95,413.75",730875,174675
2025-12-11,2025-12-16,PE,"26,850.00",956.00,956.00,918.20,920.65,918.20,920.65,2325,"6,45,69,375.00","21,43,125.00",1575,450
2025-12-11,2025-12-16,CE,"26,300.00",11.90,16.40,8.10,9.25,8.95,9.25,93808200,"24,68,16,54,62,947.50","1,00,98,02,947.50",7797375,669375
2025-12-11,2025-12-16,PE,"24,500.00",2.90,3.05,1.60,1.80,1.70,1.80,27969000,"6,85,30,49,69,490.00","6,44,69,490.00",4661700,-86775
2025-12-11,2025-12-16,CE,"27,100.00",1.90,2.15,1.05,1.10,1.05,1.10,10321425,"2,79,72,64,62,292.50","1,58,44,792.50",3026025,-102600
2025-12-11,2025-12-16,PE,"24,550.00",2.75,3.15,1.70,1.85,1.80,1.85,4467825,"1,09,69,56,98,088.75","1,05,94,338.75",271275,86925
2025-12-11,2025-12-16,CE,"25,000.00",830.00,959.55,734.20,927.60,929.05,927.60,180000,"4,65,33,59,332.50","15,33,59,332.50",219975,-19050
2025-12-11,2025-12-16,CE,"27,450.00",1.55,1.65,0.75,0.80,0.75,0.80,2157375,"59,22,27,63,532.50","28,19,782.50",470925,90825
2025-12-11,2025-12-16,PE,"25,500.00",29.95,44.10,8.35,9.25,8.90,9.25,118826175,"30,32,58,51,70,601.25","2,51,77,08,101.25",7557300,-26925
2025-12-11,2025-12-16,CE,"26,550.00",4.50,5.05,2.25,2.45,2.30,2.45,30749400,"8,16,49,77,70,383.75","10,12,00,383.75",2106750,29025
2025-12-11,2025-12-16,CE,"26,100.00",33.90,53.70,20.75,36.05,35.35,36.05,144064350,"37,65,08,69,85,828.75","5,00,74,50,828.75",10237500,1289475
2025-12-11,2025-12-16,CE,"27,200.00",1.85,1.90,0.90,0.95,0.90,0.95,18558900,"5,04,82,59,50,771.25","2,38,70,771.25",3361425,-302850
2025-12-11,2025-12-16,PE,"25,050.00",6.15,7.30,2.85,3.05,2.90,3.05,14203425,"3,55,85,55,21,926.25","5,97,25,676.25",707100,167325
2025-12-11,2025-12-16,PE,"27,250.00","1,440.45","1,440.45","1,361.40","1,361.40","1,361.40","1,330.95",225,"64,45,410.00","3,14,160.00",75,0
2025-12-11,2025-12-16,PE,"26,800.00",979.80,"1,071.00",843.75,876.15,869.00,876.15,9300,"25,79,39,321.25","86,99,321.25",23550,-450
2025-12-11,2025-12-16,PE,"27,000.00","1,200.05","1,275.00","1,045.00","1,068.85","1,075.35","1,068.85",31725,"89,16,86,186.25","3,51,11,186.25",74250,-1200
2025-12-11,2025-12-16,PE,"25,550.00",41.00,59.00,10.85,12.00,11.50,12.00,75082575,"19,20,36,61,00,803.75","2,00,63,09,553.75",3110625,1228350
2025-12-11,2025-12-16,PE,"24,850.00",4.25,4.70,2.20,2.40,2.25,2.40,10094400,"2,50,87,78,25,756.25","3,19,85,756.25",871500,491100
2025-12-11,2025-12-16,CE,"26,450.00",7.00,7.20,3.20,3.65,3.35,3.65,26410725,"6,98,69,53,54,796.25","13,16,78,546.25",2281950,371550
2025-12-11,2025-12-16,CE,"24,350.00","1,590.00","1,590.00","1,590.00","1,590.00","1,590.00","1,566.90",75,"19,45,500.00","1,19,250.00",150,0
2025-12-11,2025-12-16,CE,"25,600.00",257.30,378.15,195.05,343.70,344.00,343.70,17197200,"4,45,01,92,58,730.00","4,77,09,38,730.00",637275,-272925
2025-12-11,2025-12-16,CE,"26,350.00",10.00,11.90,5.70,6.45,6.20,6.45,42058125,"11,08,57,17,67,290.00","34,01,73,540.00",4887450,1629600
2025-12-11,2025-12-16,CE,"26,900.00",2.25,2.60,1.20,1.25,1.25,1.25,22864425,"6,15,09,25,46,508.75","3,95,14,008.75",3041925,65325
2025-12-11,2025-12-16,PE,"26,450.00",621.40,723.30,501.65,524.40,527.80,524.40,63375,"1,71,14,28,783.75","3,51,60,033.75",9450,-12375
2025-12-11,2025-12-16,PE,"27,900.00","2,070.00","2,160.00","1,965.00","1,968.95","1,965.00","1,968.95",8100,"24,25,19,602.50","1,65,29,602.50",37200,0
2025-12-11,2025-12-16,CE,"24,200.00","1,674.00","1,674.00","1,674.00","1,674.00","1,674.00","1,716.80",75,"19,40,550.00","1,25,550.00",300,0
2025-12-11,2025-12-16,CE,"26,400.00",7.00,9.50,4.15,4.70,4.45,4.70,51208200,"13,52,21,55,27,802.50","31,90,47,802.50",6570150,153750
2025-12-11,2025-12-16,CE,"25,200.00",637.75,762.05,539.60,730.90,734.30,730.90,96075,"2,48,51,54,857.50","6,40,64,857.50",93600,3750
2025-12-11,2025-12-16,PE,"26,900.00","1,079.60","1,091.25",959.35,974.70,975.00,974.70,5475,"15,28,24,646.25","55,47,146.25",9000,300
2025-12-11,2025-12-16,CE,"25,150.00",667.15,805.00,589.55,779.75,779.15,779.75,15975,"41,38,22,820.00","1,20,51,570.00",12900,11100
2025-12-11,2025-12-16,CE,"26,600.00",4.00,4.35,1.80,2.05,1.95,2.05,54134625,"14,40,13,98,03,896.25","15,87,78,896.25",4497600,-34575
2025-12-11,2025-12-16,CE,"24,900.00",870.00,"1,053.75",870.00,"1,027.45","1,033.00","1,027.45",17775,"46,04,64,326.25","1,78,66,826.25",9675,2400
2025-12-11,2025-12-16,PE,"24,950.00",5.60,5.85,2.55,2.80,2.60,2.80,12307575,"3,07,11,95,34,780.00","4,55,38,530.00",980250,380775
2025-12-11,2025-12-16,CE,"26,150.00",27.10,40.40,16.40,26.10,25.50,26.10,78370725,"20,51,44,72,73,898.75","2,05,28,15,148.75",3669675,103500
2025-12-11,2025-12-16,PE,"24,450.00",3.05,3.05,1.60,1.75,1.65,1.75,2705250,"66,14,92,27,623.75","58,65,123.75",210525,-35775
2025-12-11,2025-12-16,PE,"26,250.00",430.00,532.05,309.40,335.60,333.00,335.60,524400,"13,95,90,30,423.75","19,35,30,423.75",150975,15150
2025-12-11,2025-12-16,CE,"26,750.00",2.80,3.10,1.35,1.45,1.40,1.45,17003700,"4,54,88,65,10,580.00","3,75,35,580.00",1074000,-83625
2025-12-11,2025-12-16,CE,"27,050.00",1.95,2.25,1.05,1.10,1.10,1.10,5065650,"1,37,03,35,98,896.25","77,66,396.25",526800,-50925
2025-12-11,2025-12-16,PE,"25,900.00",179.00,232.30,78.00,87.60,86.20,87.60,196019325,"50,99,32,64,93,193.75","22,42,59,75,693.75",6971850,3468450
2025-12-11,2025-12-16,CE,"25,650.00",220.05,334.25,163.55,299.90,299.50,299.90,15293025,"3,95,84,68,74,678.75","3,58,07,83,428.75",282075,-3825
2025-12-11,2025-12-16,PE,"26,500.00",680.00,776.75,545.00,574.80,571.20,574.80,522000,"14,15,89,58,193.75","32,59,58,193.75",284250,-98250
2025-12-11,2025-12-16,PE,"26,300.00",491.00,583.10,355.00,380.45,378.70,380.45,2523600,"67,44,00,14,895.00","1,06,93,34,895.00",494775,-500550
2025-12-11,2025-12-16,CE,"27,300.00",1.60,1.80,0.80,0.85,0.85,0.85,10291350,"2,80,96,60,56,570.00","1,22,01,570.00",3312825,-78300
2025-12-11,2025-12-16,PE,"24,800.00",3.50,4.25,2.15,2.35,2.15,2.35,30818250,"7,64,38,20,93,266.25","8,94,93,266.25",4883775,2579400
2025-12-12,2025-12-16,CE,"24,950.00","1,080.00","1,109.75","1,080.00","1,109.75","1,109.75","1,109.75",150,"39,06,731.25","1,64,231.25",6600,-75
2025-12-12,2025-12-16,PE,"26,750.00",735.25,789.55,686.00,686.65,686.00,686.65,6375,"17,50,83,495.00","45,52,245.00",9900,-3375
2025-12-12,2025-12-16,CE,"27,750.00",0.70,0.90,0.60,0.70,0.75,0.70,640950,"17,78,68,32,476.25","4,69,976.25",99900,12675
2025-12-12,2025-12-16,CE,"26,700.00",1.10,1.85,1.10,1.40,1.40,1.40,42265800,"11,28,56,16,16,376.25","6,47,56,376.25",5153775,113625
2025-12-12,2025-12-16,CE,"24,100.00","1,930.00","1,935.00","1,930.00","1,935.00","1,935.00","1,961.45",150,"39,04,875.00","2,89,875.00",525,0
2025-12-12,2025-12-16,CE,"25,400.00",616.00,676.20,567.55,664.00,665.70,664.00,301875,"7,85,73,57,097.50","18,97,32,097.50",98100,-22125
2025-12-12,2025-12-16,CE,"24,500.00","1,538.80","1,561.00","1,538.80","1,557.60","1,558.05","1,557.60",1125,"2,93,07,708.75","17,45,208.75",16500,-75
2025-12-12,2025-12-16,PE,"26,850.00",800.90,858.55,787.65,791.00,788.00,791.00,1200,"3,31,88,887.50","9,68,887.50",1650,75
2025-12-12,2025-12-16,CE,"25,100.00",922.80,974.30,880.20,967.20,966.75,967.20,24450,"63,59,99,310.00","2,23,04,310.00",48975,-9000
2025-12-12,2025-12-16,CE,"26,450.00",3.30,5.80,3.10,3.60,4.00,3.60,48062175,"12,71,43,76,30,920.00","19,31,02,170.00",3067200,785250
2025-12-12,2025-12-16,CE,"25,850.00",161.50,245.00,160.50,228.40,230.00,228.40,31240950,"8,14,07,06,75,865.00","6,49,21,18,365.00",611400,-1563675
2025-12-12,2025-12-16,CE,"27,250.00",0.90,1.05,0.75,0.85,0.85,0.85,1806975,"49,24,16,80,770.00","16,12,020.00",517275,4125
2025-12-12,2025-12-16,CE,"26,950.00",1.45,1.45,1.00,1.05,1.00,1.05,5575875,"1,50,27,60,82,983.75","62,51,733.75",660150,-70725
2025-12-12,2025-12-16,PE,"24,650.00",1.85,2.05,1.50,1.85,1.80,1.85,6286425,"1,54,97,15,31,195.00","1,11,54,945.00",445275,-56325
2025-12-12,2025-12-16,PE,"27,100.00","1,054.00","1,128.60","1,038.90","1,038.90","1,038.90","1,038.90",1575,"4,43,82,517.50","17,00,017.50",1500,-225
2025-12-12,2025-12-16,PE,"24,950.00",2.60,2.80,1.95,2.30,2.50,2.30,14216925,"3,54,74,47,20,071.25","3,24,41,321.25",865950,-114300
2025-12-12,2025-12-16,CE,"24,700.00","1,321.10","1,367.00","1,285.40","1,359.30","1,363.00","1,359.30",1350,"3,51,56,741.25","18,11,741.25",6450,-600
2025-12-12,2025-12-16,CE,"26,350.00",6.55,11.80,5.95,7.05,8.05,7.05,104525175,"27,55,06,23,45,825.00","82,39,84,575.00",6221400,1333950
2025-12-12,2025-12-16,PE,"25,950.00",81.95,91.45,33.70,36.90,34.05,36.90,332387475,"86,44,75,95,08,805.00","19,30,45,32,555.00",6872025,5300100
2025-12-12,2025-12-16,CE,"27,650.00",0.80,0.90,0.65,0.75,0.70,0.75,244725,"6,76,68,27,922.50","1,81,672.50",70725,-2325
2025-12-12,2025-12-16,CE,"27,550.00",0.80,0.85,0.65,0.70,0.70,0.70,1681350,"46,32,24,54,371.25","12,61,871.25",285600,137850
2025-12-12,2025-12-16,CE,"25,900.00",149.05,202.55,127.65,185.90,187.45,185.90,155183175,"40,45,70,70,60,630.00","26,46,28,28,130.00",3225300,-4095975
2025-12-12,2025-12-16,PE,"25,500.00",7.00,7.40,4.20,4.60,4.60,4.60,65282400,"16,65,04,59,31,173.75","34,47,31,173.75",8173350,616050
2025-12-12,2025-12-16,CE,"26,650.00",1.55,2.30,1.45,1.75,1.65,1.75,25348650,"6,75,58,82,37,071.25","4,67,14,571.25",1571400,310500
2025-12-12,2025-12-16,PE,"26,200.00",211.50,261.00,158.05,167.10,164.00,167.10,49482000,"13,06,02,77,67,108.75","9,59,93,67,108.75",1271325,570975
2025-12-12,2025-12-16,PE,"26,900.00",841.00,935.35,836.60,840.55,836.60,840.55,14325,"39,76,61,478.75","1,23,18,978.75",4500,-4500
2025-12-12,2025-12-16,PE,"26,150.00",198.95,219.90,122.60,130.70,127.65,130.70,46009125,"12,10,33,24,72,260.00","7,19,38,53,510.00",1095750,846900
2025-12-12,2025-12-16,PE,"25,300.00",3.80,3.80,2.80,3.30,3.40,3.30,48357900,"12,23,61,74,95,593.75","16,26,25,593.75",5044125,795675
2025-12-12,2025-12-16,CE,"26,300.00",12.05,17.75,9.25,11.05,12.40,11.05,169971300,"44,72,30,55,42,821.25","2,06,03,52,821.25",9066900,1269525
2025-12-12,2025-12-16,CE,"27,150.00",1.00,1.25,0.80,0.90,0.85,0.90,3239475,"87,95,48,29,263.75","30,83,013.75",558900,-45525
2025-12-12,2025-12-16,PE,"25,350.00",3.95,4.05,3.10,3.50,3.60,3.50,26033550,"6,60,04,44,28,878.75","9,39,36,378.75",2994525,-371625
2025-12-12,2025-12-16,CE,"26,050.00",51.35,101.70,51.35,83.25,84.15,83.25,445610475,"1,16,43,87,66,78,277.50","35,72,38,04,527.50",5243325,1861500
2025-12-12,2025-12-16,PE,"24,750.00",1.90,2.20,1.65,1.95,2.00,1.95,6959550,"1,72,26,20,82,101.25","1,32,19,601.25",555975,156375
2025-12-12,2025-12-16,CE,"26,900.00",1.10,1.30,1.00,1.05,1.05,1.05,25158975,"6,76,80,53,43,258.75","2,89,15,758.75",3463500,421575
2025-12-12,2025-12-16,CE,"25,200.00",789.45,873.90,769.50,861.65,866.30,861.65,27825,"72,38,89,571.25","2,26,99,571.25",85950,-7650
2025-12-12,2025-12-16,CE,"26,150.00",25.05,54.80,25.05,40.70,42.20,40.70,241811400,"63,33,09,00,40,736.25","9,72,19,30,736.25",4826925,1157250
2025-12-12,2025-12-16,CE,"26,500.00",3.10,4.50,2.35,3.00,3.20,3.00,98144700,"26,01,15,11,26,357.50","31,65,76,357.50",11825025,1455375
2025-12-12,2025-12-16,PE,"26,100.00",166.00,181.75,92.25,99.30,95.80,99.30,183609975,"48,14,96,80,77,926.25","22,74,77,30,426.25",3348975,2289750
2025-12-12,2025-12-16,CE,"25,150.00",870.20,914.50,833.20,910.65,913.45,910.65,1650,"4,29,57,138.75","14,59,638.75",12900,0
2025-12-12,2025-12-16,CE,"26,000.00",78.00,132.00,74.50,112.45,112.60,112.45,637052775,"1,66,30,50,47,63,250.00","67,13,26,13,250.00",8767800,-1899975
2025-12-12,2025-12-16,PE,"26,800.00",768.95,838.20,732.15,738.50,737.45,738.50,47025,"1,29,58,84,230.00","3,56,14,230.00",19500,-4050
2025-12-12,2025-12-16,PE,"26,950.00",890.00,902.85,890.00,892.25,892.25,892.25,675,"1,87,96,965.00","6,05,715.00",150,-75
2025-12-12,2025-12-16,CE,"27,800.00",0.75,0.80,0.55,0.65,0.60,0.65,3321300,"92,33,43,26,445.00","21,86,445.00",1590525,-529050
2025-12-12,2025-12-16,CE,"27,200.00",0.95,1.05,0.75,0.90,0.85,0.90,12110025,"3,29,40,32,21,373.75","1,05,41,373.75",2699100,-662325
2025-12-12,2025-12-16,PE,"26,500.00",500.05,543.10,427.75,441.95,439.75,441.95,1041675,"28,09,25,29,376.25","48,81,41,876.25",324150,39900
2025-12-12,2025-12-16,CE,"25,950.00",102.50,165.00,98.00,146.80,148.00,146.80,190000350,"49,56,06,22,50,303.75","25,55,31,67,803.75",1523250,-2042250
2025-12-12,2025-12-16,CE,"24,000.00","2,055.75","2,071.35","1,977.05","2,055.60","2,065.75","2,055.60",22125,"57,63,38,910.00","4,53,38,910.00",69600,-5175
2025-12-12,2025-12-16,CE,"25,600.00",413.95,479.35,370.05,464.55,467.65,464.55,2061825,"53,67,84,71,835.00","89,57,51,835.00",376500,-260775
2025-12-12,2025-12-16,PE,"24,400.00",1.40,1.70,1.25,1.55,1.60,1.55,4418700,"1,07,82,29,34,045.00","66,54,045.00",677625,-171225
2025-12-12,2025-12-16,PE,"24,000.00",1.40,1.45,1.10,1.30,1.20,1.30,18398850,"4,41,59,56,45,743.75","2,32,45,743.75",6640800,1385400
2025-12-12,2025-12-16,PE,"25,400.00",4.40,4.80,3.50,3.80,3.85,3.80,51430350,"13,06,53,86,66,437.50","20,77,76,437.50",6187425,-81675
2025-12-12,2025-12-16,CE,"27,450.00",0.80,0.95,0.65,0.85,0.80,0.85,1304550,"35,81,09,15,572.50","10,18,072.50",362325,-108600
2025-12-12,2025-12-16,CE,"26,400.00",5.15,8.00,4.20,4.90,5.50,4.90,100112850,"26,43,52,33,02,975.00","54,40,62,975.00",7237650,667500
2025-12-12,2025-12-16,PE,"27,900.00","1,848.00","1,915.00","1,835.00","1,839.00","1,839.00","1,836.25",450,"1,33,94,025.00","8,39,025.00",37200,0
2025-12-12,2025-12-16,PE,"24,700.00",1.85,2.15,1.50,2.00,2.00,2.00,19317600,"4,77,18,02,19,390.00","3,54,99,390.00",2934750,753375
2025-12-12,2025-12-16,CE,"24,600.00","1,445.00","1,462.00","1,445.00","1,462.00","1,462.00","1,462.00",300,"78,15,900.00","4,35,900.00",1125,-75
2025-12-12,2025-12-16,CE,"27,400.00",0.75,0.90,0.60,0.85,0.80,0.85,6880725,"1,88,53,71,56,677.50","52,91,677.50",1047525,-1417125
2025-12-12,2025-12-16,CE,"26,250.00",14.40,26.35,13.30,17.15,18.80,17.15,168078825,"44,15,13,80,83,567.50","3,06,89,27,317.50",5887575,383100
2025-12-12,2025-12-16,CE,"25,300.00",705.00,774.40,670.55,760.90,764.65,760.90,80250,"2,08,88,26,908.75","5,85,01,908.75",56550,-17025
2025-12-12,2025-12-16,CE,"27,350.00",0.85,0.95,0.65,0.85,0.75,0.85,1635975,"44,74,52,24,531.25","13,08,281.25",388125,-146775
2025-12-12,2025-12-16,PE,"26,300.00",310.05,351.00,240.00,251.20,247.10,251.20,9012150,"2,39,51,91,38,216.25","2,49,95,93,216.25",449100,-45675
2025-12-12,2025-12-16,PE,"26,400.00",412.05,446.00,332.45,344.60,342.40,344.60,1484700,"39,74,75,98,860.00","55,15,18,860.00",190200,2100
2025-12-12,2025-12-16,PE,"25,450.00",6.50,6.50,3.75,4.05,4.05,4.05,27059700,"6,88,79,13,28,267.50","12,19,63,267.50",2355825,-125850
2025-12-12,2025-12-16,CE,"27,700.00",0.75,0.90,0.65,0.75,0.75,0.75,1320225,"36,57,12,45,562.50","10,13,062.50",1552200,42975
2025-12-12,2025-12-16,PE,"26,000.00",100.45,117.00,48.45,52.75,49.30,52.75,676730100,"1,76,45,45,32,01,092.50","50,47,06,01,092.50",13135725,8763825
2025-12-12,2025-12-16,PE,"25,600.00",10.00,12.45,5.30,5.75,5.70,5.75,84646950,"21,67,63,23,85,020.00","67,04,65,020.00",8193525,2196000
2025-12-12,2025-12-16,PE,"24,450.00",1.70,1.75,1.35,1.60,1.55,1.60,3346500,"81,82,70,94,127.50","51,69,127.50",397800,187275
2025-12-12,2025-12-16,PE,"27,000.00",991.35,"1,039.55",928.00,939.85,936.00,939.85,53850,"1,50,58,02,048.75","5,18,52,048.75",61500,-12750
2025-12-12,2025-12-16,CE,"25,000.00","1,010.00","1,074.25",961.85,"1,060.80","1,063.00","1,060.80",109350,"2,84,66,34,746.25","11,28,84,746.25",194325,-25650
2025-12-12,2025-12-16,PE,"23,950.00",1.20,1.40,1.05,1.30,1.30,1.30,6920850,"1,65,76,28,75,415.00","85,17,915.00",3133875,1140600
2025-12-12,2025-12-16,PE,"26,550.00",545.80,583.70,480.00,490.85,489.95,490.85,46575,"1,26,04,67,467.50","2,39,01,217.50",19350,5475
2025-12-12,2025-12-16,PE,"25,000.00",2.50,2.80,2.10,2.55,2.60,2.55,80646225,"20,16,35,36,33,756.25","19,80,08,756.25",12239925,1084350
2025-12-12,2025-12-16,CE,"26,800.00",1.35,1.50,1.05,1.15,1.10,1.15,45324975,"12,14,76,71,04,157.50","5,77,74,157.50",6659625,1232700
2025-12-12,2025-12-16,PE,"25,800.00",41.00,44.00,12.05,13.70,12.20,13.70,222116025,"57,35,74,94,91,180.00","5,15,60,46,180.00",12474225,2956875
2025-12-12,2025-12-16,PE,"26,250.00",262.10,304.45,197.00,207.30,204.60,207.30,7871625,"2,08,44,65,28,333.75","1,81,63,72,083.75",272700,121725
2025-12-12,2025-12-16,PE,"25,200.00",3.20,3.40,2.55,2.95,3.05,2.95,73316100,"18,47,78,03,35,635.00","21,46,15,635.00",6420675,2837775
2025-12-12,2025-12-16,PE,"26,700.00",685.80,735.10,630.65,639.80,637.75,639.80,48675,"1,33,16,46,903.75","3,20,24,403.75",36600,-3075
2025-12-12,2025-12-16,CE,"27,050.00",1.00,1.25,0.85,0.95,0.95,0.95,5290500,"1,43,11,35,89,955.00","55,64,955.00",718050,191250
2025-12-12,2025-12-16,PE,"26,450.00",465.50,493.65,380.05,393.80,389.35,393.80,202200,"5,43,24,29,227.50","8,42,39,227.50",21525,12075
2025-12-12,2025-12-16,CE,"27,600.00",0.90,0.90,0.65,0.85,0.80,0.85,2656125,"73,31,11,96,938.75","21,46,938.75",1760175,-137475
2025-12-12,2025-12-16,PE,"25,150.00",3.25,3.25,2.50,2.80,2.85,2.80,37390275,"9,40,46,99,37,990.00","10,45,21,740.00",1666575,400200
2025-12-12,2025-12-16,CE,"26,600.00",1.95,2.70,1.75,2.00,2.00,2.00,65396925,"17,39,69,77,10,898.75","13,95,05,898.75",5468400,970800
2025-12-12,2025-12-16,PE,"25,850.00",55.40,55.40,16.50,18.55,16.65,18.55,158189325,"40,94,14,59,05,943.75","4,95,18,54,693.75",5980725,1881300
2025-12-12,2025-12-16,CE,"27,900.00",0.70,0.75,0.55,0.65,0.65,0.65,3965925,"1,10,65,18,37,748.75","25,30,248.75",1381425,-312600
2025-12-12,2025-12-16,PE,"24,350.00",1.45,1.65,1.30,1.55,1.60,1.55,2685225,"65,38,92,19,732.50","39,90,982.50",258075,150600
2025-12-12,2025-12-16,PE,"27,200.00","1,165.00","1,200.00","1,138.00","1,139.95","1,141.65","1,139.95",1050,"2,97,79,323.75","12,19,323.75",15675,-750
2025-12-12,2025-12-16,PE,"27,500.00","1,502.15","1,532.00","1,434.65","1,437.55","1,440.25","1,437.55",2400,"6,95,45,973.75","35,45,973.75",7050,-225
2025-12-12,2025-12-16,CE,"27,500.00",1.45,1.45,0.60,0.80,0.80,0.80,12399900,"3,41,00,68,76,508.75","96,26,508.75",5006475,-1014750
2025-12-12,2025-12-16,PE,"24,600.00",1.80,1.95,1.40,1.80,1.85,1.80,12928200,"3,18,05,55,73,608.75","2,18,53,608.75",1927875,-55500
2025-12-12,2025-12-16,CE,"24,900.00","1,123.00","1,167.00","1,123.00","1,162.20","1,153.25","1,162.20",1725,"4,49,32,946.25","19,80,446.25",8775,-900
2025-12-12,2025-12-16,CE,"26,200.00",20.00,38.60,18.20,27.25,28.65,27.25,293014350,"76,85,08,56,41,985.00","8,10,96,71,985.00",9674175,1146450
2025-12-12,2025-12-16,CE,"26,750.00",1.55,1.70,1.15,1.25,1.20,1.25,18169950,"4,86,07,20,62,471.25","2,58,99,971.25",1399500,325500
2025-12-12,2025-12-16,CE,"27,000.00",1.10,1.25,0.90,1.00,0.95,1.00,50511600,"13,63,86,75,62,913.75","5,43,62,913.75",9727275,-93225
2025-12-12,2025-12-16,PE,"24,500.00",1.50,1.80,1.40,1.70,1.75,1.70,23092050,"5,65,79,20,66,522.50","3,68,41,522.50",4370175,-291525
2025-12-12,2025-12-16,PE,"24,900.00",2.35,2.45,1.85,2.20,2.30,2.20,28747050,"7,15,86,34,15,233.75","6,18,70,233.75",3222225,688500
2025-12-12,2025-12-16,PE,"26,600.00",585.70,636.00,528.25,540.70,536.95,540.70,390225,"10,60,40,37,840.00","22,40,52,840.00",51675,-48150
2025-12-12,2025-12-16,CE,"25,350.00",669.60,724.30,616.70,713.60,715.60,713.60,15900,"41,38,98,345.00","1,08,33,345.00",27525,-900
2025-12-12,2025-12-16,PE,"25,050.00",2.85,2.85,2.20,2.55,2.65,2.55,18406650,"4,61,13,30,53,745.00","4,64,71,245.00",839475,132375
2025-12-12,2025-12-16,PE,"24,150.00",1.50,1.95,1.25,1.45,1.55,1.45,1517400,"36,64,73,17,260.00","21,07,260.00",168150,-24600
2025-12-12,2025-12-16,PE,"25,750.00",27.00,29.50,9.20,10.30,9.20,10.30,116245050,"29,95,31,38,13,763.75","2,00,37,76,263.75",6252675,1558650
2025-12-12,2025-12-16,CE,"25,050.00",941.00,941.00,941.00,941.00,941.00,"1,012.10",75,"19,49,325.00","70,575.00",3750,75
2025-12-12,2025-12-16,PE,"25,700.00",18.00,24.00,7.50,8.25,7.65,8.25,138007500,"35,48,59,62,04,128.75","1,80,34,54,128.75",10011900,496050
2025-12-12,2025-12-16,CE,"27,850.00",0.70,0.75,0.55,0.60,0.70,0.60,1150575,"32,04,42,66,528.75","7,52,778.75",304575,-40500
2025-12-12,2025-12-16,PE,"25,900.00",62.00,69.90,23.50,25.85,23.70,25.85,343015050,"88,98,62,84,43,558.75","14,53,86,48,558.75",11490600,4518750
2025-12-12,2025-12-16,CE,"25,500.00",501.05,577.75,466.00,561.10,568.65,561.10,2322075,"60,45,85,62,453.75","1,24,56,49,953.75",261150,-96150
2025-12-12,2025-12-16,PE,"24,250.00",1.45,1.70,1.10,1.45,1.55,1.45,3040500,"73,73,65,25,253.75","44,00,253.75",283950,75525
2025-12-12,2025-12-16,CE,"26,850.00",1.40,1.50,1.05,1.10,1.15,1.10,12943500,"3,47,54,89,38,618.75","1,59,63,618.75",1276875,-197250
2025-12-12,2025-12-16,CE,"25,700.00",261.00,382.00,257.40,367.65,369.75,367.65,7882725,"2,05,25,45,61,172.50","2,66,85,28,672.50",575775,-512700
2025-12-12,2025-12-16,CE,"25,800.00",225.00,288.50,197.00,273.55,275.00,273.55,38407875,"10,00,53,98,70,997.50","9,61,66,95,997.50",1949175,-1192650
2025-12-12,2025-12-16,PE,"24,550.00",1.75,1.90,1.40,1.75,1.70,1.75,5039250,"1,23,72,19,26,142.50","83,38,642.50",312750,41475
2025-12-12,2025-12-16,PE,"24,200.00",1.40,1.80,1.25,1.50,1.45,1.50,7065750,"1,71,00,13,29,847.50","1,01,79,847.50",1320825,-18525
2025-12-12,2025-12-16,PE,"26,650.00",635.05,688.00,580.00,589.05,588.90,589.05,35700,"97,32,65,261.25","2,18,60,261.25",9075,-2025
2025-12-12,2025-12-16,CE,"27,300.00",0.85,1.00,0.65,0.85,0.80,0.85,12405000,"3,38,66,63,83,747.50","98,83,747.50",2018325,-1294500
2025-12-12,2025-12-16,PE,"24,050.00",1.35,1.90,1.15,1.35,1.40,1.35,1560000,"37,52,00,56,920.00","20,56,920.00",159225,55725
2025-12-12,2025-12-16,CE,"26,100.00",46.00,75.90,38.90,59.35,60.40,59.35,454453500,"1,18,87,42,40,36,186.25","26,18,76,86,186.25",8367300,-1870200
2025-12-12,2025-12-16,PE,"24,800.00",1.90,2.35,1.65,2.10,2.15,2.10,35503200,"8,80,54,84,22,985.00","6,90,62,985.00",3996225,-887550
2025-12-12,2025-12-16,PE,"25,650.00",15.00,16.40,6.10,6.70,6.45,6.70,71253150,"18,28,36,04,65,158.75","71,71,67,658.75",4345575,380475
2025-12-12,2025-12-16,CE,"24,800.00","1,231.20","1,264.55","1,182.70","1,262.00","1,262.00","1,261.90",3300,"8,59,25,077.50","40,85,077.50",11175,-300
2025-12-12,2025-12-16,PE,"25,550.00",7.65,9.50,4.70,5.10,5.05,5.10,37811250,"9,66,31,80,38,366.25","24,06,00,866.25",3285900,175275
2025-12-12,2025-12-16,CE,"25,550.00",446.00,526.25,418.70,516.55,519.25,516.55,175275,"4,56,32,10,483.75","8,49,34,233.75",74775,-17775
2025-12-12,2025-12-16,PE,"26,350.00",362.20,397.00,284.45,296.70,293.40,296.70,1033650,"27,56,83,19,047.50","33,16,41,547.50",100575,15750
2025-12-12,2025-12-16,PE,"24,300.00",1.35,1.65,1.20,1.55,1.50,1.55,5752275,"1,39,78,85,32,125.00","82,49,625.00",928200,-479325
2025-12-12,2025-12-16,CE,"27,950.00",0.65,0.80,0.55,0.60,0.60,0.60,4398300,"1,22,93,53,43,508.75","28,58,508.75",2495250,-22500
2025-12-12,2025-12-16,CE,"25,450.00",560.15,625.40,520.00,612.90,616.35,612.90,60225,"1,56,80,97,768.75","3,53,71,518.75",30525,-9225
2025-12-12,2025-12-16,CE,"25,250.00",769.00,824.00,716.35,811.70,813.75,811.70,8925,"23,24,79,547.50","71,23,297.50",23250,1950
2025-12-12,2025-12-16,CE,"27,100.00",1.00,1.20,0.85,0.95,0.95,0.95,7519200,"2,03,77,78,42,852.50","75,22,852.50",2698200,-327825
2025-12-12,2025-12-16,PE,"26,050.00",132.95,147.45,67.05,73.20,70.05,73.20,290325225,"75,90,20,82,48,427.50","27,23,61,37,177.50",4260900,3774450
2025-12-12,2025-12-16,CE,"25,750.00",250.00,334.10,237.00,320.95,322.40,320.95,5285100,"1,37,64,23,73,888.75","1,55,10,48,888.75",315150,-453975
2025-12-12,2025-12-16,PE,"25,250.00",3.65,3.65,2.75,3.05,3.25,3.05,35943525,"9,07,68,71,42,895.00","11,31,36,645.00",1732875,-120675
2025-12-12,2025-12-16,CE,"26,550.00",2.20,3.45,2.10,2.35,2.40,2.35,39615975,"10,51,90,75,78,893.75","10,34,42,643.75",2000475,-106275
2025-12-12,2025-12-16,PE,"24,850.00",2.05,2.35,1.75,2.15,2.25,2.15,8394975,"2,08,63,23,88,068.75","1,72,59,318.75",727500,-144000
2025-12-12,2025-12-16,CE,"25,650.00",352.25,430.00,323.95,415.25,420.20,415.25,885375,"23,04,92,76,056.25","33,94,07,306.25",210975,-71100
2025-12-12,2025-12-16,PE,"27,300.00","1,255.00","1,264.00","1,232.15","1,234.00","1,235.85","1,234.00",300,"85,64,025.00","3,74,025.00",675,-75
2025-12-12,2025-12-16,PE,"25,100.00",2.10,2.95,2.10,2.65,2.80,2.65,39858000,"10,00,53,98,51,722.50","10,40,51,722.50",3144750,525225
2025-12-12,2025-12-16,PE,"24,100.00",1.40,4.35,1.20,1.55,1.40,1.55,4541700,"1,09,46,11,74,487.50","62,04,487.50",1075125,31050
2025-12-15,2025-12-16,CE,"27,300.00",0.80,1.05,0.60,0.70,0.60,0.70,6367500,"1,73,83,81,44,772.50","53,94,772.50",1390275,-628050
2025-12-15,2025-12-16,CE,"25,150.00",799.25,892.10,767.55,880.35,878.35,880.35,9525,"24,77,83,717.50","82,29,967.50",12450,-450
2025-12-15,2025-12-16,CE,"26,050.00",47.70,61.70,24.00,47.15,46.40,47.15,565844250,"1,47,65,93,85,15,993.75","25,69,58,03,493.75",8925075,3681750
2025-12-15,2025-12-16,PE,"27,900.00","1,948.00","1,950.00","1,852.80","1,852.80","1,852.80","1,868.50",37650,"1,12,27,91,272.50","7,23,56,272.50",18750,-18450
2025-12-15,2025-12-16,PE,"25,400.00",3.85,3.85,2.00,2.30,2.10,2.30,85406400,"21,69,53,04,90,000.00","20,79,30,000.00",9719700,3532275
2025-12-15,2025-12-16,CE,"26,200.00",13.60,14.80,6.00,9.70,9.75,9.70,342831225,"89,85,58,20,91,023.75","3,40,39,96,023.75",14236875,4562700
2025-12-15,2025-12-16,PE,"26,500.00",483.60,593.45,457.35,474.10,476.00,474.10,904650,"24,43,43,03,666.25","46,10,78,666.25",175650,-148500
2025-12-15,2025-12-16,CE,"24,900.00","1,063.45","1,148.60","1,018.00","1,129.90","1,131.30","1,129.90",2475,"6,43,13,583.75","26,86,083.75",7875,-900
2025-12-15,2025-12-16,CE,"27,150.00",0.80,1.15,0.65,0.75,0.65,0.75,2554650,"69,36,11,16,742.50","23,69,242.50",514800,-44100
2025-12-15,2025-12-16,CE,"24,800.00","1,170.00","1,243.00","1,124.35","1,224.45","1,229.95","1,224.45",5250,"13,65,36,596.25","63,36,596.25",7275,-3900
2025-12-15,2025-12-16,CE,"26,950.00",1.20,1.30,0.70,0.80,0.70,0.80,15779550,"4,25,27,48,54,625.00","1,59,82,125.00",839475,179325
2025-12-15,2025-12-16,CE,"26,450.00",2.70,2.70,1.15,1.45,1.20,1.45,42500400,"11,24,20,60,54,327.50","7,04,74,327.50",2587950,-479250
2025-12-15,2025-12-16,CE,"26,600.00",1.70,1.85,0.95,1.05,0.95,1.05,51869400,"13,79,79,22,55,625.00","6,62,15,625.00",4146450,-1321950
2025-12-15,2025-12-16,CE,"24,650.00","1,297.75","1,376.40","1,286.90","1,370.00","1,370.00","1,381.00",675,"1,75,50,862.50","9,12,112.50",600,-225
2025-12-15,2025-12-16,CE,"24,250.00","1,782.00","1,782.00","1,779.00","1,779.00","1,779.00","1,780.95",225,"58,56,825.00","4,00,575.00",375,0
2025-12-15,2025-12-16,PE,"24,350.00",1.00,1.50,0.85,1.25,1.25,1.25,2445300,"59,54,59,67,501.25","29,12,501.25",107175,-150900
2025-12-15,2025-12-16,PE,"24,900.00",1.75,1.90,1.25,1.50,1.45,1.50,31731525,"7,90,16,49,07,601.25","4,99,35,101.25",2601075,-621150
2025-12-15,2025-12-16,CE,"24,950.00","1,081.35","1,090.00","1,059.90","1,090.00","1,090.00","1,081.05",2100,"5,46,58,736.25","22,63,736.25",6750,150
2025-12-15,2025-12-16,CE,"24,150.00","1,806.60","1,806.60","1,797.30","1,797.30","1,797.30","1,880.95",150,"38,92,792.50","2,70,292.50",150,0
2025-12-15,2025-12-16,PE,"24,050.00",1.05,1.25,0.75,0.95,0.90,0.95,2724975,"65,53,82,55,742.50","26,06,992.50",305775,146550
2025-12-15,2025-12-16,CE,"27,250.00",0.85,1.05,0.60,0.70,0.60,0.70,3657075,"99,65,83,97,651.25","31,03,901.25",232050,-285225
2025-12-15,2025-12-16,CE,"25,950.00",105.00,124.00,56.50,105.55,104.65,105.55,415432950,"1,08,16,78,56,65,160.00","36,30,06,12,660.00",2661900,1138650
2025-12-15,2025-12-16,PE,"24,450.00",0.10,1.55,0.10,1.25,1.15,1.25,3118650,"76,25,47,40,970.00","37,48,470.00",183975,-213825
2025-12-15,2025-12-16,CE,"26,100.00",36.95,40.00,15.20,28.35,28.25,28.35,568137600,"1,48,44,34,42,89,056.25","15,95,29,29,056.25",13563225,5195925
2025-12-15,2025-12-16,PE,"26,100.00",113.50,206.65,91.05,101.40,103.35,101.40,173740125,"45,56,55,99,77,103.75","21,94,27,14,603.75",2919600,-429375
2025-12-15,2025-12-16,CE,"23,950.00","2,011.90","2,011.90","1,980.00","1,990.55","1,990.55","2,080.90",525,"1,36,19,808.75","10,46,058.75",1125,0
2025-12-15,2025-12-16,PE,"25,450.00",4.00,4.00,2.05,2.35,2.10,2.35,38805675,"9,87,70,73,58,067.50","10,29,29,317.50",2047200,-308625
2025-12-15,2025-12-16,CE,"27,600.00",0.90,1.00,0.60,0.70,0.60,0.70,4846575,"1,33,76,93,65,282.50","38,95,282.50",1426350,-333825
2025-12-15,2025-12-16,PE,"25,550.00",5.00,5.60,2.50,2.80,2.70,2.80,54561075,"13,94,22,94,09,136.25","19,39,42,886.25",3312900,27000
2025-12-15,2025-12-16,PE,"27,600.00","1,580.00","1,580.00","1,580.00","1,580.00","1,580.00","1,580.00",75,"21,88,500.00","1,18,500.00",675,-75
2025-12-15,2025-12-16,PE,"25,600.00",6.10,7.30,2.80,3.10,3.00,3.10,98910750,"25,32,55,69,83,622.50","44,17,83,622.50",7482975,-710550
2025-12-15,2025-12-16,PE,"24,000.00",1.00,1.35,0.65,1.00,1.00,1.00,17818275,"4,27,65,43,37,047.50","1,57,37,047.50",5061300,-1579500
2025-12-15,2025-12-16,CE,"27,850.00",0.60,0.90,0.35,0.45,0.40,0.45,1552125,"43,22,76,81,007.50","9,99,757.50",295800,-8775
2025-12-15,2025-12-16,PE,"27,500.00","1,565.00","1,565.00","1,478.05","1,492.00","1,492.00","1,468.55",450,"1,30,58,283.75","6,83,283.75",6675,-375
2025-12-15,2025-12-16,CE,"25,550.00",435.85,496.20,364.55,480.25,478.00,480.25,199650,"5,18,55,93,772.50","8,45,36,272.50",62625,-12150
2025-12-15,2025-12-16,CE,"24,400.00","1,560.00","1,633.30","1,560.00","1,629.70","1,629.70","1,631.00",1800,"4,67,78,531.25","28,58,531.25",1500,-1050
2025-12-15,2025-12-16,PE,"25,950.00",69.70,98.00,24.60,28.65,30.05,28.65,584219175,"1,51,91,42,87,41,241.25","30,94,11,49,991.25",12624975,5752950
2025-12-15,2025-12-16,PE,"23,950.00",0.95,1.20,0.60,0.90,0.90,0.90,7581675,"1,81,58,75,73,675.00","64,57,425.00",2884575,-249300
2025-12-15,2025-12-16,CE,"24,300.00","1,653.70","1,718.00","1,638.25","1,718.00","1,718.00","1,730.95",225,"58,43,246.25","3,75,746.25",300,-75
2025-12-15,2025-12-16,PE,"27,200.00","1,225.00","1,225.00","1,165.00","1,177.75","1,177.75","1,177.75",825,"2,34,13,125.00","9,73,125.00",15075,-600
2025-12-15,2025-12-16,PE,"24,650.00",1.65,1.70,1.05,1.35,1.25,1.35,4912050,"1,21,08,87,26,171.25","66,93,671.25",381450,-63825
2025-12-15,2025-12-16,CE,"27,750.00",0.95,0.95,0.45,0.55,0.50,0.55,1416150,"39,29,92,26,573.75","10,64,073.75",109500,9600
2025-12-15,2025-12-16,PE,"25,900.00",44.00,72.00,15.45,17.90,18.95,17.90,646165575,"1,67,60,61,14,53,222.50","24,92,30,60,722.50",17573175,6082575
2025-12-15,2025-12-16,PE,"26,650.00",690.00,729.25,609.85,621.50,624.50,621.50,20250,"55,32,97,372.50","1,36,34,872.50",9750,675
2025-12-15,2025-12-16,CE,"25,700.00",307.00,348.25,225.70,330.90,329.00,330.90,11578575,"3,00,85,50,97,893.75","3,28,57,20,393.75",421350,-154425
2025-12-15,2025-12-16,CE,"27,950.00",0.55,0.85,0.35,0.40,0.35,0.40,6009300,"1,67,96,37,39,191.25","38,04,191.25",2273325,-221925
2025-12-15,2025-12-16,PE,"24,200.00",1.30,1.40,0.85,1.15,1.25,1.15,5796525,"1,40,28,22,98,566.25","63,93,566.25",1191750,-129075
2025-12-15,2025-12-16,PE,"26,800.00",862.60,879.55,763.95,776.40,776.65,776.40,10800,"29,83,93,406.25","89,53,406.25",15900,-3600
2025-12-15,2025-12-16,CE,"25,750.00",250.00,300.00,183.55,281.95,280.45,281.95,8687850,"2,25,77,19,51,525.00","2,05,98,14,025.00",247650,-67500
2025-12-15,2025-12-16,CE,"26,000.00",74.80,89.55,38.05,72.80,71.10,72.80,842932800,"2,19,71,06,97,49,301.25","54,81,69,49,301.25",10971150,2203350
2025-12-15,2025-12-16,PE,"25,700.00",10.00,16.15,3.85,4.45,4.70,4.45,193099875,"49,64,26,55,84,167.50","1,59,87,96,667.50",11227800,1215900
2025-12-15,2025-12-16,CE,"25,600.00",469.70,469.70,316.40,430.95,427.45,430.95,2142075,"55,65,04,57,008.75","81,33,37,008.75",229650,-146850
2025-12-15,2025-12-16,CE,"26,150.00",20.65,24.90,9.45,16.60,16.60,16.60,334732350,"87,58,85,83,77,828.75","5,60,74,25,328.75",7532400,2705475
2025-12-15,2025-12-16,PE,"26,750.00",785.35,840.00,710.40,724.70,726.85,724.70,10650,"29,30,92,140.00","82,04,640.00",9375,-525
2025-12-15,2025-12-16,PE,"25,200.00",2.40,2.50,1.50,1.75,1.65,1.75,81715050,"20,59,37,79,45,948.75","15,86,85,948.75",4602975,-1817700
2025-12-15,2025-12-16,CE,"27,700.00",0.70,1.00,0.55,0.65,0.60,0.65,3832875,"1,06,17,36,56,141.25","30,18,641.25",1416150,-136050
2025-12-15,2025-12-16,PE,"25,050.00",2.40,2.40,1.40,1.65,1.60,1.65,24355500,"6,10,14,80,02,203.75","4,27,27,203.75",1584375,744900
2025-12-15,2025-12-16,CE,"25,450.00",528.50,592.05,463.25,580.05,578.15,580.05,78300,"2,03,43,74,670.00","4,16,39,670.00",35700,5175
2025-12-15,2025-12-16,CE,"25,050.00",988.25,988.25,982.10,982.40,983.00,982.40,375,"97,63,027.50","3,69,277.50",3750,0
2025-12-15,2025-12-16,PE,"25,150.00",2.75,2.75,1.55,1.75,1.55,1.75,39928500,"10,04,27,74,56,198.75","7,56,81,198.75",1595325,-71250
2025-12-15,2025-12-16,CE,"26,300.00",7.25,7.25,2.65,3.25,3.00,3.25,212798550,"55,97,35,36,38,855.00","75,17,73,855.00",11039325,1972425
2025-12-15,2025-12-16,CE,"27,000.00",0.95,1.20,0.70,0.80,0.70,0.80,52232925,"14,10,33,96,31,548.75","5,06,56,548.75",7980150,-1747125
2025-12-15,2025-12-16,PE,"25,100.00",2.35,2.35,1.45,1.70,1.55,1.70,48877500,"12,26,91,34,66,950.00","8,82,16,950.00",3411150,266400
2025-12-15,2025-12-16,CE,"25,850.00",175.00,206.90,110.25,187.75,185.25,187.75,75139350,"19,53,92,37,27,416.25","11,57,15,29,916.25",543975,-67425
2025-12-15,2025-12-16,CE,"26,700.00",1.00,1.50,0.80,0.90,0.80,0.90,43526625,"11,62,21,18,71,967.50","5,09,84,467.50",5484075,330300
2025-12-15,2025-12-16,PE,"26,000.00",94.95,129.65,39.15,46.00,46.80,46.00,762125175,"1,98,67,40,59,16,340.00","52,15,13,66,340.00",15867150,2731425
2025-12-15,2025-12-16,PE,"26,550.00",579.20,628.00,507.45,524.10,525.00,524.10,25500,"69,13,30,282.50","1,43,05,282.50",15975,-3375
2025-12-15,2025-12-16,CE,"27,900.00",0.60,0.85,0.35,0.40,0.35,0.40,13938825,"3,88,90,01,33,996.25","69,16,496.25",3287775,1906350
2025-12-15,2025-12-16,PE,"25,300.00",2.90,2.95,1.55,1.95,1.60,1.95,72427425,"18,32,56,62,95,148.75","15,24,42,648.75",4481925,-562200
2025-12-15,2025-12-16,CE,"26,750.00",1.65,1.65,0.80,0.95,0.90,0.95,10785300,"2,88,51,87,66,195.00","1,19,91,195.00",1610700,211200
2025-12-15,2025-12-16,CE,"27,450.00",0.80,1.00,0.60,0.65,0.60,0.65,2239650,"61,48,02,82,083.75","18,89,583.75",176700,-185625
2025-12-15,2025-12-16,PE,"25,000.00",1.90,2.10,1.35,1.60,1.45,1.60,86100900,"21,52,66,62,69,393.75","14,37,69,393.75",9017475,-3222450
2025-12-15,2025-12-16,PE,"24,100.00",1.25,1.35,0.85,1.05,1.15,1.05,4918800,"1,18,54,81,63,590.00","50,83,590.00",1003425,-71700
2025-12-15,2025-12-16,PE,"27,100.00","1,150.00","1,150.00","1,073.00","1,075.65","1,075.65","1,075.65",1350,"3,80,68,665.00","14,83,665.00",975,-525
2025-12-15,2025-12-16,PE,"24,500.00",1.20,1.55,0.90,1.25,1.15,1.25,23564700,"5,77,36,32,09,135.00","2,80,59,135.00",4486650,116475
2025-12-15,2025-12-16,CE,"25,300.00",670.05,744.80,611.85,730.00,726.00,730.00,64125,"1,66,65,92,610.00","4,42,30,110.00",34950,-21600
2025-12-15,2025-12-16,CE,"25,000.00",981.25,"1,044.10",910.00,"1,032.25","1,025.15","1,032.25",217125,"5,64,26,79,611.25","21,45,54,611.25",60375,-133950
2025-12-15,2025-12-16,CE,"26,500.00",2.00,2.45,1.20,1.35,1.20,1.35,107315025,"28,44,01,67,74,121.25","16,86,11,621.25",10880925,-944100
2025-12-15,2025-12-16,CE,"26,400.00",3.40,3.50,1.30,1.70,1.45,1.70,98260500,"25,94,26,52,94,176.25","18,80,94,176.25",6526050,-711600
2025-12-15,2025-12-16,PE,"24,300.00",0.95,1.50,0.85,1.30,1.30,1.30,6694500,"1,62,68,42,80,185.00","79,30,185.00",1556850,628650
2025-12-15,2025-12-16,CE,"27,650.00",0.85,1.00,0.55,0.65,0.55,0.65,1136775,"31,43,27,48,208.75","9,19,458.75",54450,-16275
2025-12-15,2025-12-16,CE,"24,000.00","1,940.00","2,040.10","1,922.00","2,030.55","2,022.65","2,030.55",31350,"81,44,71,912.50","6,20,71,912.50",41850,-27750
2025-12-15,2025-12-16,CE,"27,200.00",0.90,1.10,0.60,0.70,0.60,0.70,7965675,"2,16,67,33,69,545.00","70,09,545.00",2198550,-500550
2025-12-15,2025-12-16,CE,"27,550.00",0.80,0.95,0.50,0.55,0.50,0.55,1441950,"39,72,68,32,965.00","11,10,465.00",255225,-30375
2025-12-15,2025-12-16,CE,"24,200.00","1,756.90","1,756.90","1,738.30","1,738.30","1,738.30","1,830.95",150,"38,92,140.00","2,62,140.00",225,-75
2025-12-15,2025-12-16,PE,"24,550.00",1.60,1.60,1.00,1.30,1.30,1.30,4516575,"1,10,88,77,72,970.00","58,56,720.00",326175,13425
2025-12-15,2025-12-16,PE,"26,050.00",95.00,165.85,61.50,70.00,71.45,70.00,268083450,"70,07,53,25,73,742.50","23,95,87,01,242.50",3951375,-309525
2025-12-15,2025-12-16,CE,"27,050.00",0.95,1.20,0.65,0.75,0.65,0.75,5184525,"1,40,24,64,40,725.00","50,39,475.00",800550,82500
2025-12-15,2025-12-16,PE,"26,400.00",420.00,492.45,358.20,375.30,376.00,375.30,908775,"24,36,07,73,932.50","36,91,13,932.50",127800,-62400
2025-12-15,2025-12-16,CE,"27,350.00",0.85,1.05,0.60,0.75,0.60,0.75,2816625,"77,03,70,67,312.50","23,73,562.50",228000,-160125
2025-12-15,2025-12-16,PE,"26,600.00",621.95,690.15,556.95,568.95,576.25,568.95,158550,"4,31,31,43,796.25","9,57,13,796.25",36375,-15300
2025-12-15,2025-12-16,CE,"26,850.00",1.05,1.30,0.75,0.85,0.80,0.85,9599250,"2,57,74,96,31,625.00","97,69,125.00",1091850,-185025
2025-12-15,2025-12-16,CE,"25,900.00",138.90,163.60,81.05,144.85,143.25,144.85,313826700,"81,65,30,73,92,171.25","37,19,58,62,171.25",2783475,-441825
2025-12-15,2025-12-16,PE,"26,950.00",985.55,"1,029.40",909.85,909.85,909.85,918.65,3600,"10,04,42,748.75","34,22,748.75",225,75
2025-12-15,2025-12-16,PE,"25,250.00",3.05,3.05,1.55,1.90,1.70,1.90,41829450,"10,56,27,89,35,695.00","8,53,23,195.00",1833525,100650
2025-12-15,2025-12-16,CE,"24,700.00","1,225.00","1,337.00","1,225.00","1,331.90","1,331.90","1,331.90",3825,"9,93,33,037.50","48,55,537.50",3825,-2625
2025-12-15,2025-12-16,PE,"26,300.00",311.00,394.00,260.45,276.40,278.00,276.40,6519150,"1,73,42,00,89,428.75","1,96,64,44,428.75",357825,-91275
2025-12-15,2025-12-16,CE,"26,550.00",1.95,2.15,1.00,1.15,1.00,1.15,22038600,"5,85,15,57,08,426.25","3,08,78,426.25",1754700,-245775
2025-12-15,2025-12-16,CE,"24,600.00","1,325.00","1,433.00","1,325.00","1,427.05","1,427.05","1,427.05",825,"2,14,43,250.00","11,48,250.00",600,-525
2025-12-15,2025-12-16,CE,"25,350.00",636.35,690.85,561.75,677.05,678.05,677.05,44550,"1,15,87,24,961.25","2,93,82,461.25",19725,-7800
2025-12-15,2025-12-16,CE,"25,650.00",334.10,396.70,269.75,380.40,379.45,380.40,1345125,"34,93,90,26,438.75","43,65,70,188.75",93975,-117000
2025-12-15,2025-12-16,PE,"25,350.00",3.20,3.25,1.70,2.05,1.75,2.05,42537300,"10,78,41,47,27,287.50","9,41,72,287.50",2421075,-573450
2025-12-15,2025-12-16,PE,"24,700.00",1.45,1.75,1.05,1.40,1.35,1.40,14110950,"3,48,55,99,14,476.25","1,94,49,476.25",2114400,-820350
2025-12-15,2025-12-16,PE,"27,300.00","1,272.00","1,285.85","1,272.00","1,285.85","1,285.85","1,285.85",375,"1,07,16,573.75","4,79,073.75",450,-225
2025-12-15,2025-12-16,PE,"26,450.00",488.30,533.50,409.05,425.05,425.10,425.05,130575,"3,51,36,62,025.00","5,99,53,275.00",19725,-1800
2025-12-15,2025-12-16,CE,"27,400.00",0.85,1.00,0.60,0.70,0.65,0.70,4417950,"1,21,05,55,23,663.75","36,93,663.75",692550,-354975
2025-12-15,2025-12-16,PE,"24,150.00",1.15,1.45,0.85,1.05,0.90,1.05,2429100,"58,66,53,38,043.75","25,73,043.75",154650,-13500
2025-12-15,2025-12-16,PE,"25,850.00",37.75,51.45,9.45,10.85,11.85,10.85,304224450,"78,71,83,65,60,855.00","7,63,45,28,355.00",10809525,4828800
2025-12-15,2025-12-16,PE,"26,700.00",729.95,784.60,659.20,675.40,674.70,675.40,34575,"94,77,19,376.25","2,45,66,876.25",28650,-7950
2025-12-15,2025-12-16,PE,"25,500.00",3.85,4.55,2.30,2.60,2.30,2.60,109196250,"27,84,82,56,41,167.50","32,12,66,167.50",11018625,2845275
2025-12-15,2025-12-16,CE,"25,800.00",219.95,252.15,145.00,233.85,232.00,233.85,59932500,"15,58,04,91,44,351.25","11,79,06,44,351.25",1633200,-315975
2025-12-15,2025-12-16,PE,"26,150.00",185.90,250.85,125.50,139.70,142.15,139.70,41635725,"10,95,61,24,21,012.50","6,83,82,12,262.50",1014225,-81525
2025-12-15,2025-12-16,CE,"27,500.00",0.75,1.10,0.50,0.60,0.50,0.60,15048300,"4,13,83,94,32,057.50","1,11,82,057.50",4410900,-595575
2025-12-15,2025-12-16,CE,"27,800.00",0.55,0.85,0.40,0.45,0.45,0.45,4033500,"1,12,13,39,18,396.25","26,18,396.25",1157625,-432900
2025-12-15,2025-12-16,PE,"25,650.00",8.30,10.75,3.30,3.75,3.85,3.75,104559000,"26,82,55,38,51,386.25","61,55,01,386.25",7953225,3607650
2025-12-15,2025-12-16,CE,"25,100.00",879.20,944.95,818.00,929.25,928.30,929.25,32925,"85,55,07,982.50","2,90,90,482.50",29400,-19575
2025-12-15,2025-12-16,PE,"25,800.00",19.75,35.60,6.25,7.30,8.10,7.30,341227050,"88,09,52,75,95,822.50","5,86,97,05,822.50",13493550,1019325
2025-12-15,2025-12-16,PE,"26,350.00",326.15,442.65,309.35,325.95,326.95,325.95,792825,"21,17,24,61,652.50","28,15,22,902.50",84075,-16500
2025-12-15,2025-12-16,PE,"24,250.00",1.35,1.45,0.85,1.10,1.10,1.10,2803500,"67,98,80,58,198.75","31,83,198.75",241275,-42675
2025-12-15,2025-12-16,CE,"26,250.00",13.30,13.30,3.90,5.35,5.25,5.35,196321875,"51,54,55,75,95,315.00","1,10,83,76,565.00",7913700,2026125
2025-12-15,2025-12-16,PE,"26,900.00",945.00,977.00,867.70,875.65,874.70,875.65,7425,"20,66,35,713.75","69,03,213.75",3975,-525
2025-12-15,2025-12-16,CE,"24,500.00","1,440.00","1,540.00","1,440.00","1,526.85","1,528.45","1,526.85",5850,"15,20,99,122.50","87,74,122.50",10950,-5550
2025-12-15,2025-12-16,PE,"26,250.00",259.70,345.00,212.40,228.45,229.70,228.45,6017550,"1,59,46,36,84,578.75","1,50,29,97,078.75",175875,-96825
2025-12-15,2025-12-16,PE,"24,750.00",1.75,1.80,1.10,1.40,1.40,1.40,6227325,"1,54,13,51,16,120.00","88,22,370.00",518850,-37125
2025-12-15,2025-12-16,CE,"26,650.00",1.50,1.60,0.90,0.95,0.90,0.95,22688025,"6,04,66,40,87,940.00","2,82,21,690.00",1573125,1725
2025-12-15,2025-12-16,PE,"26,200.00",200.00,297.30,168.00,182.60,184.70,182.60,37574475,"9,92,27,80,90,556.25","7,82,68,45,556.25",845775,-425550
2025-12-15,2025-12-16,PE,"25,750.00",14.85,24.20,4.50,5.25,5.80,5.25,194135175,"50,01,17,53,39,447.50","2,19,45,83,197.50",7705725,1453050
2025-12-15,2025-12-16,PE,"24,850.00",1.40,1.85,1.20,1.45,1.40,1.45,10559925,"2,62,42,99,47,791.25","1,58,11,541.25",782025,54525
2025-12-15,2025-12-16,PE,"24,950.00",1.80,2.00,1.25,1.50,1.45,1.50,23753325,"5,92,68,50,11,537.50","3,95,52,787.50",1294200,428250
2025-12-15,2025-12-16,PE,"24,800.00",1.60,1.80,1.15,1.45,1.45,1.45,20499450,"5,08,41,58,32,840.00","2,94,72,840.00",3400200,-596025
2025-12-15,2025-12-16,CE,"25,200.00",799.25,845.45,711.65,828.25,828.30,828.25,72825,"1,89,22,60,263.75","5,70,70,263.75",40500,-45450
2025-12-15,2025-12-16,CE,"26,900.00",1.05,1.25,0.75,0.85,0.80,0.85,25412775,"6,83,62,95,85,466.25","2,59,37,966.25",2557425,-906075
2025-12-15,2025-12-16,PE,"24,600.00",1.40,1.65,1.00,1.30,1.30,1.30,10524975,"2,58,92,82,30,795.00","1,38,45,795.00",1598325,-329550
2025-12-15,2025-12-16,CE,"26,800.00",1.05,1.30,0.75,0.80,0.75,0.80,62465475,"16,74,13,96,87,732.50","6,49,57,732.50",5023350,-1636275
2025-12-15,2025-12-16,CE,"27,100.00",1.00,1.15,0.65,0.75,0.65,0.75,14922675,"4,04,41,81,77,997.50","1,36,85,497.50",1478700,-1219500
2025-12-15,2025-12-16,CE,"26,350.00",5.80,5.80,1.80,2.15,1.85,2.15,138621600,"36,53,01,90,61,605.00","33,99,01,605.00",4977000,-1244400
2025-12-15,2025-12-16,PE,"24,400.00",1.20,1.55,0.90,1.35,1.35,1.35,6404325,"1,56,27,34,52,253.75","79,22,253.75",1446225,768600
2025-12-15,2025-12-16,PE,"27,000.00","1,003.25","1,092.25",958.60,975.05,976.00,975.05,67050,"1,87,82,93,703.75","6,79,43,703.75",32625,-28875
2025-12-15,2025-12-16,CE,"25,500.00",490.00,545.90,413.55,529.10,527.20,529.10,1480650,"38,46,44,74,627.50","70,78,99,627.50",188550,-72600
2025-12-15,2025-12-16,CE,"25,250.00",716.70,794.15,669.10,778.90,773.60,778.90,13500,"35,07,15,420.00","98,40,420.00",19800,-3450
2025-12-15,2025-12-16,CE,"25,400.00",568.50,643.25,511.00,629.45,627.90,629.45,255375,"6,63,23,38,773.75","14,58,13,773.75",55650,-42450
2025-12-15,2025-12-16,CE,"24,550.00","1,475.65","1,475.65","1,456.40","1,456.40","1,456.40","1,481.00",150,"39,02,403.75","2,19,903.75",1275,0
2025-12-15,2025-12-16,PE,"26,850.00",880.00,911.35,824.50,835.35,835.35,818.65,3300,"9,14,47,053.75","28,42,053.75",1200,-450
2025-12-15,2025-12-16,PE,"27,950.00","1,993.60","1,994.15","1,993.60","1,994.15","1,994.15","1,918.50",150,"44,91,581.25","2,99,081.25",450,75
2025-12-16,2025-12-16,CE,"27,450.00",0.70,0.75,0.05,0.10,0.05,"25,860.10",3136425,"86,09,62,80,892.50","14,14,642.50",192375,15675
2025-12-16,2025-12-16,CE,"25,000.00",960.10,960.10,857.70,872.30,859.95,"25,860.10",68025,"1,76,15,30,070.00","6,09,05,070.00",42225,-18150
2025-12-16,2025-12-16,CE,"26,050.00",34.00,35.00,0.05,0.15,0.05,"25,860.10",502064325,"1,30,81,09,68,85,012.50","2,32,12,18,762.50",5360100,-3564975
2025-12-16,2025-12-16,PE,"25,200.00",1.05,1.10,0.05,0.05,0.05,"25,860.10",37385925,"9,42,14,85,22,466.25","2,32,12,466.25",3042225,-1560750
2025-12-16,2025-12-16,CE,"26,300.00",2.05,2.05,0.05,0.10,0.05,"25,860.10",150858750,"39,67,73,75,81,613.75","15,24,56,613.75",7168950,-3870375
2025-12-16,2025-12-16,PE,"25,650.00",4.00,4.00,0.05,0.10,0.05,"25,860.10",127466325,"32,69,67,79,08,750.00","16,66,72,500.00",3346875,-4606350
2025-12-16,2025-12-16,CE,"27,150.00",0.50,0.80,0.05,0.10,0.05,"25,860.10",4637400,"1,25,90,79,55,687.50","25,45,687.50",607425,92625
2025-12-16,2025-12-16,CE,"27,100.00",0.70,0.85,0.05,0.05,0.05,"25,860.10",15278550,"4,14,05,76,84,885.00","89,79,885.00",1612125,133425
2025-12-16,2025-12-16,CE,"27,850.00",0.45,0.60,0.05,0.10,0.05,"25,860.10",1637625,"45,60,84,04,117.50","5,47,867.50",180750,-115050
2025-12-16,2025-12-16,CE,"27,200.00",0.65,0.80,0.05,0.10,0.05,"25,860.10",13674975,"3,71,96,60,32,260.00","67,12,260.00",2966550,768000
2025-12-16,2025-12-16,PE,"25,050.00",1.10,1.10,0.05,0.10,0.05,"25,860.10",12021900,"3,01,15,58,22,191.25","72,27,191.25",1042500,-541875
2025-12-16,2025-12-16,CE,"25,300.00",650.00,650.00,557.00,569.70,561.20,"25,860.10",76125,"1,97,13,60,937.50","4,53,98,437.50",13650,-21300
2025-12-16,2025-12-16,PE,"26,600.00",668.95,743.00,655.45,730.35,740.65,"25,860.10",69150,"1,88,69,68,233.75","4,75,78,233.75",33225,-3150
2025-12-16,2025-12-16,PE,"26,400.00",450.00,542.50,445.45,530.75,539.10,"25,860.10",348225,"9,36,28,90,327.50","16,97,50,327.50",54300,-73500
2025-12-16,2025-12-16,PE,"26,550.00",617.55,693.00,609.00,685.60,690.95,"25,860.10",23700,"64,44,33,416.25","1,51,98,416.25",17400,1425
2025-12-16,2025-12-16,CE,"24,300.00","1,569.90","1,595.25","1,569.90","1,595.25","1,595.25","25,860.10",150,"38,82,386.25","2,37,386.25",300,0
2025-12-16,2025-12-16,CE,"25,750.00",229.00,229.00,106.10,119.45,109.95,"25,860.10",57353700,"14,85,08,11,98,693.75","8,22,34,23,693.75",448725,201075
2025-12-16,2025-12-16,PE,"25,450.00",1.95,1.95,0.05,0.10,0.05,"25,860.10",42670050,"10,85,98,33,24,395.00","3,05,51,895.00",2149200,102000
2025-12-16,2025-12-16,CE,"27,800.00",0.40,0.60,0.05,0.05,0.05,"25,860.10",4429875,"1,23,15,21,91,702.50","16,66,702.50",828450,-329175
2025-12-16,2025-12-16,PE,"24,100.00",1.00,1.00,0.05,0.10,0.05,"25,860.10",3815175,"91,94,73,50,793.75","16,33,293.75",989175,-14250
2025-12-16,2025-12-16,CE,"26,950.00",0.70,0.90,0.05,0.05,0.05,"25,860.10",15823875,"4,26,46,26,60,108.75","92,28,858.75",1292925,453450
2025-12-16,2025-12-16,CE,"24,500.00","1,440.65","1,440.65","1,359.30","1,369.70","1,359.30","25,860.10",10575,"27,39,54,213.75","1,48,66,713.75",6600,-4350
2025-12-16,2025-12-16,CE,"27,300.00",0.65,0.75,0.05,0.05,0.05,"25,860.10",10788150,"2,94,52,17,51,945.00","52,56,945.00",1578900,188625
2025-12-16,2025-12-16,CE,"25,450.00",488.20,495.00,406.05,422.40,410.90,"25,860.10",98700,"2,55,63,08,613.75","4,43,93,613.75",26475,-9225
2025-12-16,2025-12-16,PE,"27,050.00","1,191.50","1,191.50","1,191.50","1,191.50","1,191.50","25,860.10",75,"21,18,112.50","89,362.50",75,0
2025-12-16,2025-12-16,PE,"24,450.00",1.00,1.00,0.05,0.10,0.10,"25,860.10",1163400,"28,44,57,54,555.00","6,24,555.00",225525,41550
2025-12-16,2025-12-16,PE,"27,500.00","1,567.00","1,663.90","1,567.00","1,640.20","1,643.00","25,860.10",7875,"22,94,91,431.25","1,29,28,931.25",9225,2550
2025-12-16,2025-12-16,CE,"26,600.00",0.75,1.10,0.05,0.10,0.05,"25,860.10",71177775,"18,93,37,93,78,646.25","5,05,63,646.25",3911250,-235200
2025-12-16,2025-12-16,CE,"27,500.00",0.70,0.75,0.05,0.05,0.05,"25,860.10",11250675,"3,09,39,92,23,608.75","56,61,108.75",3394875,-1016025
2025-12-16,2025-12-16,CE,"25,650.00",324.90,324.90,205.75,216.85,209.70,"25,860.10",3818925,"98,88,15,08,486.25","92,60,82,236.25",121800,27825
2025-12-16,2025-12-16,PE,"26,500.00",551.70,644.80,551.70,632.70,641.15,"25,860.10",426300,"11,54,94,91,188.75","25,25,41,188.75",62400,-113250
2025-12-16,2025-12-16,PE,"24,800.00",1.10,1.10,0.05,0.10,0.10,"25,860.10",13400100,"3,32,33,03,16,360.00","78,36,360.00",2430975,-969225
2025-12-16,2025-12-16,CE,"25,200.00",736.00,742.75,660.00,672.85,661.40,"25,860.10",46575,"1,20,66,00,738.75","3,29,10,738.75",15750,-24750
2025-12-16,2025-12-16,PE,"25,350.00",1.10,1.35,0.05,0.10,0.05,"25,860.10",68850450,"17,45,39,99,29,286.25","4,10,21,786.25",1995600,-425475
2025-12-16,2025-12-16,CE,"24,800.00","1,100.00","1,125.20","1,060.20","1,060.20","1,060.20","25,860.10",7275,"18,83,61,798.75","79,41,798.75",3675,-3600
2025-12-16,2025-12-16,CE,"27,050.00",0.80,0.80,0.05,0.10,0.05,"25,860.10",9955350,"2,69,29,81,32,776.25","59,15,276.25",675375,-125175
2025-12-16,2025-12-16,CE,"26,750.00",0.75,0.95,0.05,0.10,0.05,"25,860.10",21465000,"5,74,20,14,48,595.00","1,26,98,595.00",1699875,89175
2025-12-16,2025-12-16,PE,"24,700.00",0.90,1.00,0.05,0.10,0.05,"25,860.10",9534975,"2,35,51,91,48,542.50","52,66,042.50",1674225,-440175
2025-12-16,2025-12-16,PE,"26,300.00",329.35,444.20,329.35,428.85,440.65,"25,860.10",2075700,"55,40,79,91,755.00","81,70,81,755.00",146550,-211275
2025-12-16,2025-12-16,PE,"25,600.00",2.20,2.65,0.05,0.10,0.05,"25,860.10",123497850,"31,61,67,32,58,292.50","12,82,98,292.50",5494125,-1988850
2025-12-16,2025-12-16,CE,"25,500.00",460.00,460.40,355.05,367.90,359.55,"25,860.10",1777950,"46,04,80,97,868.75","71,03,72,868.75",153675,-34875
2025-12-16,2025-12-16,CE,"26,250.00",2.95,2.95,0.05,0.10,0.05,"25,860.10",113852625,"29,88,76,75,65,723.75","13,61,59,473.75",4145400,-3768300
2025-12-16,2025-12-16,CE,"24,450.00","1,460.00","1,460.00","1,438.00","1,438.00","1,438.00","25,860.10",1050,"2,71,88,433.75","15,15,933.75",1050,-825
2025-12-16,2025-12-16,CE,"24,400.00","1,505.00","1,505.00","1,494.00","1,496.00","1,496.00","25,860.10",450,"1,16,55,450.00","6,75,450.00",1500,0
2025-12-16,2025-12-16,PE,"24,750.00",0.85,0.95,0.05,0.10,0.05,"25,860.10",3598500,"89,06,45,51,602.50","16,76,602.50",329025,-189825
2025-12-16,2025-12-16,PE,"25,400.00",1.30,1.45,0.05,0.10,0.05,"25,860.10",82707675,"21,00,83,24,25,716.25","5,74,80,716.25",5143575,-4576125
2025-12-16,2025-12-16,PE,"24,600.00",1.00,1.05,0.05,0.05,0.05,"25,860.10",7623075,"1,87,53,21,70,500.00","45,25,500.00",1620375,22050
2025-12-16,2025-12-16,PE,"24,350.00",0.80,0.95,0.05,0.10,0.05,"25,860.10",1244475,"30,30,35,54,512.50","5,88,262.50",97575,-9600
2025-12-16,2025-12-16,CE,"24,100.00","1,789.00","1,790.95","1,789.00","1,790.95","1,790.95","25,860.10",225,"58,25,171.25","4,02,671.25",300,-225
2025-12-16,2025-12-16,CE,"25,050.00",895.00,895.00,822.45,835.70,822.45,"25,860.10",3525,"9,13,04,415.00","30,03,165.00",2550,-1200
2025-12-16,2025-12-16,PE,"25,750.00",4.00,8.55,0.05,0.10,0.05,"25,860.10",537418950,"1,38,39,87,37,14,678.75","1,33,57,52,178.75",5845350,-1860375
2025-12-16,2025-12-16,CE,"23,950.00","1,993.25","1,993.25","1,896.80","1,942.70","1,942.70","25,860.10",3600,"9,32,21,223.75","70,01,223.75",1200,75
2025-12-16,2025-12-16,CE,"26,650.00",0.85,1.05,0.05,0.05,0.05,"25,860.10",32093475,"8,55,31,31,72,782.50","2,20,64,032.50",1234050,-339075
2025-12-16,2025-12-16,PE,"26,450.00",520.00,592.05,509.40,579.95,588.95,"25,860.10",54375,"1,46,76,04,151.25","2,93,85,401.25",31800,12075
2025-12-16,2025-12-16,CE,"26,350.00",1.50,1.55,0.05,0.10,0.05,"25,860.10",97208025,"25,61,51,38,52,850.00","8,23,94,100.00",3190200,-1786800
2025-12-16,2025-12-16,CE,"25,100.00",838.00,838.60,758.25,771.90,761.65,"25,860.10",18075,"46,80,88,496.25","1,44,05,996.25",16875,-12525
2025-12-16,2025-12-16,PE,"25,100.00",0.95,1.15,0.05,0.10,0.05,"25,860.10",26899650,"6,75,19,66,08,090.00","1,53,93,090.00",2910525,-500625
2025-12-16,2025-12-16,PE,"25,900.00",25.20,53.35,10.00,27.95,39.80,"25,860.10",2484679725,"6,44,29,74,17,65,702.50","76,53,68,88,202.50",7715925,-9857250
2025-12-16,2025-12-16,CE,"25,700.00",260.15,260.15,155.80,169.55,160.00,"25,860.10",35413950,"9,17,06,64,36,551.25","6,92,79,21,551.25",350775,-70575
2025-12-16,2025-12-16,CE,"24,600.00","1,280.00","1,280.00","1,280.00","1,280.00","1,280.00","25,860.10",300,"77,64,000.00","3,84,000.00",375,-225
2025-12-16,2025-12-16,CE,"26,900.00",0.70,0.95,0.05,0.05,0.05,"25,860.10",31875225,"8,57,46,21,52,188.75","1,85,99,688.75",3612600,1055175
2025-12-16,2025-12-16,PE,"27,300.00","1,400.00","1,400.00","1,400.00","1,400.00","1,400.00","25,860.10",225,"64,57,500.00","3,15,000.00",300,-150
2025-12-16,2025-12-16,PE,"25,700.00",4.85,5.50,0.05,0.10,0.05,"25,860.10",330515850,"84,94,82,78,62,545.00","57,05,17,545.00",5907150,-5320650
2025-12-16,2025-12-16,PE,"26,650.00",725.75,792.55,710.50,787.35,792.55,"25,860.10",14175,"38,83,66,582.50","1,06,02,832.50",12150,2400
2025-12-16,2025-12-16,PE,"24,200.00",0.80,0.85,0.05,0.10,0.05,"25,860.10",3953700,"95,68,15,75,995.00","20,35,995.00",1090050,-101700
2025-12-16,2025-12-16,CE,"26,700.00",0.55,1.05,0.05,0.10,0.05,"25,860.10",46969200,"12,54,10,73,29,323.75","2,96,89,323.75",3352875,-2131200
2025-12-16,2025-12-16,PE,"25,500.00",1.80,1.80,0.05,0.10,0.05,"25,860.10",124473675,"31,74,17,17,64,737.50","9,30,52,237.50",7947225,-3071400
2025-12-16,2025-12-16,PE,"26,800.00",865.00,942.00,858.55,926.90,926.90,"25,860.10",15825,"43,82,50,676.25","1,41,40,676.25",15075,-825
2025-12-16,2025-12-16,PE,"23,950.00",0.65,0.70,0.05,0.05,0.05,"25,860.10",5804250,"1,39,01,41,99,680.00","24,12,180.00",1693350,-1191225
2025-12-16,2025-12-16,PE,"27,200.00","1,310.50","1,341.90","1,285.00","1,341.90","1,341.90","25,860.10",18675,"53,25,77,932.50","2,46,17,932.50",9075,-6000
2025-12-16,2025-12-16,CE,"24,000.00","2,027.20","2,027.20","1,859.50","1,868.85","1,864.00","25,860.10",33225,"86,02,14,487.50","6,28,14,487.50",17775,-24075
2025-12-16,2025-12-16,PE,"26,000.00",70.00,147.00,62.00,128.00,139.50,"25,860.10",453706950,"1,18,43,93,51,47,545.00","47,55,44,47,545.00",2619975,-13247175
2025-12-16,2025-12-16,CE,"27,650.00",0.55,0.70,0.05,0.10,0.05,"25,860.10",538500,"14,88,97,19,227.50","1,94,227.50",53925,-525
2025-12-16,2025-12-16,PE,"26,200.00",207.50,345.85,200.00,331.50,339.40,"25,860.10",10739025,"2,84,51,86,95,532.50","3,15,62,40,532.50",250500,-595275
2025-12-16,2025-12-16,CE,"25,800.00",170.05,182.95,56.15,69.20,60.10,"25,860.10",348260925,"90,18,12,99,47,805.00","32,99,80,82,805.00",3627675,1994475
2025-12-16,2025-12-16,PE,"24,500.00",0.75,0.90,0.05,0.10,0.05,"25,860.10",17089950,"4,18,71,23,17,950.00","85,42,950.00",2645100,-1841550
2025-12-16,2025-12-16,CE,"27,700.00",0.60,0.70,0.05,0.10,0.05,"25,860.10",5224050,"1,44,70,84,41,611.25","22,56,611.25",1236900,-179250
2025-12-16,2025-12-16,PE,"25,150.00",0.80,1.40,0.05,0.10,0.05,"25,860.10",16128600,"4,05,64,40,26,173.75","97,36,173.75",1092600,-502725
2025-12-16,2025-12-16,CE,"25,900.00",117.00,117.00,0.05,1.05,0.05,"25,860.10",2477844600,"6,42,29,28,95,68,545.00","53,11,44,28,545.00",26820000,24036525
2025-12-16,2025-12-16,CE,"25,350.00",585.55,593.00,506.15,521.90,507.35,"25,860.10",26925,"69,75,31,496.25","1,49,82,746.25",9300,-10425
2025-12-16,2025-12-16,CE,"27,250.00",0.70,0.75,0.05,0.05,0.05,"25,860.10",4644375,"1,26,56,16,71,703.75","24,52,953.75",433425,201375
2025-12-16,2025-12-16,CE,"25,950.00",66.25,66.25,0.05,0.20,0.05,"25,860.10",1607615775,"4,17,40,61,19,43,575.00","22,98,25,82,325.00",11510025,8848125
2025-12-16,2025-12-16,CE,"26,000.00",47.00,48.00,0.05,0.15,0.05,"25,860.10",1143819975,"2,97,48,79,13,66,130.00","9,47,20,16,130.00",12143175,1172025
2025-12-16,2025-12-16,PE,"25,000.00",0.80,1.10,0.05,0.10,0.05,"25,860.10",57682650,"14,42,10,06,80,898.75","3,44,30,898.75",6973800,-2043675
2025-12-16,2025-12-16,PE,"27,400.00","1,508.30","1,508.30","1,508.30","1,508.30","1,508.30","25,860.10",75,"21,68,122.50","1,13,122.50",300,0
2025-12-16,2025-12-16,CE,"25,250.00",666.00,692.65,612.35,618.45,613.20,"25,860.10",26100,"67,60,78,713.75","1,70,53,713.75",5475,-14325
2025-12-16,2025-12-16,CE,"26,200.00",4.50,4.50,0.05,0.10,0.05,"25,860.10",206618025,"54,13,68,88,99,458.75","29,66,44,458.75",8224125,-6012750
2025-12-16,2025-12-16,PE,"25,850.00",12.35,29.40,0.05,0.35,0.05,"25,860.10",2583781275,"6,68,16,00,54,96,453.75","25,25,95,37,703.75",20878275,10068750
2025-12-16,2025-12-16,CE,"27,550.00",0.55,0.70,0.05,0.10,0.05,"25,860.10",1665825,"45,89,40,82,095.00","6,03,345.00",234375,-20850
2025-12-16,2025-12-16,PE,"24,300.00",0.85,0.90,0.05,0.10,0.05,"25,860.10",5480325,"1,33,17,46,08,855.00","27,11,355.00",1515225,-41625
2025-12-16,2025-12-16,PE,"24,900.00",0.95,1.05,0.05,0.05,0.05,"25,860.10",25185675,"6,27,13,74,00,948.75","1,40,93,448.75",3309000,707925
2025-12-16,2025-12-16,CE,"25,600.00",372.00,372.00,254.95,267.95,259.60,"25,860.10",3865650,"1,00,10,50,54,706.25","1,14,44,14,706.25",222000,-7650
2025-12-16,2025-12-16,CE,"26,400.00",1.20,1.40,0.05,0.10,0.05,"25,860.10",132400650,"34,95,47,87,73,033.75","10,16,13,033.75",5812725,-713325
2025-12-16,2025-12-16,PE,"24,650.00",1.00,1.00,0.05,0.10,0.10,"25,860.10",2976900,"73,38,24,10,110.00","18,25,110.00",231600,-149850
2025-12-16,2025-12-16,CE,"26,450.00",1.20,1.35,0.05,0.10,0.05,"25,860.10",108808350,"28,78,06,48,62,247.50","8,40,04,747.50",2992200,404250
2025-12-16,2025-12-16,CE,"26,150.00",8.45,8.45,0.05,0.10,0.05,"25,860.10",183502800,"47,98,95,11,48,981.25","35,29,28,981.25",3301725,-4230675
2025-12-16,2025-12-16,CE,"24,900.00","1,045.15","1,045.15",967.25,973.65,967.25,"25,860.10",5325,"13,78,92,990.00","53,00,490.00",6525,-1350
2025-12-16,2025-12-16,PE,"26,250.00",252.00,394.75,252.00,379.45,390.65,"25,860.10",1516875,"40,33,81,24,188.75","52,01,55,438.75",40125,-135750
2025-12-16,2025-12-16,CE,"24,700.00","1,204.05","1,211.70","1,162.65","1,180.20","1,162.75","25,860.10",3750,"9,70,94,973.75","44,69,973.75",2475,-1350
2025-12-16,2025-12-16,CE,"27,350.00",2.00,2.00,0.05,0.05,0.05,"25,860.10",7927125,"2,16,81,07,66,931.25","38,98,181.25",775725,547725
2025-12-16,2025-12-16,PE,"26,850.00",964.00,983.75,941.15,983.75,983.75,"25,860.10",300,"83,45,422.50","2,90,422.50",1350,150
2025-12-16,2025-12-16,PE,"26,350.00",400.00,497.95,390.00,484.65,490.45,"25,860.10",292950,"7,85,19,03,993.75","13,26,71,493.75",61275,-22800
2025-12-16,2025-12-16,CE,"24,750.00","1,130.00","1,130.00","1,116.20","1,116.20","1,116.20","25,860.10",150,"38,80,965.00","1,68,465.00",75,-150
2025-12-16,2025-12-16,PE,"27,900.00","1,978.95","2,034.80","1,960.60","2,034.80","2,034.80","25,860.10",1200,"3,58,91,392.50","24,11,392.50",18375,-375
2025-12-16,2025-12-16,CE,"24,850.00","1,081.45","1,081.45","1,015.00","1,016.40","1,016.40","25,860.10",675,"1,74,71,156.25","6,97,406.25",1350,-150
2025-12-16,2025-12-16,CE,"26,100.00",18.50,18.50,0.05,0.15,0.05,"25,860.10",353180025,"92,19,04,14,17,572.50","1,04,27,65,072.50",7512750,-6050475
2025-12-16,2025-12-16,PE,"24,550.00",1.00,1.00,0.05,0.10,0.05,"25,860.10",2037675,"50,02,59,04,076.25","9,82,826.25",199200,-126975
2025-12-16,2025-12-16,PE,"24,150.00",0.90,1.00,0.05,0.10,0.05,"25,860.10",1109775,"26,80,14,53,966.25","3,87,716.25",157950,3300
2025-12-16,2025-12-16,PE,"26,100.00",141.10,246.90,131.35,228.10,239.50,"25,860.10",61059300,"16,05,58,81,72,792.50","11,94,04,42,792.50",815400,-2104200
2025-12-16,2025-12-16,CE,"27,900.00",0.35,0.50,0.05,0.10,0.05,"25,860.10",13462425,"3,75,60,56,96,568.75","40,39,068.75",1487400,-1800375
2025-12-16,2025-12-16,PE,"25,300.00",1.20,1.30,0.05,0.10,0.05,"25,860.10",58870200,"14,89,45,32,09,780.00","3,71,49,780.00",3530400,-951525
2025-12-16,2025-12-16,PE,"25,950.00",50.00,99.00,34.40,77.45,89.55,"25,860.10",818777550,"2,13,00,14,49,59,291.25","52,86,75,36,791.25",1981575,-10643400
2025-12-16,2025-12-16,CE,"27,950.00",0.35,0.55,0.05,0.10,0.05,"25,860.10",7490250,"2,09,35,49,28,525.00","24,41,025.00",2103075,-170250
2025-12-16,2025-12-16,PE,"26,050.00",110.00,196.75,96.05,179.05,189.45,"25,860.10",93439875,"24,47,90,91,08,838.75","13,80,03,65,088.75",674025,-3277350
2025-12-16,2025-12-16,PE,"25,550.00",1.85,2.15,0.05,0.10,0.05,"25,860.10",54854025,"14,01,57,03,22,653.75","4,99,83,903.75",2282250,-1030650
2025-12-16,2025-12-16,PE,"26,700.00",770.35,840.60,759.15,827.35,840.60,"25,860.10",150300,"4,13,46,17,148.75","12,16,07,148.75",19800,-8850
2025-12-16,2025-12-16,PE,"24,000.00",0.70,0.70,0.05,0.10,0.05,"25,860.10",10446375,"2,50,71,77,62,005.00","47,62,005.00",2399400,-2661900
2025-12-16,2025-12-16,PE,"26,900.00",965.95,"1,040.00",960.55,"1,040.00","1,040.00","25,860.10",3375,"9,41,50,732.50","33,63,232.50",4350,375
2025-12-16,2025-12-16,CE,"27,750.00",0.50,0.65,0.05,0.10,0.05,"25,860.10",1020825,"28,32,82,97,223.75","4,03,473.75",118125,8625
2025-12-16,2025-12-16,CE,"27,000.00",0.65,0.85,0.05,0.10,0.05,"25,860.10",57214875,"15,44,83,50,43,417.50","3,34,18,417.50",6310575,-1669575
2025-12-16,2025-12-16,PE,"25,250.00",1.25,1.25,0.05,0.05,0.05,"25,860.10",24810675,"6,26,48,54,85,757.50","1,59,42,007.50",1412025,-421500
2025-12-16,2025-12-16,CE,"25,150.00",792.05,792.05,707.00,728.50,710.45,"25,860.10",132600,"3,43,30,05,840.00","9,81,15,840.00",8475,-3975
2025-12-16,2025-12-16,PE,"26,750.00",824.50,891.20,815.00,891.20,891.20,"25,860.10",17775,"49,03,25,321.25","1,48,44,071.25",9000,-375
2025-12-16,2025-12-16,PE,"25,800.00",12.00,15.00,0.05,0.15,0.05,"25,860.10",1280878875,"3,30,53,11,09,29,525.00","6,43,59,54,525.00",11209500,-2284050
2025-12-16,2025-12-16,CE,"25,550.00",406.50,406.50,306.45,317.30,309.70,"25,860.10",425100,"11,00,62,64,910.00","14,49,59,910.00",48825,-13800
2025-12-16,2025-12-16,CE,"26,550.00",0.80,1.15,0.05,0.05,0.05,"25,860.10",49026825,"13,01,69,85,04,991.25","3,63,01,241.25",1629900,-124800
2025-12-16,2025-12-16,CE,"24,950.00",992.75,997.15,907.35,911.00,907.75,"25,860.10",4500,"11,66,58,667.50","43,83,667.50",6900,150
2025-12-16,2025-12-16,CE,"25,850.00",139.00,139.00,6.75,18.10,10.20,"25,860.10",1101779850,"2,85,26,24,02,59,735.00","45,23,11,37,235.00",7722975,7179000
2025-12-16,2025-12-16,CE,"27,400.00",0.65,0.75,0.05,0.05,0.05,"25,860.10",7470900,"2,04,70,63,27,166.25","36,67,166.25",1475025,782475
2025-12-16,2025-12-16,CE,"24,650.00","1,260.00","1,260.00","1,200.15","1,224.30","1,224.45","25,860.10",675,"1,74,75,585.00","8,36,835.00",525,-75
2025-12-16,2025-12-16,PE,"24,400.00",0.85,0.90,0.05,0.10,0.10,"25,860.10",4934250,"1,20,39,83,29,117.50","26,29,117.50",1433250,-12975
2025-12-16,2025-12-16,PE,"24,050.00",0.70,0.85,0.05,0.10,0.05,"25,860.10",1965900,"47,28,06,62,846.25","7,67,846.25",109050,-196725
2025-12-16,2025-12-16,PE,"27,000.00","1,071.00","1,144.55","1,060.00","1,133.15","1,140.25","25,860.10",26250,"73,77,04,166.25","2,89,54,166.25",19725,-12900
2025-12-16,2025-12-16,PE,"24,950.00",1.10,1.10,0.05,0.10,0.05,"25,860.10",10480800,"2,61,50,26,60,830.00","67,00,830.00",1222575,-71625
2025-12-16,2025-12-16,CE,"26,850.00",0.60,0.95,0.05,0.05,0.05,"25,860.10",21593850,"5,79,80,81,16,645.00","1,32,44,145.00",1292550,200700
2025-12-16,2025-12-16,CE,"26,500.00",0.95,1.25,0.05,0.10,0.05,"25,860.10",159112650,"42,16,60,66,02,457.50","12,13,77,457.50",8417850,-2463075
2025-12-16,2025-12-16,PE,"26,150.00",177.85,295.65,165.25,281.35,289.55,"25,860.10",10552575,"2,78,53,10,53,893.75","2,58,12,17,643.75",382575,-631650
2025-12-16,2025-12-16,CE,"27,600.00",0.55,0.70,0.05,0.10,0.05,"25,860.10",4163400,"1,14,91,16,57,613.75","18,17,613.75",1276875,-149475
2025-12-16,2025-12-16,PE,"24,850.00",0.95,1.00,0.05,0.10,0.05,"25,860.10",6546225,"1,62,67,71,36,168.75","34,44,918.75",565050,-216975
2025-12-16,2025-12-16,CE,"24,550.00","1,352.00","1,356.00","1,342.00","1,342.00","1,342.00","25,860.10",1275,"3,30,22,950.00","17,21,700.00",225,-1050
2025-12-16,2025-12-16,PE,"24,250.00",0.75,0.80,0.05,0.10,0.05,"25,860.10",1963650,"47,61,93,10,635.00","7,98,135.00",158625,-82650
2025-12-16,2025-12-16,CE,"25,400.00",531.00,546.55,456.35,471.05,460.50,"25,860.10",165825,"4,29,40,41,750.00","8,20,86,750.00",32775,-22875
2025-12-16,2025-12-16,CE,"26,800.00",0.65,0.95,0.05,0.05,0.05,"25,860.10",45926475,"12,30,85,86,88,278.75","2,91,58,278.75",3339750,-1683600
