Date,Type,S0,K,T,sigma,r,Close Price,LTP,BSM Price,Error vs Close,Error vs LTP,Percent Error vs Close,Percent Error vs LTP,Implied Volatility,Delta,Gamma,Vega,Rho,Theta
2025-11-12,PE,25875.8,26500.0,34.0,0.07474485900131601,0.1,533.05,533.05,439.4,-93.65,-93.65,-17.56871,-17.56871,0.10065,-0.6417175564272267,0.0005257436652297637,3549.9425370221834,-2299.634588608592,721.1163935141727
2025-11-12,CE,25875.8,25900.0,34.0,0.07474485900131601,0.1,468.9,468.9,472.04,3.14,3.14,0.66965,0.66965,0.07382,0.6812170013259412,0.0005025765179036405,3393.5126127195813,2314.5626792009984,-2655.487642859887
2025-11-12,CE,25875.8,27450.0,34.0,0.07474485900131601,0.1,21.0,20.0,14.65,-6.35,-5.35,-30.2381,-26.75,0.07975,0.04988857015869084,0.00014491779880579126,978.5184156759605,172.19285121948127,-398.6706381757991
2025-11-12,CE,25875.8,26200.0,34.0,0.07474485900131601,0.1,286.75,286.75,296.92,10.17,10.17,3.54664,3.54664,0.07206,0.520591290000714,0.0005608112969354126,3786.727277757207,1777.4166319590613,-2366.286384657962
2025-11-12,CE,25875.8,25800.0,34.0,0.07474485900131601,0.1,505.5,504.8,540.73,35.23,35.93,6.96934,7.11767,0.06293,0.7297335736394559,0.0004656532070492221,3144.1978981951384,2474.674845070233,-2705.0999204690133
2025-11-12,CE,25875.8,26500.0,34.0,0.07474485900131601,0.1,160.8,158.35,170.33,9.53,11.98,5.92662,7.56552,0.07136,0.3582824435727733,0.0005257436652297637,3549.9425370221834,1227.8467222521342,-1893.3697545355421
2025-11-12,CE,25875.8,26350.0,34.0,0.07474485900131601,0.1,222.35,222.35,227.63,5.28,5.28,2.37463,2.37463,0.07333,0.4378990197412126,0.0005547420063959313,3745.74602761464,1498.0720112654883,-2147.891096431723
2025-11-12,PE,25875.8,25600.0,34.0,0.07474485900131601,0.1,151.85,155.5,72.88,-78.97,-82.62,-52.00527,-53.13183,0.10388,-0.18527094660970783,0.00037607721956659824,2539.3601620688014,-656.6467140227508,-216.70063477405938
2025-11-12,PE,25875.8,25000.0,34.0,0.07474485900131601,0.1,60.4,63.05,11.34,-49.06,-51.71,-81.22517,-82.01427,0.11223,-0.03926384982429148,0.00011948145848157768,806.766376659692,-138.60728939456683,-120.73831853327232
2025-11-12,PE,25875.8,25700.0,34.0,0.07474485900131601,0.1,182.95,185.0,93.88,-89.07,-91.12,-48.68543,-49.25405,0.10426,-0.22558756169000793,0.00042278708375429846,2854.755942835802,-800.2336442713149,-197.6406411352109
2025-11-12,CE,25875.8,26100.0,34.0,0.07474485900131601,0.1,334.35,334.35,349.93,15.58,15.58,4.65979,4.65979,0.07056,0.5757074013602571,0.0005514172218659982,3723.296315312192,1962.6843481730766,-2486.0323557525244
2025-11-12,CE,25875.8,25850.0,34.0,0.07474485900131601,0.1,451.6,451.6,505.78,54.18,54.18,11.99734,11.99734,0.0575,0.7059143329248452,0.00048498265588100463,3274.7147967585292,2396.233478268816,-2683.113638743598
2025-11-12,PE,25875.8,25900.0,34.0,0.07474485900131601,0.1,242.65,250.0,149.14,-93.51,-100.86,-38.53699,-40.344,0.10361,-0.3187829986740588,0.0005025765179036405,3393.5126127195813,-1133.0511302817492,-100.19740759620333
2025-11-12,PE,25875.8,24000.0,34.0,0.07474485900131601,0.1,25.55,25.55,0.11,-25.44,-25.44,-99.56947,-99.56947,0.14432,-0.0005848535909201375,2.89192302656364e-06,19.52693155381267,-2.0568802005288997,-3.884363967857336
2025-11-12,PE,25875.8,26000.0,34.0,0.07474485900131601,0.1,292.25,288.6,184.12,-108.13,-104.48,-36.99914,-36.20236,0.10345,-0.37041859713419334,0.0005316692648080252,3589.9535526395343,-1318.0395056053446,-17.501663088914142
2025-11-12,PE,25875.8,25850.0,34.0,0.07474485900131601,0.1,230.15,233.0,133.55,-96.6,-99.45,-41.97263,-42.6824,0.10394,-0.2940856670751548,0.00048498265588100463,3274.7147967585292,-1044.7247060991,-132.75639621208393
2025-11-12,CE,25875.8,26000.0,34.0,0.07474485900131601,0.1,396.55,390.7,408.36,11.81,17.66,2.97819,4.52009,0.06981,0.6295814028658067,0.0005316692648080252,3589.9535526395343,2142.885554107066,-2582.6578838169357
2025-11-13,PE,25879.15,25400.0,33.0,0.07453156522206643,0.1,121.3,118.75,40.27,-81.03,-78.48,-66.80132,-66.08842,0.10871,-0.11664528872666047,0.00028090866912568814,1836.1949929952057,-400.5775011391269,-216.63976722065462
2025-11-13,PE,25879.15,25300.0,33.0,0.07453156522206643,0.1,106.0,106.0,29.61,-76.39,-76.39,-72.06604,-72.06604,0.11159,-0.09041803188664432,0.00023345809175443895,1526.0283012551401,-310.2983905659718,-197.31447178235814
2025-11-13,PE,25879.15,26050.0,33.0,0.07453156522206643,0.1,307.4,308.45,201.57,-105.83,-106.88,-34.42746,-34.65067,0.10384,-0.3993442382666379,0.0005532713125732422,3616.5278098281756,-1379.7486517162529,24.452598574567446
2025-11-13,PE,25879.15,25750.0,33.0,0.07453156522206643,0.1,214.9,214.9,103.76,-111.14,-111.14,-51.71708,-51.71708,0.1095,-0.24682613455331054,0.00045218639727284324,2955.7734944856043,-850.0662918338901,-191.99790890940938
2025-11-13,CE,25879.15,26500.0,33.0,0.07453156522206643,0.1,157.65,152.8,163.28,5.63,10.48,3.5712,6.85864,0.07151,0.35198406067754584,0.000531755637511656,3475.8878824739954,1171.4696777524412,-1883.7278726039042
2025-11-13,PE,25879.15,25000.0,33.0,0.07453156522206643,0.1,66.2,65.75,10.57,-55.63,-55.18,-84.03323,-83.92395,0.1149,-0.0375004128613878,0.00011713824135402475,765.6889085408973,-128.47034985825866,-119.79134181029404
2025-11-13,CE,25879.15,27000.0,33.0,0.07453156522206643,0.1,54.8,53.15,49.91,-4.89,-3.24,-8.92336,-6.09595,0.07606,0.14163215079755176,0.00032140166558491,2100.88257839873,473.4464079289759,-959.3996942789249
2025-11-13,CE,25879.15,25850.0,33.0,0.07453156522206643,0.1,465.6,470.9,496.78,31.18,25.88,6.69674,5.49586,0.06638,0.7056781270453479,0.0004938040513902295,3227.8125467099376,2326.44378205734,-2695.1120423608845
2025-11-13,CE,25879.15,26000.0,33.0,0.07453156522206643,0.1,376.7,367.5,399.44,22.74,31.94,6.03663,8.69116,0.06546,0.6278929947361965,0.0005419337475077566,3542.418383904096,2075.58234750345,-2593.0741059662164
2025-11-13,PE,25879.15,25350.0,33.0,0.07453156522206643,0.1,111.3,111.3,34.61,-76.69,-76.69,-68.90386,-68.90386,0.10981,-0.1029386946432227,0.00025679582713769616,1678.5783560183495,-353.38460631918025,-207.82421274908847
2025-11-13,PE,25879.15,25950.0,33.0,0.07453156522206643,0.1,282.55,282.55,163.83,-118.72,-118.72,-42.01734,-42.01734,0.10814,-0.3454447084499749,0.0005281130277734745,3452.07750387834,-1192.1435793566027,-72.01099981326217
2025-11-13,CE,25879.15,27450.0,33.0,0.07453156522206643,0.1,23.0,22.95,13.08,-9.92,-9.87,-43.13043,-43.00654,0.08382,0.04591042454163606,0.00013800551826102678,902.0904994684366,153.874626110038,-374.21672445568424
2025-11-13,CE,25879.15,26200.0,33.0,0.07453156522206643,0.1,276.05,281.2,288.46,12.41,7.26,4.49556,2.58179,0.07259,0.5168154994381631,0.0005710538915768179,3732.7658833292035,1713.6804301238435,-2370.8807942278722
2025-11-13,CE,25879.15,26400.0,33.0,0.07453156522206643,0.1,189.3,189.3,199.62,10.32,10.32,5.45166,5.45166,0.07168,0.40524573748001474,0.0005553632035244953,3630.201719225627,1347.2111502825264,-2061.8443220921426
2025-11-13,PE,25879.15,25800.0,33.0,0.07453156522206643,0.1,223.35,222.3,116.95,-106.4,-105.35,-47.63824,-47.39091,0.10675,-0.2700746211294892,0.000473778928936505,3096.9158047258284,-930.5804198535843,-170.67997539009923
2025-11-13,CE,25879.15,25900.0,33.0,0.07453156522206643,0.1,437.3,447.45,463.04,25.74,15.59,5.88612,3.48419,0.06984,0.680521045739937,0.0005119969197240455,3346.7325282354177,2245.6059983210475,-2667.2230328794863
2025-11-13,PE,25879.15,25700.0,33.0,0.07453156522206643,0.1,193.75,191.35,91.72,-102.03,-99.63,-52.66065,-52.06689,0.10715,-0.2246521578034648,0.0004293057223686742,2806.211073268237,-773.3430950970114,-208.02479580186593
2025-11-13,CE,25879.15,26050.0,33.0,0.07453156522206643,0.1,327.7,327.7,369.63,41.93,41.93,12.79524,12.79524,0.06287,0.6006557617333621,0.0005532713125732422,3616.5278098281756,1987.1801837206476,-2546.656693940884
2025-11-13,PE,25879.15,25850.0,33.0,0.07453156522206643,0.1,224.35,224.35,131.32,-93.03,-93.03,-41.46646,-41.46646,0.10228,-0.29432187295465206,0.0004938040513902295,3227.8125467099376,-1014.6353118406972,-143.74255247511064
2025-11-13,CE,25879.15,26100.0,33.0,0.07453156522206643,0.1,327.25,327.35,341.19,13.94,13.84,4.25974,4.22789,0.07076,0.5729729618530581,0.0005619730859070093,3673.408050211548,1897.0893325575394,-2494.046742191889
2025-11-13,CE,25879.15,25950.0,33.0,0.07453156522206643,0.1,404.85,404.85,430.58,25.73,25.73,6.35544,6.35544,0.06702,0.6545552915500251,0.0005281130277734745,3452.07750387834,2161.8603853108666,-2633.2503910138744
2025-11-13,PE,25879.15,26100.0,33.0,0.07453156522206643,0.1,360.6,360.6,222.48,-138.12,-138.12,-38.30283,-38.30283,0.11195,-0.4270270381469419,0.0005619730859070093,3673.408050211548,-1476.3019382640769,81.99750098098139
2025-11-13,PE,25879.15,26500.0,33.0,0.07453156522206643,0.1,555.95,555.95,439.37,-116.58,-116.58,-20.96951,-20.96951,0.10729,-0.6480159393224542,0.000531755637511656,3475.8878824739954,-2253.6210761469006,731.7959758283207
2025-11-13,PE,25879.15,25600.0,33.0,0.07453156522206643,0.1,163.15,161.0,70.84,-92.31,-90.16,-56.57983,-56.0,0.10665,-0.18376100297895498,0.00038083246114438424,2489.359479363297,-632.0316184811035,-225.76731431334525
2025-11-13,PE,25879.15,24000.0,33.0,0.07453156522206643,0.1,19.95,19.95,0.09,-19.86,-19.86,-99.54887,-99.54887,0.13934,-0.000493843066765591,2.5171265998589224e-06,16.45351591953892,-1.6855835716513357,-3.395087489407686
2025-11-13,PE,25879.15,26000.0,33.0,0.07453156522206643,0.1,299.15,297.9,182.03,-117.12,-115.87,-39.15093,-38.8956,0.10676,-0.37210700526380347,0.0005419337475077566,3542.418383904096,-1284.8840525487349,-26.89976410818474
2025-11-13,PE,25879.15,24650.0,33.0,0.07453156522206643,0.1,56.95,56.95,2.55,-54.4,-54.4,-95.52239,-95.52239,0.13299,-0.010633704421727121,4.0285829323964264e-05,263.3334112598167,-36.371331784466584,-47.16365166380112
2025-11-13,CE,25879.15,26350.0,33.0,0.07453156522206643,0.1,215.0,215.0,219.78,4.78,4.78,2.22326,2.22326,0.07323,0.4327000664784162,0.0005634094393384163,3682.7969558196596,1437.6126627783244,-2145.845497350414
2025-11-13,PE,25879.15,26150.0,33.0,0.07453156522206643,0.1,353.0,353.0,244.77,-108.23,-108.23,-30.66006,-30.66006,0.10365,-0.4550201604052273,0.0005679249754401393,3712.3133278365117,-1574.0876915047188,145.59878600610136
2025-11-13,CE,25879.15,25800.0,33.0,0.07453156522206643,0.1,494.55,491.0,531.75,37.2,40.75,7.52199,8.29939,0.06083,0.7299253788705108,0.000473778928936505,3096.9158047258284,2404.0362386597376,-2717.1145146184535
2025-11-13,PE,25879.15,25900.0,33.0,0.07453156522206643,0.1,255.95,258.65,146.94,-109.01,-111.71,-42.59035,-43.18964,0.10688,-0.319478954260063,0.0005119969197240455,3346.7325282354177,-1101.935530961706,-110.91859233629293
2025-11-14,CE,25910.05,26800.0,32.0,0.07413639700639355,0.1,83.2,86.9,83.49,0.29,-3.41,0.34856,-3.92405,0.07539,0.2163915371252143,0.00042846519362118234,2707.902125517818,701.3613875403198,-1342.7913891258952
2025-11-14,CE,25910.05,26400.0,32.0,0.07413639700639355,0.1,178.75,196.8,202.59,23.84,5.79,13.33706,2.94207,0.07253,0.4147987283914686,0.0005694788970508613,3599.109422934775,1339.030091671267,-2105.109654568191
2025-11-14,PE,25910.05,26000.0,32.0,0.07413639700639355,0.1,299.4,290.0,169.18,-130.22,-120.82,-43.49365,-41.66207,0.1085,-0.35841707693623326,0.0005457210515684647,3448.9597229421415,-1200.7351270462352,-61.214036112544704
2025-11-14,PE,25910.05,25900.0,32.0,0.07413639700639355,0.1,259.45,256.05,135.48,-123.97,-120.57,-47.78185,-47.08846,0.10992,-0.30553030914527246,0.0005121227883160451,3236.618534370889,-1022.4491019022955,-139.62932645253125
2025-11-14,PE,25910.05,25200.0,32.0,0.07413639700639355,0.1,86.0,86.0,18.25,-67.75,-67.75,-78.77907,-78.77907,0.11378,-0.061091185351997236,0.000176500015947028,1115.4809666043723,-203.3172170557339,-165.51004200456038
2025-11-14,CE,25910.05,26350.0,32.0,0.07413639700639355,0.1,198.75,223.55,223.25,24.5,-0.3,12.32704,-0.1342,0.07422,0.442963574806879,0.0005768548949473108,3645.725765823224,1429.0734515917118,-2189.6266733375387
2025-11-14,PE,25910.05,26400.0,32.0,0.07413639700639355,0.1,497.8,498.0,359.43,-138.37,-138.57,-27.7963,-27.8253,0.1123,-0.5852012716085314,0.0005694788970508613,3599.109422934775,-1971.0500885989038,501.5784873945681
2025-11-14,CE,25910.05,25850.0,32.0,0.07413639700639355,0.1,435.7,467.95,506.8,71.1,38.85,16.31857,8.30217,0.06121,0.7196172645496433,0.0004921043553959734,3110.1019401158032,2303.304162471681,-2721.7283020873956
2025-11-14,CE,25910.05,26200.0,32.0,0.07413639700639355,0.1,272.65,282.3,293.66,21.01,11.36,7.70585,4.02409,0.07104,0.5289516013544988,0.0005812861753628092,3673.731479786777,1703.0481090994156,-2413.5569218697
2025-11-14,PE,25910.05,25300.0,32.0,0.07413639700639355,0.1,99.05,97.1,25.61,-73.44,-71.49,-74.14437,-73.62513,0.11113,-0.08139231989966156,0.00022003754491787322,1390.6383632730494,-271.0456935563918,-192.49563013007412
2025-11-14,PE,25910.05,25950.0,32.0,0.07413639700639355,0.1,292.8,292.8,151.67,-141.13,-141.13,-48.20014,-48.20014,0.11495,-0.33157933201671036,0.0005300792040385679,3350.1031698222596,-1110.2107530108017,-103.64456028213067
2025-11-14,PE,25910.05,25450.0,32.0,0.07413639700639355,0.1,120.8,120.0,41.13,-79.67,-78.87,-65.95199,-65.725,0.10839,-0.1205968772499918,0.0002932658264699845,1853.4414619030338,-402.00589982682004,-224.4622750744096
2025-11-14,CE,25910.05,26100.0,32.0,0.07413639700639355,0.1,319.15,337.2,347.68,28.53,10.48,8.93937,3.10795,0.07122,0.5860462592655663,0.0005692118816978653,3597.4218845939995,1884.0387993290474,-2533.8113990498873
2025-11-14,CE,25910.05,26050.0,32.0,0.07413639700639355,0.1,349.9,349.9,376.8,26.9,26.9,7.68791,7.68791,0.06649,0.6140803534767295,0.0005588269376989708,3531.7889875777414,1972.5776786634076,-2584.376732143055
2025-11-14,PE,25910.05,25600.0,32.0,0.07413639700639355,0.1,164.35,158.15,63.49,-100.86,-94.66,-61.36903,-59.85457,0.10911,-0.17116684493501944,0.00037131283252715794,2346.698923043218,-571.2294388977566,-235.18654123252406
2025-11-14,CE,25910.05,27150.0,32.0,0.07413639700639355,0.1,34.9,34.9,32.46,-2.44,-2.44,-6.9914,-6.9914,0.07561,0.10105210851384405,0.00025835370814350706,1632.7967028186308,328.35618394023885,-735.213549179577
2025-11-14,PE,25910.05,25000.0,32.0,0.07413639700639355,0.1,57.9,59.4,8.75,-49.15,-50.65,-84.88774,-85.26936,0.11451,-0.03235237686407167,0.00010580906871810261,668.7138333437921,-107.55564559246567,-110.50556388617629
2025-11-14,CE,25910.05,27000.0,32.0,0.07413639700639355,0.1,51.35,49.25,49.65,-1.7,0.4,-3.31061,0.81218,0.07395,0.1432411708995432,0.00033024721133985684,2087.16399569246,464.98288857477155,-975.4423729984284
2025-11-14,PE,25910.05,25850.0,32.0,0.07413639700639355,0.1,242.15,223.55,120.57,-121.58,-102.98,-50.20855,-46.06576,0.10568,-0.2803827354503567,0.0004921043553959734,3110.1019401158032,-937.8160140428607,-169.34616308219324
2025-11-14,CE,25910.05,26500.0,32.0,0.07413639700639355,0.1,153.2,160.25,165.35,12.15,5.1,7.93081,3.18253,0.07266,0.3600491453481643,0.000546580620800177,3454.392204703172,1163.623727162411,-1924.732440761081
2025-11-14,PE,25910.05,24000.0,32.0,0.07413639700639355,0.1,17.5,15.0,0.06,-17.44,-14.94,-99.65714,-99.6,0.13537,-0.00034628413248009073,1.8465852684981928e-06,11.670427955315109,-1.147137418498228,-2.503367985943554
2025-11-14,PE,25910.05,25400.0,32.0,0.07413639700639355,0.1,114.3,109.65,35.28,-79.02,-74.37,-69.13386,-67.8249,0.10844,-0.10630004939353366,0.0002680209710493806,1693.893851806418,-354.2240959212249,-215.51657360611142
2025-11-14,CE,25910.05,27450.0,32.0,0.07413639700639355,0.1,21.65,22.0,12.65,-9.0,-9.35,-41.57044,-42.5,0.08316,0.04536643203052177,0.0001393821951380561,880.8961570105515,147.65610387730905,-373.4233964724471
2025-11-14,PE,25910.05,25800.0,32.0,0.07413639700639355,0.1,225.4,213.55,106.9,-118.5,-106.65,-52.5732,-49.94147,0.10777,-0.2562366656517518,0.00047030163585348825,2972.308645654263,-856.634938137909,-193.05273547420302
2025-11-14,CE,25910.05,25950.0,32.0,0.07413639700639355,0.1,393.0,393.0,439.16,46.16,46.16,11.74555,11.74555,0.06007,0.6684206679832896,0.0005300792040385679,3350.1031698222596,2143.4476060047637,-2665.900518006889
2025-11-14,CE,25910.05,25900.0,32.0,0.07413639700639355,0.1,420.5,433.8,472.34,51.84,38.54,12.32818,8.88428,0.06194,0.6944696908547275,0.0005121227883160451,3236.618534370889,2224.9401658627585,-2696.9483748175116
2025-11-14,CE,25910.05,26000.0,32.0,0.07413639700639355,0.1,378.35,389.5,407.31,28.96,17.81,7.65429,4.57253,0.06895,0.6415829230637667,0.0005457210515684647,3448.9597229421415,2059.1923232198415,-2628.4069031970803
2025-11-14,PE,25910.05,26150.0,32.0,0.07413639700639355,0.1,391.0,391.0,229.95,-161.05,-161.05,-41.18926,-41.18926,0.11818,-0.4423786464948332,0.0005767316711135328,3644.946990589274,-1484.6986438492493,105.1961857075396
2025-11-14,CE,25910.05,25800.0,32.0,0.07413639700639355,0.1,501.8,511.0,542.49,40.69,31.49,8.10881,6.16243,0.06316,0.7437633343482482,0.00047030163585348825,2972.308645654263,2378.216147126121,-2740.4979651196268
2025-11-14,PE,25910.05,25350.0,32.0,0.07413639700639355,0.1,102.4,103.0,30.12,-72.28,-72.88,-70.58594,-70.75728,0.10971,-0.09324505638024522,0.00024354847914596345,1539.2275829272446,-310.6166872401652,-204.70845828452008
2025-11-14,PE,25910.05,26500.0,32.0,0.07413639700639355,0.1,565.2,565.0,420.92,-144.28,-144.08,-25.52725,-25.50088,0.11484,-0.6399508546518358,0.000546580620800177,3454.392204703172,-2158.994635608783,691.8295199212341
2025-11-14,PE,25910.05,24650.0,32.0,0.07413639700639355,0.1,40.0,40.0,1.99,-38.01,-38.01,-95.025,-95.025,0.12453,-0.008633532412719644,3.4239135965799304e-05,216.3915072636085,-28.65818035377321,-40.59897431842402
2025-11-14,PE,25910.05,25500.0,32.0,0.07413639700639355,0.1,136.65,127.45,47.74,-88.91,-79.71,-65.06403,-62.54217,0.10701,-0.13616449954334148,0.00031906412032620373,2016.4868056276255,-454.06533366682083,-231.06037360927428
2025-11-14,CE,25910.05,27600.0,32.0,0.07413639700639355,0.1,12.95,12.95,7.54,-5.41,-5.41,-41.77606,-41.77606,0.08163,0.028859552184295634,9.625594451784903e-05,608.3380415354293,93.99523172276233,-251.6024578170402
2025-11-14,PE,25910.05,25700.0,32.0,0.07413639700639355,0.1,195.85,184.3,83.05,-112.8,-101.25,-57.5951,-54.9376,0.10846,-0.2112790057710301,0.0004225408377351691,2670.460167256343,-705.6884854012006,-223.8098548976177
2025-11-14,PE,25910.05,26050.0,32.0,0.07413639700639355,0.1,315.85,315.85,188.05,-127.8,-127.8,-40.46224,-40.46224,0.10987,-0.38591964652327054,0.0005588269376989708,3531.7889875777414,-1293.618862853181,-12.24695569874143
2025-11-14,PE,25910.05,26100.0,32.0,0.07413639700639355,0.1,347.6,346.0,208.3,-139.3,-137.7,-40.0748,-39.79769,0.11215,-0.4139537407344337,0.0005692118816978653,3597.4218845939995,-1388.426833438053,43.25528675420446
2025-11-17,PE,26013.45,26150.0,29.0,0.07112098929487216,0.1,305.0,305.0,176.65,-128.35,-128.35,-42.08197,-42.08197,0.10852,-0.3927940591178179,0.0006125548238473915,3392.627030338317,-1196.2018027834285,-8.892255132308946
2025-11-17,PE,26013.45,26000.0,29.0,0.07112098929487216,0.1,235.25,234.9,123.7,-111.55,-111.2,-47.41764,-47.33929,0.10567,-0.30485761930658173,0.0005579936244445392,3090.4405276851085,-926.8601556651698,-149.56268019534878
2025-11-17,CE,26013.45,26350.0,29.0,0.07112098929487216,0.1,244.15,244.15,233.41,-10.74,-10.74,-4.39894,-4.39894,0.07417,0.48255118283465537,0.0006350383156492892,3517.1515611295586,1417.7101656913142,-2318.7707513755495
2025-11-17,CE,26013.45,25700.0,29.0,0.07112098929487216,0.1,619.2,619.2,661.24,42.04,42.04,6.78941,6.78941,0.04628,0.8392808511354561,0.00038881351205320247,2153.4386464665254,2436.385906727058,-2782.5660483364863
2025-11-17,CE,26013.45,26450.0,29.0,0.07112098929487216,0.1,185.5,185.5,189.73,4.23,4.23,2.28032,2.28032,0.06989,0.420446324664974,0.000622965908974337,3450.2886916978364,1236.8189741316282,-2140.921352811415
2025-11-17,PE,26013.45,24500.0,29.0,0.07112098929487216,0.1,22.95,23.35,0.27,-22.68,-23.08,-98.82353,-98.84368,0.1287,-0.0014723073974872438,7.64388675853893e-06,42.33556871037731,-4.438017643842227,-9.22556358740009
2025-11-17,PE,26013.45,25450.0,29.0,0.07112098929487216,0.1,90.6,90.05,23.41,-67.19,-66.64,-74.16115,-74.00333,0.1071,-0.08125626860426166,0.0002396782834407664,1327.4550968009578,-245.9436221062948,-196.47829685434226
2025-11-17,CE,26013.45,26400.0,29.0,0.07112098929487216,0.1,218.55,221.35,210.8,-7.75,-10.55,-3.5461,-4.76621,0.07414,0.4513203945345423,0.0006309083504001806,3494.2778016014236,1326.8187054511475,-2232.721021952257
2025-11-17,CE,26013.45,26550.0,29.0,0.07112098929487216,0.1,149.45,149.45,152.06,2.61,2.61,1.7464,1.7464,0.07033,0.3604862004076105,0.0005963698240806419,3302.9866168487742,1061.6561659793701,-1943.1933288189343
2025-11-17,PE,26013.45,25550.0,29.0,0.07112098929487216,0.1,107.3,107.3,33.15,-74.15,-74.15,-69.10531,-69.10531,0.10614,-0.10857730328120485,0.0002968136428261083,1643.898551480366,-328.8534234278558,-222.21623555555504
2025-11-17,PE,26013.45,25800.0,29.0,0.07112098929487216,0.1,168.75,169.0,72.3,-96.45,-96.7,-57.15556,-57.21893,0.10582,-0.20311584632853824,0.0004502222620609277,2493.550220263226,-616.3698176193577,-234.92393688653897
2025-11-17,CE,26013.45,26600.0,29.0,0.07112098929487216,0.1,144.75,143.0,135.4,-9.35,-7.6,-6.45941,-5.31469,0.07349,0.3317294706150745,0.0005782278005549858,3202.507252387008,977.4875943613566,-1839.0047711600282
2025-11-17,CE,26013.45,26500.0,29.0,0.07112098929487216,0.1,175.3,177.0,170.16,-5.14,-6.84,-2.93212,-3.86441,0.07314,0.39011111911054785,0.0006113769622212867,3386.103458838834,1148.2591167664577,-2044.132112113377
2025-11-17,PE,26013.45,25700.0,29.0,0.07112098929487216,0.1,141.2,140.0,53.73,-87.47,-86.27,-61.94759,-61.62143,0.10531,-0.16071914886454391,0.00038881351205320247,2153.4386464665254,-487.31368519350406,-241.97192018482514
2025-11-17,CE,26013.45,26050.0,29.0,0.07112098929487216,0.1,392.85,392.85,401.41,8.56,8.56,2.17895,2.17895,0.06845,0.6667108601261362,0.0005793038221028867,3208.466783920377,1949.6797098311886,-2685.6477411571504
2025-11-17,CE,26013.45,26300.0,29.0,0.07112098929487216,0.1,255.0,255.0,257.56,2.56,2.56,1.00392,1.00392,0.07039,0.5139489660453666,0.0006352578121247496,3518.3672395418735,1508.9235722000033,-2398.4077112268897
2025-11-17,PE,26013.45,25600.0,29.0,0.07112098929487216,0.1,115.8,116.0,39.14,-76.66,-76.86,-66.20035,-66.25862,0.10531,-0.12443521306414346,0.00032695602516872414,1810.8417492370256,-377.0150771346013,-231.95227571187934
2025-11-17,PE,26013.45,26100.0,29.0,0.07112098929487216,0.1,272.0,275.85,157.53,-114.47,-118.32,-42.08456,-42.89288,0.1062,-0.36265523823360807,0.0005975941573128404,3309.7675707421895,-1103.7773340304734,-63.60165938993555
2025-11-17,PE,26013.45,24000.0,29.0,0.07112098929487216,0.1,14.1,14.1,0.01,-14.09,-14.09,-99.92908,-99.92908,0.14426,-6.457092979024713e-05,4.1790893499797836e-07,2.3145832730349456,-0.19439702957957591,-0.5463014424044608
2025-11-17,PE,26013.45,25750.0,29.0,0.07112098929487216,0.1,162.65,162.65,62.48,-100.17,-100.17,-61.58623,-61.58623,0.10853,-0.18116171012176585,0.00041977985957112295,2324.9453647718246,-549.5175997524846,-240.91588622496351
2025-11-17,CE,26013.45,27600.0,29.0,0.07112098929487216,0.1,12.45,12.95,5.81,-6.64,-7.14,-53.33333,-55.13514,0.08184,0.02472087715719609,9.224951008734506e-05,510.92272768676327,73.33660149949598,-221.6064109801125
2025-11-17,PE,26013.45,26050.0,29.0,0.07112098929487216,0.1,259.05,259.05,139.89,-119.16,-119.16,-45.99884,-45.99884,0.10718,-0.3332891398738637,0.0005793038221028867,3208.466783920377,-1013.8368026019107,-110.45408207735397
2025-11-17,PE,26013.45,25350.0,29.0,0.07112098929487216,0.1,83.4,83.4,16.17,-67.23,-67.23,-80.61151,-80.61151,0.11196,-0.05939740051385222,0.00018830687041251714,1042.935185045708,-179.67409092009703,-166.14518128636558
2025-11-17,CE,26013.45,27150.0,29.0,0.07112098929487216,0.1,35.05,33.9,29.3,-5.75,-4.6,-16.40514,-13.56932,0.074,0.09967421286586936,0.0002789609075430927,1545.021406237734,295.01366322511745,-733.7813491668662
2025-11-17,PE,26013.45,25400.0,29.0,0.07112098929487216,0.1,81.85,79.55,19.51,-62.34,-60.04,-76.16371,-75.47454,0.10627,-0.0696796282941768,0.00021317905702179134,1180.6894713710487,-210.8391897407255,-181.6310216734913
2025-11-17,CE,26013.45,26150.0,29.0,0.07112098929487216,0.1,337.85,337.85,339.31,1.46,1.46,0.43214,0.43214,0.07069,0.6072059408821822,0.0006125548238473915,3392.627030338317,1778.6909726532524,-2593.971494477287
2025-11-17,CE,26013.45,26100.0,29.0,0.07112098929487216,0.1,361.0,363.0,369.62,8.62,6.62,2.38781,1.82369,0.06912,0.6373447617663919,0.0005975941573128404,3309.7675707421895,1865.4273099044165,-2643.7381086023224
2025-11-17,CE,26013.45,27000.0,29.0,0.07112098929487216,0.1,52.4,53.0,46.65,-5.75,-6.35,-10.97328,-11.98113,0.07419,0.14599164570702972,0.00036482415332525216,2020.5738910316668,431.6738420422709,-999.4840618184123
2025-11-17,PE,26013.45,26400.0,29.0,0.07112098929487216,0.1,429.15,428.15,295.29,-133.86,-132.86,-31.19189,-31.03118,0.10903,-0.5486796054654577,0.0006309083504001806,3494.2778016014236,-1676.5147274944886,377.07216805567487
2025-11-17,CE,26013.45,26000.0,29.0,0.07112098929487216,0.1,420.75,421.95,434.64,13.89,12.69,3.30125,3.00747,0.06698,0.6951423806934183,0.0005579936244445392,3090.4405276851085,2030.9682252661382,-2719.8135491425546
2025-11-17,CE,26013.45,25900.0,29.0,0.07112098929487216,0.1,484.6,487.35,505.24,20.64,17.89,4.25918,3.67087,0.06462,0.7486357030358755,0.0005077842345716756,2812.3564662625345,2182.9820330359507,-2765.9779852737647
2025-11-17,PE,26013.45,25000.0,29.0,0.07112098929487216,0.1,40.85,40.6,3.7,-37.15,-36.9,-90.94247,-90.8867,0.11279,-0.01633564274442912,6.492166599289493e-05,359.56781389573104,-49.32855091633213,-68.244678134781
2025-11-17,CE,26013.45,27450.0,29.0,0.07112098929487216,0.1,17.25,17.65,10.34,-6.91,-7.31,-40.05797,-41.41643,0.07915,0.04102730814813709,0.00014015909824170424,776.2693668071001,121.62958427807288,-345.5656977573167
2025-11-17,PE,26013.45,25500.0,29.0,0.07112098929487216,0.1,98.7,98.9,27.93,-70.77,-70.97,-71.70213,-71.75935,0.10685,-0.09420108542193784,0.00026763076097938555,1482.2695349059622,-285.21591649770664,-210.1909946724902
2025-11-17,CE,26013.45,26250.0,29.0,0.07112098929487216,0.1,259.45,259.45,283.26,23.81,23.81,9.17711,9.17711,0.06431,0.5453198495729596,0.0006315404830043776,3497.7788599169676,1599.8777421261602,-2471.0817655492874
2025-11-17,PE,26013.45,25300.0,29.0,0.07112098929487216,0.1,65.0,64.95,13.33,-51.67,-51.62,-79.49231,-79.47652,0.10663,-0.050327709134405915,0.00016518706225003836,914.8864242578844,-152.1959428304076,-150.45459711958642
2025-11-17,PE,26013.45,25850.0,29.0,0.07112098929487216,0.1,186.5,186.5,83.26,-103.24,-103.24,-55.35657,-55.35657,0.10658,-0.22653839316120372,0.00047970475170106545,2656.838610756286,-687.7495376696113,-223.3549117360244
2025-11-17,CE,26013.45,26800.0,29.0,0.07112098929487216,0.1,90.3,86.4,81.98,-8.32,-4.42,-9.21373,-5.11574,0.07277,0.22794974720279354,0.0004813867151657692,2666.154143819196,672.9589295044032,-1408.6422270331905
2025-11-17,PE,26013.45,25650.0,29.0,0.07112098929487216,0.1,144.9,144.9,45.98,-98.92,-98.92,-68.26777,-68.26777,0.11166,-0.14180989536833022,0.00035774167262293106,1981.3476625585554,-429.8144961061729,-238.75916694150226
2025-11-17,PE,26013.45,25950.0,29.0,0.07112098929487216,0.1,220.0,220.0,108.9,-111.1,-111.1,-50.5,-50.5,0.10664,-0.2775067038814901,0.0005340216674222679,2957.672151373819,-843.2790526997495,-181.165228218337
2025-11-17,CE,26013.45,26200.0,29.0,0.07112098929487216,0.1,309.35,311.85,310.52,1.17,-1.33,0.37821,-0.42649,0.07151,0.5764693351593598,0.0006239331037240844,3455.645487406316,1689.9907917227165,-2536.3673307488416
2025-11-17,CE,26013.45,25950.0,29.0,0.07112098929487216,0.1,440.0,440.0,469.27,29.27,29.27,6.65227,6.65227,0.06095,0.7224932961185099,0.0005340216674222679,2957.672151373819,2108.8611967297675,-2746.4733070329517
2025-11-17,PE,26013.45,25050.0,29.0,0.07112098929487216,0.1,62.9,62.9,4.65,-58.25,-58.25,-92.60731,-92.60731,0.12361,-0.020022397872894056,7.721931634975785e-05,427.6781925689338,-60.47463405050667,-79.60579784485361
2025-11-17,CE,26013.45,25850.0,29.0,0.07112098929487216,0.1,515.0,515.0,542.49,27.49,27.49,5.33786,5.33786,0.06026,0.7734616068387963,0.00047970475170106545,2656.838610756286,2253.014448756324,-2778.777410285458
2025-11-17,PE,26013.45,25900.0,29.0,0.07112098929487216,0.1,200.0,201.9,95.44,-104.56,-106.46,-52.28,-52.72907,0.10634,-0.25136429696412455,0.0005077842345716756,2812.3564662625345,-763.4700848917748,-205.61269659174047
2025-11-17,CE,26013.45,25800.0,29.0,0.07112098929487216,0.1,552.8,558.0,580.95,28.15,22.95,5.09226,4.1129,0.06142,0.7968841536714617,0.0004502222620609277,2493.550220263226,2318.7060373047866,-2785.403645303382
2025-11-17,CE,26013.45,26700.0,29.0,0.07112098929487216,0.1,109.75,110.45,106.16,-3.59,-4.29,-3.27107,-3.88411,0.07257,0.2773708004340083,0.000533893808292287,2956.964005223366,818.1238771820069,-1624.648261394795
2025-11-17,PE,26013.45,26500.0,29.0,0.07112098929487216,0.1,495.0,495.0,353.5,-141.5,-141.5,-28.58586,-28.58586,0.11227,-0.6098888808894521,0.0006113769622212867,3386.103458838834,-1866.4505791827598,575.5466581597364
2025-11-17,PE,26013.45,25200.0,29.0,0.07112098929487216,0.1,56.85,56.8,8.91,-47.94,-47.89,-84.32718,-84.31338,0.10941,-0.035472049602041554,0.00012447715625914403,689.4151323990374,-107.21439046595795,-119.86948372045815
2025-11-18,PE,25910.05,24650.0,28.0,0.07284680270281035,0.1,38.8,38.8,1.18,-37.62,-37.62,-96.95876,-96.95876,0.12958,-0.005820790388504848,2.6307862693315785e-05,142.95194023091233,-16.888896255102253,-31.66115640734142
2025-11-18,CE,25910.05,26100.0,28.0,0.07284680270281035,0.1,303.6,298.35,302.81,-0.79,4.46,-0.26021,1.49489,0.07153,0.5670665676652562,0.000625111060046584,3396.7350345098935,1598.8794772148738,-2552.477320510383
2025-11-18,PE,25910.05,25350.0,28.0,0.07284680270281035,0.1,87.9,91.85,24.9,-63.0,-66.95,-71.67235,-72.89058,0.10904,-0.08539865844553407,0.00024819858083431894,1348.6640517490455,-248.6204645111588,-218.34797034556695
2025-11-18,PE,25910.05,26150.0,28.0,0.07284680270281035,0.1,339.6,362.4,227.02,-112.58,-135.38,-33.15077,-37.35651,0.11226,-0.4641067073344993,0.000631524276427562,3431.5832369453733,-1361.3381898754203,100.29496929773904
2025-11-18,PE,25910.05,24000.0,28.0,0.07284680270281035,0.1,14.0,14.0,0.02,-13.98,-13.98,-99.85714,-99.85714,0.14087,-0.00014540906431579313,8.939389948546207e-07,4.857495086250702,-0.42111726543171435,-1.2133328989123475
2025-11-18,CE,25910.05,25900.0,28.0,0.07284680270281035,0.1,411.7,408.4,425.14,13.44,16.74,3.26451,4.09892,0.06733,0.6864098192360039,0.000563542543054366,3062.1833811209744,1928.8634068933154,-2739.7932749235333
2025-11-18,PE,25910.05,25000.0,28.0,0.07284680270281035,0.1,48.4,49.95,6.28,-42.12,-43.67,-87.02479,-87.42743,0.11373,-0.02605643468716655,9.61706238228278e-05,522.5729444065945,-75.71159489027839,-103.16452140431191
2025-11-18,PE,25910.05,26050.0,28.0,0.07284680270281035,0.1,294.55,294.4,183.25,-111.3,-111.15,-37.78645,-37.75476,0.10583,-0.40211373866288547,0.0006149079429224277,3341.2932296660515,-1178.0040729453642,-35.107713380906944
2025-11-18,PE,25910.05,26000.0,28.0,0.07284680270281035,0.1,277.8,283.55,163.66,-114.14,-119.89,-41.08711,-42.28178,0.10896,-0.3718337840140377,0.0006010812453817006,3266.161575549006,-1088.6542383775163,-90.89361096306936
2025-11-18,CE,25910.05,25950.0,28.0,0.07284680270281035,0.1,381.1,367.95,392.34,11.24,24.39,2.94936,6.62862,0.06509,0.6577291464430391,0.000583862609236821,3172.598769868633,1849.9392484504917,-2704.956868502539
2025-11-18,CE,25910.05,26600.0,28.0,0.07284680270281035,0.1,110.65,107.0,102.69,-7.96,-4.31,-7.19385,-4.02804,0.07435,0.27008338081386984,0.0005256204414809713,2856.1218678484474,766.1310462573877,-1625.78499954217
2025-11-18,CE,25910.05,26250.0,28.0,0.07284680270281035,0.1,222.85,227.0,227.07,4.22,0.07,1.89365,0.03084,0.07283,0.47325433880001894,0.0006326669232627618,3437.792163303044,1337.2191492989057,-2330.4419879093352
2025-11-18,PE,25910.05,26400.0,28.0,0.07284680270281035,0.1,496.0,496.0,363.38,-132.62,-132.62,-26.7379,-26.7379,0.11244,-0.618578458949268,0.0006058717840773147,3292.1924549584273,-1821.1977542637082,559.8623548201688
2025-11-18,CE,25910.05,26700.0,28.0,0.07284680270281035,0.1,86.0,83.65,79.18,-6.82,-4.47,-7.93023,-5.34369,0.07458,0.22151362308855832,0.0004724728241984914,2567.327787624255,628.9166987610677,-1407.622322568241
2025-11-18,PE,25910.05,26200.0,28.0,0.07284680270281035,0.1,361.85,361.85,251.22,-110.63,-110.63,-30.57344,-30.57344,0.10496,-0.49544195319196116,0.000634051051637552,3445.3132545833023,-1454.2381549915688,179.40409241537918
2025-11-18,PE,25910.05,25850.0,28.0,0.07284680270281035,0.1,218.7,218.7,113.67,-105.03,-105.03,-48.02469,-48.02469,0.1069,-0.2859421056269441,0.000540462221680724,2936.7692887647218,-835.8270526385114,-210.45979095576342
2025-11-18,PE,25910.05,25750.0,28.0,0.07284680270281035,0.1,177.7,177.7,87.21,-90.49,-90.49,-50.9229,-50.9229,0.10446,-0.23425660415850375,0.0004875800769243592,2649.4177359373216,-684.0895049921079,-252.82669539928963
2025-11-18,CE,25910.05,26400.0,28.0,0.07284680270281035,0.1,170.95,169.8,165.14,-5.81,-4.66,-3.39865,-2.74441,0.07426,0.381421541050732,0.0006058717840773147,3292.1924549584273,1079.7233876651303,-2050.9666729157857
2025-11-18,CE,25910.05,26200.0,28.0,0.07284680270281035,0.1,253.35,244.0,250.77,-2.58,6.77,-1.01835,2.77459,0.07088,0.5045580468080388,0.000634051051637552,3445.3132545833023,1424.706311619627,-2411.6459275346974
2025-11-18,PE,25910.05,25800.0,28.0,0.07284680270281035,0.1,201.9,206.1,99.79,-102.11,-106.31,-50.57454,-51.58176,0.10841,-0.2594596538827312,0.0005150038647961459,2798.4334021073037,-758.0445325217306,-235.11608737163544
2025-11-18,CE,25910.05,26050.0,28.0,0.07284680270281035,0.1,362.15,362.15,331.14,-31.01,-31.01,-8.56275,-8.56275,0.0821,0.5978862613371145,0.0006149079429224277,3341.2932296660515,1684.4578871775996,-2611.3234774915745
2025-11-18,CE,25910.05,27000.0,28.0,0.07284680270281035,0.1,38.35,37.75,33.03,-5.32,-4.72,-13.87223,-12.50331,0.07567,0.1098673892037107,0.00029861153293402125,1622.5984796207376,312.626457941709,-813.2688130461918
2025-11-18,CE,25910.05,26000.0,28.0,0.07284680270281035,0.1,353.15,346.05,361.0,7.85,14.95,2.22285,4.32018,0.06826,0.6281662159859622,0.0006010812453817006,3266.161575549006,1768.3135529160368,-2662.1646231272675
2025-11-18,CE,25910.05,26500.0,28.0,0.07284680270281035,0.1,138.75,134.0,131.19,-7.56,-2.81,-5.44865,-2.09701,0.07375,0.3236744084332056,0.000571100527089451,3103.2520340421474,917.2475858485573,-1842.8017762380362
2025-11-18,CE,25910.05,26800.0,28.0,0.07284680270281035,0.1,64.65,62.65,60.11,-4.54,-2.54,-7.02243,-4.05427,0.07397,0.17851371731819565,0.00041489840561257605,2254.479308047294,507.24331071573806,-1195.5612217231678
2025-11-18,CE,25910.05,27250.0,28.0,0.07284680270281035,0.1,22.65,22.65,14.26,-8.39,-8.39,-37.04194,-37.04194,0.08063,0.05404946806618876,0.00017439043469254548,947.604573112873,154.01837709768978,-449.25137458817505
2025-11-18,PE,25910.05,26500.0,28.0,0.07284680270281035,0.1,527.2,527.2,428.33,-98.87,-98.87,-18.75379,-18.75379,0.10368,-0.6763255915667944,0.000571100527089451,3103.2520340421474,-1994.6618937391029,777.9167553908583
2025-11-18,PE,25910.05,25900.0,28.0,0.07284680270281035,0.1,235.5,246.85,128.91,-106.59,-117.94,-45.26115,-47.778,0.10993,-0.31359018076399614,0.000563542543054366,3062.1833811209744,-917.1160467414169,-178.41176665227442
2025-11-18,PE,25910.05,25650.0,28.0,0.07284680270281035,0.1,147.45,147.45,65.67,-81.78,-81.78,-55.46287,-55.46287,0.10412,-0.18803976709122772,0.00042857070073445394,2328.771968681359,-548.6435232417168,-269.6169937231028
2025-11-18,PE,25910.05,25400.0,28.0,0.07284680270281035,0.1,97.25,100.0,29.65,-67.6,-70.35,-69.51157,-70.35,0.10842,-0.09878617128504857,0.00027646383186619286,1502.2520692639305,-287.68939021001773,-233.5337192589958
2025-11-18,CE,25910.05,26150.0,28.0,0.07284680270281035,0.1,284.65,282.8,276.01,-8.64,-6.79,-3.03531,-2.40099,0.07482,0.5358932926655007,0.000631524276427562,3431.5832369453733,1512.1121079063646,-2485.8102987058674
2025-11-18,PE,25910.05,25450.0,28.0,0.07284680270281035,0.1,105.2,109.4,35.12,-70.08,-74.28,-66.61597,-67.89762,0.10805,-0.11361769373259617,0.00030586788597718255,1662.0281268943622,-330.9954000074779,-246.93459770204782
2025-11-18,PE,25910.05,25950.0,28.0,0.07284680270281035,0.1,236.55,236.55,145.55,-91.0,-91.0,-38.46967,-38.46967,0.10091,-0.34227085355696085,0.000583862609236821,3172.598769868633,-1001.5343740136508,-138.63060828481048
2025-11-18,PE,25910.05,26100.0,28.0,0.07284680270281035,0.1,316.75,325.2,204.36,-112.39,-120.84,-35.48224,-37.15867,0.10828,-0.43293343233474374,0.000625111060046584,3396.7350345098935,-1269.0766517375014,28.683195546754405
2025-11-18,CE,25910.05,26300.0,28.0,0.07284680270281035,0.1,209.7,206.0,204.92,-4.78,-1.08,-2.27945,-0.52427,0.07316,0.442173996431385,0.0006274195748624523,3409.2790665290368,1250.2039009675402,-2242.7813687029666
2025-11-18,PE,25910.05,25600.0,28.0,0.07284680270281035,0.1,142.55,146.9,56.58,-85.97,-90.32,-60.30866,-61.484,0.10872,-0.16714753882630295,0.00039786026818769665,2161.8972982048044,-487.4868904618727,-269.95467534160326
2025-11-18,PE,25910.05,25300.0,28.0,0.07284680270281035,0.1,65.1,65.1,20.8,-44.3,-44.3,-68.04916,-68.04916,0.10033,-0.0733963307598457,0.00022130922877557383,1202.5524085053573,-213.61139288378442,-201.95918759440028
2025-11-18,CE,25910.05,27450.0,28.0,0.07284680270281035,0.1,12.6,11.6,6.76,-5.84,-4.84,-46.34921,-41.72414,0.08015,0.028198930381478613,0.00010272554582194849,558.1911483162064,80.43113929081866,-255.3690073950431
2025-11-18,CE,25910.05,25700.0,28.0,0.07284680270281035,0.1,544.15,541.0,569.88,25.73,28.88,4.72848,5.33826,0.0605,0.7895739094475882,0.00045862256933157104,2492.0681274610615,2209.779827292033,-2805.728222976861
2025-11-18,CE,25910.05,27200.0,28.0,0.07284680270281035,0.1,26.95,26.95,17.01,-9.94,-9.94,-36.88312,-36.88312,0.08108,0.06286448539580752,0.00019636276697925582,1066.998062747499,179.0904500237291,-510.95469314697186
2025-11-18,PE,25910.05,25550.0,28.0,0.07284680270281035,0.1,127.05,132.65,48.51,-78.54,-84.14,-61.81818,-63.43008,0.10817,-0.1477778431346053,0.00036691295279890553,1993.7354512566792,-430.82666711820946,-265.823638360434
2025-11-18,CE,25910.05,25850.0,28.0,0.07284680270281035,0.1,442.8,442.8,459.35,16.55,16.55,3.73758,3.73758,0.06714,0.7140578943730559,0.000540462221680724,2936.7692887647218,2004.6582321668095,-2766.8965472805526
2025-11-18,CE,25910.05,25800.0,28.0,0.07284680270281035,0.1,500.0,500.0,494.92,-5.08,-5.08,-1.016,-1.016,0.07465,0.7405403461172688,0.0005150038647961459,2798.4334021073037,2076.9465834541797,-2786.608091749955
2025-11-18,PE,25910.05,25500.0,28.0,0.07284680270281035,0.1,118.25,123.0,41.38,-76.87,-81.62,-65.00634,-66.35772,0.10904,-0.12993844511556146,0.00033612677917271963,1826.449218108321,-378.67682057900265,-257.9202977509737
2025-11-18,PE,25910.05,24500.0,28.0,0.07284680270281035,0.1,22.75,22.75,0.53,-22.22,-22.22,-97.67033,-97.67033,0.12393,-0.0027669294457436915,1.3519286517072153e-05,73.46124087245248,-8.024097824911214,-16.859686298206192
2025-11-18,CE,25910.05,26450.0,28.0,0.07284680270281035,0.1,169.0,169.0,147.46,-21.54,-21.54,-12.74556,-12.74556,0.07952,0.3520942776329993,0.000589998003140005,3205.937337610356,997.257941368447,-1948.4724284287386
2025-11-18,CE,25910.05,27150.0,28.0,0.07284680270281035,0.1,34.9,34.9,20.2,-14.7,-14.7,-42.12034,-42.12034,0.08354,0.07278050617930515,0.0002198868475565691,1194.8234585189944,207.28266512850738,-578.2302079790588
2025-11-18,CE,25910.05,27600.0,28.0,0.07284680270281035,0.1,8.1,8.1,3.69,-4.41,-4.41,-54.44444,-54.44444,0.0823,0.01648797702249182,6.527970428849967e-05,354.7175418439539,47.05709689445678,-158.63156174170686
2025-11-18,CE,25910.05,26350.0,28.0,0.07284680270281035,0.1,189.75,184.7,184.28,-5.47,-0.42,-2.88274,-0.2274,0.07297,0.4115036725764386,0.0006184267002772494,3360.4134902868955,1164.199982020632,-2149.359187189132
2025-11-18,PE,25910.05,25700.0,28.0,0.07284680270281035,0.1,170.2,171.85,75.86,-94.34,-95.99,-55.42891,-55.85685,0.10761,-0.2104260905524118,0.00045862256933157104,2492.0681274610615,-614.2229510250561,-264.1257224914806
2025-11-18,PE,25910.05,25200.0,28.0,0.07284680270281035,0.1,68.95,73.25,14.28,-54.67,-58.97,-79.28934,-80.50512,0.11217,-0.05325801731984924,0.00017236459574004244,936.5965481649075,-154.91041710382612,-167.6069124099166
2025-11-19,CE,26052.65,27000.0,27.0,0.0717088058671652,0.1,48.75,50.0,45.49,-3.26,-4.51,-6.68718,-9.02,0.07398,0.1460594866215208,0.0003745481045484707,1953.201852700205,402.82980072747955,-1029.5960855607577
2025-11-19,CE,26052.65,25750.0,27.0,0.0717088058671652,0.1,575.0,575.0,631.99,56.99,56.99,9.9113,9.9113,,0.8329828171341569,0.00040913212207687637,2133.5513626562933,2257.437822492524,-2820.91592986397
2025-11-19,CE,26052.65,26700.0,27.0,0.0717088058671652,0.1,106.4,110.2,105.69,-0.71,-4.51,-0.66729,-4.09256,0.07327,0.28181364810303344,0.0005521964212717411,2879.6062774970237,775.3177245128727,-1687.264471337568
2025-11-19,PE,26052.65,26050.0,27.0,0.0717088058671652,0.1,243.3,242.75,127.82,-115.48,-114.93,-47.46404,-47.34501,0.10815,-0.3182719258256577,0.0005834680466896252,3042.6822508137,-902.105062587549,-176.24179216727566
2025-11-19,CE,26052.65,26450.0,27.0,0.0717088058671652,0.1,190.45,190.45,191.09,0.64,0.64,0.33605,0.33605,0.07152,0.4298825792103158,0.0006422826004478213,3349.3897043322054,1179.481631069079,-2221.6929573778607
2025-11-19,CE,26052.65,26800.0,27.0,0.0717088058671652,0.1,82.35,82.85,81.13,-1.22,-1.72,-1.48148,-2.07604,0.07237,0.23064389119183792,0.0004973286248285396,2593.4804625082306,635.1165897650777,-1460.6606231434193
2025-11-19,CE,26052.65,27200.0,27.0,0.0717088058671652,0.1,27.85,26.1,23.83,-4.02,-2.27,-14.43447,-8.69732,0.07337,0.08567115837529432,0.00025596871747800444,1334.8314065400202,236.58550873696058,-667.5025837403724
2025-11-19,PE,26052.65,24850.0,27.0,0.0717088058671652,0.1,35.1,35.1,1.31,-33.79,-33.79,-96.26781,-96.26781,0.12377,-0.006537477438066631,2.999903321356196e-05,156.43963095896927,-18.388350633542938,-35.18866866507585
2025-11-19,PE,26052.65,25750.0,27.0,0.0717088058671652,0.1,147.35,147.35,54.92,-92.43,-92.43,-62.7282,-62.7282,0.10872,-0.1670171828658431,0.00040913212207687637,2133.5513626562933,-472.0885927773942,-273.35794227871315
2025-11-19,PE,26052.65,26250.0,27.0,0.0717088058671652,0.1,332.95,332.95,204.58,-128.37,-128.37,-38.55534,-38.55534,0.10973,-0.4416863351705432,0.000645403279124875,3365.663489460691,-1254.823075806948,44.87889178008663
2025-11-19,CE,26052.65,25500.0,27.0,0.0717088058671652,0.1,668.05,668.05,847.97,179.92,179.92,26.93212,26.93212,,0.916463076812262,0.0002511706723969004,1309.810453482337,2467.319904100149,-2741.1483136406987
2025-11-19,PE,26052.65,24600.0,27.0,0.0717088058671652,0.1,21.8,21.8,0.32,-21.48,-21.48,-98.53211,-98.53211,0.12649,-0.0017927470694269537,9.386852527572642e-06,48.950769007311344,-5.038404299082863,-11.678428215893433
2025-11-19,CE,26052.65,26050.0,27.0,0.0717088058671652,0.1,390.4,389.75,408.09,17.69,18.34,4.53125,4.70558,0.06562,0.6817280741743423,0.0005834680466896252,3042.6822508137,1859.2216604330863,-2753.480066986536
2025-11-19,CE,26052.65,25800.0,27.0,0.0717088058671652,0.1,555.0,555.0,591.62,36.62,36.62,6.5982,6.5982,0.05372,0.8114830092665133,0.0004416244521049073,2302.993093741288,2201.7500881251735,-2825.642877388571
2025-11-19,CE,26052.65,25600.0,27.0,0.0717088058671652,0.1,604.9,604.9,759.08,154.18,154.18,25.48851,25.48851,,0.8878019568459723,0.0003118798864657652,1626.398224065848,2396.841180951104,-2781.311449944818
2025-11-19,CE,26052.65,26600.0,27.0,0.0717088058671652,0.1,136.25,139.3,135.51,-0.74,-3.79,-0.54312,-2.72075,0.07292,0.3381202731773395,0.000597910305444619,3117.996065554362,929.2950969516417,-1910.7517050988379
2025-11-19,CE,26052.65,25950.0,27.0,0.0717088058671652,0.1,457.0,457.0,477.55,20.55,20.55,4.49672,4.49672,0.06414,0.7377410256712147,0.0005327939508892776,2778.4258399570326,2008.1317534594853,-2804.0317660398932
2025-11-19,PE,26052.65,24700.0,27.0,0.0717088058671652,0.1,24.75,25.5,0.57,-24.18,-24.93,-97.69697,-97.76471,0.12443,-0.0030750937598484182,1.5298480553576903e-05,79.77885937179407,-8.64505205230516,-18.628569533162505
2025-11-19,PE,26052.65,25600.0,27.0,0.0717088058671652,0.1,111.5,112.7,33.6,-77.9,-79.1,-69.86547,-70.18634,0.10936,-0.1121980431540277,0.0003118798864657652,1626.398224065848,-316.78508044345523,-248.59360597656246
2025-11-19,PE,26052.65,25350.0,27.0,0.0717088058671652,0.1,73.0,73.0,13.26,-59.74,-59.74,-81.83562,-81.83562,0.11222,-0.05123275516737948,0.00017196027994482944,896.7423230828847,-144.42948017765764,-165.2859839086857
2025-11-19,PE,26052.65,25300.0,27.0,0.0717088058671652,0.1,65.1,66.75,10.82,-54.28,-55.93,-83.37942,-83.79026,0.1128,-0.042977688282949025,0.00014936111211889504,778.8916760470094,-121.1250497284177,-147.59911620310453
2025-11-19,CE,26052.65,26200.0,27.0,0.0717088058671652,0.1,302.2,302.7,314.93,12.73,12.23,4.21244,4.0403,0.06801,0.590146616104301,0.0006356580984924333,3314.8441030186477,1613.5661521302347,-2615.2781325502
2025-11-19,CE,26052.65,26550.0,27.0,0.0717088058671652,0.1,153.5,153.45,152.54,-0.96,-0.91,-0.62541,-0.59303,0.07199,0.36789206704681754,0.0006162801935097274,3213.7917696760524,1010.5742223630158,-2018.669401381717
2025-11-19,PE,26052.65,26000.0,27.0,0.0717088058671652,0.1,224.1,221.0,112.38,-111.72,-108.62,-49.85274,-49.14932,0.10716,-0.28965673424105964,0.0005594544816050346,2917.4557732436083,-820.5756236027,-210.4300097621226
2025-11-19,PE,26052.65,24650.0,27.0,0.0717088058671652,0.1,23.75,24.75,0.43,-23.32,-24.32,-98.18947,-98.26263,0.12675,-0.002356705716003889,1.2031322042751418e-05,62.74120792218233,-6.624387117313728,-14.813025151402217
2025-11-19,CE,26052.65,26300.0,27.0,0.0717088058671652,0.1,252.7,256.95,260.62,7.92,3.67,3.13415,1.42829,0.07063,0.5261608793364518,0.000650981954549186,3394.755291133304,1440.7785880944966,-2480.751306867444
2025-11-19,CE,26052.65,26400.0,27.0,0.0717088058671652,0.1,211.6,214.65,212.68,1.08,-1.97,0.5104,-0.91777,0.07229,0.461736115142694,0.0006493820668576673,3386.4121609312333,1266.0826125509168,-2314.90977547484
2025-11-19,CE,26052.65,25700.0,27.0,0.0717088058671652,0.1,635.95,635.35,673.41,37.46,38.06,5.8904,5.9904,0.04617,0.852870756648765,0.00037638694895478426,1962.7910997358265,2308.5140906433307,-2811.44371226797
2025-11-19,PE,26052.65,25900.0,27.0,0.0717088058671652,0.1,189.25,188.8,85.65,-103.6,-103.15,-54.7424,-54.63453,0.10778,-0.23620492952613104,0.0005039455764401868,2627.986690119975,-668.5086868699839,-255.4909000434492
2025-11-19,CE,26052.65,27700.0,27.0,0.0717088058671652,0.1,10.1,10.0,3.47,-6.63,-6.53,-65.64356,-65.3,0.08481,0.01601860712389949,6.552179762998777e-05,341.68453923273916,44.34142391444119,-155.72701701452246
2025-11-19,CE,26052.65,27450.0,27.0,0.0717088058671652,0.1,15.3,15.0,9.62,-5.68,-5.38,-37.12418,-35.86667,0.0782,0.03939999337846675,0.00013919768183370818,725.891191938973,108.9484890789668,-344.5982791030749
2025-11-19,CE,26052.65,25900.0,27.0,0.0717088058671652,0.1,486.8,488.75,514.32,27.52,25.57,5.65325,5.23171,0.06157,0.763795070473869,0.0005039455764401868,2627.986690119975,2076.917882275293,-2817.8890312457074
2025-11-19,CE,26052.65,26500.0,27.0,0.0717088058671652,0.1,168.95,169.85,171.05,2.1,1.2,1.24297,0.70651,0.07134,0.39853800423160024,0.000631170712062,3291.4431796572276,1094.1345158480688,-2122.6443614248083
2025-11-19,CE,26052.65,26000.0,27.0,0.0717088058671652,0.1,418.1,423.0,442.11,24.01,19.11,5.74265,4.51773,0.06506,0.7103432657589404,0.0005594544816050346,2917.4557732436083,1935.451048126149,-2782.7215700423817
2025-11-19,PE,26052.65,25700.0,27.0,0.0717088058671652,0.1,134.0,133.4,46.87,-87.13,-86.53,-65.02239,-64.86507,0.10833,-0.14712924335123506,0.00037638694895478426,1962.7910997358265,-415.7122733348013,-268.83243922171386
2025-11-19,CE,26052.65,26350.0,27.0,0.0717088058671652,0.1,226.9,226.85,235.85,8.95,9.0,3.94447,3.96738,0.06906,0.49389809663988327,0.0006523088256688939,3401.674688395859,1353.3752703060957,-2401.4903916016883
2025-11-19,CE,26052.65,26950.0,27.0,0.0717088058671652,0.1,56.8,56.6,52.9,-3.9,-3.7,-6.8662,-6.5371,0.07344,0.1649002187327907,0.0004057732266346718,2116.0353194002496,454.62693721880186,-1132.4308490632563
2025-11-19,PE,26052.65,25800.0,27.0,0.0717088058671652,0.1,160.0,159.9,64.01,-95.99,-95.89,-59.99375,-59.96873,0.10827,-0.18851699073348677,0.0004416244521049073,2302.993093741288,-533.0763784365303,-273.13817526431416
2025-11-19,PE,26052.65,26500.0,27.0,0.0717088058671652,0.1,465.0,473.0,335.99,-129.01,-137.01,-27.74409,-28.96617,0.11279,-0.6014619957683998,0.000631170712062,3291.4431796572276,-1714.892668798643,499.11434424545587
2025-11-19,PE,26052.65,24000.0,27.0,0.0717088058671652,0.1,11.35,11.35,0.01,-11.34,-11.34,-99.91189,-99.91189,0.1451,-3.677618163285121e-05,2.520912981191674e-07,1.3146113531385857,-0.10320583623419813,-0.34359753430868406
2025-11-19,PE,26052.65,25950.0,27.0,0.0717088058671652,0.1,203.2,203.2,98.34,-104.86,-104.86,-51.60433,-51.60433,0.10708,-0.26225897432878525,0.0005327939508892776,2778.4258399570326,-742.5948669775776,-236.68692029863416
2025-11-19,CE,26052.65,26100.0,27.0,0.0717088058671652,0.1,360.25,362.05,375.52,15.27,13.47,4.23872,3.72048,0.06742,0.652043085207559,0.0006044121001201226,3151.9017701937682,1779.8498423605831,-2715.9490429088078
2025-11-19,CE,26052.65,27600.0,27.0,0.0717088058671652,0.1,10.9,9.6,5.29,-5.61,-4.31,-51.46789,-44.89583,0.07925,0.023302946665056896,9.009415200567364e-05,469.8250037256908,64.47974548933803,-217.40384904734228
2025-11-19,PE,26052.65,26200.0,27.0,0.0717088058671652,0.1,305.15,302.15,183.07,-122.08,-119.08,-40.00655,-39.41089,0.10736,-0.409853383895699,0.0006356580984924333,3314.8441030186477,-1163.6607247657591,-23.19971411393908
2025-11-19,PE,26052.65,26100.0,27.0,0.0717088058671652,0.1,262.3,263.3,144.72,-117.58,-118.58,-44.82653,-45.03608,0.10843,-0.34795691479244095,0.0006044121001201226,3151.9017701937682,-986.7769319518383,-133.7640535505475
2025-11-19,PE,26052.65,25850.0,27.0,0.0717088058671652,0.1,177.3,177.3,74.23,-103.07,-103.07,-58.13311,-58.13311,0.10918,-0.2115978592670874,0.0004733917317347819,2468.6538157548657,-598.5980647141467,-267.42148666040714
2025-11-19,PE,26052.65,25650.0,27.0,0.0717088058671652,0.1,121.9,124.95,39.8,-82.1,-85.15,-67.35029,-68.14726,0.10973,-0.12886085459869856,0.00034383367318080335,1793.0315474084919,-363.96029811354066,-260.3257604458479
2025-11-19,PE,26052.65,25200.0,27.0,0.0717088058671652,0.1,53.65,53.0,7.07,-46.58,-45.93,-86.82199,-86.66038,0.11236,-0.029657083917279004,0.00011021201770682308,574.736100812217,-83.540999406842,-114.3587181175897
2025-11-19,PE,26052.65,26300.0,27.0,0.0717088058671652,0.1,351.0,351.0,227.69,-123.31,-123.31,-35.13105,-35.13105,0.10802,-0.4738391206635482,0.000650981954549186,3394.755291133304,-1347.0483913850696,121.22054064681834
2025-11-19,CE,26052.65,27300.0,27.0,0.0717088058671652,0.1,21.35,21.35,16.8,-4.55,-4.55,-21.31148,-21.31148,0.07572,0.06372352148109689,0.0002041736308618083,1064.729227645053,176.07486998466058,-520.6386989217306
2025-11-19,CE,26052.65,27150.0,27.0,0.0717088058671652,0.1,30.0,30.0,28.19,-1.81,-1.81,-6.03333,-6.03333,0.07291,0.09860938618416915,0.00028406679024911254,1481.3578663655064,272.23317211802845,-749.8075110521702
2025-11-19,PE,26052.65,25450.0,27.0,0.0717088058671652,0.1,82.1,83.05,19.57,-62.53,-63.48,-76.16322,-76.43588,0.10917,-0.0714214786936501,0.00022298485239587772,1162.826407435062,-201.45939837150001,-201.10072935714544
2025-11-19,PE,26052.65,26150.0,27.0,0.0717088058671652,0.1,281.05,281.05,163.12,-117.93,-117.93,-41.96051,-41.96051,0.10754,-0.37854501949342745,0.0006219131830215124,3243.1668096697076,-1074.130947846954,-82.77467137355632
2025-11-19,CE,26052.65,26250.0,27.0,0.0717088058671652,0.1,277.9,277.9,286.98,9.08,9.08,3.26736,3.26736,0.06901,0.5583136648294569,0.000645403279124875,3365.663489460691,1527.7038523808321,-2552.146241195175
2025-11-19,PE,26052.65,25000.0,27.0,0.0717088058671652,0.1,38.1,39.0,2.8,-35.3,-36.2,-92.65092,-92.82051,0.11686,-0.013029551797423575,5.4849256911182435e-05,286.0291346215771,-36.67021629261995,-61.491567332570405
2025-11-19,PE,26052.65,25550.0,27.0,0.0717088058671652,0.1,101.3,100.4,28.22,-73.08,-72.18,-72.14215,-71.89243,0.1086,-0.0971071095761587,0.0002808882338801393,1464.7822593516225,-274.08406884894936,-234.3645402173753
2025-11-19,PE,26052.65,24950.0,27.0,0.0717088058671652,0.1,46.35,46.35,2.19,-44.16,-44.16,-95.27508,-95.27508,0.1257,-0.010426863661871769,4.52022751870198e-05,235.72183804797757,-29.33934986354928,-51.49882056911164
2025-11-19,CE,26052.65,25850.0,27.0,0.0717088058671652,0.1,505.1,505.1,552.37,47.27,47.27,9.35854,9.35854,0.04986,0.7884021407329126,0.0004733917317347819,2468.6538157548657,2141.5284531393436,-2824.872903323665
2025-11-19,PE,26052.65,24800.0,27.0,0.0717088058671652,0.1,28.55,29.0,1.0,-27.55,-28.0,-96.49737,-96.55172,0.12159,-0.00512131173395738,2.4155995764464592e-05,125.96922827269236,-14.40245187215389,-28.712191951390906
2025-11-19,PE,26052.65,24900.0,27.0,0.0717088058671652,0.1,31.85,31.85,1.7,-30.15,-30.15,-94.66248,-94.66248,0.11772,-0.008285604849518553,3.6966845814932516e-05,192.77553632597557,-23.309730880787743,-42.75486755950894
2025-11-19,PE,26052.65,25500.0,27.0,0.0717088058671652,0.1,91.35,92.0,23.57,-67.78,-68.43,-74.19814,-74.38043,0.10916,-0.08353692318773798,0.0002511706723969004,1309.810453482337,-235.7062547108378,-218.32389875044453
2025-11-19,CE,26052.65,26150.0,27.0,0.0717088058671652,0.1,330.3,332.65,344.45,14.15,11.8,4.28398,3.54727,0.06806,0.6214549805065726,0.0006219131830215124,3243.1668096697076,1697.7958777572537,-2669.906375270817
2025-11-19,CE,26052.65,27500.0,27.0,0.0717088058671652,0.1,11.85,11.85,7.92,-3.93,-3.93,-33.16456,-33.16456,0.07721,0.03323631327289522,0.00012109955937912956,631.5126972158646,91.92588835346231,-297.127595697309
2025-11-19,PE,26052.65,24750.0,27.0,0.0717088058671652,0.1,26.85,26.85,0.76,-26.09,-26.09,-97.16946,-97.16946,0.12268,-0.003982971281081771,1.929946939786177e-05,100.64330569628146,-11.199225860644004,-23.226775123419507
2025-11-19,PE,26052.65,24500.0,27.0,0.0717088058671652,0.1,19.1,19.25,0.17,-18.93,-19.08,-99.10995,-99.11688,0.12935,-0.0010142175269655352,5.577956954947008e-06,29.08805498246641,-2.8495714001625134,-7.074458569540176
2025-11-19,PE,26052.65,26400.0,27.0,0.0717088058671652,0.1,428.85,428.85,278.68,-150.17,-150.17,-35.01691,-35.01691,0.11596,-0.5382638848573059,0.0006493820668576673,3386.4121609312333,-1532.3444695122223,296.9555011174232
2025-11-19,PE,26052.65,25400.0,27.0,0.0717088058671652,0.1,76.25,73.75,16.16,-60.09,-57.59,-78.80656,-78.08814,0.10867,-0.06068260947722214,0.00019653258674446976,1024.8825394752073,-171.11767878954794,-183.25798074250494
2025-11-20,CE,26192.15,27500.0,26.0,0.07267102999445402,0.1,15.55,17.0,13.0,-2.55,-4.0,-16.39871,-23.52941,0.07687,0.051153338012116065,0.00017178261502122025,883.5998449323209,136.89345504581095,-443.86311662538697
2025-11-20,PE,26192.15,25000.0,26.0,0.07267102999445402,0.1,29.95,29.0,1.44,-28.51,-27.56,-95.19199,-95.03448,0.11876,-0.0071558677285423165,3.249859360181381e-05,167.16332012720815,-19.486560038135607,-39.983767271424114
2025-11-20,PE,26192.15,24500.0,26.0,0.07267102999445402,0.1,15.3,15.0,0.07,-15.23,-14.93,-99.54248,-99.53333,0.13271,-0.00045849120525993296,2.6825836648182118e-06,13.798430708244506,-1.246642298752079,-3.6511781433741097
2025-11-20,CE,26192.15,27800.0,26.0,0.07267102999445402,0.1,9.4,9.25,3.94,-5.46,-5.31,-58.08511,-57.40541,0.08331,0.01792653030351057,7.21534994604343e-05,371.13663059960084,48.03755215217897,-177.26451335547222
2025-11-20,PE,26192.15,26500.0,26.0,0.07267102999445402,0.1,363.55,360.0,262.41,-101.14,-97.59,-27.82011,-27.10833,0.10177,-0.5187090739675299,0.0006517983773906195,3352.661415233116,-1428.8152481174889,204.1281965706255
2025-11-20,CE,26192.15,25750.0,26.0,0.07267102999445402,0.1,710.0,710.0,742.33,32.33,32.33,4.55352,4.55352,0.04371,0.8816023659638741,0.000324099252239769,1667.0723576210864,2305.8217265937697,-2821.974559169904
2025-11-20,CE,26192.15,26250.0,26.0,0.07267102999445402,0.1,355.15,365.2,363.23,8.08,-1.97,2.2751,-0.53943,0.0733,0.6402616012030231,0.0006117590237213553,3146.7106169583203,1692.7438454626017,-2748.8522042650784
2025-11-20,PE,26192.15,26000.0,26.0,0.07267102999445402,0.1,162.1,157.2,78.47,-83.63,-78.73,-51.59161,-50.0827,0.1017,-0.220912204085997,0.00048544498642174124,2496.9879208814964,-605.0812340948148,-292.9133498721502
2025-11-20,PE,26192.15,25350.0,26.0,0.07267102999445402,0.1,52.0,52.0,7.68,-44.32,-44.32,-85.23077,-85.23077,0.11185,-0.03188832584766776,0.00011705728596227254,602.1086575709974,-86.96608402843398,-127.75740684925097
2025-11-20,CE,26192.15,26350.0,26.0,0.07267102999445402,0.1,295.1,296.05,303.82,8.72,7.77,2.95493,2.62456,0.07031,0.5777994610168329,0.0006400685873177653,3292.326784233452,1530.0780222704786,-2642.47385579909
2025-11-20,CE,26192.15,26400.0,26.0,0.07267102999445402,0.1,270.15,277.0,276.48,6.33,-0.52,2.34314,-0.18773,0.07283,0.5457985705606668,0.0006482115444414659,3334.2117890164072,1446.4214711961597,-2576.142203654034
2025-11-20,CE,26192.15,26500.0,26.0,0.07267102999445402,0.1,221.6,229.85,226.57,4.97,-3.28,2.24278,-1.42702,0.07365,0.48129092603247015,0.0006517983773906195,3352.661415233116,1277.2475140486424,-2418.6710959903944
2025-11-20,PE,26192.15,26250.0,26.0,0.07267102999445402,0.1,247.25,246.35,151.64,-95.61,-94.71,-38.66936,-38.4453,0.10225,-0.35973839879697694,0.0006117590237213553,3146.7106169583203,-987.7900227208303,-150.7963012565209
2025-11-20,CE,26192.15,26000.0,26.0,0.07267102999445402,0.1,514.5,525.1,537.49,22.99,12.39,4.46842,2.35955,0.0676,0.779087795914003,0.00048544498642174124,2496.9879208814964,2049.9237401059177,-2866.2258633282454
2025-11-20,PE,26192.15,24600.0,26.0,0.07267102999445402,0.1,18.0,18.0,0.14,-17.86,-17.86,-99.22222,-99.22222,0.13127,-0.0008437894419322521,4.711474622526528e-06,24.234456119746138,-2.294872255859346,-6.310508576426566
2025-11-20,CE,26192.15,26050.0,26.0,0.07267102999445402,0.1,491.55,491.55,499.91,8.36,8.36,1.70074,1.70074,0.06948,0.753898777866749,0.0005154198033114583,2651.1696671097566,1985.73121091843,-2858.3074440541664
2025-11-20,PE,26192.15,25050.0,26.0,0.07267102999445402,0.1,31.15,31.65,1.87,-29.28,-29.78,-93.99679,-94.09163,0.11787,-0.009045572994365356,3.9932279007399e-05,205.40003733423956,-24.63713574977855,-48.45768637026427
2025-11-20,CE,26192.15,26550.0,26.0,0.07267102999445402,0.1,200.0,200.0,204.0,4.0,4.0,2.0,2.0,0.07147,0.4492056792176177,0.0006472199026405224,3329.1110718021896,1192.8695086674559,-2328.595494930747
2025-11-20,PE,26192.15,25600.0,26.0,0.07267102999445402,0.1,77.75,76.0,21.02,-56.73,-54.98,-72.96463,-72.34211,0.10567,-0.07588324254417121,0.00023360531533174562,1201.5978472384888,-207.23274335505158,-222.3163603997343
2025-11-20,PE,26192.15,26350.0,26.0,0.07267102999445402,0.1,289.8,289.8,191.21,-98.59,-98.59,-34.02001,-34.02001,0.10247,-0.4222005389831671,0.0006400685873177653,3292.326784233452,-1160.667403506033,-34.52059696954757
2025-11-20,PE,26192.15,24800.0,26.0,0.07267102999445402,0.1,21.8,21.1,0.48,-21.32,-20.62,-97.79817,-97.72512,0.12313,-0.0026075125859328827,1.3186247168344311e-05,67.82622299555167,-7.095848571941491,-17.009184737993365
2025-11-20,CE,26192.15,25700.0,26.0,0.07267102999445402,0.1,770.0,770.0,786.13,16.13,16.13,2.09481,2.09481,0.06011,0.8972973115084628,0.00029267909112240217,1505.4561807592756,2343.7159783654474,-2801.7856582495488
2025-11-20,PE,26192.15,25700.0,26.0,0.07267102999445402,0.1,97.2,93.55,30.18,-67.02,-63.37,-68.95062,-67.73918,0.10541,-0.10270268849153713,0.00029267909112240217,1505.4561807592756,-280.65432305604594,-258.16521225640867
2025-11-20,CE,26192.15,26800.0,26.0,0.07267102999445402,0.1,111.5,117.85,114.12,2.62,-3.73,2.34978,-3.16504,0.07395,0.2983425397262027,0.0005672632167850419,2917.837118297188,794.4562103136923,-1797.6006662110015
2025-11-20,CE,26192.15,27300.0,26.0,0.07267102999445402,0.1,29.4,29.4,26.36,-3.04,-3.04,-10.34014,-10.34014,0.07479,0.09323932474587143,0.00027265990137548697,1402.4832870595267,249.24710771673102,-735.4975056561601
2025-11-20,PE,26192.15,26300.0,26.0,0.07267102999445402,0.1,265.15,258.9,170.65,-94.5,-88.25,-35.6402,-34.08652,0.09974,-0.3906461979936179,0.0006278461028258875,3229.4578763385707,-1073.274850015685,-97.0832917098162
2025-11-20,PE,26192.15,25650.0,26.0,0.07267102999445402,0.1,89.25,89.25,25.26,-63.99,-63.99,-71.69748,-71.69748,0.10776,-0.08855147602115576,0.00026242141200957954,1349.8194734661695,-241.90445467022704,-240.91142092974627
2025-11-20,PE,26192.15,24700.0,26.0,0.07267102999445402,0.1,20.8,20.8,0.26,-20.54,-20.54,-98.75,-98.75,0.12889,-0.0015058800811381004,8.00983842863392e-06,41.20028090502404,-4.096725702341946,-10.539035974193403
2025-11-20,CE,26192.15,25900.0,26.0,0.07267102999445402,0.1,588.35,588.35,616.27,27.92,27.92,4.74547,4.74547,0.05842,0.8249006771404018,0.0004217729465970456,2169.4774536047244,2165.598722291948,-2863.000619260014
2025-11-20,PE,26192.15,24650.0,26.0,0.07267102999445402,0.1,19.0,19.0,0.19,-18.81,-18.81,-99.0,-99.0,0.12962,-0.0011315311238657452,6.168035731495256e-06,31.726583130737517,-3.0778741220493875,-8.19013884184967
2025-11-20,CE,26192.15,26700.0,26.0,0.07267102999445402,0.1,142.9,149.0,145.64,2.74,-3.36,1.91742,-2.25503,0.07374,0.3560553770575502,0.000609565758367963,3135.4290974290398,947.1652858568021,-2022.2414543719178
2025-11-20,CE,26192.15,26450.0,26.0,0.07267102999445402,0.1,255.0,255.0,250.72,-4.28,-4.28,-1.67843,-1.67843,0.07395,0.5135587005262265,0.0006521391543778966,3354.4142730125677,1361.9546250382784,-2501.3891470077947
2025-11-20,CE,26192.15,27200.0,26.0,0.07267102999445402,0.1,37.7,39.95,36.55,-1.15,-3.4,-3.0504,-8.51064,0.07463,0.12224120271236988,0.0003314760075436695,1705.0162429311624,326.56880231988936,-916.9846123606737
2025-11-20,CE,26192.15,26150.0,26.0,0.07267102999445402,0.1,420.3,420.25,428.72,8.42,8.47,2.00333,2.01547,0.06976,0.6993983328672453,0.0005692065255742391,2927.8329339073894,1845.796066711193,-2820.1118802277915
2025-11-20,PE,26192.15,24000.0,26.0,0.07267102999445402,0.1,10.55,10.45,0.0,-10.55,-10.45,-100.0,-100.0,0.15236,-1.3454153738006258e-05,9.7152708833481e-08,0.49972529786797365,-0.0365428362011558,-0.1405723112936576
2025-11-20,PE,26192.15,26200.0,26.0,0.07267102999445402,0.1,228.3,223.15,134.16,-94.14,-88.99,-41.23522,-39.87901,0.10114,-0.3296656935245827,0.0005920951427347983,3045.565328255252,-904.7189447579112,-195.69050486091032
2025-11-20,CE,26192.15,25850.0,26.0,0.07267102999445402,0.1,646.55,646.55,657.32,10.77,10.77,1.66576,1.66576,0.06706,0.8454202464535969,0.0003890485825691049,2001.1528360232228,2216.8151272518317,-2853.3614140685613
2025-11-20,PE,26192.15,25550.0,26.0,0.07267102999445402,0.1,73.75,72.3,17.39,-56.36,-54.91,-76.42034,-75.94744,0.10787,-0.06462400476228712,0.00020645428743541123,1061.9408508888257,-176.43176006391369,-202.98591962409182
2025-11-20,PE,26192.15,26100.0,26.0,0.07267102999445402,0.1,193.7,189.4,103.58,-90.12,-85.82,-46.52555,-45.31151,0.10185,-0.2727018583596134,0.0005434989481157661,2795.6006270870143,-747.6269118244129,-259.9176202689504
2025-11-20,CE,26192.15,27000.0,26.0,0.07267102999445402,0.1,68.55,69.15,66.78,-1.77,-2.37,-2.58206,-3.42733,0.07368,0.1983052983346989,0.000455568689016436,2343.3129302474404,529.0036993762099,-1337.9828737912057
2025-11-20,PE,26192.15,25500.0,26.0,0.07267102999445402,0.1,65.35,62.1,14.3,-51.05,-47.8,-78.11783,-76.97262,0.10643,-0.054689315783320425,0.00018113590607999355,931.7104557069797,-149.2661901163597,-183.45173756323484
2025-11-20,PE,26192.15,25450.0,26.0,0.07267102999445402,0.1,59.95,58.8,11.7,-48.25,-47.1,-80.48374,-80.10204,0.10842,-0.045987024631989774,0.00015776339215156255,811.4890370244837,-125.4803408065812,-164.16673748253993
2025-11-20,PE,26192.15,25800.0,26.0,0.07267102999445402,0.1,113.0,111.65,42.39,-70.61,-69.26,-62.48673,-62.03314,0.10415,-0.13568116451270573,0.0003563495000230057,1832.9582590365278,-371.0338257260769,-285.9046589981578
2025-11-20,CE,26192.15,25950.0,26.0,0.07267102999445402,0.1,548.4,549.4,576.3,27.9,26.9,5.08753,4.89625,0.0603,0.8027765278749359,0.0004540653025594497,2335.5799472555213,2109.934913145156,-2867.546686993877
2025-11-20,PE,26192.15,25950.0,26.0,0.07267102999445402,0.1,147.6,147.6,67.79,-79.81,-79.81,-54.07182,-54.07182,0.1034,-0.19722347212506403,0.0004540653025594497,2335.5799472555213,-539.9642822590372,-299.18285144827416
2025-11-20,PE,26192.15,25300.0,26.0,0.07267102999445402,0.1,47.95,47.95,6.16,-41.79,-41.79,-87.15328,-87.15328,0.1129,-0.02629215572556526,9.971293347629485e-05,512.8943493293382,-71.68697815479828,-111.14733814059505
2025-11-20,CE,26192.15,26100.0,26.0,0.07267102999445402,0.1,445.4,446.35,463.63,18.23,17.28,4.09295,3.8714,0.06639,0.7272981416403865,0.0005434989481157661,2795.6006270870143,1917.5896199693996,-2843.1274895460306
2025-11-20,PE,26192.15,25400.0,26.0,0.07267102999445402,0.1,56.85,55.95,9.51,-47.34,-46.44,-83.27177,-83.00268,0.11054,-0.03841994056029865,0.00013639876190202685,701.5955884168108,-104.80537770713352,-145.50382354064942
2025-11-20,CE,26192.15,27700.0,26.0,0.07267102999445402,0.1,11.55,11.5,5.97,-5.58,-5.53,-48.31169,-48.08696,0.08148,0.025935040253983757,9.857903726033858e-05,507.06191674898344,69.46974158849305,-245.90673730499907
2025-11-20,CE,26192.15,26200.0,26.0,0.07267102999445402,0.1,385.2,393.65,395.24,10.04,1.59,2.60644,0.40391,0.07215,0.6703343064754173,0.0005920951427347983,3045.565328255252,1770.709144628981,-2788.797729958975
2025-11-20,CE,26192.15,27450.0,26.0,0.07267102999445402,0.1,19.3,19.05,15.62,-3.68,-3.43,-19.06736,-18.00525,0.07592,0.05987664408159146,0.00019452552967276707,1000.5827879206635,160.19711897343123,-507.64821169376944
2025-11-20,PE,26192.15,26400.0,26.0,0.07267102999445402,0.1,318.1,313.55,213.35,-104.75,-100.2,-32.9299,-31.95663,0.10268,-0.4542014294393332,0.0006482115444414659,3334.2117890164072,-1249.4297333768927,36.75973308600123
2025-11-20,CE,26192.15,26600.0,26.0,0.07267102999445402,0.1,181.4,185.1,183.01,1.61,-2.09,0.88754,-1.12912,0.07331,0.4175086606644029,0.0006385163711272796,3284.3426352842407,1109.3782508910958,-2231.906875181426
2025-11-20,CE,26192.15,25800.0,26.0,0.07267102999445402,0.1,666.2,666.2,699.36,33.16,33.16,4.97748,4.97748,0.04908,0.8643188354872943,0.0003563495000230057,1832.9582590365278,2263.5480332884968,-2839.4224608122827
2025-11-20,CE,26192.15,27600.0,26.0,0.07267102999445402,0.1,12.9,13.25,8.89,-4.01,-4.36,-31.08527,-32.90566,0.07838,0.03678546652909327,0.00013164219656175172,677.1291987500895,98.49034350490957,-333.92784121912524
2025-11-20,CE,26192.15,27150.0,26.0,0.07267102999445402,0.1,42.45,42.4,42.77,0.32,0.37,0.75383,0.87264,0.07247,0.1389535331551241,0.00036219672137545943,1863.0346662426637,371.0903938849729,-1015.7864456890798
2025-11-20,PE,26192.15,25900.0,26.0,0.07267102999445402,0.1,136.0,133.0,58.27,-77.73,-74.73,-57.15441,-56.18797,0.103,-0.17509932285959817,0.0004217729465970456,2169.4774536047244,-479.1946943157056,-299.58546162490404
2025-11-20,CE,26192.15,26950.0,26.0,0.07267102999445402,0.1,74.15,75.0,76.82,2.67,1.82,3.60081,2.42667,0.07194,0.2211596322912316,0.00048575607698593754,2498.588080328654,589.7282156191246,-1451.5229680423042
2025-11-20,PE,26192.15,25850.0,26.0,0.07267102999445402,0.1,123.5,123.5,49.83,-73.67,-73.67,-59.65182,-59.65182,0.10418,-0.15457975354640302,0.0003890485825691049,2001.1528360232228,-422.87251055928175,-294.8949343439432
2025-11-20,PE,26192.15,26050.0,26.0,0.07267102999445402,0.1,174.9,173.0,90.37,-84.53,-82.63,-48.33047,-47.76301,0.10185,-0.24610122213325109,0.0005154198033114583,2651.1696671097566,-674.3795420788429,-280.046252687579
2025-11-20,PE,26192.15,24900.0,26.0,0.07267102999445402,0.1,25.05,22.15,0.84,-24.21,-21.31,-96.64671,-96.20767,0.11815,-0.004383007778340168,2.102877713142417e-05,108.1659177801399,-11.931414350936949,-26.529037266693898
2025-11-20,CE,26192.15,26300.0,26.0,0.07267102999445402,0.1,328.15,332.0,332.75,4.6,0.75,1.4018,0.2259,0.07244,0.6093538020063821,0.0006278461028258875,3229.4578763385707,1612.364796964287,-2700.0878726288665
2025-11-20,PE,26192.15,25200.0,26.0,0.07267102999445402,0.1,39.4,37.8,3.9,-35.5,-33.9,-90.10152,-89.68254,0.11278,-0.017516198632850533,7.074190000164816e-05,363.8757732495371,-47.73736760491522,-81.87942183066312
2025-11-20,PE,26192.15,26150.0,26.0,0.07267102999445402,0.1,208.55,207.15,118.16,-90.39,-88.99,-43.34212,-42.95921,0.10194,-0.3006016671327547,0.0005692065255742391,2927.8329339073894,-824.5262438791598,-231.9533330402188
2025-11-20,PE,26192.15,25750.0,26.0,0.07267102999445402,0.1,105.75,106.95,35.87,-69.88,-71.08,-66.08038,-66.46096,0.10674,-0.11839763403612585,0.000324099252239769,1667.0723576210864,-323.6543536242639,-273.4054352662711
2025-11-21,PE,26068.15,25400.0,25.0,0.07400951976003789,0.1,73.4,74.85,15.98,-57.42,-58.87,-78.22888,-78.65063,0.11306,-0.06043872327315464,0.00019715363149559362,983.6764127092982,-157.8872166911204,-207.7688368509663
2025-11-21,PE,26068.15,26250.0,25.0,0.07400951976003789,0.1,317.75,330.1,205.38,-112.37,-124.72,-35.36428,-37.78249,0.11235,-0.44471824157798356,0.0006501985378535259,3244.0942650294623,-1170.4725226056933,-30.236744613524024
2025-11-21,CE,26068.15,26050.0,25.0,0.07400951976003789,0.1,399.55,391.9,403.38,3.83,11.48,0.95858,2.92932,0.07008,0.6797911729946561,0.0005886563017364111,2937.03603031901,1718.0079243165037,-2827.2898633650993
2025-11-21,CE,26068.15,27700.0,25.0,0.07400951976003789,0.1,9.25,9.3,3.23,-6.02,-6.07,-65.08108,-65.26882,0.08729,0.015098957669700439,6.267393855703988e-05,312.70473986440294,38.7272156118787,-155.678396561996
2025-11-21,CE,26068.15,27500.0,25.0,0.07400951976003789,0.1,12.9,11.7,7.45,-5.45,-4.25,-42.24806,-36.32479,0.08033,0.03168231708247858,0.00011714516552301479,584.4829502442698,81.19522646073932,-299.8615926481882
2025-11-21,PE,26068.15,25850.0,25.0,0.07400951976003789,0.1,166.1,169.1,74.17,-91.93,-94.93,-55.34618,-56.13838,0.10998,-0.2125103219779374,0.0004775864014775622,2382.864949533993,-556.9365043726654,-327.4356440552634
2025-11-21,PE,26068.15,25900.0,25.0,0.07400951976003789,0.1,179.0,181.5,85.65,-93.35,-95.85,-52.15084,-52.80992,0.10889,-0.23735226084058642,0.0005084864787655921,2537.0374948153035,-622.3195976499374,-319.03707565549394
2025-11-21,PE,26068.15,26200.0,25.0,0.07400951976003789,0.1,294.55,296.2,183.71,-110.84,-112.49,-37.63028,-37.97772,0.10895,-0.4126214538518576,0.0006407009764807728,3196.707224629727,-1085.315986745023,-98.39878856279665
2025-11-21,CE,26068.15,26850.0,25.0,0.07400951976003789,0.1,78.0,78.0,68.44,-9.56,-9.56,-12.25641,-12.25641,0.07805,0.2031329130891253,0.00046502434557106707,2320.187949893583,518.5374504959742,-1388.134369560183
2025-11-21,CE,26068.15,26200.0,25.0,0.07400951976003789,0.1,309.55,306.0,310.49,0.94,4.49,0.30367,1.46732,0.0726,0.5873785461481423,0.0006407009764807728,3196.707224629727,1488.232068907253,-2692.535228660291
2025-11-21,CE,26068.15,25900.0,25.0,0.07400951976003789,0.1,491.1,491.35,509.47,18.37,18.12,3.74058,3.6878,0.06667,0.7626477391594135,0.0005084864787655921,2537.0374948153035,1921.7603504948702,-2883.46966338546
2025-11-21,PE,26068.15,25000.0,25.0,0.07400951976003789,0.1,37.15,37.95,2.73,-34.42,-35.22,-92.65141,-92.80632,0.12025,-0.012805997316903286,5.437630095607187e-05,271.30458746870926,-33.388766391783236,-67.5428995024445
2025-11-21,PE,26068.15,24600.0,25.0,0.07400951976003789,0.1,18.0,18.0,0.3,-17.7,-17.7,-98.33333,-98.33333,0.12625,-0.0017279785080460818,9.135191848329533e-06,45.57903741670038,-4.4990200205114625,-12.466332477811804
2025-11-21,PE,26068.15,25750.0,25.0,0.07400951976003789,0.1,138.85,136.5,54.78,-84.07,-81.72,-60.54735,-59.86813,0.10832,-0.16751921223661376,0.00041251733919635784,2058.210002640136,-438.6600185397963,-325.5594559698273
2025-11-21,CE,26068.15,26300.0,25.0,0.07400951976003789,0.1,255.7,249.55,256.43,0.73,6.88,0.28549,2.75696,0.07191,0.5228801385647853,0.000655431784389362,3270.2049744297587,1326.794420245492,-2557.2213259666005
2025-11-21,PE,26068.15,24500.0,25.0,0.07400951976003789,0.1,17.0,17.0,0.16,-16.84,-16.84,-99.05882,-99.05882,0.13096,-0.0009718196233071368,5.397484177582011e-06,26.930155093682533,-2.529533129555375,-7.495393346963965
2025-11-21,CE,26068.15,26750.0,25.0,0.07400951976003789,0.1,102.5,102.5,90.2,-12.3,-12.3,-12.0,-12.0,0.07865,0.2512971320598034,0.0005243784032772518,2616.328508508986,640.9374924175811,-1621.976403261123
2025-11-21,PE,26068.15,26300.0,25.0,0.07400951976003789,0.1,343.7,350.7,228.66,-115.04,-122.04,-33.47105,-34.79897,0.11132,-0.47711986143521473,0.000655431784389362,3270.2049744297587,-1256.5763379092741,46.816398253403804
2025-11-21,PE,26068.15,26150.0,25.0,0.07400951976003789,0.1,275.45,278.6,163.62,-111.83,-114.98,-40.59902,-41.27064,0.11025,-0.38103926472689204,0.0006271032139642368,3128.8626804959404,-1001.6474908929227,-157.43007604812567
2025-11-21,CE,26068.15,27200.0,25.0,0.07400951976003789,0.1,28.0,27.5,22.76,-5.24,-4.74,-18.71429,-17.23636,0.07762,0.08286297604415122,0.00025122464965575056,1253.457825163328,212.03608432812158,-681.2821438689358
2025-11-21,CE,26068.15,27800.0,25.0,0.07400951976003789,0.1,8.4,9.55,2.07,-6.33,-7.48,-75.35714,-78.32461,0.09277,0.010114468777488117,4.429741111592122e-05,221.01707246408122,25.95191265873519,-108.60065961485924
2025-11-21,PE,26068.15,25800.0,25.0,0.07400951976003789,0.1,150.4,152.85,63.9,-86.5,-88.95,-57.5133,-58.19431,0.10937,-0.189213699882617,0.0004454292797777326,2222.4205190825473,-495.67022026916965,-329.34500559233027
2025-11-21,CE,26068.15,26000.0,25.0,0.07400951976003789,0.1,422.4,416.65,437.35,14.95,20.7,3.5393,4.9682,0.06654,0.7086801138914112,0.0005645039847549519,2816.5306947250738,1789.3486226932616,-2854.251835569091
2025-11-21,CE,26068.15,26700.0,25.0,0.07400951976003789,0.1,104.95,102.0,102.91,-2.04,0.91,-1.94378,0.89216,0.07368,0.27754363783971836,0.0005515870532044877,2752.0830819959306,707.5533278894834,-1739.762704593348
2025-11-21,CE,26068.15,27300.0,25.0,0.07400951976003789,0.1,21.35,22.25,15.97,-5.38,-6.28,-25.19906,-28.22472,0.07978,0.061355397479722774,0.00019948773078887352,995.3221450364362,157.0882154444267,-529.6080235297964
2025-11-21,PE,26068.15,26400.0,25.0,0.07400951976003789,0.1,392.45,387.9,280.03,-112.42,-107.87,-28.64569,-27.80871,0.10705,-0.5419785629266411,0.0006528739107752298,3257.44274468118,-1429.4058578929914,225.78896793057925
2025-11-21,CE,26068.15,27150.0,25.0,0.07400951976003789,0.1,32.1,32.0,26.99,-5.11,-5.01,-15.919,-15.65625,0.07747,0.09558285453505488,0.00027939743164312,1394.0228297800247,244.51181203992638,-766.4495457756511
2025-11-21,PE,26068.15,25350.0,25.0,0.07400951976003789,0.1,58.65,58.65,13.09,-45.56,-45.56,-77.68116,-77.68116,0.10826,-0.05095848731141522,0.00017231037276058695,859.7236990459618,-133.08401075557418,-186.53511714566469
2025-11-21,CE,26068.15,26500.0,25.0,0.07400951976003789,0.1,169.9,165.85,167.51,-2.39,1.66,-1.40671,1.0009,0.07349,0.39450086713952803,0.0006334201033333095,3160.3801069157016,1003.6111995639438,-2190.4870875793767
2025-11-21,CE,26068.15,26550.0,25.0,0.07400951976003789,0.1,139.3,137.55,149.18,9.88,11.63,7.09261,8.45511,0.07022,0.3637430382018259,0.0006178368665224331,3082.6292566359534,925.8858556843368,-2083.138253374434
2025-11-21,CE,26068.15,27100.0,25.0,0.07400951976003789,0.1,37.2,35.95,31.86,-5.34,-4.09,-14.35484,-11.37691,0.07659,0.10971171492525245,0.00030885492221002114,1540.9977468964512,280.56743317363777,-857.616428762525
2025-11-21,PE,26068.15,25450.0,25.0,0.07400951976003789,0.1,81.95,81.95,19.38,-62.57,-62.57,-76.35143,-76.35143,0.11247,-0.0712236467703256,0.00022391806972437081,1117.2146406655588,-186.11605009149255,-229.1249973914637
2025-11-21,PE,26068.15,24000.0,25.0,0.07400951976003789,0.1,9.95,9.95,0.0,-9.95,-9.95,-100.0,-100.0,0.14737,-3.398965241544676e-05,2.3546385667678918e-07,1.1748210778643307,-0.088367769583934,-0.34914292489400883
2025-11-21,CE,26068.15,26150.0,25.0,0.07400951976003789,0.1,328.1,328.05,339.91,11.81,11.86,3.59951,3.6153,0.07021,0.6189607352731079,0.0006271032139642368,3128.8626804959404,1566.989213508109,-2746.6158740843657
2025-11-21,PE,26068.15,24750.0,25.0,0.07400951976003789,0.1,26.3,25.95,0.73,-25.57,-25.22,-97.22433,-97.1869,0.12621,-0.003870186886532905,1.8928158234780885e-05,94.43996872053235,-10.081318796539831,-25.06489257813223
2025-11-21,PE,26068.15,25550.0,25.0,0.07400951976003789,0.1,95.6,96.6,28.02,-67.58,-68.58,-70.69038,-70.99379,0.11068,-0.09705635848525163,0.0002825565552364541,1409.784930330862,-253.7800843683394,-270.05070347669067
2025-11-21,CE,26068.15,25800.0,25.0,0.07400951976003789,0.1,561.95,556.15,586.74,24.79,30.59,4.41142,5.50031,0.05887,0.810786300117383,0.0004454292797777326,2222.4205190825473,2038.587025373148,-2883.8763091997866
2025-11-21,CE,26068.15,26600.0,25.0,0.07400951976003789,0.1,132.5,130.2,132.34,-0.16,2.14,-0.12075,1.64363,0.07329,0.33389473001352393,0.0005987482879258888,2987.3888881216776,850.3649922587642,-1971.4878056064836
2025-11-21,PE,26068.15,25950.0,25.0,0.07400951976003789,0.1,192.55,197.85,98.41,-94.14,-99.44,-48.8912,-50.2603,0.10885,-0.26365763768092726,0.0005376239845094172,2682.415882765632,-691.6150399322761,-303.41456860038556
2025-11-21,PE,26068.15,26050.0,25.0,0.07400951976003789,0.1,235.7,233.0,128.07,-107.63,-104.93,-45.66398,-45.03433,0.10857,-0.3202088270053439,0.0005886563017364111,2937.03603031901,-840.8060775820381,-248.00534945136906
2025-11-21,PE,26068.15,26000.0,25.0,0.07400951976003789,0.1,214.6,213.6,112.53,-102.07,-101.07,-47.56291,-47.31742,0.10828,-0.29131988610858883,0.0005645039847549519,2816.5306947250738,-764.5540279540354,-279.91796371661553
2025-11-21,CE,26068.15,26400.0,25.0,0.07400951976003789,0.1,207.9,204.1,208.79,0.89,4.69,0.42809,2.29789,0.07257,0.45802143707335885,0.0006528739107752298,3257.44274468118,1163.787602764264,-2388.1500404119342
2025-11-21,PE,26068.15,24900.0,25.0,0.07400951976003789,0.1,29.95,29.6,1.65,-28.3,-27.95,-94.49082,-94.42568,0.11992,-0.00810875824935942,3.650221480558158e-05,182.12379576026845,-21.13347878441646,-46.63108247721539
2025-11-21,CE,26068.15,27600.0,25.0,0.07400951976003789,0.1,10.35,10.8,4.95,-5.4,-5.85,-52.17391,-54.16667,0.08442,0.02209226285262571,8.667734037929429e-05,432.4670796104135,56.64206909564436,-218.40887725333315
2025-11-21,PE,26068.15,26100.0,25.0,0.07400951976003789,0.1,251.6,247.65,145.09,-106.51,-102.56,-42.33307,-41.41328,0.10701,-0.3501724358378811,0.0006096493709325111,3041.7786457196257,-919.9834847466693,-207.2643543770389
2025-11-21,PE,26068.15,24700.0,25.0,0.07400951976003789,0.1,22.55,22.55,0.55,-22.0,-22.0,-97.56098,-97.56098,0.12568,-0.002980297768551904,1.4967067650599983e-05,74.67654186044567,-7.762003375160597,-20.03084660001515
2025-11-21,CE,26068.15,26250.0,25.0,0.07400951976003789,0.1,281.45,280.0,282.66,1.21,2.66,0.42992,0.95,0.07319,0.5552817584220164,0.0006501985378535259,3244.0942650294623,1407.9868842978278,-2629.3238267722736
2025-11-21,CE,26068.15,26800.0,25.0,0.07400951976003789,0.1,81.45,81.1,78.74,-2.71,-2.36,-3.32719,-2.90999,0.07496,0.22646994231126583,0.0004953667566676455,2471.5780808996165,577.8687094936173,-1504.4100055263225
2025-11-21,CE,26068.15,27000.0,25.0,0.07400951976003789,0.1,49.85,50.05,43.82,-6.03,-6.23,-12.09629,-12.44755,0.07729,0.14242836949764914,0.0003705745988841571,1848.9413017974357,363.9900510860396,-1056.5718308597866
2025-11-21,PE,26068.15,25300.0,25.0,0.07400951976003789,0.1,62.15,61.75,10.67,-51.48,-51.08,-82.83186,-82.72065,0.11397,-0.04268655987247455,0.00014948247039956025,745.8263848862946,-111.45087433523338,-165.856711621876
2025-11-21,PE,26068.15,24800.0,25.0,0.07400951976003789,0.1,26.35,27.5,0.96,-25.39,-26.54,-96.35674,-96.50909,0.12453,-0.004988672369281799,2.374737825415675e-05,118.48493824381723,-12.997039924843472,-31.09481118199999
2025-11-21,CE,26068.15,27850.0,25.0,0.07400951976003789,0.1,9.4,9.4,1.65,-7.75,-7.75,-82.44681,-82.44681,0.09503,0.008216352100962328,3.692743578351858e-05,184.24538917456553,21.085273067525993,-89.97895561695304
2025-11-21,CE,26068.15,26950.0,25.0,0.07400951976003789,0.1,53.8,52.65,51.06,-2.74,-1.59,-5.09294,-3.01994,0.0748,0.16109750820221402,0.00040219336798932496,2006.6996810457035,411.55263194141554,-1163.3600466688881
2025-11-21,PE,26068.15,25700.0,25.0,0.07400951976003789,0.1,126.55,127.85,46.71,-79.84,-81.14,-63.08969,-63.465,0.10988,-0.14745892417599188,0.00037933641695464114,1892.6574317160364,-385.98090655680113,-316.90757085226016
2025-11-21,PE,26068.15,24650.0,25.0,0.07400951976003789,0.1,20.95,20.4,0.41,-20.54,-19.99,-98.04296,-97.9902,0.12626,-0.002277919152628592,1.174032443169573e-05,58.57706060703172,-5.931764658126085,-15.870492251993404
2025-11-21,CE,26068.15,25600.0,25.0,0.07400951976003789,0.1,715.95,720.05,754.27,38.32,34.22,5.35233,4.75245,,0.8877483164770086,0.0003139599127386178,1566.4685370208376,2221.0003335306906,-2823.0736002853077
2025-11-21,PE,26068.15,25600.0,25.0,0.07400951976003789,0.1,104.75,104.8,33.41,-71.34,-71.39,-68.10501,-68.12023,0.10979,-0.11225168352299147,0.0003139599127386178,1566.4685370208376,-293.6115071066483,-288.34486492287004
2025-11-21,CE,26068.15,26100.0,25.0,0.07400951976003789,0.1,364.35,358.1,370.88,6.53,12.78,1.79223,3.56884,0.06979,0.649827564162119,0.0006096493709325111,3041.7786457196257,1643.7418684031177,-2791.499510352024
2025-11-21,CE,26068.15,26350.0,25.0,0.07400951976003789,0.1,252.45,252.45,231.81,-20.64,-20.64,-8.17588,-8.17588,0.08031,0.49038830207620737,0.0006563212449375025,3274.642840243359,1245.2090290533067,-2476.638611005703
2025-11-21,PE,26068.15,25200.0,25.0,0.07400951976003789,0.1,51.55,51.0,6.95,-44.6,-44.05,-86.51794,-86.37255,0.11508,-0.02936414199048671,0.00010999898931996579,548.8278881554901,-76.62851243984494,-127.4756411644865
2025-11-21,CE,26068.15,25950.0,25.0,0.07400951976003789,0.1,512.0,512.0,472.73,-39.27,-39.27,-7.66992,-7.66992,0.0882,0.7363423623190728,0.0005376239845094172,2682.415882765632,1857.3762594637763,-2872.7977983916066
2025-11-21,PE,26068.15,27800.0,25.0,0.07400951976003789,0.1,1458.0,1458.0,1459.49,1.49,1.49,0.10219,0.10219,0.06406,-0.9898855312225119,4.429741111592122e-05,221.01707246408122,-2704.759383033375,2643.956326442788
2025-11-21,PE,26068.15,25500.0,25.0,0.07400951976003789,0.1,86.45,90.0,23.37,-63.08,-66.63,-72.96703,-74.03333,0.11204,-0.08340285819242765,0.0002524545294863633,1259.5941756361199,-218.0089873869006,-250.08561927210926
2025-11-21,CE,26068.15,26450.0,25.0,0.07400951976003789,0.1,193.4,192.2,187.37,-6.03,-4.83,-3.11789,-2.51301,0.07551,0.42599104922414754,0.000645182193088332,3219.065763215387,1083.0785553599717,-2292.4804003090667
2025-11-21,PE,26068.15,25650.0,25.0,0.07400951976003789,0.1,116.4,117.05,39.61,-76.79,-77.44,-65.97079,-66.15976,0.11031,-0.12904109341318915,0.00034634416155516503,1728.0461933008262,-337.64619100982685,-304.2276586644476
2025-11-21,CE,26068.15,27450.0,25.0,0.07400951976003789,0.1,14.35,14.5,9.08,-5.27,-5.42,-36.72474,-37.37931,0.081,0.037656302924996436,0.0001350047801148499,673.5915376986158,96.48336157530883,-348.51024701419135
2025-11-21,PE,26068.15,26500.0,25.0,0.07400951976003789,0.1,453.35,456.0,337.76,-115.59,-118.24,-25.49686,-25.92982,0.11094,-0.605499132860472,0.0006334201033333095,3160.3801069157016,-1599.4049635958015,433.35320488564616
2025-11-21,CE,26068.15,27950.0,25.0,0.07400951976003789,0.1,5.4,5.4,1.03,-4.37,-4.37,-80.92593,-80.92593,0.09157,0.005341215799748037,2.523527423852335e-05,125.90863200630834,13.711332987627575,-60.78594808921689
2025-11-24,CE,25959.5,27200.0,22.0,0.07463788367652388,0.1,17.45,17.2,10.14,-7.31,-7.06,-41.89112,-41.04651,0.08316,0.04365328419270478,0.00016156470884222661,709.4480604825729,98.04641059675473,-415.5765443388761
2025-11-24,CE,25959.5,26550.0,22.0,0.07463788367652388,0.1,120.9,120.9,93.48,-27.42,-27.42,-22.6799,-22.6799,0.08519,0.2699349626449995,0.0005774888076018239,2535.8156334969904,603.593966702808,-1775.378404906646
2025-11-24,PE,25959.5,26050.0,22.0,0.07463788367652388,0.1,251.4,260.0,166.25,-85.15,-93.75,-33.87033,-36.05769,0.10598,-0.40164600000771666,0.0006755700568857989,2966.5009766815256,-924.7661046145311,-208.81713052358828
2025-11-24,CE,25959.5,26150.0,22.0,0.07463788367652388,0.1,262.3,250.0,247.1,-15.2,-2.9,-5.79489,-1.16,0.07559,0.5300330702652943,0.0006948809052047399,3051.2969942296672,1179.645076148983,-2655.572365172833
2025-11-24,CE,25959.5,26400.0,22.0,0.07463788367652388,0.1,158.8,147.05,139.08,-19.72,-7.97,-12.41814,-5.41993,0.07741,0.3608840705148524,0.0006540456006372753,2871.9847679878976,805.7315448706277,-2150.620542045559
2025-11-24,CE,25959.5,27000.0,22.0,0.07463788367652388,0.1,30.35,29.0,21.97,-8.38,-7.03,-27.6112,-24.24138,0.08017,0.08454575165636324,0.0002707212892826159,1188.7663771947198,189.68824777571484,-725.4430305900188
2025-11-24,PE,25959.5,26250.0,22.0,0.07463788367652388,0.1,339.65,345.0,261.18,-78.47,-83.82,-23.10319,-24.29565,0.10212,-0.538922611336112,0.0006935372328601936,3045.396784056335,-1244.1643373112604,123.31331657588271
2025-11-24,CE,25959.5,27300.0,22.0,0.07463788367652388,0.1,13.15,16.95,6.68,-6.47,-10.27,-49.20152,-60.58997,0.08909,0.03031501567646606,0.00011988662268023216,526.4350893693883,68.11999345088793,-303.06436165341256
2025-11-24,PE,25959.5,24650.0,22.0,0.07463788367652388,0.1,17.75,17.75,0.51,-17.24,-17.24,-97.12676,-97.12676,0.12233,-0.0029437029891210362,1.5710929122812976e-05,68.98838412442761,-6.715959224029305,-21.797743100344043
2025-11-24,PE,25959.5,25600.0,22.0,0.07463788367652388,0.1,106.95,109.8,44.68,-62.27,-65.12,-58.22347,-59.30783,0.10581,-0.14934544584587534,0.00040608585907810725,1783.1668015674074,-342.36283693335014,-370.09194747700997
2025-11-24,CE,25959.5,26700.0,22.0,0.07463788367652388,0.1,72.75,68.65,60.27,-12.48,-8.38,-17.15464,-12.20685,0.07856,0.192567097659067,0.000477925492028996,2098.6223774045693,431.15445830864286,-1390.9691224078413
2025-11-24,PE,25959.5,25850.0,22.0,0.07463788367652388,0.1,173.15,173.95,97.89,-75.26,-76.06,-43.4652,-43.72521,0.10298,-0.274729638058197,0.000582562301694256,2558.093893208155,-631.1676253530364,-370.53844817729225
2025-11-24,CE,25959.5,26200.0,22.0,0.07463788367652388,0.1,245.95,230.0,222.12,-23.83,-7.88,-9.68896,-3.42609,0.07721,0.4955056167545919,0.0006968122787206947,3059.7778636273247,1103.5761018085086,-2572.06414284151
2025-11-24,PE,25959.5,25400.0,22.0,0.07463788367652388,0.1,71.75,74.4,21.42,-50.33,-52.98,-70.14634,-71.20968,0.10831,-0.08152392310678092,0.00026341086966311306,1156.6655362528113,-186.62802387712074,-280.66765156723744
2025-11-24,CE,25959.5,25800.0,22.0,0.07463788367652388,0.1,482.15,458.55,468.39,-13.76,9.84,-2.85388,2.14589,0.07051,0.7537580395366059,0.0005506129362958421,2417.8007841623653,1667.3548312512485,-2943.420135971711
2025-11-24,PE,25959.5,25350.0,22.0,0.07463788367652388,0.1,55.75,55.75,17.54,-38.21,-38.21,-68.53812,-68.53812,0.10235,-0.06887214091415948,0.00023161808646676921,1017.059996542929,-157.6166768040685,-254.22143929561852
2025-11-24,CE,25959.5,26950.0,22.0,0.07463788367652388,0.1,35.3,36.0,26.32,-8.98,-9.68,-25.43909,-26.88889,0.08142,0.09833818869026584,0.00030281963358894315,1329.7136686917968,220.56643874719674,-821.063547109956
2025-11-24,PE,25959.5,25750.0,22.0,0.07463788367652388,0.1,139.95,139.95,72.76,-67.19,-67.19,-48.01,-48.01,0.10202,-0.21936880819188687,0.0005163519396966401,2267.3570532159,-503.50912322866463,-392.48374206877384
2025-11-24,CE,25959.5,25950.0,22.0,0.07463788367652388,0.1,373.6,369.25,363.95,-9.65,-5.3,-2.58298,-1.43534,0.07653,0.6640322210743771,0.0006370870614888768,2797.5179936925406,1473.1264164200463,-2883.2586064048714
2025-11-24,PE,25959.5,24600.0,22.0,0.07463788367652388,0.1,17.2,20.2,0.38,-16.82,-19.82,-97.7907,-98.11881,0.12893,-0.002213203795434758,1.2140601050019213e-05,53.31068851453091,-5.048553859362408,-17.00591185090908
2025-11-24,PE,25959.5,25200.0,22.0,0.07463788367652388,0.1,47.6,53.05,9.26,-38.34,-43.79,-80.54622,-82.54477,0.11322,-0.039770596144676935,0.00014982286164908347,657.8883431572201,-90.9404499151309,-177.06037542527798
2025-11-24,CE,25959.5,26100.0,22.0,0.07463788367652388,0.1,295.35,280.0,273.79,-21.56,-6.21,-7.29981,-2.21786,0.07669,0.5644013100596261,0.0006877567286520303,3020.013966679443,1255.2038581864558,-2728.748912307155
2025-11-24,CE,25959.5,27850.0,22.0,0.07463788367652388,0.1,7.1,6.6,0.46,-6.64,-6.14,-93.52113,-93.0303,0.10324,0.002712528872158904,1.459353660010467e-05,64.08179305194739,6.107083037549456,-34.388527223233254
2025-11-24,CE,25959.5,26800.0,22.0,0.07463788367652388,0.1,55.45,52.0,43.91,-11.54,-8.09,-20.81154,-15.55769,0.07903,0.14963745215824892,0.0004066156212982989,1785.4930446085095,335.29059439531125,-1147.3075532737332
2025-11-24,CE,25959.5,27800.0,22.0,0.07463788367652388,0.1,6.65,5.6,0.6,-6.05,-5.0,-90.97744,-89.28571,0.09819,0.003475683582310452,1.8243945429463424e-05,80.1111319002353,7.824165247203111,-43.20745261677437
2025-11-24,CE,25959.5,25850.0,22.0,0.07463788367652388,0.1,468.35,425.55,432.09,-36.26,6.54,-7.74207,1.53683,0.07207,0.725270361941803,0.000582562301694256,2558.093893208155,1605.962405310812,-2933.0692105740645
2025-11-24,PE,25959.5,24950.0,22.0,0.07463788367652388,0.1,31.2,31.0,2.77,-28.43,-28.23,-91.12179,-91.06452,0.11599,-0.013711193314547065,6.122588517949211e-05,268.84946473265194,-31.315959088512763,-79.05448047482335
2025-11-24,CE,25959.5,25700.0,22.0,0.07463788367652388,0.1,543.1,531.8,545.09,1.99,13.29,0.36642,2.49906,0.06811,0.8057830252701693,0.0004804197112714737,2109.574763087522,1778.5628983143292,-2939.0460775035212
2025-11-24,CE,25959.5,26000.0,22.0,0.07463788367652388,0.1,350.75,330.0,332.24,-18.51,2.24,-5.27726,0.67879,0.07386,0.6316426669368672,0.0006585641181140838,2891.8260655283702,1402.4898797983678,-2842.6616788575593
2025-11-24,PE,25959.5,26350.0,22.0,0.07463788367652388,0.1,428.5,428.5,318.82,-109.68,-109.68,-25.59627,-25.59627,0.11133,-0.6064716316665868,0.0006718890135675201,2950.3371184886114,-1402.2836795071632,345.06713513130785
2025-11-24,CE,25959.5,26500.0,22.0,0.07463788367652388,0.1,125.65,117.35,107.21,-18.44,-10.14,-14.67569,-8.64082,0.07842,0.29891152097078466,0.0006063355964449329,2662.4849942908695,668.0656368968765,-1903.375316222373
2025-11-24,CE,25959.5,27650.0,22.0,0.07463788367652388,0.1,9.65,8.5,1.31,-8.34,-7.19,-86.42487,-84.58824,0.09695,0.00706708496320582,3.43267748485447e-05,150.73257033318825,15.901476901143278,-82.64829928675444
2025-11-24,PE,25959.5,24500.0,22.0,0.07463788367652388,0.1,13.95,14.5,0.2,-13.75,-14.3,-98.56631,-98.62069,0.12728,-0.0012196814576545584,7.05556046569067e-06,30.981726912217304,-2.7813971461690374,-10.057841755336378
2025-11-24,PE,25959.5,25900.0,22.0,0.07463788367652388,0.1,195.55,202.0,112.62,-82.93,-89.38,-42.40859,-44.24752,0.10669,-0.3046939698542821,0.0006115800916642511,2685.514138391818,-700.3619063945757,-345.748069765829
2025-11-24,CE,25959.5,27100.0,22.0,0.07463788367652388,0.1,22.1,22.05,15.08,-7.02,-6.97,-31.76471,-31.60998,0.0814,0.061444129590118315,0.00021198605118127653,930.8536123862298,137.93462340947247,-555.9112458501953
2025-11-24,PE,25959.5,26300.0,22.0,0.07463788367652388,0.1,375.35,395.5,289.16,-86.19,-106.34,-22.96257,-26.88748,0.10977,-0.5729968556407817,0.0006851582457943393,3008.603748217772,-1323.8304943196065,230.29525303349442
2025-11-24,CE,25959.5,27500.0,22.0,0.07463788367652388,0.1,9.0,9.95,2.72,-6.28,-7.23,-69.77778,-72.66332,0.09138,0.013651059796541064,6.099413684286097e-05,267.8318327935905,30.699849434952093,-149.6557615707494
2025-11-24,PE,25959.5,25300.0,22.0,0.07463788367652388,0.1,60.5,63.55,14.27,-46.23,-49.28,-76.41322,-77.54524,0.11119,-0.05777032457308207,0.00020198705643057927,886.9469480936899,-132.17107438629125,-227.7485982267097
2025-11-24,PE,25959.5,25650.0,22.0,0.07463788367652388,0.1,122.35,129.15,52.87,-69.48,-76.28,-56.7879,-59.0631,0.10868,-0.17086141055043425,0.00044345700429583183,1947.2675305119817,-391.84016967771987,-383.56629910132006
2025-11-24,CE,25959.5,27700.0,22.0,0.07463788367652388,0.1,9.05,8.7,1.02,-8.03,-7.68,-88.72928,-88.27586,0.1,0.005610188351513079,2.7981439774798316e-05,122.86951971130112,12.625372918699705,-66.9850106100519
2025-11-24,CE,25959.5,26300.0,22.0,0.07463788367652388,0.1,201.5,185.85,177.27,-24.23,-8.58,-12.02481,-4.61663,0.07749,0.42700314435921827,0.0006851582457943393,3008.603748217772,952.2437728548308,-2376.8443620935886
2025-11-24,CE,25959.5,27950.0,22.0,0.07463788367652388,0.1,5.05,3.3,0.27,-4.78,-3.03,-94.65347,-91.81818,0.09805,0.0016243245607728972,9.16544560813799e-06,40.24646011340159,3.658041313497801,-21.394335352294153
2025-11-24,CE,25959.5,27150.0,22.0,0.07463788367652388,0.1,21.3,19.95,12.4,-8.9,-7.55,-41.78404,-37.84461,0.08274,0.05193777592440973,0.00018568930589984257,815.3817678812769,116.62450600461746,-482.140550624754
2025-11-24,PE,25959.5,26000.0,22.0,0.07463788367652388,0.1,230.75,241.2,146.75,-84.0,-94.45,-36.40303,-39.15837,0.10678,-0.3683573330631328,0.0006585641181140838,2891.8260655283702,-847.6215630356768,-265.2612988840168
2025-11-24,PE,25959.5,24900.0,22.0,0.07463788367652388,0.1,28.1,25.85,2.13,-25.97,-23.72,-92.41993,-91.76015,0.11467,-0.010826080729213206,4.988989488634704e-05,219.07190882485395,-24.72143217330807,-65.3297240381017
2025-11-24,CE,25959.5,26250.0,22.0,0.07463788367652388,0.1,213.05,212.95,198.84,-14.21,-14.11,-6.6698,-6.62597,0.07927,0.46107738866388803,0.0006935372328601936,3045.396784056335,1027.5827924731116,-2478.869759358943
2025-11-24,CE,25959.5,27450.0,22.0,0.07463788367652388,0.1,10.0,10.1,3.43,-6.57,-6.67,-65.7,-66.0396,0.08883,0.016807897576573402,7.2930712731877e-05,320.24662482304984,37.79207818867248,-180.18541782289373
2025-11-24,CE,25959.5,25600.0,22.0,0.07463788367652388,0.1,625.3,625.3,626.7,1.4,1.4,0.22389,0.22389,0.07385,0.8506545541541246,0.00040608585907810725,1783.1668015674074,1873.1315067801706,-2907.8400139124974
2025-11-24,CE,25959.5,26350.0,22.0,0.07463788367652388,0.1,175.0,175.0,157.36,-17.64,-17.64,-10.08,-10.08,0.0806,0.39352836833341326,0.0006718890135675201,2950.3371184886114,878.1177250573393,-2267.0290191880317
2025-11-24,CE,25959.5,26850.0,22.0,0.07463788367652388,0.1,59.5,59.5,37.21,-22.29,-22.29,-37.46218,-37.46218,0.0871,0.13082289573311734,0.00037113486363127827,1629.6932112680424,293.2362344254827,-1032.536204601537
2025-11-24,PE,25959.5,25000.0,22.0,0.07463788367652388,0.1,34.25,34.6,3.58,-30.67,-31.02,-89.54745,-89.65318,0.11543,-0.017228989045840176,7.448980745040946e-05,327.0927778727955,-39.35884140564831,-94.73908170779822
2025-11-24,PE,25959.5,26150.0,22.0,0.07463788367652388,0.1,295.45,286.35,210.3,-85.15,-76.05,-28.82044,-26.55841,0.09955,-0.4699669297347057,0.0006948809052047399,3051.2969942296672,-1083.4477788552583,-63.30236762252025
2025-11-24,CE,25959.5,26750.0,22.0,0.07463788367652388,0.1,59.15,59.85,51.57,-7.58,-8.28,-12.81488,-13.83459,0.0788,0.17021609575961555,0.000442383856609832,1942.5552232890757,381.25963899391235,-1267.102611923723
2025-11-24,PE,25959.5,24700.0,22.0,0.07463788367652388,0.1,19.65,20.75,0.69,-18.96,-20.06,-96.48855,-96.6747,0.12287,-0.003882709227371372,2.014959422929781e-05,88.47904129512476,-8.859725086987792,-27.673857509063097
2025-11-24,CE,25959.5,27250.0,22.0,0.07463788367652388,0.1,19.1,19.1,8.25,-10.85,-10.85,-56.80628,-56.80628,0.08828,0.03648180368393949,0.00013963760480733078,613.1637819354087,81.95858029456771,-355.9898795135419
2025-11-24,CE,25959.5,26050.0,22.0,0.07463788367652388,0.1,336.6,305.0,302.18,-34.42,-2.82,-10.22579,-0.92459,0.07559,0.5983539999922833,0.0006755700568857989,2966.5009766815256,1329.6724756095787,-2791.174049689387
2025-11-24,PE,25959.5,25800.0,22.0,0.07463788367652388,0.1,159.9,166.0,84.63,-75.27,-81.37,-47.07317,-49.01807,0.10608,-0.24624196046339408,0.0005506129362958421,2417.8007841623653,-565.4480620225346,-385.84591276719584
2025-11-24,PE,25959.5,26400.0,22.0,0.07463788367652388,0.1,434.9,432.95,350.11,-84.79,-82.84,-19.49644,-19.13385,0.10295,-0.6391159294851476,0.0006540456006372753,2871.9847679878976,-1478.9969970839406,466.432151466038
2025-11-24,CE,25959.5,27900.0,22.0,0.07463788367652388,0.1,7.9,7.9,0.35,-7.55,-7.55,-95.56962,-95.56962,0.10879,0.0021049903370295732,1.1601136900920196e-05,50.94184325729146,4.739896505269983,-27.205522941694916
2025-11-24,CE,25959.5,25900.0,22.0,0.07463788367652388,0.1,413.5,399.55,397.25,-16.25,-2.3,-3.92987,-0.57565,0.07549,0.6953060301457179,0.0006115800916642511,2685.514138391818,1541.0952616593377,-2913.2353713548573
2025-11-24,PE,25959.5,26100.0,22.0,0.07463788367652388,0.1,273.65,286.0,187.42,-86.23,-98.58,-31.51105,-34.46853,0.10717,-0.4355986899403739,0.0006877567286520303,3020.013966679443,-1003.5618594277199,-141.43545394909916
2025-11-24,PE,25959.5,25450.0,22.0,0.07463788367652388,0.1,79.95,80.8,25.98,-53.97,-54.82,-67.50469,-67.84653,0.10701,-0.09582393844271447,0.00029711743566102105,1304.674702636391,-219.43485363722002,-306.3586219735422
2025-11-24,PE,25959.5,25700.0,22.0,0.07463788367652388,0.1,133.9,139.4,62.21,-71.69,-77.19,-53.53996,-55.37303,0.10736,-0.19421697472983068,0.0004804197112714737,2109.574763087522,-445.5857201793229,-391.3849326835198
2025-11-24,PE,25959.5,26500.0,22.0,0.07463788367652388,0.1,501.9,511.6,417.36,-84.54,-94.24,-16.84399,-18.42064,0.10846,-0.7010884790292153,0.0006063355964449329,2662.4849942908695,-1625.3171798378226,723.5904556737371
2025-11-24,PE,25959.5,25550.0,22.0,0.07463788367652388,0.1,98.95,102.3,37.52,-61.43,-64.78,-62.08186,-63.32356,0.10754,-0.12968193975841746,0.0003688923663189092,1619.846163727164,-297.17487611371547,-352.03778201104296
2025-11-24,PE,25959.5,24800.0,22.0,0.07463788367652388,0.1,23.0,23.5,1.23,-21.77,-22.27,-94.65217,-94.76596,0.1192,-0.006589592948921519,3.226977793317323e-05,141.70007504082824,-15.04165990847424,-43.34320812526395
2025-11-24,PE,25959.5,25100.0,22.0,0.07463788367652388,0.1,41.1,42.6,5.84,-35.26,-36.76,-85.79075,-86.29108,0.11406,-0.02657790683765383,0.0001074550546679932,471.8467335443998,-60.743548770154426,-132.1220642742217
2025-11-24,PE,25959.5,25950.0,22.0,0.07463788367652388,0.1,216.0,226.25,128.89,-87.11,-97.36,-40.3287,-43.03204,0.10853,-0.3359677789256229,0.0006370870614888768,2797.5179936925406,-772.6578890239329,-310.814765623586
2025-11-24,CE,25959.5,26600.0,22.0,0.07463788367652388,0.1,96.85,89.0,81.14,-15.71,-7.86,-16.22096,-8.83146,0.07788,0.24248701136471223,0.0005460719078179194,2397.8606383883002,542.4661326062394,-1646.3874186429744
2025-11-24,CE,25959.5,27600.0,22.0,0.07463788367652388,0.1,8.8,6.65,1.68,-7.12,-4.97,-80.90909,-74.73684,0.09052,0.008851724872035303,4.184406673611724e-05,183.74180971434356,19.913723887283513,-101.35465542164378
2025-11-24,PE,25959.5,24000.0,22.0,0.07463788367652388,0.1,8.15,8.05,0.0,-8.15,-8.05,-100.0,-100.0,0.14456,-3.6583456946738564e-05,2.679408601569424e-07,1.1765572130483306,-0.08332674007289165,-0.40749770187972545
2025-11-24,PE,25959.5,25500.0,22.0,0.07463788367652388,0.1,86.75,91.0,31.32,-55.43,-59.68,-63.89625,-65.58242,0.10724,-0.11185525654335665,0.00033241191828969365,1459.6565821946283,-256.23283906631457,-330.4585412458079
2025-11-24,CE,25959.5,25650.0,22.0,0.07463788367652388,0.1,581.9,581.9,585.33,3.43,3.43,0.58945,0.58945,0.07286,0.8291385894495658,0.00044345700429583183,1947.2675305119817,1827.9813114258666,-2926.2709047290646
2025-11-24,PE,25959.5,26200.0,22.0,0.07463788367652388,0.1,314.75,323.6,234.88,-79.87,-88.72,-25.37569,-27.41656,0.10363,-0.5044943832454081,0.0006968122787206947,3059.7778636273247,-1163.843890585798,25.162393901059204
2025-11-24,CE,25959.5,26450.0,22.0,0.07463788367652388,0.1,132.55,130.15,122.38,-10.17,-7.77,-7.67258,-5.97003,0.07743,0.32928215709500924,0.0006320341190376818,2775.3299784544424,735.5697725804305,-2028.9362516865558
2025-11-25,CE,25884.8,26350.0,21.0,0.07487049668328283,0.1,117.4,107.9,122.21,4.81,14.31,4.0971,13.26228,0.06957,0.3344101113374929,0.0006507443710986365,2720.3796399066987,711.1606780811126,-2075.449862538763
2025-11-25,PE,25884.8,25000.0,21.0,0.07487049668328283,0.1,30.0,29.7,4.71,-25.29,-24.99,-84.3,-84.14141,0.10767,-0.02245079750185021,9.543483580830316e-05,398.9569419285764,-48.82071819925198,-120.63576454551446
2025-11-25,CE,25884.8,26450.0,21.0,0.07487049668328283,0.1,88.5,80.0,92.87,4.37,12.87,4.93785,16.0875,0.06962,0.27324596260961787,0.0005945410835757749,2485.426736948987,581.6704759095404,-1814.5153766831386
2025-11-25,PE,25884.8,25200.0,21.0,0.07487049668328283,0.1,44.6,45.95,12.01,-32.59,-33.94,-73.07175,-73.86289,0.10432,-0.05082520494700135,0.00018677061796780069,780.7781504042914,-110.63419883707292,-217.98244891685778
2025-11-25,CE,25884.8,27850.0,21.0,0.07487049668328283,0.1,3.8,3.8,0.22,-3.58,-3.58,-94.21053,-94.21053,0.10192,0.0013977373413205385,8.177804408448651e-06,34.18659246229716,2.996621844084533,-18.95334915826841
2025-11-25,CE,25884.8,26050.0,21.0,0.07487049668328283,0.1,237.3,230.0,249.38,12.08,19.38,5.0906,8.42609,0.06833,0.5406309117330234,0.0007093897817927282,2965.5416241076987,1145.3949546916922,-2706.663391621387
2025-11-25,CE,25884.8,25000.0,21.0,0.07487049668328283,0.1,1050.05,1050.05,1096.98,46.93,46.93,4.46931,4.46931,,0.9775492024981498,9.543483580830316e-05,398.9569419285764,2017.2236414650724,-2599.8889961427044
2025-11-25,CE,25884.8,26700.0,21.0,0.07487049668328283,0.1,42.9,37.05,42.9,0.0,5.85,0.0,15.78947,0.07142,0.14956839440134212,0.0004159605000236301,1738.886305477048,319.054317956113,-1164.0128697482871
2025-11-25,CE,25884.8,26800.0,21.0,0.07487049668328283,0.1,30.45,27.0,30.39,-0.06,3.39,-0.19704,12.55556,0.07244,0.1128996774380498,0.00034242253026059823,1431.467287213879,240.99958677412837,-932.2475048064017
2025-11-25,PE,25884.8,25450.0,21.0,0.07487049668328283,0.1,80.75,85.4,32.99,-47.76,-52.41,-59.14551,-61.37002,0.10389,-0.11896841630368249,0.0003553920116988532,1485.6850642884788,-259.37201670259816,-356.15745202616256
2025-11-25,PE,25884.8,26150.0,21.0,0.07487049668328283,0.1,328.25,326.75,248.31,-79.94,-78.44,-24.35339,-24.00612,0.10123,-0.5299915448742653,0.0007110753055230379,2972.5878078968462,-1163.9199747657242,61.34921604742226
2025-11-25,PE,25884.8,25350.0,21.0,0.07487049668328283,0.1,64.0,62.75,22.47,-41.53,-40.28,-64.89062,-64.19124,0.10156,-0.0865489720153031,0.0002819292218886652,1178.5803292095043,-188.56474135230448,-303.1676781516101
2025-11-25,CE,25884.8,27100.0,21.0,0.07487049668328283,0.1,13.6,12.0,9.52,-4.08,-2.48,-30.0,-20.66667,0.07832,0.04214693687330258,0.00016070295924238467,671.804594571706,90.12057296234316,-409.9347495729823
2025-11-25,CE,25884.8,26100.0,21.0,0.07487049668328283,0.1,213.95,206.0,223.88,9.93,17.88,4.64127,8.67961,0.06887,0.5053067525335226,0.0007130282479581008,2980.7519120738607,1071.3238035654495,-2624.610821158229
2025-11-25,CE,25884.8,25700.0,21.0,0.07487049668328283,0.1,446.05,436.1,475.12,29.07,39.02,6.51721,8.94749,0.05633,0.7666561741043774,0.0005471404794172117,2287.2726779987224,1614.1348385330764,-2964.4572549508925
2025-11-25,PE,25884.8,27800.0,21.0,0.07487049668328283,0.1,1600.0,1600.0,1684.79,84.79,84.79,5.29938,5.29938,,-0.99817097010033,1.044900778414786e-05,43.68115852501764,-2293.5205605351325,2732.6020924353434
2025-11-25,PE,25884.8,25900.0,21.0,0.07487049668328283,0.1,213.55,211.0,136.58,-76.97,-74.42,-36.04308,-35.27014,0.10115,-0.35598514481023025,0.0006661074882404394,2784.603800628217,-779.2656988522402,-315.78917909246184
2025-11-25,CE,25884.8,25900.0,21.0,0.07487049668328283,0.1,319.2,310.0,336.32,17.12,26.32,5.36341,8.49032,0.06533,0.6440148551897698,0.0006661074882404394,2784.603800628217,1361.1562577599998,-2884.2955270271505
2025-11-25,CE,25884.8,26250.0,21.0,0.07487049668328283,0.1,149.65,143.7,157.82,8.17,14.12,5.45941,9.82603,0.06997,0.4005808579331517,0.0006908321173831522,2887.962939348888,850.9281678570356,-2318.4531194602305
2025-11-25,CE,25884.8,26850.0,21.0,0.07487049668328283,0.1,26.3,26.2,25.38,-0.92,-0.82,-3.4981,-3.12977,0.0755,0.09723115623540929,0.00030731341294858643,1284.6967085464903,207.6190816488955,-826.2581819162009
2025-11-25,PE,25884.8,24650.0,21.0,0.07487049668328283,0.1,15.65,15.95,0.68,-14.97,-15.27,-95.65495,-95.73668,0.11726,-0.00393142649922147,2.0850656785942193e-05,87.16433782346465,-8.537378945006095,-28.91136886146621
2025-11-25,PE,25884.8,25850.0,21.0,0.07487049668328283,0.1,192.7,195.95,119.35,-73.35,-76.6,-38.06435,-39.09161,0.10265,-0.3232543088175709,0.0006419075886942944,2683.438247859814,-707.2273210062892,-356.7893414095478
2025-11-25,PE,25884.8,26250.0,21.0,0.07487049668328283,0.1,387.25,394.0,305.18,-82.07,-88.82,-21.19303,-22.54315,0.10532,-0.5994191420668483,0.0006908321173831522,2887.962939348888,-1318.4184097905058,284.76277371681886
2025-11-25,CE,25884.8,26200.0,21.0,0.07487049668328283,0.1,171.9,169.15,178.11,6.21,8.96,3.61257,5.29707,0.07182,0.43501101148804544,0.0007036084646977085,2941.373336196758,923.5049507945313,-2429.538436625533
2025-11-25,CE,25884.8,27700.0,21.0,0.07487049668328283,0.1,3.25,2.85,0.52,-2.73,-2.33,-84.0,-81.75439,0.09097,0.003076597025290574,1.6729406827174594e-05,69.9358146479667,6.593284343863047,-39.32871628449529
2025-11-25,PE,25884.8,26200.0,21.0,0.07487049668328283,0.1,366.6,372.05,275.89,-90.71,-96.16,-24.74359,-25.84599,0.10741,-0.5649889885119546,0.0007036084646977085,2941.373336196758,-1241.7095381336808,168.71895008832144
2025-11-25,CE,25884.8,26600.0,21.0,0.07487049668328283,0.1,56.25,51.35,59.31,3.06,7.96,5.44,15.50146,0.0709,0.19360917205845424,0.0004906739714413472,2051.2194050755406,412.6851303561377,-1416.677050413727
2025-11-25,CE,25884.8,25950.0,21.0,0.07487049668328283,0.1,290.9,289.0,305.63,14.73,16.63,5.0636,5.75433,0.06905,0.6102524382978848,0.0006856833590062536,2866.439007554185,1290.8862532529836,-2836.7337771510893
2025-11-25,PE,25884.8,25600.0,21.0,0.07487049668328283,0.1,111.45,113.85,55.9,-55.55,-57.95,-49.84298,-50.90031,0.10127,-0.1818701798394024,0.0004720762519834675,1973.473273708322,-396.96464111412627,-410.17197582540587
2025-11-25,PE,25884.8,26050.0,21.0,0.07487049668328283,0.1,281.95,283.0,198.4,-83.55,-84.6,-29.63291,-29.89399,0.10337,-0.45936908826697664,0.0007093897817927282,2965.5416241076987,-1007.4232680785342,-123.28152429711486
2025-11-25,CE,25884.8,25650.0,21.0,0.07487049668328283,0.1,570.2,570.2,513.49,-56.71,-56.71,-9.94563,-9.94563,0.09938,0.7933162913159708,0.0005103323451119062,2133.399508142403,1668.445539999427,-2960.5067327902707
2025-11-25,CE,25884.8,25800.0,21.0,0.07487049668328283,0.1,377.5,371.0,402.64,25.14,31.64,6.6596,8.5283,0.06217,0.7082218752854827,0.0006136036674284659,2565.1161930549615,1494.1284519943897,-2945.263282939407
2025-11-25,PE,25884.8,26500.0,21.0,0.07487049668328283,0.1,563.8,566.75,475.66,-88.14,-91.09,-15.6332,-16.07234,0.11066,-0.7550304247475725,0.00056187508879893,2348.8694172779765,-1668.289206830784,946.7809287022897
2025-11-25,CE,25884.8,27150.0,21.0,0.07487049668328283,0.1,13.7,13.5,7.7,-6.0,-5.8,-43.79562,-42.96296,0.08332,0.035025236157901325,0.00013819847938088595,577.726594759654,74.91034052532329,-349.4204712111697
2025-11-25,CE,25884.8,27600.0,21.0,0.07487049668328283,0.1,5.95,4.4,0.89,-5.06,-3.51,-85.04202,-79.77273,0.09156,0.005053166560467605,2.6090752849395413e-05,109.07009878779986,10.825941131220802,-61.98792417468877
2025-11-25,PE,25884.8,25800.0,21.0,0.07487049668328283,0.1,173.05,175.0,103.73,-69.32,-71.27,-40.05779,-40.72571,0.10161,-0.29177812471451725,0.0006136036674284659,2565.1161930549615,-638.029327179194,-386.6739479311069
2025-11-25,PE,25884.8,25300.0,21.0,0.07487049668328283,0.1,57.05,58.05,18.36,-38.69,-39.69,-67.8177,-68.37209,0.10334,-0.07301959252582792,0.00024790322251678354,1036.3376298797014,-159.03845219138847,-274.7005358543501
2025-11-25,PE,25884.8,26000.0,21.0,0.07487049668328283,0.1,257.25,255.5,176.07,-81.18,-79.43,-31.55685,-31.08806,0.10189,-0.4242962444918676,0.0007002135222896637,2927.1810778912286,-929.9079577645913,-199.06745778423146
2025-11-25,CE,25884.8,25600.0,21.0,0.07487049668328283,0.1,601.55,601.55,553.15,-48.4,-48.4,-8.04588,-8.04588,0.0972,0.8181298201605975,0.0004720762519834675,1973.473273708322,1718.6647831821422,-2948.927284980928
2025-11-25,CE,25884.8,26150.0,21.0,0.07487049668328283,0.1,193.7,188.9,200.13,6.43,11.23,3.31957,5.94494,0.07109,0.47000845512573475,0.0007110753055230379,2972.5878078968462,997.1624254431598,-2531.9496642032386
2025-11-25,CE,25884.8,26300.0,21.0,0.07487049668328283,0.1,133.8,122.9,139.2,5.4,16.3,4.03587,13.26282,0.06905,0.36696989423564264,0.0006730684946130689,2813.7036758640056,779.9785675313797,-2199.9546314267564
2025-11-25,CE,25884.8,26750.0,21.0,0.07487049668328283,0.1,37.35,36.6,36.2,-1.15,-0.4,-3.07898,-1.0929,0.07512,0.13032645028768897,0.0003787841603718029,1583.4738855365654,278.1061841951546,-1045.060278804968
2025-11-25,CE,25884.8,27950.0,21.0,0.07487049668328283,0.1,4.4,4.4,0.12,-4.28,-4.28,-97.27273,-97.27273,0.10891,0.0008019091125161372,4.9132216423686476e-06,20.53929118078026,1.7196395165165832,-11.290289013185435
2025-11-25,PE,25884.8,24900.0,21.0,0.07487049668328283,0.1,23.6,23.15,2.82,-20.78,-20.33,-88.05085,-87.81857,0.10869,-0.014225247180793314,6.467208867670918e-05,270.3559817341751,-30.920177645782488,-84.34590662746639
2025-11-25,PE,25884.8,26400.0,21.0,0.07487049668328283,0.1,494.3,505.0,402.91,-91.39,-102.09,-18.48877,-20.21584,0.11222,-0.6968909883461998,0.000624374271031737,2610.141754632049,-1536.8157541221942,671.6432474481719
2025-11-25,PE,25884.8,25950.0,21.0,0.07487049668328283,0.1,233.55,235.0,155.48,-78.07,-79.52,-33.42753,-33.8383,0.10235,-0.3897475617021152,0.0006856833590062536,2866.439007554185,-853.6677920785858,-263.26892275320597
2025-11-25,PE,25884.8,25550.0,21.0,0.07487049668328283,0.1,99.8,102.45,47.19,-52.61,-55.26,-52.71543,-53.93851,0.10166,-0.1589660593402084,0.00043306695353304567,1810.398330635958,-346.832561452895,-397.07345951232764
2025-11-25,PE,25884.8,25500.0,21.0,0.07487049668328283,0.1,90.05,89.05,39.58,-50.47,-49.47,-56.04664,-55.55306,0.10068,-0.13800002380859894,0.0003939677215735709,1646.9474284345738,-300.9736557040612,-378.6782450240383
2025-11-25,PE,25884.8,24500.0,21.0,0.07487049668328283,0.1,11.8,12.75,0.27,-11.53,-12.48,-97.71186,-97.88235,0.12213,-0.0016394081826415212,9.45828840391398e-06,39.53954324481307,-3.558405323471263,-13.49198506005025
2025-11-25,PE,25884.8,24700.0,21.0,0.07487049668328283,0.1,16.75,15.3,0.92,-15.83,-14.38,-94.50746,-93.98693,0.11297,-0.0051714672259158085,2.6633805407748694e-05,111.34028227113818,-11.232148036407777,-36.53803576329282
2025-11-25,CE,25884.8,27300.0,21.0,0.07487049668328283,0.1,8.0,7.2,3.94,-4.06,-3.26,-50.75,-45.27778,0.08242,0.0193904364442206,8.430061831911858e-05,352.4113244647878,41.498198304183994,-208.10910336197404
2025-11-25,CE,25884.8,26000.0,21.0,0.07487049668328283,0.1,262.6,260.1,276.64,14.04,16.54,5.34653,6.35909,0.06921,0.5757037555081324,0.0007002135222896637,2927.1810778912286,1218.7781762863062,-2777.490818645309
2025-11-25,PE,25884.8,25700.0,21.0,0.07487049668328283,0.1,141.2,142.8,77.05,-64.15,-65.75,-45.43201,-46.04342,0.10172,-0.23334382589562264,0.0005471404794172117,2287.2726779987224,-509.75876320184955,-415.7849328689814
2025-11-25,CE,25884.8,27000.0,21.0,0.07487049668328283,0.1,18.15,16.45,14.32,-3.83,-2.13,-21.10193,-12.94833,0.07718,0.059943080931211104,0.00021276872158383888,889.460937216342,128.1079299586117,-553.2958088489287
2025-11-25,CE,25884.8,27900.0,21.0,0.07487049668328283,0.1,3.0,2.65,0.16,-2.84,-2.49,-94.66667,-93.96226,0.09948,0.001061837772810004,6.359095625679023e-06,26.58364026892957,2.2767665641689496,-14.674101980509594
2025-11-25,CE,25884.8,25750.0,21.0,0.07487049668328283,0.1,413.3,405.0,438.15,24.85,33.15,6.01258,8.18519,0.0606,0.7382472333670762,0.0005817953381188345,2432.144268476835,1555.936217968935,-2959.6985578802837
2025-11-25,PE,25884.8,24750.0,21.0,0.07487049668328283,0.1,17.65,17.65,1.24,-16.41,-16.41,-92.9745,-92.9745,0.1128,-0.006744646496391062,3.370744724561621e-05,140.9110201681706,-14.651636586617528,-45.71850450489308
2025-11-25,CE,25884.8,26550.0,21.0,0.07487049668328283,0.1,65.5,59.65,69.22,3.72,9.57,5.67939,16.04359,0.07044,0.218396148809547,0.0005270324222899486,2203.212712770386,465.3268993683697,-1548.1260598662946
2025-11-25,CE,25884.8,27200.0,21.0,0.07487049668328283,0.1,10.15,8.6,6.19,-3.96,-2.41,-39.01478,-28.02326,0.07928,0.028932863906165517,0.00011801927855374006,493.3692195478208,61.89422845528402,-295.9058652410746
2025-11-25,PE,25884.8,24000.0,21.0,0.07487049668328283,0.1,7.05,6.75,0.01,-7.04,-6.74,-99.85816,-99.85185,0.1395,-4.923655252912289e-05,3.630303699964796e-07,1.5176165497043177,-0.10673849241315056,-0.5536620382110129
2025-11-25,PE,25884.8,24800.0,21.0,0.07487049668328283,0.1,18.9,18.3,1.64,-17.26,-16.66,-91.32275,-91.03825,0.11018,-0.008722148433329935,4.22689602980551e-05,176.7016728868861,-18.950984257772458,-56.63727097352185
2025-11-25,PE,25884.8,25750.0,21.0,0.07487049668328283,0.1,159.05,161.0,89.66,-69.39,-71.34,-43.62779,-44.31056,0.10267,-0.2617527666329238,0.0005817953381188345,2432.144268476835,-572.0894724853192,-406.06772933517834
2025-11-25,PE,25884.8,24950.0,21.0,0.07487049668328283,0.1,25.4,25.45,3.66,-21.74,-21.79,-85.59055,-85.61886,0.1074,-0.017943580160513135,7.891570525426979e-05,329.90016875620955,-39.010741791799326,-101.38584679389824
2025-11-25,PE,25884.8,24850.0,21.0,0.07487049668328283,0.1,20.7,20.7,2.16,-18.54,-18.54,-89.56522,-89.56522,0.10956,-0.011185213056239297,5.252233865242447e-05,219.5650197774558,-24.307346867534875,-69.46483626903576
2025-11-25,CE,25884.8,27500.0,21.0,0.07487049668328283,0.1,6.65,4.85,1.49,-5.16,-3.36,-77.59398,-69.27835,0.08775,0.0081033322596032,3.9624734237617814e-05,165.6477182810552,17.35502798823688,-95.23879523881493
2025-11-25,PE,25884.8,25400.0,21.0,0.07487049668328283,0.1,71.9,73.45,27.32,-44.58,-46.13,-62.00278,-62.80463,0.10271,-0.10183792647604661,0.0003178883958783379,1328.9044950939,-221.94782085017238,-330.63705253375815
2025-11-25,CE,25884.8,26400.0,21.0,0.07487049668328283,0.1,99.25,93.0,106.79,7.54,13.79,7.59698,14.82796,0.06953,0.3031090116538002,0.000624374271031737,2610.141754632049,644.9270896833328,-1946.4481651184606
2025-11-25,CE,25884.8,26500.0,21.0,0.07487049668328283,0.1,76.25,72.5,80.37,4.12,7.87,5.40328,10.85517,0.07148,0.24496957525242746,0.00056187508879893,2348.8694172779765,521.7178144134001,-1681.2274967907315
2025-11-25,PE,25884.8,26100.0,21.0,0.07487049668328283,0.1,305.55,307.6,222.48,-83.07,-85.12,-27.18704,-27.6723,0.10343,-0.49469324746647736,0.0007130282479581008,2980.7519120738607,-1085.6265079241057,-36.27044737076267
2025-11-25,PE,25884.8,25100.0,21.0,0.07487049668328283,0.1,36.95,36.9,7.64,-29.31,-29.26,-79.32341,-79.29539,0.10592,-0.03431310788591265,0.00013588662397915122,568.062086475595,-74.6519325951818,-165.60422425400046
2025-11-25,PE,25884.8,26300.0,21.0,0.07487049668328283,0.1,422.05,425.0,336.14,-85.91,-88.86,-20.35541,-20.90824,0.10589,-0.6330301057643574,0.0006730684946130689,2813.7036758640056,-1393.50009883549,408.21976821348767
2025-11-25,CE,25884.8,27450.0,21.0,0.07487049668328283,0.1,6.65,5.55,1.92,-4.73,-3.63,-71.12782,-65.40541,0.08695,0.010169684267426484,4.834412988847863e-05,202.09838532385538,21.776813347080783,-116.91941494501613
2025-11-25,CE,25884.8,27750.0,21.0,0.07487049668328283,0.1,3.9,3.9,0.39,-3.51,-3.51,-90.0,-90.0,0.0974,0.0023792371486946674,1.326462144558929e-05,55.45158393107532,5.099524163466975,-31.029554780926496
2025-11-25,CE,25884.8,26950.0,21.0,0.07487049668328283,0.1,20.65,17.05,17.42,-3.23,0.37,-15.64165,2.17009,0.0745,0.07084985263336907,0.0002422348851667232,1012.6416438611154,151.37600673826128,-636.5531051142599
2025-11-25,CE,25884.8,27800.0,21.0,0.07487049668328283,0.1,3.1,3.1,0.29,-2.81,-2.81,-90.64516,-90.64516,0.09678,0.0018290298996699915,1.044900778414786e-05,43.68115852501764,3.9207674115967333,-24.327501100731794
2025-11-25,CE,25884.8,25500.0,21.0,0.07487049668328283,0.1,593.2,590.0,636.0,42.8,46.0,7.2151,7.79661,,0.861999976191401,0.0003939677215735709,1646.9474284345738,1806.3915911535503,-2907.516541253172
2025-11-25,PE,25884.8,25650.0,21.0,0.07487049668328283,0.1,125.95,125.95,65.83,-60.12,-60.12,-47.73323,-47.73323,0.10077,-0.20668370868402924,0.0005103323451119062,2133.399508142403,-451.31597301617035,-416.79291717155377
2025-11-25,CE,25884.8,27050.0,21.0,0.07487049668328283,0.1,15.9,15.95,11.71,-4.19,-4.24,-26.3522,-26.58307,0.07989,0.05041389677131661,0.00018556572409436745,775.7411974822057,107.77062104637064,-477.8055177747088
2025-11-25,CE,25884.8,25850.0,21.0,0.07487049668328283,0.1,351.45,345.2,368.68,17.23,23.48,4.90255,6.80185,0.066,0.6767456911824291,0.0006419075886942944,2683.438247859814,1429.0625468866226,-2920.3371828810423
2025-11-26,PE,26205.3,24800.0,20.0,0.08133686868054464,0.1,12.8,13.85,0.52,-12.28,-13.33,-95.9375,-96.24549,0.12634,-0.002861534833392027,1.4601323201948043e-05,64.7272848416322,-5.992655588523798,-25.616956361895905
2025-11-26,PE,26205.3,24900.0,20.0,0.08133686868054464,0.1,14.15,14.0,0.92,-13.23,-13.08,-93.49823,-93.42857,0.11993,-0.004832067592679299,2.3358690422370438e-05,103.54846527159677,-10.122718534312268,-40.305914554533715
2025-11-26,PE,26205.3,26250.0,20.0,0.08133686868054464,0.1,225.55,220.5,166.18,-59.37,-54.32,-26.32232,-24.63492,0.1004,-0.3884203968627904,0.0006382248713841883,2829.234205129228,-821.0198622674243,-415.2775949003826
2025-11-26,CE,26205.3,26250.0,20.0,0.08133686868054464,0.1,284.6,290.0,328.99,44.39,38.99,15.59733,13.44483,0.06745,0.6115796031372096,0.0006382248713841883,2829.234205129228,1245.8445189617137,-3019.526715249097
2025-11-26,CE,26205.3,26600.0,20.0,0.08133686868054464,0.1,123.2,126.75,159.35,36.15,32.6,29.34253,25.71992,0.06969,0.38414946212838785,0.0006361691969299849,2820.121453901234,786.3017709557952,-2435.8332760669555
2025-11-26,CE,26205.3,25750.0,20.0,0.08133686868054464,0.1,613.1,613.1,698.64,85.54,85.54,13.95205,13.95205,,0.8692218519236838,0.0003537565244539948,1568.1934442670674,1752.3476158755827,-3011.535244728096
2025-11-26,PE,26205.3,26950.0,20.0,0.08133686868054464,0.1,690.4,690.4,595.23,-95.17,-95.17,-13.78476,-13.78476,0.12255,-0.8065035274028224,0.00045699597963078423,2025.8512558023556,-1724.5952568268137,1134.8987189768563
2025-11-26,CE,26205.3,26350.0,20.0,0.08133686868054464,0.1,229.25,240.0,272.4,43.15,32.4,18.82225,13.5,0.07025,0.546768729954178,0.0006598127152185884,2924.9325536733836,1115.542702002255,-2904.384391133609
2025-11-26,PE,26205.3,27550.0,20.0,0.08133686868054464,0.1,1230.95,1224.45,1134.88,-96.07,-89.57,-7.80454,-7.31512,0.15145,-0.9660772813172556,0.00012541934237308533,555.9806728577729,-2099.303239522052,2360.225201841719
2025-11-26,CE,26205.3,25100.0,20.0,0.08133686868054464,0.1,1213.7,1210.95,1306.37,92.67,95.42,7.63533,7.87976,,0.9874053835253274,5.424140411897479e-05,240.45072943461417,1949.9117839520345,-2580.101157025799
2025-11-26,CE,26205.3,27600.0,20.0,0.08133686868054464,0.1,5.2,5.7,6.5,1.3,0.8,25.0,14.03509,0.07961,0.028379372820298773,0.00010820572323511956,479.67314828014895,58.50734894035349,-319.51446445369453
2025-11-26,CE,26205.3,25900.0,20.0,0.08133686868054464,0.1,521.35,523.15,574.52,53.17,51.37,10.19852,9.81936,0.04961,0.8076411488968485,0.0004553531023080363,2018.568423489242,1634.1237738488928,-3093.3553741890473
2025-11-26,CE,26205.3,27950.0,20.0,0.08133686868054464,0.1,4.5,4.65,1.37,-3.13,-3.28,-69.55556,-70.53763,0.09541,0.00704213462518531,3.262517943106507e-05,144.62656930723716,14.53721721682786,-92.42676902860387
2025-11-26,PE,26205.3,26400.0,20.0,0.08133686868054464,0.1,293.45,285.0,232.55,-60.9,-52.45,-20.75311,-18.40351,0.09916,-0.4861318620132209,0.0006639819047263321,2943.414461997313,-1029.506566501073,-211.09285428636394
2025-11-26,CE,26205.3,27300.0,20.0,0.08133686868054464,0.1,13.0,13.35,20.5,7.5,7.15,57.69231,53.55805,0.07388,0.0766164199340976,0.00023960086536595676,1062.1443855701204,157.71885996550589,-742.9922035325739
2025-11-26,CE,26205.3,25200.0,20.0,0.08133686868054464,0.1,1118.35,1115.8,1208.82,90.47,93.02,8.0896,8.33662,,0.9805367921993354,7.879278110254298e-05,349.2863431177422,1943.368485904189,-2627.6263939983533
2025-11-26,CE,26205.3,26550.0,20.0,0.08133686868054464,0.1,141.9,146.4,178.75,36.85,32.35,25.96899,22.09699,0.07006,0.4158620136733638,0.0006495521618244226,2879.447788149644,850.7172792939889,-2547.396951598864
2025-11-26,CE,26205.3,26750.0,20.0,0.08133686868054464,0.1,80.6,80.95,110.2,29.6,29.25,36.72457,36.13342,0.06955,0.2945960832715212,0.0005742446575421227,2545.611586253741,603.9503681645594,-2065.4055382949437
2025-11-26,PE,26205.3,24000.0,20.0,0.08133686868054464,0.1,6.9,6.65,0.0,-6.9,-6.65,-100.0,-100.0,0.15959,-1.3689954378901922e-05,1.005674450158168e-07,0.4458128601978686,-0.02861433762080911,-0.19239037361365643
2025-11-26,CE,26205.3,26200.0,20.0,0.08133686868054464,0.1,316.5,323.0,359.68,43.18,36.68,13.64297,11.35604,0.06785,0.6430577027150037,0.0006211952486197852,2753.7423316755944,1308.876532612954,-3060.2633350851165
2025-11-26,PE,26205.3,27500.0,20.0,0.08133686868054464,0.1,1189.5,1189.5,1087.02,-102.48,-102.48,-8.61538,-8.61538,0.15486,-0.9596601841888703,0.00014450016958252995,640.5654821053972,-2082.158893702614,2295.280185919725
2025-11-26,PE,26205.3,27700.0,20.0,0.08133686868054464,0.1,1380.0,1385.65,1280.0,-100.0,-105.65,-7.24638,-7.62458,0.17072,-0.9804436396229684,7.911297217002234e-05,350.70574176688086,-2140.6996293768975,2517.5720997741746
2025-11-26,PE,26205.3,25000.0,20.0,0.08133686868054464,0.1,17.4,17.7,1.58,-15.82,-16.12,-90.91954,-91.07345,0.11858,-0.007917308376389784,3.6172020550553404e-05,160.34962346156925,-16.591952768191646,-61.26085799082969
2025-11-26,CE,26205.3,26800.0,20.0,0.08133686868054464,0.1,69.2,71.9,96.66,27.46,24.76,39.68208,34.43672,0.07083,0.2671342076457689,0.0005476991115852484,2427.9358735349097,547.9106480722239,-1934.4958348271043
2025-11-26,PE,26205.3,26800.0,20.0,0.08133686868054464,0.1,572.6,572.6,479.5,-93.1,-93.1,-16.25917,-16.25917,0.11738,-0.7328657923542311,0.0005476991115852484,2427.9358735349097,-1562.259463049334,724.3185051860592
2025-11-26,CE,26205.3,27750.0,20.0,0.08133686868054464,0.1,4.5,4.5,3.43,-1.07,-1.07,-23.77778,-23.77778,0.08461,0.016108696573444433,6.70483220523285e-05,297.22346253218694,33.2301593580591,-194.1739229579253
2025-11-26,PE,26205.3,25300.0,20.0,0.08133686868054464,0.1,29.65,28.85,6.83,-22.82,-22.02,-76.96459,-76.32582,0.10917,-0.029237044798486187,0.00011091758549442633,491.69476292984064,-61.34880976403211,-174.65584758633622
2025-11-26,CE,26205.3,26850.0,20.0,0.08133686868054464,0.1,58.5,59.95,84.42,25.92,24.47,44.30769,40.81735,0.07027,0.241075249253504,0.000518978114359777,2300.6164420945597,494.68482504734953,-1802.1899853998268
2025-11-26,CE,26205.3,27450.0,20.0,0.08133686868054464,0.1,8.25,8.6,11.79,3.54,3.19,42.90909,37.09302,0.07661,0.047723789592591284,0.00016548067223103388,733.5715030165126,98.31989308707716,-499.7814420441735
2025-11-26,CE,26205.3,24950.0,20.0,0.08133686868054464,0.1,1360.4,1357.6,1453.74,93.34,96.14,6.86122,7.08161,,0.9937916549913512,2.9185470958142126e-05,129.3784313803022,1951.4972095709134,-2525.18287390398
2025-11-26,PE,26205.3,27200.0,20.0,0.08133686868054464,0.1,906.05,903.3,808.65,-97.4,-94.65,-10.74996,-10.47825,0.13305,-0.8976105385671918,0.000297341045981563,1318.1050999398299,-1931.016354684489,1757.6541959503948
2025-11-26,PE,26205.3,26200.0,20.0,0.08133686868054464,0.1,204.0,195.25,147.26,-56.74,-47.99,-27.81373,-24.57875,0.09857,-0.3569422972849962,0.0006211952486197852,2753.7423316755944,-754.0509640805096,-460.9746892513523
2025-11-26,CE,26205.3,25000.0,20.0,0.08133686868054464,0.1,1312.15,1309.45,1404.51,92.36,95.06,7.03883,7.25954,,0.9920826916236102,3.6172020550553404e-05,160.34962346156925,1951.8503150690829,-2541.4981154657958
2025-11-26,PE,26205.3,26750.0,20.0,0.08133686868054464,0.1,512.8,512.8,443.44,-69.36,-69.36,-13.52574,-13.52574,0.10759,-0.7054039167284788,0.0005742446575421227,2545.611586253741,-1502.2828584213241,588.4483272032696
2025-11-26,PE,26205.3,24400.0,20.0,0.08133686868054464,0.1,11.75,11.75,0.04,-11.71,-11.71,-99.65957,-99.65957,0.14846,-0.0002574620256416433,1.597508367342181e-06,7.081712917364411,-0.5385865745330264,-2.950208343724198
2025-11-26,PE,26205.3,25400.0,20.0,0.08133686868054464,0.1,36.1,34.85,10.55,-25.55,-24.3,-70.77562,-69.7274,0.10659,-0.04271881291853371,0.00015136715894538243,671.0066668080624,-89.68299684980404,-230.83818516345218
2025-11-26,CE,26205.3,23950.0,20.0,0.08133686868054464,0.1,2367.45,2377.9,2444.63,77.18,66.73,3.26005,2.80626,,0.9999908731064324,6.837122517467775e-08,0.303087857562273,1885.7486175293143,-2376.1985670557324
2025-11-26,PE,26205.3,27450.0,20.0,0.08133686868054464,0.1,1149.7,1146.25,1039.49,-110.21,-106.76,-9.58598,-9.31385,0.15365,-0.9522762104074087,0.00016548067223103388,733.5715030165126,-2063.02971699825,2223.519066663339
2025-11-26,PE,26205.3,26000.0,20.0,0.08133686868054464,0.1,135.85,132.0,86.62,-49.23,-45.38,-36.2385,-34.37879,0.10017,-0.2416322166077095,0.0005196292140986957,2303.502750251596,-509.41822676606967,-538.4991487004232
2025-11-26,CE,26205.3,27400.0,20.0,0.08133686868054464,0.1,10.0,10.0,14.24,4.24,4.24,42.4,42.4,0.07577,0.056169031321398694,0.0001883591460319063,834.991180532679,115.68944072683816,-573.6367737183327
2025-11-26,CE,26205.3,27000.0,20.0,0.08133686868054464,0.1,35.8,37.0,54.81,19.01,17.81,53.10056,48.13514,0.07125,0.1720804902985283,0.000424717539861657,1882.7617743709043,353.5403088875125,-1410.2298565504252
2025-11-26,PE,26205.3,27800.0,20.0,0.08133686868054464,0.1,1560.0,1560.0,1377.69,-182.31,-182.31,-11.68654,-11.68654,0.21698,-0.9867996144357942,5.649039264933875e-05,250.4204369191393,-2161.672035124937,2595.385754843936
2025-11-26,PE,26205.3,26900.0,20.0,0.08133686868054464,0.1,651.05,651.05,555.47,-95.58,-95.58,-14.6809,-14.6809,0.12107,-0.7834920137647969,0.0004885779826895742,2165.8534514652024,-1673.580534903894,998.8799260711905
2025-11-26,CE,26205.3,26950.0,20.0,0.08133686868054464,0.1,42.9,43.05,63.58,20.68,20.53,48.20513,47.68873,0.0706,0.19349647259717762,0.00045699597963078423,2025.8512558023556,397.38550790176777,-1538.7970445811573
2025-11-26,CE,26205.3,26050.0,20.0,0.08133686868054464,0.1,409.05,415.9,460.87,51.82,44.97,12.66838,10.8127,0.06177,0.7314541365908018,0.0005491551742970398,2434.3905615511867,1484.691038840757,-3118.146653098245
2025-11-26,CE,26205.3,24000.0,20.0,0.08133686868054464,0.1,2317.9,2328.35,2395.02,77.12,66.67,3.32715,2.8634,,0.9999863100456211,1.005674450158168e-07,0.4458128601978686,1889.6759627861625,-2381.2201575495806
2025-11-26,PE,26205.3,26550.0,20.0,0.08133686868054464,0.1,383.4,383.85,313.57,-69.83,-70.28,-18.21335,-18.30924,0.1056,-0.5841379863266363,0.0006495521618244226,2879.447788149644,-1239.7684091491963,86.61501583954964
2025-11-26,PE,26205.3,24700.0,20.0,0.08133686868054464,0.1,11.55,11.75,0.29,-11.26,-11.46,-97.48918,-97.53191,0.12911,-0.0016433474273545962,8.831523321580247e-06,39.14991249184708,-3.440460125507121,-15.726307376447368
2025-11-26,PE,26205.3,27100.0,20.0,0.08133686868054464,0.1,830.65,830.65,720.68,-109.97,-109.97,-13.23903,-13.23903,0.13479,-0.8659203872268812,0.00035988691070228297,1595.3692865790322,-1858.1256865927983,1523.7356095023727
2025-11-26,CE,26205.3,27150.0,20.0,0.08133686868054464,0.1,21.25,21.35,34.21,12.96,12.86,60.98824,60.23419,0.07161,0.11746468746364902,0.00032815191312416726,1454.6888702032647,241.58649756070878,-1049.8139638491618
2025-11-26,CE,26205.3,26650.0,20.0,0.08133686868054464,0.1,108.1,111.5,141.49,33.39,29.99,30.88807,26.89686,0.07028,0.35325170348668455,0.000618911347901631,2743.6178593733684,723.4584114990871,-2317.4484973747767
2025-11-26,CE,26205.3,25050.0,20.0,0.08133686868054464,0.1,1263.7,1260.95,1355.38,91.68,94.43,7.25489,7.4888,,0.9899776428421235,4.4472069385945195e-05,197.14352342100486,1951.3717393099832,-2559.7491238475786
2025-11-26,CE,26205.3,25950.0,20.0,0.08133686868054464,0.1,478.1,486.0,535.37,57.27,49.37,11.97867,10.15844,0.05518,0.7837932173814999,0.000488184439816773,2164.1088861766407,1587.6325613088577,-3109.3546210468603
2025-11-26,CE,26205.3,26100.0,20.0,0.08133686868054464,0.1,378.05,383.8,425.67,47.62,41.87,12.59622,10.90933,0.06435,0.7031675178849967,0.0005762438035665155,2554.4737484270718,1428.6546404107849,-3109.074090606971
2025-11-26,PE,26205.3,24650.0,20.0,0.08133686868054464,0.1,11.95,10.9,0.21,-11.74,-10.69,-98.24268,-98.07339,0.13064,-0.0012308867819757273,6.783306255750754e-06,30.07021967196963,-2.5765725439783767,-12.162168899108227
2025-11-26,CE,26205.3,26300.0,20.0,0.08133686868054464,0.1,257.4,264.0,299.89,42.49,35.89,16.50738,13.5947,0.06887,0.579412662464615,0.0006511767042164354,2886.649342193122,1181.2537313453818,-2967.5631178734593
2025-11-26,PE,26205.3,26350.0,20.0,0.08133686868054464,0.1,274.55,264.2,208.8,-65.75,-55.4,-23.94828,-20.96896,0.10026,-0.45323127004582203,0.0006598127152185884,2924.9325536733836,-959.1954482982322,-290.21432175499467
2025-11-26,PE,26205.3,25800.0,20.0,0.08133686868054464,0.1,87.95,84.0,46.99,-40.96,-37.01,-46.57192,-44.05952,0.10077,-0.14962058004958434,0.00038763839013389876,1718.3908709315547,-314.9078633922113,-483.7578475738954
2025-11-26,PE,26205.3,25900.0,20.0,0.08133686868054464,0.1,109.75,105.6,64.48,-45.27,-41.12,-41.24829,-38.93939,0.10033,-0.19235885110315154,0.0004553531023080363,2018.568423489242,-405.1824156305238,-523.8295754449828
2025-11-26,CE,26205.3,27500.0,20.0,0.08133686868054464,0.1,7.45,7.6,9.71,2.26,2.11,30.33557,27.76316,0.07781,0.04033981581112962,0.00014450016958252995,640.5654821053972,83.12760091838832,-432.98079730273713
2025-11-26,CE,26205.3,27100.0,20.0,0.08133686868054464,0.1,25.4,26.55,40.21,14.81,13.66,58.30709,51.45009,0.07207,0.1340796127731187,0.00035988691070228297,1595.3692865790322,275.6657317428074,-1164.8415776004908
2025-11-26,CE,26205.3,27800.0,20.0,0.08133686868054464,0.1,3.95,4.9,2.75,-1.2,-2.15,-30.37975,-43.87755,0.08834,0.013200385564205771,5.649039264933875e-05,250.4204369191393,27.23576671011233,-162.63807546822642
2025-11-26,PE,26205.3,25650.0,20.0,0.08133686868054464,0.1,63.0,62.7,28.04,-34.96,-34.66,-55.49206,-55.27911,0.10394,-0.09808664243085563,0.0002881672478901509,1277.437892322425,-206.2246703140754,-394.7445434051641
2025-11-26,PE,26205.3,25050.0,20.0,0.08133686868054464,0.1,18.25,18.25,2.05,-16.2,-16.2,-88.76712,-88.76712,0.11584,-0.010022357157876426,4.4472069385945195e-05,197.14352342100486,-21.007413062965746,-74.55139185766231
2025-11-26,PE,26205.3,26650.0,20.0,0.08133686868054464,0.1,449.05,448.55,375.52,-73.53,-73.03,-16.37457,-16.28135,0.10747,-0.6467482965133154,0.000618911347901631,2743.6178593733684,-1374.9010460154473,326.48441909353687
2025-11-26,PE,26205.3,25950.0,20.0,0.08133686868054464,0.1,120.95,118.6,74.93,-46.02,-43.67,-38.04878,-36.82125,0.10039,-0.21620678261850018,0.000488184439816773,2164.1088861766407,-455.61051270623346,-534.8683477878456
2025-11-26,CE,26205.3,26450.0,20.0,0.08133686868054464,0.1,183.85,184.05,222.33,38.48,38.28,20.93011,20.7987,0.06832,0.48093520353036673,0.0006636245910174838,2941.8304996474244,982.5972366370188,-2745.531988653179
2025-11-26,PE,26205.3,26700.0,20.0,0.08133686868054464,0.1,476.1,476.1,408.76,-67.34,-67.34,-14.14409,-14.14409,0.10609,-0.6766524320562155,0.0005981330617176742,2651.508258774261,-1439.7334488695742,455.3722575650629
2025-11-26,CE,26205.3,25500.0,20.0,0.08133686868054464,0.1,852.75,852.75,922.76,70.01,70.01,8.20991,8.20991,,0.9392481310606449,0.00020032572276458416,888.0387030100906,1880.1998015301647,-2824.1025603588378
2025-11-26,PE,26205.3,26050.0,20.0,0.08133686868054464,0.1,151.5,147.0,99.64,-51.86,-47.36,-34.23102,-32.21769,0.10013,-0.26854586340919817,0.0005491551742970398,2434.3905615511867,-566.4258042456825,-533.739430809331
2025-11-26,PE,26205.3,24600.0,20.0,0.08133686868054464,0.1,10.2,10.05,0.15,-10.05,-9.9,-98.52941,-98.50746,0.13202,-0.0009147085943842972,5.166636424154779e-06,22.903564483443613,-1.9144607134479028,-9.324076066304952
2025-11-26,PE,26205.3,27750.0,20.0,0.08133686868054464,0.1,1429.4,1435.05,1328.77,-100.63,-106.28,-7.04002,-7.40601,0.17476,-0.9838913034265556,6.70483220523285e-05,297.22346253218694,-2151.7407579413157,2558.889432839287
2025-11-26,PE,26205.3,26300.0,20.0,0.08133686868054464,0.1,246.3,240.0,186.68,-59.62,-53.32,-24.20625,-22.21667,0.09975,-0.420587337535385,0.0006511767042164354,2886.649342193122,-889.5475344194306,-358.3535230097955
2025-11-26,CE,26205.3,27050.0,20.0,0.08133686868054464,0.1,29.75,30.35,47.05,17.3,16.7,58.15126,55.02471,0.07096,0.1522765858988931,0.0003922048211927378,1738.6337406884347,312.9685045005932,-1285.2549684453654
2025-11-26,PE,26205.3,25550.0,20.0,0.08133686868054464,0.1,49.8,48.8,19.31,-30.49,-29.49,-61.2249,-60.43033,0.10433,-0.07173297858528091,0.00022784538125976224,1010.0326311990224,-150.72178801390368,-327.6537634699505
2025-11-26,PE,26205.3,24950.0,20.0,0.08133686868054464,0.1,16.25,16.35,1.21,-15.04,-15.14,-92.55385,-92.59939,0.12013,-0.006208345008648721,2.9185470958142126e-05,129.3784313803022,-13.00817373068665,-49.906090943964166
2025-11-26,CE,26205.3,25400.0,20.0,0.08133686868054464,0.1,931.65,929.15,1016.64,84.99,87.49,9.12252,9.41613,,0.9572811870814663,0.00015136715894538243,671.0066668080624,1910.2543472728667,-2750.7592387580175
2025-11-26,PE,26205.3,25850.0,20.0,0.08133686868054464,0.1,97.7,94.55,55.19,-42.51,-39.36,-43.51075,-41.62877,0.10066,-0.17015124998725661,0.0004216660483933675,1869.2345922978825,-358.25832600159725,-506.4319472092324
2025-11-26,CE,26205.3,27200.0,20.0,0.08133686868054464,0.1,17.45,18.15,28.97,11.52,10.82,66.01719,59.61433,0.07226,0.1023894614328083,0.000297341045981563,1318.1050999398299,210.6488327224656,-940.843940182368
2025-11-26,PE,26205.3,25700.0,20.0,0.08133686868054464,0.1,69.7,66.8,33.5,-36.2,-33.3,-51.93687,-49.8503,0.10161,-0.11361152602459634,0.00032046695395529734,1420.6216466893443,-238.94600184474314,-426.8862105011385
2025-11-26,PE,26205.3,25150.0,20.0,0.08133686868054464,0.1,22.3,22.3,3.39,-18.91,-18.91,-84.79821,-84.79821,0.11364,-0.015712866189477048,6.563324590550677e-05,290.9504668891818,-32.948394532151234,-107.57452237231323
2025-11-26,PE,26205.3,25600.0,20.0,0.08133686868054464,0.1,56.15,54.2,23.34,-32.81,-30.86,-58.43277,-56.93727,0.1034,-0.08415029681689046,0.00025719935857209677,1140.158046851543,-176.866854730312,-361.3901406303373
2025-11-26,PE,26205.3,25750.0,20.0,0.08133686868054464,0.1,79.65,76.7,39.78,-39.87,-36.92,-50.0565,-48.13559,0.10206,-0.13077814807631621,0.0003537565244539948,1568.1934442670674,-275.1479199968098,-456.89086952888096
2025-11-26,PE,26205.3,26450.0,20.0,0.08133686868054464,0.1,328.0,328.0,257.94,-70.06,-70.06,-21.35976,-21.35976,0.10514,-0.5190647964696333,0.0006636245910174838,2941.8304996474244,-1100.0146827348176,-121.44097024466464
2025-11-26,CE,26205.3,25850.0,20.0,0.08133686868054464,0.1,556.35,560.85,614.84,58.49,53.99,10.51317,9.62646,0.03468,0.8298487500127434,0.0004216660483933675,1869.2345922978825,1677.1109789421448,-3070.997271438347
2025-11-26,CE,26205.3,27700.0,20.0,0.08133686868054464,0.1,3.7,3.7,4.27,0.57,0.57,15.40541,15.40541,0.07965,0.0195563603770316,7.911297217002234e-05,350.70574176688086,40.33440338680265,-230.5307815080878
2025-11-26,CE,26205.3,26150.0,20.0,0.08133686868054464,0.1,343.45,346.4,391.92,48.47,45.52,14.11268,13.14088,0.06378,0.6736478469733409,0.0006004056558026287,2661.5826090664746,1369.9385509994747,-3089.9767837425243
2025-11-26,PE,26205.3,26850.0,20.0,0.08133686868054464,0.1,619.0,619.0,516.87,-102.13,-102.13,-16.49919,-16.49919,0.12208,-0.758924750746496,0.000518978114359777,2300.6164420945597,-1619.4221706098833,861.5848291282866
2025-11-26,CE,26205.3,25350.0,20.0,0.08133686868054464,0.1,978.0,975.8,1064.21,86.21,88.41,8.81493,9.06026,,0.9645380377300771,0.00013007431214430768,576.6160324168914,1921.5714633812424,-2716.650941659439
2025-11-26,CE,26205.3,25450.0,20.0,0.08133686868054464,0.1,886.25,883.8,969.47,83.22,85.67,9.39013,9.69337,,0.9488860925953677,0.0001747995328686774,774.8817691170365,1896.5379254892189,-2786.704463311425
2025-11-26,CE,26205.3,25700.0,20.0,0.08133686868054464,0.1,675.05,672.95,741.96,66.91,69.01,9.91186,10.25485,,0.8863884739754037,0.00032046695395529734,1420.6216466893443,1784.612649491975,-2976.570111185403
2025-11-26,PE,26205.3,27000.0,20.0,0.08133686868054464,0.1,733.8,733.8,636.08,-97.72,-97.72,-13.31698,-13.31698,0.1254,-0.8279195097014718,0.000424717539861657,1882.7617743709043,-1772.3773403767439,1268.4263815225381
2025-11-26,PE,26205.3,27950.0,20.0,0.08133686868054464,0.1,1627.4,1620.2,1525.12,-102.28,-95.08,-6.28487,-5.86841,0.18324,-0.9929578653748147,3.262517943106507e-05,144.62656930723716,-2186.181238225245,2680.478484828408
2025-11-26,CE,26205.3,25300.0,20.0,0.08133686868054464,0.1,1024.2,1021.7,1112.13,87.93,90.43,8.58524,8.85093,,0.9707629552015138,0.00011091758549442633,491.69476292984064,1930.7147652872893,-2684.6559521510017
2025-11-26,PE,26205.3,27650.0,20.0,0.08133686868054464,0.1,1337.65,1337.65,1231.4,-106.25,-106.25,-7.94303,-7.94303,0.16738,-0.9763806017236084,9.279826729434763e-05,411.3722980373305,-2128.392728640485,2470.9785102060714
2025-11-26,CE,26205.3,26000.0,20.0,0.08133686868054464,0.1,443.5,453.5,497.46,53.96,43.96,12.16685,9.6935,0.06067,0.7583677833922905,0.0005196292140986957,2303.502750251596,1537.7617317846955,-3117.945896474388
2025-11-26,PE,26205.3,26150.0,20.0,0.08133686868054464,0.1,183.95,183.2,129.9,-54.05,-53.3,-29.38298,-29.09389,0.10099,-0.3263521530266591,0.0006004056558026287,2661.5826090664746,-689.0520611583141,-495.64861242371
2025-11-26,PE,26205.3,25200.0,20.0,0.08133686868054464,0.1,23.8,22.7,4.31,-19.49,-18.39,-81.89076,-81.01322,0.11045,-0.019463207800664524,7.879278110254298e-05,349.2863431177422,-40.82132007578384,-127.54723846358776
2025-11-26,PE,26205.3,25450.0,20.0,0.08133686868054464,0.1,40.5,39.8,12.98,-27.52,-26.82,-67.95062,-67.38693,0.10641,-0.05111390740463232,0.0001747995328686774,774.8817691170365,-107.33630316912642,-261.82293520191
2025-11-26,CE,26205.3,25650.0,20.0,0.08133686868054464,0.1,689.5,689.5,786.11,96.61,96.61,14.0116,14.0116,,0.9019133575691444,0.0002881672478901509,1277.437892322425,1813.3970964869682,-2939.4679695744794
2025-11-26,PE,26205.3,25500.0,20.0,0.08133686868054464,0.1,44.65,42.6,15.88,-28.77,-26.72,-64.43449,-62.723,0.10433,-0.0607518689393551,0.00020032572276458416,888.0387030100906,-127.6113116638551,-294.260557734372
2025-11-26,CE,26205.3,26700.0,20.0,0.08133686868054464,0.1,93.3,96.9,125.13,31.83,28.23,34.11576,29.13313,0.07051,0.3233475679437845,0.0005981330617176742,2651.508258774261,662.5628931806352,-2193.521133418201
2025-11-26,PE,26205.3,27300.0,20.0,0.08133686868054464,0.1,1007.0,1004.95,899.39,-107.61,-105.56,-10.6862,-10.50401,0.1436,-0.9233835800659024,0.00023960086536595676,1062.1443855701204,-1991.8200965127976,1965.4268816300887
2025-11-26,PE,26205.3,27350.0,20.0,0.08133686868054464,0.1,1047.85,1045.2,945.62,-102.23,-99.58,-9.75617,-9.52736,0.14377,-0.9342305573302876,0.0002130943830117531,944.6418407828551,-2018.0485629981656,2058.6856704480992
2025-11-26,CE,26205.3,26400.0,20.0,0.08133686868054464,0.1,205.25,214.75,246.55,41.3,31.8,20.1218,14.80792,0.07053,0.5138681379867791,0.0006639819047263321,2943.414461997313,1049.1684683350886,-2830.223398179928
2025-11-26,PE,26205.3,24850.0,20.0,0.08133686868054464,0.1,14.0,14.0,0.69,-13.31,-13.31,-95.07143,-95.07143,0.12326,-0.0037326538254934577,1.8543739362589235e-05,82.2039128338152,-7.818231461815027,-32.27214419621615
2025-11-26,PE,26205.3,27150.0,20.0,0.08133686868054464,0.1,876.7,876.7,764.28,-112.42,-112.42,-12.82309,-12.82309,0.13833,-0.882535312536351,0.00032815191312416726,1454.6888702032647,-1896.1418053105713,1643.7236977686512
2025-11-26,PE,26205.3,24500.0,20.0,0.08133686868054464,0.1,9.4,9.05,0.08,-9.32,-8.97,-99.14894,-99.11602,0.136,-0.0004931987510581623,2.9223734673542814e-06,12.954805343246726,-1.031979351170662,-5.338036813734731
2025-11-26,CE,26205.3,24900.0,20.0,0.08133686868054464,0.1,1409.85,1406.4,1503.06,93.21,96.66,6.61134,6.87287,,0.9951679324073207,2.3358690422370438e-05,103.54846527159677,1950.445780231613,-2510.6222229995997
2025-11-26,PE,26205.3,26100.0,20.0,0.08133686868054464,0.1,167.2,161.5,114.04,-53.16,-47.46,-31.79426,-29.387,0.09946,-0.29683248211500335,0.0005762438035665155,2554.4737484270718,-626.3990872113294,-519.7063938031066
2025-11-26,PE,26205.3,27050.0,20.0,0.08133686868054464,0.1,775.0,773.25,677.92,-97.08,-95.33,-12.52645,-12.32848,0.12641,-0.847723414101107,0.0003922048211927378,1738.6337406884347,-1816.8860292993375,1398.3617441425476
2025-11-26,PE,26205.3,25350.0,20.0,0.08133686868054464,0.1,32.25,31.8,8.51,-23.74,-23.29,-73.6124,-73.23899,0.10797,-0.03546196226992296,0.00013007431214430768,576.6160324168914,-74.42899620575372,-201.69036257982333
2025-11-26,PE,26205.3,27600.0,20.0,0.08133686868054464,0.1,1281.0,1273.85,1183.02,-97.98,-90.83,-7.64871,-7.13035,0.15553,-0.9716206271797012,0.00010820572323511956,479.67314828014895,-2114.6529147519973,2418.6674677986675
2025-11-26,CE,26205.3,24850.0,20.0,0.08133686868054464,0.1,1457.75,1454.55,1552.44,94.69,97.89,6.49563,6.72992,,0.9962673461745065,1.8543739362589235e-05,82.2039128338152,1948.8133827684358,-2497.627978126332
2025-11-26,CE,26205.3,25550.0,20.0,0.08133686868054464,0.1,780.85,780.85,876.59,95.74,95.74,12.261,12.261,,0.9282670214147191,0.00022784538125976224,1010.0326311990224,1861.0262097157906,-2862.4562406093655
2025-11-26,PE,26205.3,27900.0,20.0,0.08133686868054464,0.1,1576.5,1568.8,1475.89,-100.61,-92.91,-6.38186,-5.92236,0.17825,-0.9912721673785211,3.940426541310762e-05,174.67808061595485,-2178.7675070371065,2655.738119808848
2025-11-26,PE,26205.3,25100.0,20.0,0.08133686868054464,0.1,19.9,19.75,2.65,-17.25,-17.1,-86.68342,-86.58228,0.11422,-0.012594616474672643,5.424140411897479e-05,240.45072943461417,-26.40425295658917,-89.9429505209333
2025-11-26,PE,26205.3,27250.0,20.0,0.08133686868054464,0.1,959.5,957.45,853.71,-105.79,-103.74,-11.02553,-10.83503,0.13988,-0.9112033928278958,0.0002677447665659902,1186.90556538472,-1962.862670783231,1865.010117907072
2025-11-26,PE,26205.3,27850.0,20.0,0.08133686868054464,0.1,1526.75,1519.0,1426.73,-100.02,-92.27,-6.55117,-6.07439,0.17418,-0.9892386195068564,4.731749377366315e-05,209.75721550163593,-2170.637237321598,2627.518649945278
2025-11-26,CE,26205.3,25150.0,20.0,0.08133686868054464,0.1,1166.05,1163.5,1257.5,91.45,94.0,7.84272,8.07907,,0.9842871338105229,6.563324590550677e-05,290.9504668891818,1947.3045269121471,-2602.693203392129
2025-11-26,PE,26205.3,26500.0,20.0,0.08133686868054464,0.1,351.1,342.3,284.95,-66.15,-57.35,-18.84079,-16.75431,0.10094,-0.5518063631549396,0.0006587735738669102,2920.326067170036,-1170.2539690757014,-21.92011929223395
2025-11-26,CE,26205.3,26500.0,20.0,0.08133686868054464,0.1,162.0,169.0,199.73,37.73,30.73,23.29012,18.18343,0.0708,0.4481936368450605,0.0006587735738669102,2920.326067170036,916.2948348318092,-2650.971612215698
2025-11-26,CE,26205.3,25800.0,20.0,0.08133686868054464,0.1,598.05,598.5,656.24,58.19,57.74,9.72996,9.64745,,0.8503794199504157,0.00038763839013389876,1718.3908709315547,1716.524557015856,-3043.36269728806
2025-11-26,PE,26205.3,27400.0,20.0,0.08133686868054464,0.1,1093.3,1090.35,992.34,-100.96,-98.01,-9.23443,-8.98886,0.14608,-0.9438309686786013,0.0001883591460319063,834.991180532679,-2041.7232848228145,2144.70326047423
2025-11-26,PE,26205.3,26600.0,20.0,0.08133686868054464,0.1,413.65,404.7,343.77,-69.88,-60.93,-16.89351,-15.0556,0.10273,-0.6158505378716121,0.0006361691969299849,2820.121453901234,-1308.120802023065,203.1391658864086
2025-11-26,CE,26205.3,25250.0,20.0,0.08133686868054464,0.1,1071.15,1068.65,1160.35,89.2,91.7,8.3275,8.58092,,0.9760615695013977,9.385094080459289e-05,416.0387722465854,1937.907909871255,-2654.9514996384655
2025-11-26,CE,26205.3,25600.0,20.0,0.08133686868054464,0.1,754.0,754.0,831.01,77.01,77.01,10.21353,10.21353,,0.9158497031831095,0.00025719935857209677,1140.158046851543,1838.818027535057,-2901.1530922847023
2025-11-26,CE,26205.3,27900.0,20.0,0.08133686868054464,0.1,4.35,4.4,1.74,-2.61,-2.66,-60.0,-60.45455,0.09209,0.008727832621478929,3.940426541310762e-05,174.67808061595485,18.014063869292126,-112.20665953321401
2025-11-27,CE,26215.55,25650.0,19.0,0.08025699970663047,0.1,695.7,695.7,782.43,86.73,86.73,12.46658,12.46658,,0.9103310438250605,0.0002803192905873047,1165.7539965336935,1740.339511341712,-2928.6897565102604
2025-11-27,PE,26215.55,25450.0,19.0,0.08025699970663047,0.1,28.7,28.75,10.7,-18.0,-18.05,-62.71777,-62.78261,0.10009,-0.04475353446223714,0.0001633462395492752,679.3022741116397,-89.2654813364484,-243.1512597103685
2025-11-27,PE,26215.55,24200.0,19.0,0.08025699970663047,0.1,5.25,5.0,0.0,-5.25,-5.0,-100.0,-100.0,0.1454,-3.3974481797606657e-05,2.4756537599546805e-07,1.0295414413522126,-0.06748954803301675,-0.4584410363839791
2025-11-27,PE,26215.55,24800.0,19.0,0.08025699970663047,0.1,9.4,9.1,0.35,-9.05,-8.75,-96.2766,-96.15385,0.12037,-0.0020393220059329678,1.1170172294953525e-05,46.453003528690246,-4.0569920951265575,-19.34285864290314
2025-11-27,CE,26215.55,26000.0,19.0,0.08025699970663047,0.1,439.65,441.7,490.44,50.79,48.74,11.55237,11.03464,0.05554,0.7666309714942758,0.0005298724657419596,2203.562028491474,1478.3219494413206,-3133.524949329908
2025-11-27,PE,26215.55,25750.0,19.0,0.08025699970663047,0.1,60.9,60.5,35.05,-25.85,-25.45,-42.44663,-42.06612,0.09592,-0.12176072773262014,0.00034982537911783327,1454.8065277316946,-243.31140426709322,-451.584837011024
2025-11-27,CE,26215.55,24750.0,19.0,0.08025699970663047,0.1,1550.9,1550.9,1651.71,100.81,100.81,6.5001,6.5001,,0.9984796522679377,8.550901898001985e-06,35.560335646821194,1849.0306449799311,-2471.3248394888774
2025-11-27,PE,26215.55,25350.0,19.0,0.08025699970663047,0.1,24.35,22.8,6.84,-17.51,-15.96,-71.90965,-70.0,0.10214,-0.030282664725877043,0.00011869562859395335,493.61534525354097,-60.371269796526256,-182.64583763931356
2025-11-27,CE,26215.55,24950.0,19.0,0.08025699970663047,0.1,1353.75,1353.75,1453.81,100.06,100.06,7.39132,7.39132,,0.9953167666208168,2.3610463918501094e-05,98.18800773696644,1857.6996043378738,-2516.1549825126367
2025-11-27,CE,26215.55,26650.0,19.0,0.08025699970663047,0.1,100.4,99.65,132.98,32.58,33.33,32.4502,33.44706,0.06753,0.3472733766843404,0.0006393018533891186,2658.64218269934,676.3837183326491,-2312.109208235618
2025-11-27,CE,26215.55,25000.0,19.0,0.08025699970663047,0.1,1326.75,1346.35,1404.47,77.72,58.12,5.85792,4.31686,,0.9939211648323961,2.977340809538816e-05,123.81762740947545,1858.6612892682342,-2531.0713490358385
2025-11-27,CE,26215.55,27050.0,19.0,0.08025699970663047,0.1,26.75,26.9,41.75,15.0,14.85,56.07477,55.20446,0.07033,0.14259799977174314,0.000390098577596644,1622.2892649400576,278.7070666296571,-1233.0856200354328
2025-11-27,CE,26215.55,25700.0,19.0,0.08025699970663047,0.1,683.95,680.8,737.82,53.87,57.02,7.87631,8.37544,,0.8951566380440604,0.0003144063908300701,1307.5108240962702,1713.710057367407,-2968.8180168275467
2025-11-27,CE,26215.55,25800.0,19.0,0.08025699970663047,0.1,586.5,595.0,651.13,64.63,56.13,11.01961,9.43361,,0.8595285949087234,0.00038614719013463605,1605.8567685676603,1649.8246628371014,-3042.874659219839
2025-11-27,CE,26215.55,27650.0,19.0,0.08025699970663047,0.1,6.15,4.9,4.09,-2.06,-0.81,-33.49593,-16.53061,0.08249,0.01949729214321206,8.201717137364184e-05,341.0819323668121,38.22919228577323,-232.23823296762686
2025-11-27,CE,26215.55,24000.0,19.0,0.08025699970663047,0.1,2315.25,2319.0,2395.82,80.57,76.82,3.47997,3.31263,,0.9999934949314268,5.1455694603008475e-08,0.21398699141325156,1795.9189608051513,-2382.0695647622165
2025-11-27,PE,26215.55,25550.0,19.0,0.08025699970663047,0.1,37.55,36.05,16.31,-21.24,-19.74,-56.56458,-54.75728,0.09793,-0.064248894547054,0.00021750037966298145,904.5111961738082,-128.22221066726343,-311.34542088087323
2025-11-27,PE,26215.55,25150.0,19.0,0.08025699970663047,0.1,15.65,15.9,2.56,-13.09,-13.34,-83.64217,-83.89937,0.10852,-0.012673164813211651,5.6681426524772046e-05,235.71905936992422,-25.242746192655353,-91.97705054006248
2025-11-27,CE,26215.55,26800.0,19.0,0.08025699970663047,0.1,62.7,62.8,89.16,26.46,26.36,42.20096,41.97452,0.06851,0.25869163803461803,0.000559994608785948,2328.829927693554,504.59968368227896,-1908.7331465567818
2025-11-27,CE,26215.55,27450.0,19.0,0.08025699970663047,0.1,6.6,6.6,9.62,3.02,3.02,45.75758,45.75758,0.07499,0.04138604837682448,0.000153342548961295,637.7002771224516,81.0768068425888,-446.93706908573785
2025-11-27,PE,26215.55,25850.0,19.0,0.08025699970663047,0.1,77.9,79.4,49.52,-28.38,-29.88,-36.43132,-37.63224,0.09595,-0.16100201899406874,0.0004228788538725907,1758.6114495321376,-321.96519038259146,-508.95936339974185
2025-11-27,PE,26215.55,27000.0,19.0,0.08025699970663047,0.1,705.25,712.9,630.7,-74.55,-82.2,-10.57072,-11.53037,0.11963,-0.8376302395333178,0.0004252168641728344,1768.3344509200751,-1703.186823421695,1317.8018181120194
2025-11-27,CE,26215.55,27800.0,19.0,0.08025699970663047,0.1,2.8,2.75,2.04,-0.76,-0.71,-27.14286,-25.81818,0.08346,0.010451010958297893,4.794280697186878e-05,199.37806889923195,20.50321472890973,-133.30885257526083
2025-11-27,PE,26215.55,26250.0,19.0,0.08025699970663047,0.1,198.3,195.3,157.51,-40.79,-37.79,-20.56984,-19.34972,0.09392,-0.3845474803976575,0.0006614219104459868,2750.632087723612,-771.9601791504655,-440.10767348689706
2025-11-27,PE,26215.55,24650.0,19.0,0.08025699970663047,0.1,9.25,9.25,0.13,-9.12,-9.12,-98.59459,-98.59459,0.13037,-0.0008239051779783921,4.877852824963464e-06,20.28535536491492,-1.6383602798401549,-8.623504350208314
2025-11-27,CE,26215.55,27900.0,19.0,0.08025699970663047,0.1,3.45,3.35,1.25,-2.2,-2.1,-63.76812,-62.68657,0.09089,0.006705111988949183,3.2472529802924686e-05,135.042370134456,13.158768169337721,-89.32636767687049
2025-11-27,CE,26215.55,27700.0,19.0,0.08025699970663047,0.1,4.1,4.1,3.26,-0.84,-0.84,-20.4878,-20.4878,0.08296,0.015927440568103333,6.901579675668759e-05,287.01357200391476,31.23570273016636,-194.18581986731334
2025-11-27,PE,26215.55,24950.0,19.0,0.08025699970663047,0.1,14.1,14.1,0.86,-13.24,-13.24,-93.90071,-93.90071,0.11976,-0.0046832333791831555,2.3610463918501094e-05,98.18800773696644,-9.32124410689828,-39.89575194378143
2025-11-27,CE,26215.55,25400.0,19.0,0.08025699970663047,0.1,942.95,942.95,1014.92,71.97,71.97,7.63243,7.63243,,0.9630507799780884,0.00013982113382827755,581.4692425151595,1827.0146815087896,-2732.674160741667
2025-11-27,CE,26215.55,25600.0,19.0,0.08025699970663047,0.1,723.0,723.0,827.78,104.78,104.78,14.49239,14.49239,,0.9238332986277749,0.00024792252260794545,1031.0266944361929,1763.6086258048447,-2887.8459536056157
2025-11-27,PE,26215.55,26300.0,19.0,0.08025699970663047,0.1,221.55,215.0,177.84,-43.71,-37.16,-19.72918,-17.28372,0.09344,-0.4179237819771665,0.0006758781521007936,2810.750752581246,-839.4637335809591,-382.5736382500377
2025-11-27,CE,26215.55,26950.0,19.0,0.08025699970663047,0.1,37.85,37.85,57.36,19.51,19.51,51.54557,51.54557,0.06939,0.18388597536736545,0.00046030574071912616,1914.2573304408381,359.13848321911263,-1495.157425162102
2025-11-27,CE,26215.55,27500.0,19.0,0.08025699970663047,0.1,6.45,6.3,7.83,1.38,1.53,21.39535,24.28571,0.07729,0.03457771433966935,0.0001324232878332954,550.7040799880903,67.7547922951868,-382.9658300673841
2025-11-27,CE,26215.55,27300.0,19.0,0.08025699970663047,0.1,10.8,10.7,17.32,6.52,6.62,60.37037,61.86916,0.07242,0.0686159016860071,0.00022886137447540068,951.7577666093575,134.31803516173744,-684.702766227113
2025-11-27,PE,26215.55,24000.0,19.0,0.08025699970663047,0.1,5.7,5.6,0.0,-5.7,-5.6,-100.0,-100.0,0.15979,-6.505068573223365e-06,5.1455694603008475e-08,0.21398699141325156,-0.012917458356642408,-0.09675780219495766
2025-11-27,PE,26215.55,26400.0,19.0,0.08025699970663047,0.1,264.85,261.9,223.55,-41.3,-38.35,-15.59373,-14.64299,0.09362,-0.48604107100307764,0.0006901216981681536,2869.9848877634818,-977.5490655109851,-230.95510328036312
2025-11-27,PE,26215.55,27250.0,19.0,0.08025699970663047,0.1,939.9,936.0,850.63,-89.27,-85.37,-9.49782,-9.12073,0.13297,-0.9196906475308666,0.00025808387528674303,1073.284355229635,-1881.9667885783506,1924.8474587969554
2025-11-27,CE,26215.55,27750.0,19.0,0.08025699970663047,0.1,4.2,3.95,2.59,-1.61,-1.36,-38.33333,-34.43038,0.08516,0.012938193868246014,5.770538189993351e-05,239.97734665499019,25.37814187883023,-161.38272458934463
2025-11-27,CE,26215.55,27100.0,19.0,0.08025699970663047,0.1,22.55,22.6,35.36,12.81,12.76,56.8071,56.46018,0.07082,0.12455386467561136,0.00035543057524695375,1478.1166601709829,243.52329078995268,-1109.6877463937917
2025-11-27,CE,26215.55,27950.0,19.0,0.08025699970663047,0.1,3.35,3.45,0.97,-2.38,-2.48,-71.04478,-71.88406,0.09381,0.005325671884918172,2.6474734359932396e-05,110.09954870603842,10.453265806176796,-72.46268362047053
2025-11-27,PE,26215.55,25600.0,19.0,0.08025699970663047,0.1,41.6,41.05,19.94,-21.66,-21.11,-52.06731,-51.42509,0.09734,-0.0761667013722251,0.00024792252260794545,1031.0266944361929,-152.05204434289715,-347.07495951492643
2025-11-27,PE,26215.55,27400.0,19.0,0.08025699970663047,0.1,1081.9,1077.75,990.41,-91.49,-87.34,-8.45642,-8.10392,0.14306,-0.9507422204162247,0.00017640357861780143,733.6033718753316,-1953.8812571855199,2201.0173776474217
2025-11-27,CE,26215.55,24700.0,19.0,0.08025699970663047,0.1,1604.45,1604.45,1701.26,96.81,96.81,6.03384,6.03384,,0.9988760401232687,6.487478327146148e-06,26.979248454329714,1846.0778895418064,-2462.8414358894393
2025-11-27,CE,26215.55,27550.0,19.0,0.08025699970663047,0.1,16.55,16.55,6.34,-10.21,-10.21,-61.69184,-61.69184,0.09606,0.02872754371771239,0.00011361304595626436,472.4785872010181,56.30393836036405,-326.14437841122196
2025-11-27,PE,26215.55,26100.0,19.0,0.08025699970663047,0.1,142.8,142.8,106.22,-36.58,-36.58,-25.61625,-25.61625,0.09477,-0.28992541810452466,0.0005924357470363008,2463.741750879951,-581.0665795738939,-540.6010441007181
2025-11-27,CE,26215.55,27150.0,19.0,0.08025699970663047,0.1,18.4,18.55,29.8,11.4,11.25,61.95652,60.6469,0.07096,0.1081987086684828,0.0003216387414903717,1337.5877469827237,211.6151881483154,-992.5737341001503
2025-11-27,CE,26215.55,26400.0,19.0,0.08025699970663047,0.1,197.15,197.5,237.4,40.25,39.9,20.41593,20.20253,0.06635,0.5139589289969224,0.0006901216981681536,2869.9848877634818,997.9760005788738,-2851.125190936387
2025-11-27,PE,26215.55,27200.0,19.0,0.08025699970663047,0.1,891.95,888.05,805.14,-86.81,-82.91,-9.73261,-9.33619,0.12905,-0.9065250177837023,0.0002890890115228615,1202.224327232988,-1852.5142898422814,1817.1583421995902
2025-11-27,PE,26215.55,27700.0,19.0,0.08025699970663047,0.1,1370.4,1353.05,1279.65,-90.75,-73.4,-6.62215,-5.42478,0.15555,-0.9840725594318966,6.901579675668759e-05,287.01357200391476,-2041.5690067656324,2555.0077948323783
2025-11-27,CE,26215.55,26850.0,19.0,0.08025699970663047,0.1,52.9,52.9,77.33,24.43,24.43,46.18147,46.18147,0.06861,0.2320949949364759,0.0005282628813464857,2196.8683063510866,452.92149353540503,-1769.9575301790078
2025-11-27,CE,26215.55,26550.0,19.0,0.08025699970663047,0.1,133.45,133.6,169.8,36.35,36.2,27.23867,27.09581,0.06727,0.41211801624043765,0.0006737210442285175,2801.7800637720966,801.7770933502578,-2554.6027859846176
2025-11-27,CE,26215.55,24800.0,19.0,0.08025699970663047,0.1,1498.05,1498.05,1602.18,104.13,104.13,6.95104,6.95104,,0.9979606779940671,1.1170172294953525e-05,46.453003528690246,1851.7392821104986,-2480.7147591682588
2025-11-27,PE,26215.55,24700.0,19.0,0.08025699970663047,0.1,8.3,8.3,0.18,-8.12,-8.12,-97.83133,-97.83133,0.12492,-0.00112395987673129,6.487478327146148e-06,26.979248454329714,-2.235335171053961,-11.394422059750305
2025-11-27,CE,26215.55,24600.0,19.0,0.08025699970663047,0.1,1726.5,1716.6,1800.42,73.92,83.82,4.28149,4.88291,,0.9994011883021041,3.6345186598462085e-06,15.114745204709388,1839.6395775645428,-2447.987549021603
2025-11-27,CE,26215.55,25050.0,19.0,0.08025699970663047,0.1,1256.4,1256.4,1355.21,98.81,98.81,7.86453,7.86453,,0.9921727000348859,3.722012670504374e-05,154.78603476410285,1858.91932372808,-2547.8959191592576
2025-11-27,PE,26215.55,27950.0,19.0,0.08025699970663047,0.1,1610.7,1599.65,1525.48,-85.22,-74.17,-5.29087,-4.63664,0.17422,-0.9946743281150818,2.6474734359932396e-05,110.09954870603842,-2081.059067421534,2701.543147818388
2025-11-27,PE,26215.55,27350.0,19.0,0.08025699970663047,0.1,1034.0,1030.0,943.33,-90.67,-86.67,-8.76886,-8.41456,0.13954,-0.9417007104723649,0.00020159634432941094,838.3716425516553,-1932.4605581269009,2116.845883596745
2025-11-27,PE,26215.55,26050.0,19.0,0.08025699970663047,0.1,125.4,123.0,92.2,-33.2,-30.8,-26.47528,-25.04065,0.09307,-0.2608860809892364,0.0005624407988155754,2339.002812325733,-522.610637235232,-551.7421996065299
2025-11-27,CE,26215.55,26700.0,19.0,0.08025699970663047,0.1,85.65,86.2,116.91,31.26,30.71,36.49737,35.62645,0.06801,0.316414588270459,0.0006160687145903833,2562.023343696491,616.6006456046134,-2181.394469416232
2025-11-27,PE,26215.55,26500.0,19.0,0.08025699970663047,0.1,321.55,317.0,276.06,-45.49,-40.94,-14.1471,-12.91483,0.09462,-0.554311791348987,0.0006841352675807332,2845.089328961104,-1116.4494903417708,-33.4790977262237
2025-11-27,PE,26215.55,26200.0,19.0,0.08025699970663047,0.1,180.4,175.3,138.82,-41.58,-36.48,-23.04878,-20.81004,0.09378,-0.35194498839301297,0.0006424262137561044,2671.635350514492,-706.110385719518,-485.4008110641456
2025-11-27,CE,26215.55,26750.0,19.0,0.08025699970663047,0.1,73.75,75.0,102.33,28.58,27.33,38.75254,36.44,0.0688,0.2868380889690267,0.0005894531652474887,2451.3381926624215,559.2402059900364,-2046.406385038331
2025-11-27,PE,26215.55,26550.0,19.0,0.08025699970663047,0.1,343.05,342.75,304.83,-38.22,-37.92,-11.14123,-11.06346,0.09374,-0.5878819837595624,0.0006737210442285175,2801.7800637720966,-1184.972546978748,80.4546317149061
2025-11-27,PE,26215.55,25000.0,19.0,0.08025699970663047,0.1,12.75,12.95,1.14,-11.61,-11.81,-91.05882,-91.19691,0.11446,-0.006078835167603829,2.977340809538816e-05,123.81762740947545,-12.101083922920058,-49.84967511914931
2025-11-27,PE,26215.55,26600.0,19.0,0.08025699970663047,0.1,387.25,380.1,335.24,-52.01,-44.86,-13.4306,-11.80216,0.09649,-0.6207595786942843,0.0006586613424995375,2739.151810681195,-1252.2503790341464,203.01895722695303
2025-11-27,CE,26215.55,24200.0,19.0,0.08025699970663047,0.1,2127.4,2116.95,2197.33,69.93,80.38,3.28711,3.79697,,0.9999660255182024,2.4756537599546805e-07,1.0295414413522126,1810.8304877010041,-2402.2810213877387
2025-11-27,CE,26215.55,25750.0,19.0,0.08025699970663047,0.1,635.95,635.95,694.02,58.07,58.07,9.13122,9.13122,,0.8782392722673799,0.00034982537911783327,1454.8065277316946,1683.5738401197957,-3007.2431611452134
2025-11-27,PE,26215.55,24900.0,19.0,0.08025699970663047,0.1,10.4,9.65,0.64,-9.76,-9.01,-93.84615,-93.36788,0.11506,-0.003578938234131369,1.8560232995754053e-05,77.18578962605548,-7.122123875978646,-31.634456060132088
2025-11-27,CE,26215.55,26150.0,19.0,0.08025699970663047,0.1,335.6,342.65,383.72,48.12,41.07,14.3385,11.98599,0.06388,0.6796626635847044,0.0006192752907171003,2575.358419306443,1314.4693115687924,-3114.086035751553
2025-11-27,PE,26215.55,24600.0,19.0,0.08025699970663047,0.1,7.8,8.0,0.09,-7.71,-7.91,-98.84615,-98.875,0.1305,-0.0005988116978959096,3.6345186598462085e-06,15.114745204709388,-1.1905976555529454,-6.465421887581337
2025-11-27,CE,26215.55,25250.0,19.0,0.08025699970663047,0.1,1055.0,1055.0,1159.46,104.46,104.46,9.90142,9.90142,,0.9801093879334378,8.341972484318463e-05,346.9146822608565,1849.8345751679185,-2638.1034247283374
2025-11-27,PE,26215.55,27500.0,19.0,0.08025699970663047,0.1,1180.25,1166.95,1085.72,-94.53,-81.23,-8.00932,-6.96088,0.14633,-0.9654222856603306,0.0001324232878332954,550.7040799880903,-1990.0838182150826,2346.3780112409736
2025-11-27,CE,26215.55,26250.0,19.0,0.08025699970663047,0.1,278.2,279.45,320.23,42.03,40.78,15.10784,14.59295,0.0653,0.6154525196023425,0.0006614219104459868,2750.632087723612,1192.3403127002464,-3045.3904310994203
2025-11-27,CE,26215.55,26600.0,19.0,0.08025699970663047,0.1,115.1,115.8,150.59,35.49,34.79,30.83406,30.04318,0.06743,0.3792404213057156,0.0006586613424995375,2739.151810681195,738.2407860412417,-2437.0009038204043
2025-11-27,PE,26215.55,25100.0,19.0,0.08025699970663047,0.1,14.75,13.6,1.97,-12.78,-11.63,-86.64407,-85.51471,0.10866,-0.009998968231602687,4.6129057776511004e-05,191.8352937703131,-19.91226325788486,-75.69067002620109
2025-11-27,PE,26215.55,25300.0,19.0,0.08025699970663047,0.1,20.75,20.0,5.41,-15.34,-14.59,-73.92771,-72.95,0.10283,-0.024635110878612764,9.992491306449799e-05,415.5542293010355,-49.100740949537226,-156.04760111150247
2025-11-27,PE,26215.55,25700.0,19.0,0.08025699970663047,0.1,54.15,53.0,29.23,-24.92,-23.77,-46.02031,-44.84906,0.09622,-0.10484336195593957,0.0003144063908300701,1307.5108240962702,-209.43366227309963,-418.12213604119034
2025-11-27,PE,26215.55,27600.0,19.0,0.08025699970663047,0.1,1265.5,1253.75,1182.24,-83.26,-71.51,-6.57922,-5.70369,0.1474,-0.9762666910369161,9.684335600472661e-05,402.7390660975018,-2018.7961807891145,2463.2111835827145
2025-11-27,PE,26215.55,27650.0,19.0,0.08025699970663047,0.1,1312.85,1303.35,1230.85,-82.0,-72.5,-6.24595,-5.56259,0.15146,-0.980502707856788,8.201717137364184e-05,341.0819323668121,-2030.8339924636439,2511.992938384231
2025-11-27,CE,26215.55,26200.0,19.0,0.08025699970663047,0.1,307.3,306.75,351.17,43.87,44.42,14.27595,14.48085,0.06333,0.648055011606987,0.0006424262137561044,2671.635350514492,1254.4485813848116,-3085.721125328835
2025-11-27,PE,26215.55,26150.0,19.0,0.08025699970663047,0.1,161.35,157.35,121.75,-39.6,-35.6,-24.54292,-22.62472,0.09388,-0.3203373364152956,0.0006192752907171003,2575.358419306443,-642.3481307891551,-518.7281648346963
2025-11-27,PE,26215.55,25400.0,19.0,0.08025699970663047,0.1,25.4,24.65,8.58,-16.82,-16.07,-66.22047,-65.1927,0.10019,-0.03694922002191154,0.00013982113382827755,581.4692425151595,-73.67988965342339,-211.75294004231114
2025-11-27,CE,26215.55,25200.0,19.0,0.08025699970663047,0.1,1145.5,1145.5,1208.15,62.65,62.65,5.46923,5.46923,,0.9840618719097854,6.90554982752641e-05,287.17867731597534,1853.9759137068004,-2611.8028158984107
2025-11-27,CE,26215.55,24050.0,19.0,0.08025699970663047,0.1,2285.0,2275.95,2346.2,61.2,70.25,2.67834,3.08662,,0.9999900270884748,7.732411405277632e-08,0.3215650795797694,1799.6535975540635,-2387.080128803847
2025-11-27,PE,26215.55,26350.0,19.0,0.08025699970663047,0.1,245.0,238.15,199.85,-45.15,-38.3,-18.42857,-16.0823,0.09368,-0.45183731652467235,0.0006855060638982698,2850.7900115015527,-908.1556703590651,-312.7765578769188
2025-11-27,CE,26215.55,26500.0,19.0,0.08025699970663047,0.1,154.3,151.65,190.66,36.36,39.01,23.56448,25.72371,0.06652,0.44568820865101294,0.0006841352675807332,2845.089328961104,866.5586252408528,-2663.574072077914
2025-11-27,CE,26215.55,25300.0,19.0,0.08025699970663047,0.1,1036.85,1036.85,1110.99,74.14,74.14,7.1505,7.1505,,0.9753648891213872,9.992491306449799e-05,415.5542293010355,1844.110780719911,-2667.0439351151917
2025-11-27,PE,26215.55,27100.0,19.0,0.08025699970663047,0.1,782.75,780.1,716.25,-66.5,-63.85,-8.49569,-8.18485,0.11526,-0.8754461353243886,0.00035543057524695375,1478.1166601709829,-1784.3831217492586,1579.9565481318991
2025-11-27,PE,26215.55,26650.0,19.0,0.08025699970663047,0.1,404.2,404.9,367.25,-36.95,-37.65,-9.14151,-9.29859,0.09425,-0.6527266233156597,0.0006393018533891186,2658.64218269934,-1317.8489714891214,332.87309615957247
2025-11-27,PE,26215.55,25650.0,19.0,0.08025699970663047,0.1,48.25,46.1,24.22,-24.03,-21.88,-49.80311,-47.46204,0.09639,-0.08966895617493947,0.0002803192905873047,1165.7539965336935,-179.0626835524121,-382.95631907173765
2025-11-27,CE,26215.55,25500.0,19.0,0.08025699970663047,0.1,870.0,870.0,920.35,50.35,50.35,5.78736,5.78736,,0.9461853607998894,0.00018926251861744396,787.079394393666,1800.80970819762,-2807.350111469653
2025-11-27,PE,26215.55,26750.0,19.0,0.08025699970663047,0.1,496.8,488.0,435.85,-60.95,-52.15,-12.26852,-10.68648,0.10083,-0.7131619110309733,0.0005894531652474887,2451.3381926624215,-1442.4755333244987,608.5008060525263
2025-11-27,PE,26215.55,25900.0,19.0,0.08025699970663047,0.1,89.6,87.5,58.34,-31.26,-29.16,-34.88839,-33.32571,0.09462,-0.1833526509389931,0.0004594733736015421,1910.7957945191613,-366.8076391578547,-530.4812853032422
2025-11-27,PE,26215.55,27050.0,19.0,0.08025699970663047,0.1,754.85,752.3,673.02,-81.83,-79.28,-10.84056,-10.53835,0.12034,-0.8574020002282569,0.000390098577596644,1622.2892649400576,-1745.4578211631715,1451.5962311424246
2025-11-27,PE,26215.55,27450.0,19.0,0.08025699970663047,0.1,1116.6,1106.6,1037.89,-78.71,-68.71,-7.04908,-6.20911,0.13593,-0.9586139516231755,0.000153342548961295,637.7002771224516,-1973.0202789212983,2277.4443288747866
2025-11-27,PE,26215.55,26800.0,19.0,0.08025699970663047,0.1,515.5,524.5,472.3,-43.2,-52.2,-8.38021,-9.95234,0.10166,-0.741308361965382,0.000559994608785948,2328.829927693554,-1500.8575803786384,751.1364878819086
2025-11-27,PE,26215.55,25050.0,19.0,0.08025699970663047,0.1,13.15,12.6,1.5,-11.65,-11.1,-88.59316,-88.09524,0.11049,-0.007827299965114108,3.722012670504374e-05,154.78603476410285,-15.584574209456932,-61.71180189473556
2025-11-27,CE,26215.55,27400.0,19.0,0.08025699970663047,0.1,7.65,8.0,11.77,4.12,3.77,53.85621,47.125,0.07456,0.049257779583775294,0.00017640357861780143,733.6033718753316,96.47430383198555,-518.4015769652696
2025-11-27,PE,26215.55,27150.0,19.0,0.08025699970663047,0.1,845.9,842.25,760.32,-85.58,-81.93,-10.11704,-9.72752,0.12605,-0.8918012913315172,0.0003216387414903717,1337.5877469827237,-1820.0327491372782,1702.0330037733738
2025-11-27,CE,26215.55,27000.0,19.0,0.08025699970663047,0.1,32.65,32.75,49.05,16.4,16.3,50.22971,49.77099,0.07038,0.16236976046668217,0.0004252168641728344,1768.3344509200751,317.23653962475163,-1361.9175897180048
2025-11-27,PE,26215.55,26950.0,19.0,0.08025699970663047,0.1,677.3,677.3,589.38,-87.92,-87.92,-12.98095,-12.98095,0.12018,-0.8161140246326346,0.00046030574071912616,1914.2573304408381,-1657.5433550809516,1179.5995393200885
2025-11-27,PE,26215.55,24500.0,19.0,0.08025699970663047,0.1,7.55,7.3,0.05,-7.5,-7.25,-99.33775,-99.31507,0.13487,-0.00030821213629640703,1.963294344349949e-06,8.164683292051693,-0.6126548648863103,-3.5329207084897556
2025-11-27,PE,26215.55,26000.0,19.0,0.08025699970663047,0.1,114.6,111.75,79.59,-35.01,-32.16,-30.54974,-28.77852,0.0943,-0.23336902850572422,0.0005298724657419596,2203.562028491474,-467.27091867747987,-553.0544084565512
2025-11-27,PE,26215.55,24850.0,19.0,0.08025699970663047,0.1,11.5,11.5,0.47,-11.03,-11.03,-95.91304,-95.91304,0.122,-0.0027127635790862295,1.4462479688165088e-05,60.14460674805008,-5.3975591174261055,-24.851934036510706
2025-11-27,CE,26215.55,27600.0,19.0,0.08025699970663047,0.1,5.0,5.0,5.11,0.11,0.11,2.2,2.2,0.07999,0.023733308963083927,9.684335600472661e-05,402.7390660975018,46.52547921391948,-276.0575444213098
2025-11-27,PE,26215.55,25950.0,19.0,0.08025699970663047,0.1,101.55,98.0,68.33,-33.22,-29.67,-32.71295,-30.27551,0.09399,-0.2074946247459612,0.0004953425635292857,2059.963735915867,-415.27951344739824,-545.5840204583305
2025-11-27,CE,26215.55,24900.0,19.0,0.08025699970663047,0.1,1429.4,1431.6,1503.22,73.82,71.62,5.1644,5.00279,,0.9964210617658686,1.8560232995754053e-05,77.18578962605548,1856.1571998224108,-2502.931243281154
2025-11-27,CE,26215.55,25550.0,19.0,0.08025699970663047,0.1,781.75,781.75,873.78,92.03,92.03,11.77231,11.77231,,0.935751105452946,0.00021750037966298145,904.5111961738082,1783.6969347340962,-2847.1539716237294
2025-11-27,PE,26215.55,25500.0,19.0,0.08025699970663047,0.1,32.9,31.3,13.26,-19.64,-18.04,-59.69605,-57.63578,0.09827,-0.05381463920011069,0.00018926251861744396,787.079394393666,-107.3679124573573,-276.5040040746296
2025-11-27,PE,26215.55,27550.0,19.0,0.08025699970663047,0.1,1216.75,1208.8,1133.85,-82.9,-74.95,-6.81323,-6.20036,0.14608,-0.9712724562822876,0.00011361304595626436,472.4785872010181,-2005.2761968962882,2408.1619062449695
2025-11-27,CE,26215.55,25850.0,19.0,0.08025699970663047,0.1,553.45,553.45,609.24,55.79,55.79,10.0804,10.0804,,0.8389979810059313,0.0004228788538725907,1758.6114495321376,1612.403103497062,-3074.5425742295984
2025-11-27,PE,26215.55,27750.0,19.0,0.08025699970663047,0.1,1411.9,1401.05,1328.6,-83.3,-72.45,-5.89985,-5.17112,0.15851,-0.987061806131754,5.770538189993351e-05,239.97734665499019,-2051.1680923633508,2592.7733334581803
2025-11-27,CE,26215.55,26450.0,19.0,0.08025699970663047,0.1,175.35,174.8,213.18,37.83,38.38,21.57399,21.95652,0.06687,0.47971696168948946,0.0006896517634571557,2868.0305867722514,932.1204076343255,-2762.739739341825
2025-11-27,CE,26215.55,25100.0,19.0,0.08025699970663047,0.1,1201.35,1201.35,1306.06,104.71,104.71,8.71603,8.71603,,0.9900010317683973,4.6129057776511004e-05,191.8352937703131,1858.333159426034,-2566.837230638557
2025-11-27,CE,26215.55,27200.0,19.0,0.08025699970663047,0.1,15.1,14.65,25.0,9.9,10.35,65.56291,70.64846,0.07057,0.09347498221629769,0.0002890890115228615,1202.224327232988,182.87517218969435,-882.4108390217675
2025-11-27,PE,26215.55,26700.0,19.0,0.08025699970663047,0.1,453.4,449.0,400.81,-52.59,-48.19,-11.59903,-10.73274,0.09865,-0.683585411729541,0.0006160687145903833,2562.023343696491,-1381.3735689635394,468.5502783267923
2025-11-27,CE,26215.55,25150.0,19.0,0.08025699970663047,0.1,1163.45,1163.45,1257.02,93.57,93.57,8.04246,8.04246,,0.9873268351867883,5.6681426524772046e-05,235.71905936992422,1856.7442012376457,-2588.0860545002515
2025-11-27,CE,26215.55,25900.0,19.0,0.08025699970663047,0.1,520.3,522.35,568.43,48.13,46.08,9.25043,8.82167,0.05006,0.8166473490610069,0.0004594733736015421,1910.7957945191613,1571.302179468181,-3101.026939480932
2025-11-27,PE,26215.55,25800.0,19.0,0.08025699970663047,0.1,69.75,66.7,41.79,-27.96,-24.91,-40.08602,-37.34633,0.09448,-0.14047140509127665,0.00038614719013463605,1605.8567685676603,-280.8021062961697,-482.2538917378162
2025-11-27,CE,26215.55,26350.0,19.0,0.08025699970663047,0.1,223.15,223.5,263.32,40.17,39.82,18.00134,17.81655,0.06627,0.5481626834753276,0.0006855060638982698,2850.7900115015527,1063.6278709844114,-2927.984202185109
2025-11-27,PE,26215.55,25200.0,19.0,0.08025699970663047,0.1,16.45,16.15,3.31,-13.14,-12.84,-79.87842,-79.50464,0.10532,-0.015938128090214526,6.90554982752641e-05,287.17867731597534,-31.752558469883425,-110.73136859038853
2025-11-27,CE,26215.55,26050.0,19.0,0.08025699970663047,0.1,401.9,412.85,453.42,51.52,40.57,12.81911,9.82681,0.06188,0.7391139190107636,0.0005624407988155754,2339.002812325733,1426.7237556299506,-3137.1751838277196
2025-11-27,PE,26215.55,24750.0,19.0,0.08025699970663047,0.1,9.4,9.4,0.25,-9.15,-9.15,-97.34043,-97.34043,0.12427,-0.0015203477320623355,8.550901898001985e-06,35.560335646821194,-3.0241044793116547,-14.915382311355112
2025-11-27,CE,26215.55,24500.0,19.0,0.08025699970663047,0.1,1793.55,1793.55,1899.62,106.07,106.07,5.91397,5.91397,,0.9996917878637036,1.963294344349949e-06,8.164683292051693,1832.734470862445,-2435.1301611468452
2025-11-27,PE,26215.55,26450.0,19.0,0.08025699970663047,0.1,291.25,288.6,248.96,-42.29,-39.64,-14.52017,-13.73527,0.09407,-0.5202830383105106,0.0006896517634571557,2868.0305867722514,-1047.1461832019156,-137.6072083379679
2025-11-27,CE,26215.55,27850.0,19.0,0.08025699970663047,0.1,4.0,4.0,1.6,-2.4,-2.4,-60.0,-60.0,0.09058,0.008394631718594775,3.958084389543171e-05,164.60346649923156,16.47174428698679,-109.45374114273709
2025-11-27,CE,26215.55,25450.0,19.0,0.08025699970663047,0.1,878.85,876.4,967.42,88.57,91.02,10.07794,10.38567,,0.9552464655377628,0.0001633462395492752,679.3022741116397,1815.1706145721466,-2769.0349237575583
2025-11-27,CE,26215.55,25350.0,19.0,0.08025699970663047,0.1,970.8,968.15,1062.8,92.0,94.65,9.47672,9.77638,,0.969717335274123,0.00011869562859395335,493.61534525354097,1836.581776619304,-2698.604614990836
2025-11-27,PE,26215.55,27850.0,19.0,0.08025699970663047,0.1,1511.55,1500.35,1426.86,-84.69,-73.49,-5.60286,-4.89819,0.16643,-0.9916053682814052,3.958084389543171e-05,164.60346649923156,-2067.557539447959,2654.6272036004543
2025-11-27,PE,26215.55,27300.0,19.0,0.08025699970663047,0.1,987.3,983.15,896.71,-90.59,-86.44,-9.17553,-8.79215,0.13639,-0.9313840983139929,0.00022886137447540068,951.7577666093575,-1908.5544763630028,2024.7913016899115
2025-11-27,PE,26215.55,27900.0,19.0,0.08025699970663047,0.1,1561.2,1550.0,1476.14,-85.06,-73.86,-5.44837,-4.76516,0.17034,-0.9932948880110508,3.2472529802924686e-05,135.042370134456,-2074.6120403119903,2679.7170204141544
2025-11-27,PE,26215.55,27800.0,19.0,0.08025699970663047,0.1,1401.0,1401.0,1377.68,-23.32,-23.32,-1.66453,-1.66453,0.12257,-0.9895489890417021,4.794280697186878e-05,199.37806889923195,-2059.784544259654,2625.809648820097
2025-11-27,CE,26215.55,23950.0,19.0,0.08025699970663047,0.1,2362.75,2366.85,2445.45,82.7,78.6,3.50016,3.32087,,0.9999957969168325,3.390764631071156e-08,0.1410105387929129,1792.182007934019,-2377.074344861388
2025-11-27,CE,26215.55,24400.0,19.0,0.08025699970663047,0.1,1938.35,1928.9,1998.85,60.5,69.95,3.12121,3.62642,,0.9998468283767294,1.0221185304684073e-06,4.250648463501266,1825.5596769998522,-2423.5309495394627
2025-11-27,PE,26215.55,26850.0,19.0,0.08025699970663047,0.1,601.9,601.9,510.1,-91.8,-91.8,-15.2517,-15.2517,0.11845,-0.7679050050635241,0.0005282628813464857,2196.8683063510866,-1556.2772952718947,894.8745476075162
2025-11-27,CE,26215.55,25950.0,19.0,0.08025699970663047,0.1,480.55,482.95,528.8,48.25,45.85,10.04058,9.49374,0.05446,0.7925053752540387,0.0004953425635292857,2059.963735915867,1526.57182992502,-3121.0921179838533
2025-11-27,PE,26215.55,26900.0,19.0,0.08025699970663047,0.1,641.95,641.95,549.15,-92.8,-92.8,-14.45595,-14.45595,0.12043,-0.7928609226496245,0.0004948405158458362,2057.8758878330414,-1608.5489043042849,1038.1792304305043
2025-11-27,CE,26215.55,26100.0,19.0,0.08025699970663047,0.1,369.85,375.0,417.82,47.97,42.82,12.97012,11.41867,0.06212,0.7100745818954753,0.0005924357470363008,2463.741750879951,1372.0093380376711,-3130.9964716697414
2025-11-27,CE,26215.55,26300.0,19.0,0.08025699970663047,0.1,248.35,249.05,290.94,42.59,41.89,17.14918,16.81992,0.06529,0.5820762180228335,0.0006758781521007936,2810.750752581246,1128.5782830161352,-2992.8188392103943
2025-11-28,PE,26202.95,27550.0,18.0,0.07858802259007663,0.1,1226.35,1226.35,1155.17,-71.18,-71.18,-5.80422,-5.80422,0.14851,-0.9791341725110227,9.119336426828718e-05,351.4729768538467,-1915.0984455602838,2487.7868600708566
2025-11-28,CE,26202.95,25100.0,18.0,0.07858802259007663,0.1,1223.75,1220.25,1283.11,59.36,62.86,4.85066,5.1514,,0.9917587608643704,4.088160434525834e-05,157.56386764629863,1764.5637509732073,-2557.067680892261
2025-11-28,CE,26202.95,24450.0,18.0,0.07858802259007663,0.1,1867.7,1867.7,1926.99,59.29,59.29,3.17449,3.17449,,0.9998674709953365,9.368603844900779e-07,3.610801190144004,1733.7492074786487,-2429.2352505486033
2025-11-28,CE,26202.95,27200.0,18.0,0.07858802259007663,0.1,12.4,12.55,18.83,6.43,6.28,51.85484,50.03984,0.07172,0.07672477341745358,0.00026170011840983984,1008.631717872669,142.2558529679637,-754.0227997598649
2025-11-28,PE,26202.95,27250.0,18.0,0.07858802259007663,0.1,936.9,932.2,868.56,-68.34,-63.64,-7.29427,-6.82686,0.12446,-0.9351001611518813,0.00023011059201084424,886.8809197751893,-1812.2104769691844,2049.2071434508543
2025-11-28,PE,26202.95,27500.0,18.0,0.07858802259007663,0.1,1175.55,1179.35,1106.62,-68.93,-72.73,-5.86364,-6.16696,0.1459,-0.9743940174985906,0.00010834771378314481,417.5884265727585,-1902.7587294833052,2434.140080370645
2025-11-28,PE,26202.95,25050.0,18.0,0.07858802259007663,0.1,10.25,10.0,1.13,-9.12,-8.87,-88.97561,-88.7,0.10734,-0.006333614640745603,3.241135975436613e-05,124.91826777257668,-11.935264695359427,-52.01018697386829
2025-11-28,PE,26202.95,26800.0,18.0,0.07858802259007663,0.1,534.6,534.6,481.26,-53.34,-53.34,-9.97755,-9.97755,0.10188,-0.764880654475764,0.0005585263894056727,2152.6449244521295,-1465.9564156816484,868.1342262955036
2025-11-28,CE,26202.95,24550.0,18.0,0.07858802259007663,0.1,1769.2,1769.2,1827.72,58.52,58.52,3.30771,3.30771,,0.9997227261893051,1.8676320611168292e-06,7.198135582072066,1740.5688057056975,-2440.756138680089
2025-11-28,PE,26202.95,27350.0,18.0,0.07858802259007663,0.1,1029.35,1023.75,962.64,-66.71,-61.11,-6.48079,-5.96923,0.12887,-0.9544182490913252,0.0001740174875919784,670.6896371170445,-1855.0866669253135,2228.164127226647
2025-11-28,PE,26202.95,25900.0,18.0,0.07858802259007663,0.1,80.25,75.05,55.38,-24.87,-19.67,-30.99065,-26.20919,0.08871,-0.1829311968055361,0.00048162922321661627,1856.2716507062514,-346.33725961325314,-536.2928654745976
2025-11-28,PE,26202.95,25500.0,18.0,0.07858802259007663,0.1,28.5,26.85,11.58,-16.92,-15.27,-59.36842,-56.87151,0.09522,-0.049954632700749346,0.00018726294690616537,721.7396345845987,-94.32400585453117,-264.987026751873
2025-11-28,PE,26202.95,24600.0,18.0,0.07858802259007663,0.1,6.65,5.85,0.06,-6.59,-5.79,-99.09774,-98.97436,0.12643,-0.00039531572143636077,2.5972685434495856e-06,10.010264606199355,-0.7439473577163876,-4.4652820062295335
2025-11-28,CE,26202.95,25050.0,18.0,0.07858802259007663,0.1,1272.65,1269.1,1332.38,59.73,63.28,4.69336,4.98621,,0.9936663853592544,3.241135975436613e-05,124.91826777257668,1764.615373904305,-2539.181081013399
2025-11-28,PE,26202.95,26000.0,18.0,0.07858802259007663,0.1,103.7,100.55,76.7,-27.0,-23.85,-26.03664,-23.71954,0.08933,-0.2355229247730059,0.00055905542292715,2154.6838994163827,-446.2924015607527,-560.5170665476097
2025-11-28,PE,26202.95,24000.0,18.0,0.07858802259007663,0.1,4.3,4.25,0.0,-4.3,-4.25,-100.0,-100.0,0.15688,-2.925616111466793e-06,2.5169562035226458e-08,0.09700728737896756,-0.0054991525382917005,-0.045666462689974124
2025-11-28,CE,26202.95,26600.0,18.0,0.07858802259007663,0.1,102.6,105.95,131.96,29.36,26.01,28.61598,24.54932,0.06853,0.3573869863286697,0.0006780572850030365,2613.3350200386303,659.4739164495279,-2360.9013041609787
2025-11-28,CE,26202.95,25750.0,18.0,0.07858802259007663,0.1,624.7,624.7,668.63,43.93,43.93,7.03218,7.03218,,0.8811573270876747,0.00036099873776988936,1391.3435700341588,1601.4496138040433,-3007.430038712477
2025-11-28,PE,26202.95,24900.0,18.0,0.07858802259007663,0.1,8.85,7.9,0.45,-8.4,-7.45,-94.91525,-94.3038,0.11288,-0.0027268014771627755,1.5252542690591525e-05,58.78559944648122,-5.13588310010467,-25.148671780752295
2025-11-28,PE,26202.95,27100.0,18.0,0.07858802259007663,0.1,793.5,793.5,731.65,-61.85,-61.85,-7.79458,-7.79458,0.11584,-0.8947313228513671,0.0003310090364023463,1275.7587388440484,-1726.8747010027957,1715.809085289568
2025-11-28,PE,26202.95,24950.0,18.0,0.07858802259007663,0.1,8.7,8.35,0.62,-8.08,-7.73,-92.87356,-92.57485,0.11062,-0.003643509693121519,1.9798345296310624e-05,76.30580814633373,-6.863590506397873,-32.36803131154987
2025-11-28,PE,26202.95,26050.0,18.0,0.07858802259007663,0.1,115.45,113.7,89.44,-26.01,-24.26,-22.52923,-21.33685,0.08894,-0.2645741547000271,0.0005946636475967195,2291.9233666244854,-501.5758069414665,-558.6179474590136
2025-11-28,PE,26202.95,24500.0,18.0,0.07858802259007663,0.1,6.0,5.35,0.03,-5.97,-5.32,-99.5,-99.43925,0.13097,-0.00019262347661169204,1.329493071858959e-06,5.1240667719869615,-0.3624133212388515,-2.3114532768754144
2025-11-28,CE,26202.95,25550.0,18.0,0.07858802259007663,0.1,798.85,800.0,849.23,50.38,49.23,6.30657,6.15375,,0.9396724883874121,0.00021737211075610857,837.7848921955176,1698.0689338842064,-2838.1755136722927
2025-11-28,CE,26202.95,24500.0,18.0,0.07858802259007663,0.1,1815.0,1815.0,1877.35,62.35,62.35,3.43526,3.43526,,0.9998073765233884,1.329493071858959e-06,5.1240667719869615,1737.1821234329243,-2434.873804732704
2025-11-28,CE,26202.95,25000.0,18.0,0.07858802259007663,0.1,1318.8,1317.75,1381.73,62.93,63.98,4.77176,4.85525,,0.995174894670951,2.5453003512062777e-05,98.0997135705754,1763.9136407803087,-2523.4453346355835
2025-11-28,PE,26202.95,25700.0,18.0,0.07858802259007663,0.1,48.8,45.35,26.74,-22.06,-18.61,-45.20492,-41.03638,0.09191,-0.10145038799007694,0.00032224884628050484,1241.995645173427,-191.78888434007908,-414.73743466155184
2025-11-28,CE,26202.95,25650.0,18.0,0.07858802259007663,0.1,709.1,709.1,757.44,48.34,48.34,6.81709,6.81709,,0.9140382450686244,0.00028513539214896835,1098.9547966467314,1656.6473461307623,-2923.859075273492
2025-11-28,CE,26202.95,24200.0,18.0,0.07858802259007663,0.1,2128.15,2115.6,2175.19,47.04,59.59,2.21037,2.8167,,0.9999823739955704,1.3950724535137406e-07,0.5376819597539382,1716.235338985955,-2403.0252621143327
2025-11-28,PE,26202.95,25000.0,18.0,0.07858802259007663,0.1,9.2,8.7,0.84,-8.36,-7.86,-90.86957,-90.34483,0.10807,-0.004825105329048976,2.5453003512062777e-05,98.0997135705754,-9.09098856067385,-41.23885355820759
2025-11-28,PE,26202.95,25100.0,18.0,0.07858802259007663,0.1,11.45,10.3,1.52,-9.93,-8.78,-86.72489,-85.24272,0.10449,-0.0082412391356296,4.088160434525834e-05,157.56386764629863,-15.532896885139019,-64.93237389057549
2025-11-28,PE,26202.95,26450.0,18.0,0.07858802259007663,0.1,286.1,280.15,250.45,-35.65,-29.7,-12.46068,-10.60146,0.08926,-0.5383226756725686,0.0007215353039620432,2780.905861117296,-1025.435116957465,-94.21208470008673
2025-11-28,CE,26202.95,25800.0,18.0,0.07858802259007663,0.1,584.3,590.0,625.58,41.28,35.58,7.06486,6.03051,0.0446,0.8617980143692272,0.00040088159877344935,1545.0581302419585,1568.291021659926,-3045.5688730209527
2025-11-28,PE,26202.95,24800.0,18.0,0.07858802259007663,0.1,8.55,7.2,0.23,-8.32,-6.97,-97.30994,-96.80556,0.11764,-0.0014863962265575842,8.793064502489864e-06,33.88979649073811,-2.798756087390808,-14.725066122963451
2025-11-28,PE,26202.95,27750.0,18.0,0.07858802259007663,0.1,1417.05,1406.5,1351.12,-65.93,-55.38,-4.65262,-3.93743,0.15211,-0.9913570948270483,4.262535516761373e-05,164.2845462542456,-1951.9713815484083,2642.384350742168
2025-11-28,CE,26202.95,25950.0,18.0,0.07858802259007663,0.1,460.0,460.0,503.02,43.02,43.02,9.35217,9.35217,0.0539,0.7917264611481978,0.0005211256401370346,2008.4967971460735,1445.8960503149606,-3129.1610121044305
2025-11-28,CE,26202.95,26250.0,18.0,0.07858802259007663,0.1,258.5,264.0,295.92,37.42,31.92,14.47582,12.09091,0.06668,0.6045595636282939,0.0006998406295474512,2697.2913146033757,1110.3800603001825,-3038.3556197687285
2025-11-28,CE,26202.95,24400.0,18.0,0.07858802259007663,0.1,1920.65,1922.9,1976.63,55.98,53.73,2.91464,2.79422,,0.9999097016192806,6.534784357859543e-07,2.5186044289338354,1730.2826628855164,-2423.7812530320193
2025-11-28,CE,26202.95,24900.0,18.0,0.07858802259007663,0.1,1421.1,1421.1,1480.63,59.53,59.53,4.18901,4.18901,,0.9972731985228372,1.5252542690591525e-05,58.78559944648122,1760.7767277235139,-2497.4263269338185
2025-11-28,CE,26202.95,26950.0,18.0,0.07858802259007663,0.1,31.05,30.7,46.48,15.43,15.78,49.69404,51.40065,0.06871,0.16161857833069737,0.0004450149339331485,1715.154658772623,299.1715167054117,-1362.3744148712628
2025-11-28,CE,26202.95,25250.0,18.0,0.07858802259007663,0.1,1077.4,1074.95,1136.11,58.71,61.16,5.44923,5.68957,,0.9827582350301599,7.753469180192452e-05,298.8303935897747,1758.2182478896264,-2625.8969750997203
2025-11-28,CE,26202.95,27650.0,18.0,0.07858802259007663,0.1,4.5,4.5,2.61,-1.89,-1.89,-42.0,-42.0,0.08501,0.01359809768565538,6.32346967292809e-05,243.71605629664745,25.264576576525954,-169.44254777177355
2025-11-28,CE,26202.95,24300.0,18.0,0.07858802259007663,0.1,2025.8,2015.3,2075.91,50.11,60.61,2.47359,3.00749,,0.9999593009187643,3.082762121487524e-07,1.1881430063089509,1723.2839585658671,-2413.251158658155
2025-11-28,PE,26202.95,26900.0,18.0,0.07858802259007663,0.1,614.55,614.55,560.39,-54.16,-54.16,-8.81295,-8.81295,0.10475,-0.8157837077196456,0.000483735025949835,1864.3877319721416,-1566.8804457427418,1168.0028076616197
2025-11-28,CE,26202.95,25450.0,18.0,0.07858802259007663,0.1,892.2,892.2,943.31,51.11,51.11,5.72854,5.72854,,0.9589597720160086,0.00015987631597620675,616.1874293755454,1727.4474124220349,-2757.4010387272556
2025-11-28,PE,26202.95,27300.0,18.0,0.07858802259007663,0.1,991.6,991.6,915.37,-76.23,-76.23,-7.68758,-7.68758,0.13444,-0.9454412063994113,0.000200844681405323,774.0856873216569,-1834.9084938758515,2143.0348470529666
2025-11-28,CE,26202.95,26100.0,18.0,0.07858802259007663,0.1,354.3,362.55,392.4,38.1,29.85,10.7536,8.23335,0.06591,0.7047150315012449,0.0006272102706152787,2417.3629594134864,1290.9440876490253,-3137.152146748246
2025-11-28,PE,26202.95,26950.0,18.0,0.07858802259007663,0.1,656.65,656.65,601.72,-54.93,-54.93,-8.36519,-8.36519,0.10662,-0.8383814216693026,0.0004450149339331485,1715.154658772623,-1612.1274737241677,1313.4441717301484
2025-11-28,PE,26202.95,25850.0,18.0,0.07858802259007663,0.1,71.85,68.0,46.62,-25.23,-21.38,-35.11482,-31.44118,0.09038,-0.15956364062536266,0.0004413108329075807,1700.878494882084,-301.9758630375532,-512.9145347988067
2025-11-28,CE,26202.95,27600.0,18.0,0.07858802259007663,0.1,4.75,5.15,3.32,-1.43,-1.83,-30.10526,-35.53398,0.08395,0.016897199855090528,7.620838690946292e-05,293.71861454192776,31.388208290810198,-205.52284741036348
2025-11-28,PE,26202.95,25650.0,18.0,0.07858802259007663,0.1,42.45,38.75,21.92,-20.53,-16.83,-48.36278,-43.43226,0.09195,-0.08596175493137564,0.00028513539214896835,1098.9547966467314,-162.455403573086,-377.1152256881044
2025-11-28,CE,26202.95,24000.0,18.0,0.07858802259007663,0.1,2310.3,2314.15,2373.77,63.47,59.62,2.74726,2.57632,,0.9999970743838885,2.5169562035226458e-08,0.09700728737896756,1702.0789450148052,-2382.9638882969707
2025-11-28,CE,26202.95,26000.0,18.0,0.07858802259007663,0.1,427.0,432.0,464.7,37.7,32.7,8.82904,7.56944,0.0624,0.764477075226994,0.00055905542292715,2154.6838994163827,1397.6324129538693,-3142.011806868081
2025-11-28,CE,26202.95,27750.0,18.0,0.07858802259007663,0.1,3.05,3.05,1.58,-1.47,-1.47,-48.19672,-48.19672,0.08562,0.008642905172951756,4.262535516761373e-05,164.2845462542456,16.063757020082605,-112.86484325371964
2025-11-28,CE,26202.95,27800.0,18.0,0.07858802259007663,0.1,3.35,3.75,1.22,-2.13,-2.53,-63.58209,-67.46667,0.09084,0.006826230715386034,3.463072103606466e-05,133.47202080769762,12.689373214192557,-91.1902378045192
2025-11-28,CE,26202.95,24700.0,18.0,0.07858802259007663,0.1,1613.0,1613.0,1678.87,65.87,65.87,4.08369,4.08369,,0.9992189847387666,4.874531179054123e-06,18.78717819016617,1750.2583983329225,-2460.6968879541796
2025-11-28,PE,26202.95,24550.0,18.0,0.07858802259007663,0.1,5.5,5.5,0.04,-5.46,-5.46,-99.27273,-99.27273,0.12839,-0.00027727381069492143,1.8676320611168292e-06,7.198135582072066,-0.5217403071474574,-3.229374262105757
2025-11-28,CE,26202.95,26550.0,18.0,0.07858802259007663,0.1,119.05,120.05,150.15,31.1,30.1,26.12348,25.07289,0.06732,0.3913226419501562,0.0006978165962959057,2689.4903852497987,721.6901822183792,-2489.8983731683666
2025-11-28,PE,26202.95,26650.0,18.0,0.07858802259007663,0.1,419.85,419.85,372.79,-47.06,-47.06,-11.20877,-11.20877,0.09689,-0.6753959206970682,0.0006536417618680148,2519.2339122818867,-1290.7251838871714,421.1439761853678
2025-11-28,PE,26202.95,26350.0,18.0,0.07858802259007663,0.1,228.85,224.2,199.73,-29.12,-24.47,-12.72449,-10.91436,0.08737,-0.4664740946962343,0.0007223212185952248,2783.934894620926,-887.3379286709737,-289.2144685750404
2025-11-28,CE,26202.95,27900.0,18.0,0.07858802259007663,0.1,2.75,3.1,0.71,-2.04,-2.39,-74.18182,-77.09677,0.09367,0.004179241371879284,2.2387535178384205e-05,86.28493637341602,7.7712588938853076,-58.34650015372083
2025-11-28,PE,26202.95,26500.0,18.0,0.07858802259007663,0.1,312.1,306.2,278.47,-33.63,-27.73,-10.77539,-9.05617,0.08867,-0.5738269920570183,0.0007124344851215125,2745.829933001754,-1093.8877524430407,20.917439797504358
2025-11-28,PE,26202.95,24400.0,18.0,0.07858802259007663,0.1,8.85,8.85,0.01,-8.84,-8.84,-99.88701,-99.88701,0.14798,-9.02983807193994e-05,6.534784357859543e-07,2.5186044289338354,-0.16985535128246973,-1.1477275005001775
2025-11-28,CE,26202.95,27400.0,18.0,0.07858802259007663,0.1,6.3,6.3,8.28,1.98,1.98,31.42857,31.42857,0.07489,0.03784563436556555,0.0001496759292826198,576.873600951495,70.24224062172961,-415.68662595278596
2025-11-28,PE,26202.95,24850.0,18.0,0.07858802259007663,0.1,7.45,7.3,0.33,-7.12,-6.97,-95.57047,-95.47945,0.11466,-0.0020224164143787153,1.1637356774360193e-05,44.852127794752754,-3.8085990077792973,-19.341841615538215
2025-11-28,PE,26202.95,26250.0,18.0,0.07858802259007663,0.1,183.4,178.7,156.14,-27.26,-22.56,-14.86369,-12.62451,0.08693,-0.3954404363717061,0.0006998406295474512,2697.2913146033757,-751.2748005078492,-432.03881463748394
2025-11-28,CE,26202.95,24850.0,18.0,0.07858802259007663,0.1,1481.0,1470.65,1530.14,49.14,59.49,3.31803,4.04515,,0.9979775835856213,1.1637356774360193e-05,44.852127794752754,1758.5580025571576,-2486.65508380645
2025-11-28,CE,26202.95,26700.0,18.0,0.07858802259007663,0.1,72.7,75.0,100.45,27.75,25.45,38.17056,33.93333,0.06776,0.293184492596814,0.0006251452827375927,2409.404184755254,541.5604464896754,-2083.6367985867428
2025-11-28,CE,26202.95,25400.0,18.0,0.07858802259007663,0.1,941.95,941.95,991.03,49.08,49.08,5.21047,5.21047,,0.9665518933587582,0.00013526262136653646,521.3225388734113,1738.2489670040147,-2720.336506037519
2025-11-28,CE,26202.95,26450.0,18.0,0.07858802259007663,0.1,157.75,161.85,191.65,33.9,29.8,21.4897,18.41211,0.06786,0.4616773243274314,0.0007215353039620432,2780.905861117296,850.4037808852949,-2720.386541679951
2025-11-28,PE,26202.95,27000.0,18.0,0.07858802259007663,0.1,698.0,698.0,644.1,-53.9,-53.9,-7.72206,-7.72206,0.10783,-0.8590537658236932,0.0004062780115072154,1565.8567186380262,-1653.8460303300933,1453.981360222092
2025-11-28,PE,26202.95,27150.0,18.0,0.07858802259007663,0.1,845.1,842.55,776.62,-68.48,-65.93,-8.10318,-7.82505,0.12034,-0.9098531907509673,0.0002954230283803876,1138.6048979458656,-1758.390094889796,1835.3811807591237
2025-11-28,CE,26202.95,26050.0,18.0,0.07858802259007663,0.1,390.5,394.7,427.8,37.3,33.1,9.55186,8.38612,0.06348,0.7354258452999729,0.0005946636475967195,2291.9233666244854,1345.8950168318374,-3145.0771007416392
2025-11-28,CE,26202.95,26800.0,18.0,0.07858802259007663,0.1,52.15,53.0,74.96,22.81,21.96,43.73921,41.43396,0.06795,0.23511934552423597,0.0005585263894056727,2152.6449244521295,434.7045469718849,-1792.7911214194428
2025-11-28,PE,26202.95,27900.0,18.0,0.07858802259007663,0.1,1566.4,1575.5,1499.19,-67.21,-76.31,-4.29073,-4.84354,0.1783,-0.9958207586281207,2.2387535178384205e-05,86.28493637341602,-1970.9019074506512,2711.7959327286303
2025-11-28,CE,26202.95,26150.0,18.0,0.07858802259007663,0.1,321.95,325.0,358.57,36.62,33.57,11.37444,10.32923,0.06504,0.6725222768189596,0.0006559959698847487,2528.30738496725,1233.106672326284,-3117.212086448045
2025-11-28,PE,26202.95,25600.0,18.0,0.07858802259007663,0.1,36.7,34.25,17.85,-18.85,-16.4,-51.3624,-47.88321,0.093,-0.07228959268260315,0.00025007065726380786,963.8100210200678,-136.5748645367769,-339.0026555797835
2025-11-28,CE,26202.95,27150.0,18.0,0.07858802259007663,0.1,13.85,14.2,22.81,8.96,8.61,64.69314,60.6338,0.07017,0.09014680924903273,0.0002954230283803876,1138.6048979458656,167.0929325745111,-860.2950576909067
2025-11-28,PE,26202.95,26700.0,18.0,0.07858802259007663,0.1,439.55,441.6,407.47,-32.08,-34.13,-7.29837,-7.72871,0.09243,-0.706815507403186,0.0006251452827375927,2409.404184755254,-1352.0084976464943,567.3597232038944
2025-11-28,PE,26202.95,25150.0,18.0,0.07858802259007663,0.1,12.6,11.55,2.01,-10.59,-9.54,-84.04762,-82.5974,0.10324,-0.010630853401392748,5.108051807950904e-05,196.87201906296096,-20.040622875123688,-80.24560674514464
2025-11-28,PE,26202.95,24700.0,18.0,0.07858802259007663,0.1,7.45,6.3,0.12,-7.33,-6.18,-98.38926,-98.09524,0.12153,-0.0007810152612334679,4.874531179054123e-06,18.78717819016617,-1.4701754559681293,-8.276884649732636
2025-11-28,CE,26202.95,26400.0,18.0,0.07858802259007663,0.1,181.8,187.8,215.05,33.25,27.25,18.28933,14.51012,0.06883,0.4975577790168221,0.00072486878202237,2793.753588213899,915.8880358276776,-2819.132240870379
2025-11-28,CE,26202.95,27850.0,18.0,0.07858802259007663,0.1,3.4,3.4,0.93,-2.47,-2.47,-72.64706,-72.64706,0.09223,0.005357873043468341,2.7940581854668068e-05,107.68721560263594,9.961400897411202,-73.18643858347252
2025-11-28,PE,26202.95,27200.0,18.0,0.07858802259007663,0.1,895.2,895.2,822.29,-72.91,-72.91,-8.14455,-8.14455,0.12667,-0.9232752265825465,0.00026170011840983984,1008.631717872669,-1786.7731837550252,1946.6178516523198
2025-11-28,PE,26202.95,25350.0,18.0,0.07858802259007663,0.1,19.45,18.1,5.72,-13.73,-12.38,-70.59126,-68.39779,0.09795,-0.027040603803605533,0.00011339915857262399,437.0574564941441,-51.01909715729164,-169.0056328286543
2025-11-28,CE,26202.95,24100.0,18.0,0.07858802259007663,0.1,2225.05,2212.75,2274.48,49.43,61.73,2.22152,2.78974,,0.999992669725308,6.053167445283003e-08,0.23329820085695266,1709.1626820009856,-2392.956095911334
2025-11-28,CE,26202.95,25900.0,18.0,0.07858802259007663,0.1,499.85,506.1,542.68,42.83,36.58,8.56857,7.22782,0.05546,0.817068803194464,0.00048162922321661627,1856.2716507062514,1490.495536384005,-3107.858779870759
2025-11-28,PE,26202.95,25200.0,18.0,0.07858802259007663,0.1,13.85,12.4,2.64,-11.21,-9.76,-80.93863,-78.70968,0.10113,-0.013596209099053558,6.322711733472036e-05,243.6868441671212,-25.635860487698857,-98.16586581739301
2025-11-28,CE,26202.95,24650.0,18.0,0.07858802259007663,0.1,1670.9,1670.9,1728.48,57.58,57.58,3.44605,3.44605,,0.9994417234341326,3.575927815871538e-06,13.78216501324883,1747.1318077932963,-2453.5663225784247
2025-11-28,CE,26202.95,24600.0,18.0,0.07858802259007663,0.1,1711.45,1711.45,1778.1,66.65,66.65,3.89436,3.89436,,0.9996046842785636,2.5972685434495856e-06,10.010264606199355,1743.8926079138107,-2446.956459386367
2025-11-28,CE,26202.95,24250.0,18.0,0.07858802259007663,0.1,2078.35,2065.85,2125.55,47.2,59.7,2.27103,2.88985,,0.9999730813723416,2.0846756264946025e-07,0.8034654210838422,1719.7638705682632,-2408.1114181062067
2025-11-28,PE,26202.95,27450.0,18.0,0.07858802259007663,0.1,1134.05,1134.05,1058.32,-75.73,-75.73,-6.67784,-6.67784,0.14418,-0.9687727374222588,0.0001278071356914409,492.5879728757369,-1888.7874638619348,2373.3218462269997
2025-11-28,CE,26202.95,27300.0,18.0,0.07858802259007663,0.1,8.65,8.7,12.63,3.98,3.93,46.01156,45.17241,0.073,0.05455879360058871,0.000200844681405323,774.0856873216569,101.21256136450157,-567.5346302835277
2025-11-28,CE,26202.95,26850.0,18.0,0.07858802259007663,0.1,44.2,44.8,64.25,20.05,19.45,45.36199,43.41518,0.06842,0.20873034607879898,0.0005217993123783527,2011.0932315465334,386.0782936233109,-1646.8444932533396
2025-11-28,CE,26202.95,24750.0,18.0,0.07858802259007663,0.1,1580.15,1592.35,1629.27,49.12,36.92,3.10857,2.31859,,0.9989175459441745,6.579226852905083e-06,25.357332366686983,1753.2367044830298,-2468.4808645382427
2025-11-28,CE,26202.95,25350.0,18.0,0.07858802259007663,0.1,987.8,983.8,1039.1,51.3,55.3,5.19336,5.62106,,0.9729593961963945,0.00011339915857262399,437.0574564941441,1746.8075969944648,-2685.9630046411135
2025-11-28,CE,26202.95,25300.0,18.0,0.07858802259007663,0.1,1030.0,1027.5,1087.48,57.48,59.98,5.58058,5.83747,,0.9783179340284321,9.420133109913638e-05,363.06613458850273,1753.3812675156203,-2654.4623216289997
2025-11-28,PE,26202.95,27600.0,18.0,0.07858802259007663,0.1,1275.75,1275.75,1203.93,-71.82,-71.82,-5.62963,-5.62963,0.15256,-0.9831028001449095,7.620838690946292e-05,293.71861454192776,-1926.0089025016348,2534.83310769906
2025-11-28,CE,26202.95,27450.0,18.0,0.07858802259007663,0.1,6.4,6.4,6.64,0.24,0.24,3.75,3.75,0.07809,0.031227262577741263,0.0001278071356914409,492.5879728757369,57.97161915446386,-352.14086999595867
2025-11-28,PE,26202.95,27400.0,18.0,0.07858802259007663,0.1,1072.0,1063.2,1010.31,-61.69,-52.89,-5.75466,-4.9746,0.12679,-0.9621543656344345,0.0001496759292826198,576.873600951495,-1872.9708331359873,2304.811677308018
2025-11-28,CE,26202.95,27700.0,18.0,0.07858802259007663,0.1,4.5,4.45,2.03,-2.47,-2.42,-54.88889,-54.38202,0.08764,0.010874921204443826,5.2100060945165526e-05,200.8014910031359,20.20870332011845,-138.75632942569442
2025-11-28,CE,26202.95,26750.0,18.0,0.07858802259007663,0.1,62.4,63.2,86.99,24.59,23.79,39.40705,37.64241,0.06784,0.2633076568795585,0.0005932110056120258,2286.324665372922,486.60314578381957,-1938.9885452513836
2025-11-28,CE,26202.95,27500.0,18.0,0.07858802259007663,0.1,5.8,5.95,5.3,-0.5,-0.65,-8.62069,-10.92437,0.08008,0.02560598250140948,0.00010834771378314481,417.5884265727585,47.546362791775884,-296.28704881446777
2025-11-28,PE,26202.95,26550.0,18.0,0.07858802259007663,0.1,342.7,339.9,308.23,-34.47,-31.67,-10.05836,-9.31745,0.0903,-0.6086773580498438,0.0006978165962959057,2689.4903852497987,-1161.2407341417443,146.20490973580672
2025-11-28,PE,26202.95,27850.0,18.0,0.07858802259007663,0.1,1516.55,1505.55,1449.76,-66.79,-55.79,-4.40408,-3.70562,0.15964,-0.9946421269565316,2.7940581854668068e-05,107.68721560263594,-1965.1657561884435,2691.9915813367243
2025-11-28,CE,26202.95,24150.0,18.0,0.07858802259007663,0.1,2175.4,2163.1,2224.84,49.44,61.74,2.27269,2.85424,,0.9999885750556519,9.238200496004134e-08,0.3560541773139084,1712.7009915355613,-2397.977259305896
2025-11-28,CE,26202.95,27000.0,18.0,0.07858802259007663,0.1,25.35,26.0,39.22,13.87,13.22,54.714,50.84615,0.06947,0.14094623417630675,0.0004062780115072154,1565.8567186380262,260.99896935816787,-1226.8016393414744
2025-11-28,PE,26202.95,26750.0,18.0,0.07858802259007663,0.1,490.0,490.0,443.65,-46.35,-46.35,-9.45918,-9.45918,0.09804,-0.7366923431204415,0.0005932110056120258,2286.324665372922,-1410.5118076110318,716.9723895014088
2025-11-28,PE,26202.95,26850.0,18.0,0.07858802259007663,0.1,575.65,575.65,520.2,-55.45,-55.45,-9.63259,-9.63259,0.10396,-0.791269653921201,0.0005217993123783527,2011.0932315465334,-1518.1286782889044,1019.045267423762
2025-11-28,CE,26202.95,27950.0,18.0,0.07858802259007663,0.1,2.7,2.7,0.54,-2.16,-2.16,-80.0,-80.0,0.0945,0.003239664518143881,1.781519028657588e-05,68.66242970068863,6.025001707710956,-46.2073144256462
2025-11-28,PE,26202.95,26600.0,18.0,0.07858802259007663,0.1,375.1,373.8,339.69,-35.41,-34.11,-9.44015,-9.1252,0.09151,-0.6426130136713303,0.0006780572850030365,2613.3350200386303,-1227.0030091692777,280.16639170534904
2025-11-28,CE,26202.95,25600.0,18.0,0.07858802259007663,0.1,757.25,757.25,803.0,45.75,45.75,6.0416,6.0416,,0.9277104073173968,0.00025007065726380786,963.8100210200678,1678.9818759083894,-2880.7820922030164
2025-11-28,CE,26202.95,24800.0,18.0,0.07858802259007663,0.1,1514.25,1514.25,1579.7,65.45,65.45,4.32227,4.32227,,0.9985136037734424,8.793064502489864e-06,33.88979649073811,1756.021836218864,-2477.0738953517207
2025-11-28,CE,26202.95,26500.0,18.0,0.07858802259007663,0.1,138.8,142.5,170.03,31.23,27.53,22.5,19.3193,0.06853,0.42617300794298174,0.0007124344851215125,2745.829933001754,785.497154658401,-2610.2214301445147
2025-11-28,CE,26202.95,26300.0,18.0,0.07858802259007663,0.1,230.35,238.0,267.19,36.84,29.19,15.99305,12.26471,0.06796,0.5692894673875054,0.0007139213703180646,2751.5606127553224,1046.419531389436,-2978.665297097473
2025-11-28,CE,26202.95,26200.0,18.0,0.07858802259007663,0.1,289.55,295.0,326.4,36.85,31.4,12.72664,10.64407,0.06648,0.639057661311516,0.0006803874081668101,2622.315666068951,1172.7712438607618,-3084.457961028437
2025-11-28,PE,26202.95,24650.0,18.0,0.07858802259007663,0.1,7.8,7.8,0.08,-7.72,-7.72,-98.97436,-98.97436,0.12891,-0.0005582765658673681,3.575927815871538e-06,13.78216501324883,-1.0507567369124635,-6.11073223613209
2025-11-28,CE,26202.95,25500.0,18.0,0.07858802259007663,0.1,859.8,859.8,896.02,36.22,36.22,4.21261,4.21261,,0.9500453672992506,0.00018726294690616537,721.7396345845987,1714.140716073271,-2796.837637450796
2025-11-28,PE,26202.95,25550.0,18.0,0.07858802259007663,0.1,32.1,30.7,14.43,-17.67,-16.27,-55.04673,-52.99674,0.09442,-0.06032751161258788,0.00021737211075610857,837.7848921955176,-113.94179730227799,-301.3604900112146
2025-11-28,PE,26202.95,25400.0,18.0,0.07858802259007663,0.1,22.55,19.6,7.29,-15.26,-12.31,-67.67184,-62.80612,0.09588,-0.03344810664124178,0.00013526262136653646,521.3225388734113,-63.123736406423575,-198.41472126290518
2025-11-28,PE,26202.95,26400.0,18.0,0.07858802259007663,0.1,256.55,250.5,224.2,-32.35,-26.3,-12.60963,-10.499,0.088,-0.5024422209831779,0.00072486878202237,2793.753588213899,-956.4048527564,-197.9221968526706
2025-11-28,CE,26202.95,27550.0,18.0,0.07858802259007663,0.1,4.4,4.4,4.21,-0.19,-0.19,-4.31818,-4.31818,0.07912,0.02086582748897723,9.119336426828718e-05,351.4729768538467,38.75265597347885,-247.60468207641154
2025-11-28,CE,26202.95,26650.0,18.0,0.07858802259007663,0.1,87.0,89.1,115.42,28.42,26.32,32.66667,29.53984,0.06796,0.3246040793029318,0.0006536417618680148,2519.2339122818867,599.297750990316,-2224.8881326431147
2025-11-28,PE,26202.95,24200.0,18.0,0.07858802259007663,0.1,5.25,5.25,0.0,-5.25,-5.25,-100.0,-100.0,0.14911,-1.76260044295343e-05,1.3950724535137406e-07,0.5376819597539382,-0.03314221611612304,-0.24938843143336192
2025-11-28,PE,26202.95,27950.0,18.0,0.07858802259007663,0.1,1614.85,1602.4,1548.66,-66.19,-53.74,-4.09883,-3.35372,0.16528,-0.9967603354818562,1.781519028657588e-05,68.66242970068863,-1976.1941738955077,2728.89953141886
2025-11-28,PE,26202.95,26200.0,18.0,0.07858802259007663,0.1,164.45,160.05,136.97,-27.48,-23.08,-16.71025,-14.42049,0.08734,-0.360942338688484,0.0006803874081668101,2622.315666068951,-685.3376076885878,-483.10556885934693
2025-11-28,PE,26202.95,25750.0,18.0,0.07858802259007663,0.1,53.8,50.9,32.4,-21.4,-18.5,-39.77695,-36.34578,0.09071,-0.11884267291232531,0.00036099873776988936,1391.3435700341588,-224.7451544171688,-450.7573632027801
2025-11-28,CE,26202.95,25700.0,18.0,0.07858802259007663,0.1,667.85,673.45,712.61,44.76,39.16,6.7021,5.81483,,0.898549612009923,0.00032224884628050484,1241.995645173427,1630.8598746224511,-2966.4456972090943
2025-11-28,PE,26202.95,26100.0,18.0,0.07858802259007663,0.1,128.6,129.0,103.68,-24.92,-25.32,-19.37792,-19.62791,0.08889,-0.2952849684987551,0.0006272102706152787,2417.3629594134864,-560.0727453829605,-545.7285805034659
2025-11-28,CE,26202.95,25850.0,18.0,0.07858802259007663,0.1,590.0,590.0,583.56,-6.44,-6.44,-1.09153,-1.09153,0.08229,0.8404363593746373,0.0004413108329075807,1700.878494882084,1531.3109237010226,-3079.5160362328133
2025-11-28,CE,26202.95,24050.0,18.0,0.07858802259007663,0.1,2260.25,2256.5,2324.12,63.87,67.62,2.82579,2.99668,,0.9999953450065358,3.9242331870669155e-08,0.151245864344837,1705.621702924527,-2387.9535868881644
2025-11-28,CE,26202.95,24950.0,18.0,0.07858802259007663,0.1,1382.35,1372.05,1431.15,48.8,59.1,3.53022,4.30742,,0.9963564903068785,1.9798345296310624e-05,76.30580814633373,1762.595029575903,-2509.610099426771
2025-11-28,CE,26202.95,25200.0,18.0,0.07858802259007663,0.1,1124.25,1124.25,1184.95,60.7,60.7,5.39915,5.39915,,0.9864037909009464,6.322711733472036e-05,243.6868441671212,1761.552805888012,-2600.2299987433876
2025-11-28,CE,26202.95,23950.0,18.0,0.07858802259007663,0.1,2377.8,2398.05,2423.41,45.61,25.36,1.91816,1.05753,,0.9999981803752818,1.5970442584682162e-08,0.06155249388977399,1698.5350149097521,-2377.9828818951155
2025-11-28,CE,26202.95,25150.0,18.0,0.07858802259007663,0.1,1174.15,1171.6,1233.96,59.81,62.36,5.0939,5.32264,,0.9893691465986072,5.108051807950904e-05,196.87201906296096,1763.602034241905,-2577.345326708985
2025-11-28,PE,26202.95,26300.0,18.0,0.07858802259007663,0.1,206.4,204.25,177.05,-29.35,-27.2,-14.21996,-13.31701,0.08846,-0.4307105326124946,0.0007139213703180646,2751.5606127553224,-818.7813386772777,-367.3840790040738
2025-11-28,PE,26202.95,25450.0,18.0,0.07858802259007663,0.1,25.3,23.8,9.22,-16.08,-14.58,-63.55731,-61.2605,0.09637,-0.04104022798399142,0.00015987631597620675,616.1874293755454,-77.47130024708522,-230.51484099048693
2025-11-28,CE,26202.95,27100.0,18.0,0.07858802259007663,0.1,17.55,17.8,27.48,9.93,9.68,56.5812,54.38202,0.07027,0.10526867714863286,0.0003310090364023463,1275.7587388440484,195.0623172028294,-974.9027401983075
2025-11-28,PE,26202.95,26150.0,18.0,0.07858802259007663,0.1,147.65,141.5,119.5,-28.15,-22.0,-19.06536,-15.5477,0.08721,-0.3274777231810404,0.0006559959698847487,2528.30738496725,-621.4561699643835,-520.8241072411096
2025-11-28,CE,26202.95,27050.0,18.0,0.07858802259007663,0.1,20.7,20.55,32.92,12.22,12.37,59.03382,60.19465,0.06901,0.12217860760564814,0.0003681054686416271,1418.7339824312749,226.32302471098538,-1097.3207224197083
2025-11-28,PE,26202.95,24750.0,18.0,0.07858802259007663,0.1,7.25,7.3,0.17,-7.08,-7.13,-97.65517,-97.67123,0.12112,-0.0010824540558255658,6.579226852905083e-06,25.357332366686983,-2.0378785645430924,-11.096448271640615
2025-11-28,PE,26202.95,27650.0,18.0,0.07858802259007663,0.1,1318.15,1307.6,1252.86,-65.29,-54.74,-4.95315,-4.1863,0.14455,-0.9864019023143447,6.32346967292809e-05,243.71605629664745,-1935.678543474601,2575.877820299804
2025-11-28,PE,26202.95,25950.0,18.0,0.07858802259007663,0.1,90.65,87.65,65.38,-25.27,-22.27,-27.87645,-25.40787,0.08926,-0.20827353885180222,0.0005211256401370346,2008.4967971460735,-394.4827549409796,-552.6306847461138
2025-11-28,PE,26202.95,27050.0,18.0,0.07858802259007663,0.1,753.25,750.45,687.44,-65.81,-63.01,-8.73681,-8.3963,0.11421,-0.8778213923943519,0.0003681054686416271,1418.7339824312749,-1692.067984235958,1588.4266901060128
2025-11-28,PE,26202.95,25800.0,18.0,0.07858802259007663,0.1,61.45,58.6,39.0,-22.45,-19.6,-36.53377,-33.4471,0.09034,-0.13820198563077285,0.00040088159877344935,1545.0581302419585,-261.4497558199681,-483.9317845491007
2025-11-28,CE,26202.95,26350.0,18.0,0.07858802259007663,0.1,203.05,207.85,240.23,37.18,32.38,18.31076,15.57854,0.06695,0.5335259053037656,0.0007223212185952248,2783.934894620926,981.4089506544221,-2905.4600996305944
2025-11-28,PE,26202.95,25300.0,18.0,0.07858802259007663,0.1,17.4,16.0,4.46,-12.94,-11.54,-74.36782,-72.125,0.09906,-0.021682065971567844,9.420133109913638e-05,363.06613458850273,-40.89941737745427,-142.46936277869543
2025-12-01,PE,26175.75,26050.0,15.0,0.0738467693350182,0.1,122.25,120.4,79.42,-42.83,-40.98,-35.03476,-34.03654,0.0925,-0.2720332661123015,0.000703739628546701,2119.4954785664777,-428.5769614256635,-594.7410119883117
2025-12-01,CE,26175.75,27300.0,15.0,0.0738467693350182,0.1,7.35,7.5,4.04,-3.31,-3.46,-45.03401,-46.13333,0.08195,0.02303609442286479,0.00011569520942932143,348.4463050398982,35.65182624129317,-276.04079296230685
2025-12-01,PE,26175.75,24600.0,15.0,0.0738467693350182,0.1,6.35,5.5,0.01,-6.34,-5.49,-99.84252,-99.81818,0.13352,-7.671398232305738e-05,6.541643051475595e-07,1.9701864592492875,-0.12003694679146192,-1.0204699314168744
2025-12-01,CE,26175.75,27550.0,15.0,0.0738467693350182,0.1,5.35,5.05,0.94,-4.41,-4.11,-82.42991,-81.38614,0.09241,0.006197489685652502,3.710298692140898e-05,111.74532430927167,9.600349792284982,-85.4456496347209
2025-12-01,PE,26175.75,27400.0,15.0,0.0738467693350182,0.1,1152.0,1152.0,1063.95,-88.05,-88.05,-7.64323,-7.64323,0.16417,-0.9860137097903378,7.560765438657299e-05,227.7121752377257,-1599.6187020566306,2546.1066282268725
2025-12-01,CE,26175.75,25300.0,15.0,0.0738467693350182,0.1,979.5,989.6,1028.04,48.54,38.44,4.95559,3.8844,,0.9870640726288646,7.067941690782408e-05,212.8695024226662,1476.7324627453386,-2612.956227780649
2025-12-01,CE,26175.75,26150.0,15.0,0.0738467693350182,0.1,280.8,275.05,291.69,10.89,16.64,3.87821,6.04981,0.06673,0.6532155425032675,0.0007827484079027749,2357.451028914091,1000.3999941972352,-3143.0291859982444
2025-12-01,CE,26175.75,27000.0,15.0,0.0738467693350182,0.1,18.6,18.6,17.88,-0.72,-0.72,-3.87097,-3.87097,0.07457,0.08357449213257923,0.00032579594566220244,981.2194819728045,129.15133746937278,-825.6373124676289
2025-12-01,CE,26175.75,24800.0,15.0,0.0738467693350182,0.1,1453.2,1453.2,1522.98,69.78,69.78,4.80182,4.80182,,0.9995750770260455,3.2410400750415798e-06,9.761237688275964,1466.764535665203,-2470.219441208661
2025-12-01,CE,26175.75,25450.0,15.0,0.0738467693350182,0.1,822.4,822.4,882.03,59.63,59.63,7.25073,7.25073,,0.9712852335724973,0.00013912653805752903,419.01586382238423,1460.838421181045,-2714.129477468758
2025-12-01,PE,26175.75,24000.0,15.0,0.0738467693350182,0.1,3.9,3.6,0.0,-3.9,-3.6,-100.0,-100.0,0.16474,-1.26147470092398e-07,1.4277172706218127e-09,0.004299943014440308,-0.00019719277812337135,-0.0023360260922579445
2025-12-01,PE,26175.75,26300.0,15.0,0.0738467693350182,0.1,222.3,220.8,172.54,-49.76,-48.26,-22.38417,-21.85688,0.09284,-0.4694914338759796,0.0008434545125217654,2540.2832996035268,-741.775473317136,-329.58760974714414
2025-12-01,PE,26175.75,27500.0,15.0,0.0738467693350182,0.1,1247.0,1247.0,1162.32,-84.68,-84.68,-6.7907,-6.7907,0.17094,-0.9917995694476136,4.7500771575179923e-05,143.06096530320914,-1614.489269373827,2623.599415661064
2025-12-01,PE,26175.75,27800.0,15.0,0.0738467693350182,0.1,1394.0,1394.0,1459.44,65.44,65.44,4.6944,4.6944,,-0.9986593288078146,9.338710742088528e-06,28.125963624319784,-1642.8631127840663,2742.5631324732735
2025-12-01,CE,26175.75,24050.0,15.0,0.0738467693350182,0.1,2196.4,2196.4,2268.48,72.08,72.08,3.28173,3.28173,,0.9999997678133181,2.572781905161288e-09,0.007748603878664663,1423.0514495141206,-2390.731241742374
2025-12-01,PE,26175.75,25700.0,15.0,0.0738467693350182,0.1,45.9,44.9,19.12,-26.78,-25.78,-58.34423,-57.41648,0.09457,-0.08731701650100038,0.0003366630005005044,1013.9484525477313,-137.18489025426322,-398.49465131312184
2025-12-01,CE,26175.75,27850.0,15.0,0.0738467693350182,0.1,2.95,3.3,0.12,-2.83,-3.18,-95.9322,-96.36364,0.1042,0.000961655245291067,6.887952704731017e-06,20.744866456370552,1.4909182709263558,-15.373050187106838
2025-12-01,CE,26175.75,27450.0,15.0,0.0738467693350182,0.1,5.65,6.0,1.72,-3.93,-4.28,-69.55752,-71.33333,0.08859,0.010756365331574248,6.0222779709751354e-05,181.37661163847974,16.656733527580297,-140.49355746678043
2025-12-01,CE,26175.75,25150.0,15.0,0.0738467693350182,0.1,1115.25,1112.65,1175.8,60.55,63.15,5.42928,5.67564,,0.9947389725203198,3.208165459119284e-05,96.62227206301533,1479.895156495247,-2546.159901068383
2025-12-01,PE,26175.75,26850.0,15.0,0.0738467693350182,0.1,611.65,611.65,548.81,-62.84,-62.84,-10.27385,-10.27385,0.10988,-0.8581867759828827,0.00047609641834564243,1433.8885649073823,-1369.791351514787,1411.7899504642226
2025-12-01,PE,26175.75,24800.0,15.0,0.0738467693350182,0.1,8.0,7.55,0.05,-7.95,-7.5,-99.375,-99.33775,0.12593,-0.0004249229739544209,3.2410400750415798e-06,9.761237688275964,-0.6651919758149445,-4.937498771750264
2025-12-01,PE,26175.75,27150.0,15.0,0.0738467693350182,0.1,898.6,898.6,821.92,-76.68,-76.68,-8.53327,-8.53327,0.13625,-0.9543830227167074,0.00020320255688257522,611.9975102655238,-1535.9295078387152,2200.7316457858997
2025-12-01,CE,26175.75,25050.0,15.0,0.0738467693350182,0.1,1197.95,1197.95,1274.8,76.85,76.85,6.41513,6.41513,,0.9972763138295394,1.7781181994497832e-05,53.55266822011125,1477.9556310134005,-2516.184869016046
2025-12-01,PE,26175.75,25200.0,15.0,0.0738467693350182,0.1,12.4,11.75,1.12,-11.28,-10.63,-90.96774,-90.46809,0.10534,-0.007183631035351536,4.2275702557464134e-05,127.32430687299335,-11.259065915891588,-60.06567451258664
2025-12-01,CE,26175.75,25500.0,15.0,0.0738467693350182,0.1,795.25,800.15,834.01,38.76,33.86,4.87394,4.23171,,0.9633605257892441,0.00017010827749845608,512.3254544713808,1451.3493871402873,-2756.0690395464567
2025-12-01,PE,26175.75,26350.0,15.0,0.0738467693350182,0.1,248.4,248.15,197.27,-51.13,-50.88,-20.58374,-20.50373,0.09382,-0.5115167135948078,0.000845576798821549,2546.6751184441173,-808.7266520850393,-221.07455685810623
2025-12-01,CE,26175.75,26500.0,15.0,0.0738467693350182,0.1,115.0,112.0,116.88,1.88,4.88,1.63478,4.35714,0.07181,0.3654466720436341,0.0007973464840737058,2401.4169435577674,562.4378832947698,-2434.525462043378
2025-12-01,PE,26175.75,26450.0,15.0,0.0738467693350182,0.1,307.05,307.95,252.97,-54.08,-54.98,-17.61277,-17.85355,0.09589,-0.5944915051739975,0.0008220884424643731,2475.9338057788054,-941.3235271778284,45.56993944813371
2025-12-01,PE,26175.75,26000.0,15.0,0.0738467693350182,0.1,107.0,105.5,66.47,-40.53,-39.03,-37.8785,-36.99526,0.09263,-0.2378267260853258,0.0006559139742856698,1975.4560443014616,-374.50958316267963,-596.2246937006774
2025-12-01,CE,26175.75,26250.0,15.0,0.0738467693350182,0.1,223.75,220.55,231.42,7.67,10.87,3.42793,4.92859,0.0695,0.5722751042953985,0.0008320087458648828,2505.811387416221,877.8753797995892,-3029.2176724614455
2025-12-01,PE,26175.75,24200.0,15.0,0.0738467693350182,0.1,4.45,4.45,0.0,-4.45,-4.45,-100.0,-100.0,0.15611,-1.330596637239047e-06,1.3803503505120016e-08,0.0415728517774339,-0.002080559837353241,-0.02229283415802588
2025-12-01,PE,26175.75,24900.0,15.0,0.0738467693350182,0.1,8.7,7.7,0.12,-8.58,-7.58,-98.62069,-98.44156,0.11917,-0.0009270091586999072,6.659682096359612e-06,20.057369969449745,-1.451553585783834,-10.003234554132199
2025-12-01,PE,26175.75,26800.0,15.0,0.0738467693350182,0.1,565.3,564.25,506.55,-58.75,-57.7,-10.39271,-10.22596,0.10518,-0.8336657513748971,0.0005291091359539422,1593.5501936113799,-1329.0697616073537,1244.337517500652
2025-12-01,CE,26175.75,26650.0,15.0,0.0738467693350182,0.1,69.25,68.0,71.75,2.5,3.75,3.61011,5.51471,0.07201,0.2555183325192548,0.0006816142401914723,2052.859099601608,393.84739371908256,-1935.0785256548727
2025-12-01,CE,26175.75,27600.0,15.0,0.0738467693350182,0.1,4.05,4.5,0.68,-3.37,-3.82,-83.20988,-84.88889,0.09384,0.0046430607502976505,2.8701776354310586e-05,86.44288703112383,7.193557106642827,-65.70681062877964
2025-12-01,PE,26175.75,25900.0,15.0,0.0738467693350182,0.1,81.95,82.8,45.43,-36.52,-37.37,-44.56376,-45.13285,0.09439,-0.17691167459058837,0.0005503679370734375,1657.576619045974,-278.3465801479627,-560.5938425826046
2025-12-01,PE,26175.75,26950.0,15.0,0.0738467693350182,0.1,711.9,711.9,636.61,-75.29,-75.29,-10.57592,-10.57592,0.12166,-0.8994709209864381,0.00037356803673932,1125.0975967362356,-1439.3415505773821,1720.1812942432634
2025-12-01,CE,26175.75,25650.0,15.0,0.0738467693350182,0.1,658.15,658.15,693.03,34.88,34.88,5.2997,5.2997,,0.9286149039816854,0.0002890250824247719,870.4744347801859,1405.6051484510135,-2901.3831376945423
2025-12-01,PE,26175.75,24650.0,15.0,0.0738467693350182,0.1,6.95,7.8,0.01,-6.94,-7.79,-99.85612,-99.87179,0.13733,-0.00011997419987286813,9.958753290368015e-07,2.9993383511290097,-0.18774751344412574,-1.5451123353512501
2025-12-01,CE,26175.75,25700.0,15.0,0.0738467693350182,0.1,600.5,617.65,647.39,46.89,29.74,7.80849,4.81502,,0.9126829834989996,0.0003366630005005044,1013.9484525477313,1383.498335567276,-2953.2424706933075
2025-12-01,PE,26175.75,26700.0,15.0,0.0738467693350182,0.1,481.75,478.7,425.93,-55.82,-52.77,-11.58692,-11.02361,0.09947,-0.7767495854159285,0.0006331302591687685,1906.8369425536416,-1235.591197294778,892.9577294627261
2025-12-01,CE,26175.75,25850.0,15.0,0.0738467693350182,0.1,490.0,490.0,516.24,26.24,26.24,5.3551,5.3551,0.05222,0.8495376903820191,0.0004954119768306582,1492.0624082072418,1292.9193252742389,-3097.6499697963095
2025-12-01,PE,26175.75,26900.0,15.0,0.0738467693350182,0.1,654.8,654.8,592.21,-62.59,-62.59,-9.55864,-9.55864,0.11218,-0.8800969120944298,0.00042393040363937316,1276.7770028754128,-1406.5123162939035,1570.939494055548
2025-12-01,CE,26175.75,26800.0,15.0,0.0738467693350182,0.1,39.25,38.75,41.35,2.1,2.6,5.35032,6.70968,0.0722,0.166334248625103,0.0005291091359539422,1593.5501936113799,256.7010731014885,-1419.757484810203
2025-12-01,PE,26175.75,26400.0,15.0,0.0738467693350182,0.1,277.3,278.1,224.09,-53.21,-54.01,-19.1886,-19.42107,0.09519,-0.5533353792336007,0.0008383581244505185,2524.934197413084,-875.4799666583252,-95.4428154187051
2025-12-01,CE,26175.75,27700.0,15.0,0.0738467693350182,0.1,4.05,3.75,0.35,-3.7,-3.4,-91.35802,-90.66667,0.09728,0.0025387583994458214,1.668692407975861e-05,50.25702504670504,3.9344789509782645,-37.78500370078486
2025-12-01,CE,26175.75,26750.0,15.0,0.0738467693350182,0.1,47.95,46.9,50.04,2.09,3.14,4.35871,6.6951,0.07204,0.1934907984422718,0.0005818619112907031,1752.428938352523,298.49538239200723,-1588.5264533454206
2025-12-01,CE,26175.75,27750.0,15.0,0.0738467693350182,0.1,3.05,3.05,0.25,-2.8,-2.8,-91.80328,-91.80328,0.09737,0.0018529279189710853,1.2542665204495727e-05,37.77550831548436,2.871991955439392,-28.25758017746591
2025-12-01,PE,26175.75,25450.0,15.0,0.0738467693350182,0.1,23.25,22.15,5.25,-18.0,-16.9,-77.41935,-76.29797,0.09888,-0.0287147664275027,0.00013912653805752903,419.01586382238423,-45.052166257016076,-184.23329057281506
2025-12-01,PE,26175.75,27450.0,15.0,0.0738467693350182,0.1,1204.25,1204.25,1113.07,-91.18,-91.18,-7.57152,-7.57152,0.17064,-0.9892436346684258,6.0222779709751354e-05,181.37661163847974,-1607.5749609783047,2588.215689303107
2025-12-01,PE,26175.75,26750.0,15.0,0.0738467693350182,0.1,525.4,525.4,465.54,-59.86,-59.86,-11.39322,-11.39322,0.10435,-0.8065092015577282,0.0005818619112907031,1752.428938352523,-1284.3169246401396,1070.598222468586
2025-12-01,CE,26175.75,24100.0,15.0,0.0738467693350182,0.1,2146.35,2146.35,2218.78,72.43,72.43,3.37457,3.37457,,0.9999995786380135,4.569363636450786e-09,0.013761830618212553,1426.0096814087317,-2395.704801407212
2025-12-01,PE,26175.75,24750.0,15.0,0.0738467693350182,0.1,6.3,6.4,0.03,-6.27,-6.37,-99.52381,-99.53125,0.12615,-0.0002823311067857054,2.2165066264195506e-06,6.675587933864829,-0.44191945497300894,-3.3985283751984183
2025-12-01,PE,26175.75,26150.0,15.0,0.0738467693350182,0.1,159.5,156.75,110.74,-48.76,-46.01,-30.57053,-29.35247,0.09306,-0.34678445749673253,0.0007827484079027749,2357.451028914091,-546.9099807145644,-543.5484281464211
2025-12-01,CE,26175.75,25200.0,15.0,0.0738467693350182,0.1,1075.35,1075.35,1126.42,51.07,51.07,4.74915,4.74915,,0.9928163689646484,4.2275702557464134e-05,127.32430687299335,1479.8388831386915,-2565.1102289242863
2025-12-01,CE,26175.75,27150.0,15.0,0.0738467693350182,0.1,10.8,10.3,8.8,-2.0,-1.5,-18.51852,-14.56311,0.07619,0.04561697728329265,0.00020320255688257522,611.9975102655238,70.55102060699642,-498.155642002896
2025-12-01,CE,26175.75,26200.0,15.0,0.0738467693350182,0.1,251.1,248.95,260.54,9.44,11.59,3.75946,4.65555,0.06909,0.6133235058869728,0.0008115663517214612,2444.2437845692243,940.0987614726348,-3095.561777718164
2025-12-01,CE,26175.75,25000.0,15.0,0.0738467693350182,0.1,1246.6,1246.6,1324.38,77.78,77.78,6.23937,6.23937,,0.9980750866827798,1.2984734671714699e-05,39.106915840335326,1476.2488646412314,-2504.356615502377
2025-12-01,PE,26175.75,25850.0,15.0,0.0738467693350182,0.1,71.0,69.65,37.08,-33.92,-32.57,-47.77465,-46.76238,0.09337,-0.1504623096179809,0.0004954119768306582,1492.0624082072418,-236.639483577387,-527.991170925578
2025-12-01,CE,26175.75,26900.0,15.0,0.0738467693350182,0.1,26.45,25.55,27.6,1.15,2.05,4.34783,8.02348,0.07221,0.11990308790557025,0.00042393040363937316,1276.7770028754128,185.17557376833003,-1103.0961612490048
2025-12-01,CE,26175.75,26350.0,15.0,0.0738467693350182,0.1,174.65,172.7,179.4,4.75,6.7,2.71973,3.87956,0.07121,0.48848328640519223,0.000845576798821549,2546.6751184441173,750.4174335335426,-2840.4366206973236
2025-12-01,CE,26175.75,24900.0,15.0,0.0738467693350182,0.1,1357.5,1357.5,1423.64,66.14,66.14,4.87219,4.87219,,0.9990729908413001,6.659682096359612e-06,20.057369969449745,1471.8952294086257,-2485.2258299847404
2025-12-01,CE,26175.75,24950.0,15.0,0.0738467693350182,0.1,1304.9,1304.9,1374.0,69.1,69.1,5.29542,5.29542,,0.9986559863834146,9.359984990664734e-06,28.1900365738001,1474.2005006660058,-2494.1434833975436
2025-12-01,CE,26175.75,26400.0,15.0,0.0738467693350182,0.1,152.7,150.0,156.52,3.82,6.52,2.50164,4.34667,0.07126,0.4466646207663993,0.0008383581244505185,2524.934197413084,686.6226466369524,-2719.775205754772
2025-12-01,PE,26175.75,26100.0,15.0,0.0738467693350182,0.1,138.45,138.4,94.14,-44.31,-44.26,-32.00433,-31.97977,0.09305,-0.30845166599599505,0.0007464389289209011,2248.0955607701235,-486.196263316705,-577.712869909801
2025-12-01,PE,26175.75,26200.0,15.0,0.0738467693350182,0.1,177.75,175.85,129.3,-48.45,-46.55,-27.25738,-26.47142,0.09274,-0.3866764941130271,0.0008115663517214612,2444.2437845692243,-610.1697411158602,-491.1106933694923
2025-12-01,PE,26175.75,26550.0,15.0,0.0738467693350182,0.1,373.35,371.2,316.7,-56.65,-54.5,-15.17343,-14.68211,0.09692,-0.6731265379216026,0.0007649660170033107,2303.8947197613015,-1067.636342296363,364.4935267419048
2025-12-01,CE,26175.75,26550.0,15.0,0.0738467693350182,0.1,97.85,95.9,100.01,2.16,4.11,2.20746,4.28571,0.07206,0.3268734620783974,0.0007649660170033107,2303.8947197613015,503.34185402900124,-2274.7498430847077
2025-12-01,PE,26175.75,27100.0,15.0,0.0738467693350182,0.1,852.6,852.6,774.65,-77.95,-77.95,-9.14262,-9.14262,0.13323,-0.9436998316347093,0.00024027053045553806,723.6373827418864,-1516.4705423520384,2098.788934912919
2025-12-01,CE,26175.75,27200.0,15.0,0.0738467693350182,0.1,9.85,10.55,6.84,-3.01,-3.71,-30.55838,-35.16588,0.0802,0.036642856663953775,0.00017012112349960835,512.3641435550354,56.685295599845254,-413.05736509474
2025-12-01,CE,26175.75,24250.0,15.0,0.0738467693350182,0.1,2005.6,2005.6,2069.67,64.07,64.07,3.19456,3.19456,,0.9999976841623325,2.3482565915835163e-08,0.0707238732406399,1434.8823018085852,-2410.6461379666735
2025-12-01,CE,26175.75,23950.0,15.0,0.0738467693350182,0.1,2292.4,2292.4,2367.89,75.49,75.49,3.29306,3.29306,,0.9999999324329717,7.807914454891244e-10,0.0023515571260852523,1417.1346515236582,-2380.787673260878
2025-12-01,PE,26175.75,25350.0,15.0,0.0738467693350182,0.1,16.65,16.3,2.92,-13.73,-13.38,-82.46246,-82.08589,0.1003,-0.017064396070487698,8.968608991268797e-05,270.11305651893406,-26.761213882393236,-122.5957639422752
2025-12-01,PE,26175.75,24550.0,15.0,0.0738467693350182,0.1,5.4,5.5,0.01,-5.39,-5.49,-99.81481,-99.81818,0.13694,-4.841880094728296e-05,4.2390114675659117e-07,1.2766888881405618,-0.07575484932673732,-0.6646783917458954
2025-12-01,CE,26175.75,25600.0,15.0,0.0738467693350182,0.1,700.1,698.6,739.41,39.31,40.81,5.61491,5.84168,,0.942239270975531,0.00024516447245299163,738.376765768234,1424.071772284403,-2850.465182551595
2025-12-01,CE,26175.75,26050.0,15.0,0.0738467693350182,0.1,345.1,343.0,359.77,14.67,16.77,4.25094,4.88921,0.06576,0.7279667338876985,0.000703739628546701,2119.4954785664777,1112.8159581327448,-3184.2811168464377
2025-12-01,CE,26175.75,25400.0,15.0,0.0738467693350182,0.1,861.5,861.5,930.42,68.92,68.92,8.0,8.0,,0.9777409489705721,0.00011239671218592276,338.5120201000477,1468.0166931481967,-2676.2514046388287
2025-12-01,CE,26175.75,26450.0,15.0,0.0738467693350182,0.1,133.5,128.05,135.7,2.2,7.65,1.64794,5.97423,0.07075,0.4055084948260025,0.0008220884424643731,2475.9338057788054,623.7376137941447,-2583.732777384781
2025-12-01,PE,26175.75,26500.0,15.0,0.0738467693350182,0.1,339.3,336.55,283.86,-55.44,-52.69,-16.33952,-15.65592,0.09548,-0.6345533279563659,0.0007973464840737058,2401.4169435577674,-1005.581785353899,199.7475812863854
2025-12-01,CE,26175.75,26850.0,15.0,0.0738467693350182,0.1,32.4,31.95,33.91,1.51,1.96,4.66049,6.13459,0.07247,0.14181322401711727,0.00047609641834564243,1433.8885649073823,218.93801087075062,-1257.275378343481
2025-12-01,PE,26175.75,27550.0,15.0,0.0738467693350182,0.1,1269.3,1269.3,1211.69,-57.61,-57.61,-4.53872,-4.53872,0.15598,-0.9938025103143475,3.710298692140898e-05,111.74532430927167,-1620.5484000669912,2653.204250128864
2025-12-01,PE,26175.75,25750.0,15.0,0.0738467693350182,0.1,53.0,52.4,24.06,-28.94,-28.34,-54.60377,-54.08397,0.09432,-0.10572575734280815,0.0003874960233110429,1167.045361743109,-166.1613230100226,-444.7822262531904
2025-12-01,PE,26175.75,25550.0,15.0,0.0738467693350182,0.1,29.6,30.05,9.06,-20.54,-20.99,-69.39189,-69.85025,0.09762,-0.046249053526519014,0.0002054617737226026,618.8017311496425,-72.59918193799517,-261.8840474604359
2025-12-01,CE,26175.75,26700.0,15.0,0.0738467693350182,0.1,57.6,56.85,60.14,2.54,3.29,4.40972,5.78716,0.07211,0.22325041458407152,0.0006331302591687685,1906.8369425536416,344.26258206067286,-1761.1966198544317
2025-12-01,PE,26175.75,25150.0,15.0,0.0738467693350182,0.1,10.4,10.3,0.79,-9.61,-9.51,-92.40385,-92.3301,0.10652,-0.0052610274796801295,3.208165459119284e-05,96.62227206301533,-8.244264882640573,-46.085673153531914
2025-12-01,CE,26175.75,27100.0,15.0,0.0738467693350182,0.1,12.5,12.8,11.23,-1.27,-1.57,-10.16,-12.26562,0.07594,0.05630016836529068,0.00024027053045553806,723.6373827418864,87.05145841697745,-595.1280263790276
2025-12-01,PE,26175.75,27200.0,15.0,0.0738467693350182,0.1,948.4,948.4,869.67,-78.73,-78.73,-8.30135,-8.30135,0.14139,-0.9633571433360463,0.00017012112349960835,512.3641435550354,-1552.753760522562,2290.8002491909037
2025-12-01,CE,26175.75,24650.0,15.0,0.0738467693350182,0.1,1601.15,1601.15,1672.05,70.9,70.9,4.42807,4.42807,,0.9998800258001271,9.958753290368015e-07,2.9993383511290097,1458.3663970974874,-2451.9160752817165
2025-12-01,CE,26175.75,24400.0,15.0,0.0738467693350182,0.1,1845.15,1845.15,1920.56,75.41,75.41,4.08693,4.08693,,0.9999887515761612,1.0622289730556996e-07,0.3199179660016067,1443.743912149297,-2425.6882216400472
2025-12-01,PE,26175.75,27000.0,15.0,0.0738467693350182,0.1,739.4,738.0,681.9,-57.5,-56.1,-7.77658,-7.60163,0.11403,-0.9164255078674208,0.00032579594566220244,981.2194819728045,-1468.453607946252,1858.338995830621
2025-12-01,CE,26175.75,24000.0,15.0,0.0738467693350182,0.1,2242.4,2242.4,2318.18,75.78,75.78,3.37941,3.37941,,0.9999998738525299,1.4277172706218127e-09,0.004299943014440308,1420.0930876211105,-2385.7590545134253
2025-12-01,CE,26175.75,27650.0,15.0,0.0738467693350182,0.1,4.4,4.4,0.49,-3.91,-3.91,-88.86364,-88.86364,0.09656,0.0034482992634409164,2.1989915879193347e-05,66.22836826207599,5.343294098956061,-50.05904277591317
2025-12-01,PE,26175.75,25950.0,15.0,0.0738467693350182,0.1,94.6,92.1,55.18,-39.42,-36.92,-41.67019,-40.08686,0.0928,-0.20606480156828588,0.000604324526291599,1820.0809633344,-324.34999060877016,-584.1116479687365
2025-12-01,CE,26175.75,24500.0,15.0,0.0738467693350182,0.1,1749.8,1749.8,1821.15,71.35,71.35,4.07761,4.07761,,0.9999698379801252,2.709585465186793e-07,0.8160623488139611,1449.6313754210794,-2435.886924678914
2025-12-01,CE,26175.75,26000.0,15.0,0.0738467693350182,0.1,378.55,378.3,396.52,17.97,18.22,4.74706,4.81628,0.06428,0.7621732739146743,0.0006559139742856698,1975.4560443014616,1163.9248087190329,-3180.7944720619544
2025-12-01,PE,26175.75,25300.0,15.0,0.0738467693350182,0.1,15.6,15.4,2.14,-13.46,-13.26,-86.28205,-86.1039,0.10313,-0.012935927371135327,7.067941690782408e-05,212.8695024226662,-20.2825416626359,-97.9710203752522
2025-12-01,PE,26175.75,27300.0,15.0,0.0738467693350182,0.1,925.5,925.5,966.27,40.77,40.77,4.40519,4.40519,,-0.9769639055771352,0.00011569520942932143,348.4463050398982,-1579.704285234505,2437.7574743170344
2025-12-01,CE,26175.75,27400.0,15.0,0.0738467693350182,0.1,6.0,6.0,2.31,-3.69,-3.69,-61.5,-61.5,0.08535,0.013986290209662241,7.560765438657299e-05,227.7121752377257,21.65446477255905,-177.63229204616596
2025-12-01,CE,26175.75,26600.0,15.0,0.0738467693350182,0.1,82.75,79.5,85.0,2.25,5.5,2.71903,6.91824,0.07132,0.2901345336032338,0.0007259897273960345,2186.5074557180383,446.9932112510103,-2107.2672934480406
2025-12-01,CE,26175.75,27500.0,15.0,0.0738467693350182,0.1,5.25,5.4,1.28,-3.97,-4.12,-75.61905,-76.2963,0.09024,0.008200430552386449,4.7500771575179923e-05,143.06096530320914,12.700952808753726,-110.08015760567173
2025-12-01,PE,26175.75,24850.0,15.0,0.0738467693350182,0.1,8.4,8.4,0.08,-8.32,-8.32,-99.04762,-99.04762,0.12455,-0.0006315424306613278,4.676646322863008e-06,14.084940415580006,-0.9887674420508356,-7.075940403475816
2025-12-01,CE,26175.75,25350.0,15.0,0.0738467693350182,0.1,939.55,935.65,979.11,39.56,43.46,4.21053,4.6449,,0.9829356039295123,8.968608991268797e-05,270.11305651893406,1473.2123182022765,-2642.5512978445204
2025-12-01,CE,26175.75,24700.0,15.0,0.0738467693350182,0.1,1551.85,1551.85,1622.36,70.51,70.51,4.54361,4.54361,,0.9998147746813713,1.4957330447231893e-06,4.504790261676861,1461.222781353747,-2457.6486520160915
2025-12-01,PE,26175.75,25000.0,15.0,0.0738467693350182,0.1,9.1,8.7,0.27,-8.83,-8.43,-97.03297,-96.89655,0.11434,-0.0019249133172201923,1.2984734671714699e-05,39.106915840335326,-3.0149737065692275,-19.19336707807148
2025-12-01,CE,26175.75,24300.0,15.0,0.0738467693350182,0.1,1948.0,1948.0,2019.96,71.96,71.96,3.69405,3.69405,,0.9999960243651882,3.938623655278844e-08,0.11862192621407146,1437.8382334846851,-2415.641814960866
2025-12-01,PE,26175.75,26600.0,15.0,0.0738467693350182,0.1,415.5,412.4,351.39,-64.11,-61.01,-15.4296,-14.79389,0.1006,-0.7098654663967662,0.0007259897273960345,2186.5074557180383,-1126.9435127510496,536.9464028754203
2025-12-01,PE,26175.75,25050.0,15.0,0.0738467693350182,0.1,9.0,9.0,0.39,-8.61,-8.61,-95.66667,-95.66667,0.11133,-0.0027236861704605752,1.7781181994497832e-05,53.55266822011125,-4.266735011095708,-26.05129409489186
2025-12-01,PE,26175.75,27050.0,15.0,0.0738467693350182,0.1,805.0,805.0,727.95,-77.05,-77.05,-9.57143,-9.57143,0.12914,-0.9311104891439915,0.0002812209129775551,846.9701425869191,-1494.075045495362,1984.6596029047937
2025-12-01,PE,26175.75,25500.0,15.0,0.0738467693350182,0.1,27.05,25.8,6.93,-20.12,-18.87,-74.38078,-73.13953,0.09822,-0.036639474210755814,0.00017010827749845608,512.3254544713808,-57.499727974469295,-221.20252615366553
2025-12-01,PE,26175.75,25800.0,15.0,0.0738467693350182,0.1,61.15,61.65,30.0,-31.15,-31.65,-50.94031,-51.3382,0.09451,-0.12674485830139892,0.0004407385585011166,1327.3991460479942,-199.26451817736847,-488.6383733131543
2025-12-01,CE,26175.75,26950.0,15.0,0.0738467693350182,0.1,22.05,21.05,22.3,0.25,1.25,1.13379,5.93824,0.07272,0.1005290790135619,0.00037356803673932,1125.0975967362356,155.30486716154712,-958.8246875581377
2025-12-01,CE,26175.75,25750.0,15.0,0.0738467693350182,0.1,571.4,570.8,602.63,31.23,31.83,5.46552,5.57638,,0.8942742426571919,0.0003874960233110429,1167.045361743109,1357.4804304882123,-3004.5003721302246
2025-12-01,CE,26175.75,25100.0,15.0,0.0738467693350182,0.1,1148.2,1148.2,1225.27,77.07,77.07,6.71225,6.71225,,0.9961920368503812,2.403758863393134e-05,72.39546894704607,1479.2146506847726,-2529.988453718775
2025-12-01,CE,26175.75,25550.0,15.0,0.0738467693350182,0.1,731.5,731.5,786.44,54.94,54.94,7.51059,7.51059,,0.953750946473481,0.0002054617737226026,618.8017311496425,1439.2084608534572,-2801.7208873500763
2025-12-01,PE,26175.75,24400.0,15.0,0.0738467693350182,0.1,4.75,4.8,0.0,-4.75,-4.8,-100.0,-100.0,0.14433,-1.1248423838831498e-05,1.0622289730556996e-07,0.3199179660016067,-0.017594078156366523,-0.1688911779254745
2025-12-01,CE,26175.75,25250.0,15.0,0.0738467693350182,0.1,1013.0,1010.7,1077.15,64.15,66.45,6.33268,6.57465,,0.9903045558106286,5.500795685282666e-05,165.6708121944407,1478.8577534895223,-2587.248761593208
2025-12-01,CE,26175.75,24550.0,15.0,0.0738467693350182,0.1,1703.95,1703.95,1771.45,67.5,67.5,3.96138,3.96138,,0.9999515811990527,4.2390114675659117e-07,1.2766888881405618,1452.5613344082133,-2441.0949883444137
2025-12-01,PE,26175.75,24500.0,15.0,0.0738467693350182,0.1,6.0,5.3,0.0,-6.0,-5.3,-100.0,-100.0,0.13959,-3.0162019874878812e-05,2.709585465186793e-07,0.8160623488139611,-0.047186159765218436,-0.4269412230956381
2025-12-01,CE,26175.75,25900.0,15.0,0.0738467693350182,0.1,453.05,449.75,474.89,21.84,25.14,4.82066,5.58977,0.05668,0.8230883254094117,0.0005503679370734375,1657.576619045974,1254.1707563803586,-3135.222967950185
2025-12-01,CE,26175.75,27950.0,15.0,0.0738467693350182,0.1,2.25,2.0,0.06,-2.19,-1.94,-97.33333,-97.0,0.103,0.0004821086608558956,3.6433813697362213e-06,10.972993457532441,0.7476176728489428,-8.062686671279943
2025-12-01,PE,26175.75,25100.0,15.0,0.0738467693350182,0.1,10.35,9.6,0.56,-9.79,-9.04,-94.58937,-94.16667,0.10889,-0.003807963149618866,2.403758863393134e-05,72.39546894704607,-5.966243016419409,-34.884552300772455
2025-12-01,PE,26175.75,25650.0,15.0,0.0738467693350182,0.1,40.1,39.65,15.05,-25.05,-24.6,-62.46883,-62.04288,0.09584,-0.0713850960183146,0.0002890250824247719,870.4744347801859,-112.11954969382994,-351.6056448112046
2025-12-01,PE,26175.75,25600.0,15.0,0.0738467693350182,0.1,34.15,33.15,11.74,-22.41,-21.41,-65.62225,-64.58522,0.09559,-0.05776072902446907,0.00024516447245299163,738.376765768234,-90.69439818374452,-305.6580161651068
2025-12-01,PE,26175.75,27600.0,15.0,0.0738467693350182,0.1,1318.55,1318.55,1261.14,-57.41,-57.41,-4.35403,-4.35403,0.15999,-0.9953569392497024,2.8701776354310586e-05,86.44288703112383,-1625.913720429329,2677.913415631653
2025-12-01,PE,26175.75,25250.0,15.0,0.0738467693350182,0.1,13.3,12.7,1.55,-11.75,-11.15,-88.34586,-87.79528,0.10304,-0.009695444189371407,5.500795685282666e-05,165.6708121944407,-15.198723241756513,-77.23388068466014
2025-12-01,PE,26175.75,27250.0,15.0,0.0738467693350182,0.1,993.85,993.85,917.81,-76.04,-76.04,-7.65105,-7.65105,0.14379,-0.97081991687378,0.00014099775804421043,424.651530964456,-1567.2467061463522,2369.5576596247574
2025-12-01,PE,26175.75,24950.0,15.0,0.0738467693350182,0.1,8.55,8.1,0.18,-8.37,-7.92,-97.89474,-97.77778,0.11657,-0.001344013616585414,9.359984990664734e-06,28.1900365738001,-2.10481000509907,-13.950561470087159
2025-12-01,CE,26175.75,24600.0,15.0,0.0738467693350182,0.1,1650.75,1650.75,1721.75,71.0,71.0,4.30108,4.30108,,0.999923286017677,6.541643051475595e-07,1.9701864592492875,1455.4755799874445,-2446.421106380933
2025-12-01,PE,26175.75,26250.0,15.0,0.0738467693350182,0.1,200.75,198.0,149.89,-50.86,-48.11,-25.33499,-24.29798,0.09299,-0.4277248957046015,0.0008320087458648828,2505.811387416221,-675.3516504656016,-419.79626161592523
2025-12-01,CE,26175.75,27050.0,15.0,0.0738467693350182,0.1,15.2,15.2,14.23,-0.97,-0.97,-6.38158,-6.38158,0.07497,0.06888951085600849,0.0002812209129775551,846.9701425869191,106.48842759695815,-704.2870318903047
2025-12-01,CE,26175.75,26100.0,15.0,0.0738467693350182,0.1,310.7,306.45,324.79,14.09,18.34,4.53492,5.98466,0.06556,0.691548334004005,0.0007464389289209011,2248.0955607701235,1058.155183918399,-3172.2233012647757
2025-12-01,PE,26175.75,26650.0,15.0,0.0738467693350182,0.1,440.8,437.05,387.84,-52.96,-49.21,-12.01452,-11.25958,0.09659,-0.7444816674807452,0.0006816142401914723,2052.859099601608,-1183.047857959673,714.1054971654371
2025-12-01,PE,26175.75,25400.0,15.0,0.0738467693350182,0.1,20.15,20.45,3.93,-16.22,-16.52,-80.49628,-80.7824,0.10127,-0.022259051029427882,0.00011239671218592276,338.5120201000477,-34.91536661316888,-151.3255442397341
2025-12-01,CE,26175.75,25800.0,15.0,0.0738467693350182,0.1,529.35,532.4,558.87,29.52,26.47,5.57665,4.97183,0.04509,0.8732551416986011,0.0004407385585011166,1327.3991460479942,1327.3357629975617,-3053.3268456870373
2025-12-01,CE,26175.75,24850.0,15.0,0.0738467693350182,0.1,1403.65,1403.65,1473.31,69.66,69.66,4.96278,4.96278,,0.9993684575693387,4.676646322863008e-06,14.084940415580006,1469.399487875663,-2477.328209337235
2025-12-01,CE,26175.75,27900.0,15.0,0.0738467693350182,0.1,2.6,2.65,0.09,-2.51,-2.56,-96.53846,-96.60377,0.10396,0.0006838447320415761,5.03294244256677e-06,15.158019128373835,1.0603351414305464,-11.184077271653374
2025-12-01,CE,26175.75,26300.0,15.0,0.0738467693350182,0.1,198.0,195.25,204.37,6.37,9.12,3.21717,4.67093,0.07026,0.5305085661240204,0.0008434545125217654,2540.2832996035268,814.4100846247505,-2943.979347089514
2025-12-01,CE,26175.75,27800.0,15.0,0.0738467693350182,0.1,3.35,3.75,0.18,-3.17,-3.57,-94.62687,-95.2,0.10315,0.001340671192185407,9.338710742088528e-06,28.125963624319784,2.078275458688031,-20.93839977455404
2025-12-01,PE,26175.75,24700.0,15.0,0.0738467693350182,0.1,6.95,6.0,0.02,-6.93,-5.98,-99.71223,-99.66667,0.12836,-0.00018522531862878548,1.4957330447231893e-06,4.504790261676861,-0.28989093387997,-2.307362572877825
2025-12-01,CE,26175.75,25950.0,15.0,0.0738467693350182,0.1,414.9,416.9,434.93,20.03,18.03,4.82767,4.32478,0.06339,0.7939351984317141,0.000604324526291599,1820.0809633344,1211.125873596247,-3163.7110998331655
2025-12-01,PE,26175.75,27900.0,15.0,0.0738467693350182,0.1,1618.95,1618.95,1558.76,-60.19,-60.19,-3.71784,-3.71784,0.18732,-0.9993161552679585,5.03294244256677e-06,15.158019128373835,-1649.7981084547148,2762.258107969871
2025-12-02,PE,26032.2,27450.0,14.0,0.07494671664964282,0.1,1314.7,1314.7,1266.24,-48.46,-48.46,-3.68601,-3.68601,0.15917,-0.9963050829358341,2.399403227575976e-05,67.70255981467211,-1511.236436952805,2674.5588254130776
2025-12-02,CE,26032.2,24050.0,14.0,0.07494671664964282,0.1,2078.3,2078.3,2115.44,37.14,37.14,1.78704,1.78704,,0.9999992327757068,8.341450746504458e-09,0.023536584498008363,1328.7077390917036,-2391.68980627263
2025-12-02,CE,26032.2,24750.0,14.0,0.07494671664964282,0.1,1396.55,1396.55,1419.41,22.86,22.86,1.63689,1.63689,,0.9992701113380702,5.481027000888147e-06,15.465493840664287,1366.3216306004283,-2469.8107269432785
2025-12-02,CE,26032.2,25950.0,14.0,0.07494671664964282,0.1,323.1,328.45,317.45,-5.65,-11.0,-1.74868,-3.34906,0.08001,0.6922920958710786,0.0007646854240937553,2157.6682097080356,983.5799832624562,-3225.8353013047936
2025-12-02,PE,26032.2,24700.0,14.0,0.07494671664964282,0.1,6.0,5.45,0.06,-5.94,-5.39,-99.0,-98.89908,0.12068,-0.0004885481901242473,3.782595370412942e-06,10.673128483652297,-0.7098574356116378,-5.9215000419647374
2025-12-02,CE,26032.2,25200.0,14.0,0.07494671664964282,0.1,954.7,954.7,974.32,19.62,19.62,2.0551,2.0551,,0.9847123961926467,8.370662725449532e-05,236.19010233253863,1369.9947370393895,-2625.3055807456035
2025-12-02,CE,26032.2,26950.0,14.0,0.07494671664964282,0.1,12.45,12.4,9.7,-2.75,-2.7,-22.08835,-21.77419,0.07889,0.050698865577115136,0.00022676995084362227,639.8635287604842,72.78352093727543,-562.611372947169
2025-12-02,PE,26032.2,26600.0,14.0,0.07494671664964282,0.1,493.9,481.45,466.4,-27.5,-15.05,-5.56793,-3.12597,0.08376,-0.8154393591727072,0.0005795987120693324,1635.419841958947,-1205.2264969225796,1066.283566974136
2025-12-02,CE,26032.2,24950.0,14.0,0.07494671664964282,0.1,1186.65,1186.65,1220.88,34.23,34.23,2.88459,2.88459,,0.9968039304389736,2.1062607976327217e-05,59.43113104048411,1373.7846676552874,-2512.899915023848
2025-12-02,CE,26032.2,26650.0,14.0,0.07494671664964282,0.1,39.05,40.75,37.69,-1.36,-3.06,-3.48271,-7.5092,0.07699,0.15758615165362838,0.0005238515451195444,1478.1213161613682,225.8124160727427,-1403.4854040362256
2025-12-02,CE,26032.2,26250.0,14.0,0.07494671664964282,0.1,152.6,158.1,149.79,-2.81,-8.31,-1.84142,-5.25617,0.07838,0.4410432638376446,0.0008580360771462741,2421.0702965015835,629.5298388282542,-2766.215135397796
2025-12-02,PE,26032.2,25350.0,14.0,0.07494671664964282,0.1,19.1,17.95,6.18,-12.92,-11.77,-67.64398,-65.57103,0.09316,-0.03387998373036746,0.00016359811263391369,461.61524160966775,-49.34151390642969,-222.55419539511217
2025-12-02,CE,26032.2,27350.0,14.0,0.07494671664964282,0.1,4.7,5.2,1.0,-3.7,-4.2,-78.7234,-80.76923,0.0937,0.006715254360664924,4.084956539937583e-05,115.26283340247905,9.656321857437067,-95.12851758064197
2025-12-02,PE,26032.2,26050.0,14.0,0.07494671664964282,0.1,154.55,151.6,126.67,-27.88,-24.93,-18.03947,-16.44459,0.0855,-0.3879631984185908,0.0008330875006125176,2350.6743548918025,-568.1223068943315,-562.9577708951241
2025-12-02,CE,26032.2,27450.0,14.0,0.07494671664964282,0.1,3.95,4.45,0.52,-3.43,-3.93,-86.83544,-88.31461,0.09783,0.0036949170641658747,2.399403227575976e-05,67.70255981467211,5.314831254662506,-55.23345736036404
2025-12-02,CE,26032.2,24700.0,14.0,0.07494671664964282,0.1,1414.8,1414.8,1469.1,54.3,54.3,3.838,3.838,,0.9995114518098758,3.782595370412942e-06,10.673128483652297,1363.910045104441,-2462.237324614059
2025-12-02,CE,26032.2,27500.0,14.0,0.07494671664964282,0.1,3.8,3.7,0.37,-3.43,-3.33,-90.26316,-90.0,0.09829,0.0027032078681420847,1.8111330701223082e-05,51.10368428409713,3.8889023219859413,-41.47050429171198
2025-12-02,CE,26032.2,26450.0,14.0,0.07494671664964282,0.1,81.45,86.95,79.65,-1.8,-7.3,-2.20994,-8.39563,0.07844,0.2816338272014901,0.0007340721204495747,2071.288438385117,402.8831786792184,-2122.316130844568
2025-12-02,PE,26032.2,27250.0,14.0,0.07494671664964282,0.1,1100.05,1095.75,1068.69,-31.36,-27.06,-2.85078,-2.46954,0.12275,-0.9882371084840189,6.67542031089254e-05,188.35643700573823,-1488.5929051334479,2552.416960619558
2025-12-02,PE,26032.2,27600.0,14.0,0.07494671664964282,0.1,1449.1,1445.2,1415.07,-34.03,-30.13,-2.34835,-2.08483,0.15289,-0.9985924649346367,1.0012552899146792e-05,28.251835863240277,-1522.8129740927784,2722.0069123315307
2025-12-02,CE,26032.2,26300.0,14.0,0.07494671664964282,0.1,134.75,138.25,129.25,-5.5,-9.0,-4.08163,-6.50995,0.07874,0.398956754741587,0.0008395498684036634,2368.9088407379545,569.8038705003148,-2623.524423801159
2025-12-02,CE,26032.2,25550.0,14.0,0.07494671664964282,0.1,645.85,645.85,641.43,-4.42,-4.42,-0.68437,-0.68437,0.0794,0.9164734476227799,0.00033396979150834784,942.3430595586102,1289.7995093234622,-2957.268781225702
2025-12-02,CE,26032.2,27950.0,14.0,0.07494671664964282,0.1,1.95,1.7,0.01,-1.94,-1.69,-99.48718,-99.41176,0.11362,0.00010754815490516981,9.216887693385454e-07,2.6006753812570054,0.15488179058428012,-2.03299595112264
2025-12-02,PE,26032.2,24200.0,14.0,0.07494671664964282,0.1,3.35,3.15,0.0,-3.35,-3.15,-100.0,-100.0,0.145,-4.200068237384252e-06,4.256875809661379e-08,0.12011377904929676,-0.00609647078296201,-0.07004555286779743
2025-12-02,PE,26032.2,26100.0,14.0,0.07494671664964282,0.1,174.05,169.1,147.34,-26.71,-21.76,-15.34616,-12.86813,0.08396,-0.43011488103189643,0.0008541816469322289,2410.194475834229,-630.232162812938,-491.3075689946529
2025-12-02,CE,26032.2,27850.0,14.0,0.07494671664964282,0.1,2.7,2.7,0.03,-2.67,-2.67,-98.88889,-98.88889,0.11455,0.00023464970785728458,1.913080784318413e-06,5.39802834063313,0.33785674280592026,-4.249222641660212
2025-12-02,PE,26032.2,24650.0,14.0,0.07494671664964282,0.1,5.9,5.9,0.04,-5.86,-5.86,-99.32203,-99.32203,0.12577,-0.0003227380452692281,2.574439742884319e-06,7.264146295992915,-0.46887863329421736,-4.05583368739641
2025-12-02,PE,26032.2,25900.0,14.0,0.07494671664964282,0.1,99.15,99.1,76.81,-22.34,-22.29,-22.53152,-22.49243,0.08568,-0.270422449229841,0.0007195731664430494,2030.3775864868035,-395.3614115562608,-657.8806621946396
2025-12-02,PE,26032.2,26650.0,14.0,0.07494671664964282,0.1,523.7,526.5,507.85,-15.85,-18.65,-3.02654,-3.54226,0.08671,-0.8424138483463717,0.0005238515451195444,1478.1213161613682,-1246.5406366678403,1246.750090896824
2025-12-02,PE,26032.2,24400.0,14.0,0.07494671664964282,0.1,6.55,6.55,0.0,-6.55,-6.55,-100.0,-100.0,0.14604,-3.320346333713746e-05,3.043316597046154e-07,0.8587148736757187,-0.04821251420736236,-0.49243821730861903
2025-12-02,PE,26032.2,26200.0,14.0,0.07494671664964282,0.1,223.6,216.35,195.08,-28.52,-21.27,-12.75492,-9.83129,0.08364,-0.5161111559825706,0.0008668191387925737,2445.852948689031,-757.2550485577631,-286.7187438048379
2025-12-02,CE,26032.2,25350.0,14.0,0.07494671664964282,0.1,845.6,845.6,828.82,-16.78,-16.78,-1.98439,-1.98439,0.09885,0.9661200162696325,0.00016359811263391369,461.61524160966775,1351.1894387004666,-2743.5099100875254
2025-12-02,CE,26032.2,24350.0,14.0,0.07494671664964282,0.1,1798.95,1791.2,1817.1,18.15,25.9,1.00892,1.44596,,0.9999797777634959,1.9022236894727475e-07,0.5367393510073831,1345.2538226957279,-2421.8189225208025
2025-12-02,PE,26032.2,27150.0,14.0,0.07494671664964282,0.1,1001.3,996.95,970.72,-30.58,-26.23,-3.05403,-2.63102,0.11493,-0.9801408101273046,0.00010465916840243519,295.31066423037663,-1471.4409375577936,2449.4006055228024
2025-12-02,CE,26032.2,27650.0,14.0,0.07494671664964282,0.1,3.6,3.6,0.13,-3.47,-3.47,-96.38889,-96.38889,0.10706,0.0010017901579288206,7.333991235614055e-06,20.693894823633567,1.4417681273145728,-16.553637874685606
2025-12-02,PE,26032.2,24900.0,14.0,0.07494671664964282,0.1,8.25,7.5,0.31,-7.94,-7.19,-96.24242,-95.86667,0.11198,-0.0022520369230872744,1.5354110066791973e-05,43.32379581935556,-3.2740131786094686,-23.32956252364495
2025-12-02,PE,26032.2,24950.0,14.0,0.07494671664964282,0.1,8.2,7.65,0.45,-7.75,-7.2,-94.5122,-94.11765,0.10859,-0.0031960695610263414,2.1062607976327217e-05,59.43113104048411,-4.64717721816683,-31.722594251630294
2025-12-02,CE,26032.2,26700.0,14.0,0.07494671664964282,0.1,32.1,33.9,30.67,-1.43,-3.23,-4.45483,-9.52802,0.07735,0.13338397296049181,0.0004682492272649251,1321.2315025976088,191.20064324472898,-1235.3588253243956
2025-12-02,CE,26032.2,26350.0,14.0,0.07494671664964282,0.1,113.7,119.4,110.77,-2.93,-8.63,-2.57696,-7.22781,0.0787,0.35809054206753066,0.0008120448979806196,2291.2996717635438,511.72859417556293,-2466.6399548477502
2025-12-02,CE,26032.2,24400.0,14.0,0.07494671664964282,0.1,1726.15,1726.15,1767.38,41.23,41.23,2.38855,2.38855,,0.9999667965366629,3.043316597046154e-07,0.8587148736757187,1347.9973592257636,-2426.9744673492564
2025-12-02,PE,26032.2,25150.0,14.0,0.07494671664964282,0.1,11.1,10.25,1.82,-9.28,-8.43,-83.6036,-82.2439,0.09858,-0.011453314809613103,6.522613892333578e-05,184.04478751987605,-16.665360143826998,-94.14432461097424
2025-12-02,CE,26032.2,24150.0,14.0,0.07494671664964282,0.1,2022.05,2022.05,2015.99,-6.06,-6.06,-0.2997,-0.2997,0.16226,0.9999975822934097,2.5095838522160097e-08,0.07081146216354736,1334.2301203454556,-2401.661980401133
2025-12-02,PE,26032.2,27500.0,14.0,0.07494671664964282,0.1,1315.0,1315.0,1315.82,0.82,0.82,0.06236,0.06236,,-0.997296792131858,1.8111330701223082e-05,51.10368428409713,-1515.4247543521617,2693.294077721754
2025-12-02,PE,26032.2,27100.0,14.0,0.07494671664964282,0.1,967.1,964.15,922.07,-45.03,-42.08,-4.65619,-4.36447,0.1254,-0.9745497614888524,0.00012900790990230554,364.0140863505656,-1460.6523293126124,2383.639247486953
2025-12-02,CE,26032.2,24650.0,14.0,0.07494671664964282,0.1,1499.7,1505.9,1518.8,19.1,12.9,1.27359,0.85663,,0.9996772619547307,2.574439742884319e-06,7.264146295992915,1361.3886354400781,-2455.399359019467
2025-12-02,CE,26032.2,24850.0,14.0,0.07494671664964282,0.1,1285.3,1285.3,1320.08,34.78,34.78,2.70598,2.70598,,0.9984331121294515,1.1041901536000228e-05,31.156288806196663,1370.6294647423572,-2488.148590477356
2025-12-02,CE,26032.2,26600.0,14.0,0.07494671664964282,0.1,47.35,49.25,45.96,-1.39,-3.29,-2.93559,-6.6802,0.07693,0.1845606408272928,0.0005795987120693324,1635.419841958947,264.3641673513232,-1578.9796287188894
2025-12-02,CE,26032.2,26200.0,14.0,0.07494671664964282,0.1,176.8,180.0,172.43,-4.37,-7.57,-2.47172,-4.20556,0.07804,0.4838888440174294,0.0008668191387925737,2445.852948689031,690.2365079826975,-2892.2035455776677
2025-12-02,CE,26032.2,23950.0,14.0,0.07494671664964282,0.1,2181.55,2181.55,2214.89,33.34,33.34,1.52827,1.52827,,0.9999997703353756,2.610817792351023e-09,0.007366792113988618,1323.1837423015634,-2381.735705194745
2025-12-02,PE,26032.2,25000.0,14.0,0.07494671664964282,0.1,8.3,7.9,0.65,-7.65,-7.25,-92.16867,-91.77215,0.10539,-0.004479352262037232,2.850632053258988e-05,80.43462010775224,-6.514181829179087,-42.52926884581397
2025-12-02,CE,26032.2,25700.0,14.0,0.07494671664964282,0.1,500.95,517.55,509.64,8.69,-7.91,1.7347,-1.52835,0.08036,0.8532249802630185,0.0004997021751596302,1409.9804490737845,1205.6493479196565,-3121.2294730398035
2025-12-02,PE,26032.2,27650.0,14.0,0.07494671664964282,0.1,1483.15,1477.3,1464.74,-18.41,-12.56,-1.24128,-0.8502,0.13111,-0.9989982098420712,7.333991235614055e-06,20.693894823633567,-1526.1590539468739,2733.127841858854
2025-12-02,CE,26032.2,25050.0,14.0,0.07494671664964282,0.1,1089.0,1089.0,1121.91,32.91,32.91,3.02204,3.02204,,0.9937994704443964,3.80667906470029e-05,107.41084037529528,1374.937819012914,-2547.338882591611
2025-12-02,CE,26032.2,25800.0,14.0,0.07494671664964282,0.1,426.25,431.1,427.95,1.7,-3.15,0.39883,-0.73069,0.07675,0.7968791355906859,0.0006144698967382906,1733.813827543592,1128.6983652817773,-3201.1499404124797
2025-12-02,CE,26032.2,26100.0,14.0,0.07494671664964282,0.1,228.15,233.15,224.14,-4.01,-9.01,-1.75762,-3.86446,0.07868,0.5698851189681036,0.0008541816469322289,2410.194475834229,811.7346167941622,-3086.847772287433
2025-12-02,PE,26032.2,26950.0,14.0,0.07494671664964282,0.1,815.2,811.95,778.19,-37.01,-33.76,-4.53999,-4.15789,0.10885,-0.9493011344228849,0.00022676995084362227,639.8635287604842,-1416.1438626033894,2117.4579174260275
2025-12-02,PE,26032.2,27550.0,14.0,0.07494671664964282,0.1,1401.45,1393.25,1365.43,-36.02,-27.82,-2.5702,-1.99677,0.14628,-0.9980404228277635,1.353389569217181e-05,38.18780320431913,-1519.256560375855,2708.9033544805015
2025-12-02,CE,26032.2,25900.0,14.0,0.07494671664964282,0.1,359.55,359.95,352.5,-7.05,-7.45,-1.96078,-2.06973,0.07858,0.729577550770159,0.0007195731664430494,2030.3775864868035,1035.5558141841186,-3233.5316685273224
2025-12-02,PE,26032.2,25550.0,14.0,0.07494671664964282,0.1,35.15,34.2,17.68,-17.47,-16.52,-49.70128,-48.30409,0.08989,-0.08352655237722006,0.00033396979150834784,942.3430595586102,-121.78099715015507,-416.4238695731906
2025-12-02,CE,26032.2,25250.0,14.0,0.07494671664964282,0.1,890.45,890.45,925.52,35.07,35.07,3.93846,3.93846,,0.9798348607434828,0.00010602537790518053,299.16561780866425,1365.6522057605343,-2659.9672974719538
2025-12-02,CE,26032.2,25000.0,14.0,0.07494671664964282,0.1,1130.0,1130.0,1171.35,41.35,41.35,3.65929,3.65929,,0.9955206477379628,2.850632053258988e-05,80.43462010775224,1374.6800515109553,-2528.678888858056
2025-12-02,PE,26032.2,27850.0,14.0,0.07494671664964282,0.1,1694.2,1688.35,1663.53,-30.67,-24.82,-1.81029,-1.47007,0.16522,-0.9997653502921428,1.913080784318413e-06,5.39802834063313,-1538.3125191981035,2765.321454051977
2025-12-02,CE,26032.2,26150.0,14.0,0.07494671664964282,0.1,200.95,208.5,197.22,-3.73,-11.28,-1.85618,-5.41007,0.07957,0.5270035122133843,0.0008655385649200811,2442.239628168198,751.2136014703888,-2999.525055272359
2025-12-02,CE,26032.2,24600.0,14.0,0.07494671664964282,0.1,1532.8,1532.8,1568.51,35.71,35.71,2.32972,2.32972,,0.9997896056768484,1.7278433427026194e-06,4.8753546679974615,1358.7894975259107,-2449.10962197046
2025-12-02,PE,26032.2,25100.0,14.0,0.07494671664964282,0.1,9.85,9.65,1.31,-8.54,-8.34,-86.70051,-86.42487,0.10139,-0.008478411007603657,5.0160487362067025e-05,141.53491822190668,-12.334288243281781,-73.26647787016128
2025-12-02,PE,26032.2,26150.0,14.0,0.07494671664964282,0.1,198.95,188.25,170.14,-28.81,-18.11,-14.48103,-9.62019,0.08236,-0.4729964877866157,0.0008655385649200811,2442.239628168198,-693.5155666033916,-399.01255273955417
2025-12-02,CE,26032.2,27200.0,14.0,0.07494671664964282,0.1,6.0,6.2,2.5,-3.5,-3.7,-58.33333,-59.67742,0.08626,0.015354552694191576,8.402133642280873e-05,237.07809881629305,22.0675795361099,-199.63566902738444
2025-12-02,CE,26032.2,24300.0,14.0,0.07494671664964282,0.1,1830.35,1830.35,1866.83,36.48,36.48,1.99306,1.99306,,0.9999878543226229,1.1718781319096763e-07,0.3306620096584364,1342.503162146232,-2416.7287301507195
2025-12-02,CE,26032.2,25750.0,14.0,0.07494671664964282,0.1,474.75,477.0,468.08,-6.67,-8.92,-1.40495,-1.87002,0.08045,0.8264781124965688,0.0005575363330307903,1573.1677152907725,1169.2758274762734,-3165.8302844596637
2025-12-02,CE,26032.2,24000.0,14.0,0.07494671664964282,0.1,2160.0,2160.0,2165.16,5.16,5.16,0.23889,0.23889,,0.9999995771366921,4.702102027877231e-09,0.013267646727251435,1325.9458503990352,-2386.711480017302
2025-12-02,CE,26032.2,26050.0,14.0,0.07494671664964282,0.1,258.0,265.0,253.19,-4.81,-11.81,-1.86434,-4.4566,0.07996,0.6120368015814093,0.0008330875006125176,2350.6743548918025,871.0820842460884,-3153.5256749478804
2025-12-02,CE,26032.2,27800.0,14.0,0.07494671664964282,0.1,2.1,1.85,0.04,-2.06,-1.81,-98.09524,-97.83784,0.10647,0.0003419279716148417,2.7164791122979373e-06,7.664930490714488,0.49226838397406186,-6.0562354537943905
2025-12-02,PE,26032.2,24800.0,14.0,0.07494671664964282,0.1,6.95,6.9,0.14,-6.81,-6.76,-97.98561,-97.97101,0.11784,-0.0010763396683183915,7.833119311571329e-06,22.10225537051082,-1.5643280461093674,-12.092632752148624
2025-12-02,PE,26032.2,26550.0,14.0,0.07494671664964282,0.1,457.55,461.45,426.33,-31.22,-35.12,-6.8233,-7.61079,0.09336,-0.7857068116818389,0.0006341723098790807,1789.4069762410422,-1160.0006529208406,881.009576684429
2025-12-02,PE,26032.2,24750.0,14.0,0.07494671664964282,0.1,6.1,6.15,0.09,-6.01,-6.06,-98.52459,-98.53659,0.11932,-0.0007298886619298072,5.481027000888147e-06,15.465493840664287,-1.0606604063047556,-8.522603131159004
2025-12-02,CE,26032.2,27900.0,14.0,0.07494671664964282,0.1,1.85,1.6,0.02,-1.83,-1.58,-98.91892,-98.75,0.1101,0.00015957776288999775,1.3342941701011204e-06,3.7648999477633227,0.2297884886352785,-2.9531212859369567
2025-12-02,CE,26032.2,25150.0,14.0,0.07494671664964282,0.1,1000.0,1000.0,1023.36,23.36,23.36,2.336,2.336,,0.9885466851903869,6.522613892333578e-05,184.04478751987605,1372.816038596348,-2595.2108423432896
2025-12-02,CE,26032.2,26800.0,14.0,0.07494671664964282,0.1,21.6,22.4,19.83,-1.77,-2.57,-8.19444,-11.47321,0.0774,0.09305773972923875,0.00036198222602513617,1021.3841103345327,133.48178689989695,-929.2116859890222
2025-12-02,PE,26032.2,26350.0,14.0,0.07494671664964282,0.1,308.9,301.5,282.59,-26.31,-18.91,-8.51732,-6.27197,0.08314,-0.6419094579324693,0.0008120448979806196,2291.2996717635438,-944.0501277649387,153.76174464515248
2025-12-02,PE,26032.2,25200.0,14.0,0.07494671664964282,0.1,12.45,11.8,2.51,-9.94,-9.29,-79.83936,-78.72881,0.09725,-0.015287603807353256,8.370662725449532e-05,236.19010233253863,-22.249050167465786,-119.26676377326382
2025-12-02,PE,26032.2,26400.0,14.0,0.07494671664964282,0.1,344.6,329.15,315.81,-28.79,-13.34,-8.35461,-4.05286,0.08098,-0.6811377140795236,0.0007764878854098554,2190.970525635187,-1002.6289169562426,326.87762596874245
2025-12-02,PE,26032.2,25500.0,14.0,0.07494671664964282,0.1,30.25,29.75,13.8,-16.45,-15.95,-54.38017,-53.61345,0.09118,-0.06776784224124302,0.0002847704222291517,803.520072109601,-98.77480555771383,-364.1960704964046
2025-12-02,CE,26032.2,27400.0,14.0,0.07494671664964282,0.1,4.45,3.8,0.72,-3.73,-3.08,-83.82022,-81.05263,0.09243,0.00500418668434867,3.146712786579391e-05,88.78895727260122,7.19701246648279,-72.84458984061101
2025-12-02,CE,26032.2,27600.0,14.0,0.07494671664964282,0.1,3.3,3.15,0.18,-3.12,-2.97,-94.54545,-94.28571,0.1021,0.0014075350653633154,1.0012552899146792e-05,28.251835863240277,2.0254595147298398,-22.70226816198409
2025-12-02,CE,26032.2,26850.0,14.0,0.07494671664964282,0.1,17.35,18.0,15.75,-1.6,-2.25,-9.2219,-12.5,0.07741,0.07669297854560854,0.00031309947089623694,883.4544945457052,110.0409527236392,-793.981837982684
2025-12-02,PE,26032.2,27350.0,14.0,0.07494671664964282,0.1,1201.55,1197.65,1167.28,-34.27,-30.37,-2.85215,-2.5358,0.1337,-0.9932847456393351,4.084956539937583e-05,115.26283340247905,-1501.3701694166698,2624.7191667127504
2025-12-02,PE,26032.2,26250.0,14.0,0.07494671664964282,0.1,250.1,242.7,222.16,-27.94,-20.54,-11.17153,-8.46312,0.08342,-0.5589567361623554,0.0008580360771462741,2421.0702965015835,-820.7241061788867,-155.75803438494222
2025-12-02,PE,26032.2,26000.0,14.0,0.07494671664964282,0.1,135.3,128.95,108.07,-27.23,-20.88,-20.12565,-16.19232,0.08409,-0.3470157048451556,0.0008029306801811531,2265.5826155955515,-507.8694308390461,-614.0168295262852
2025-12-02,PE,26032.2,26500.0,14.0,0.07494671664964282,0.1,418.85,406.25,387.8,-31.05,-18.45,-7.41316,-4.54154,0.08423,-0.7532979494544273,0.000686151929384839,1936.0748334101668,-1110.9888865186483,693.8579281647014
2025-12-02,PE,26032.2,25400.0,14.0,0.07494671664964282,0.1,22.2,20.4,8.16,-14.04,-12.24,-63.24324,-60.0,0.09151,-0.043167536698231236,0.00019932542102086233,562.4249014986509,-62.883609678516066,-266.17660014257507
2025-12-02,CE,26032.2,27750.0,14.0,0.07494671664964282,0.1,2.75,2.75,0.06,-2.69,-2.69,-97.81818,-97.81818,0.10903,0.0004937482035319131,3.819860714881642e-06,10.778277930144265,0.7107641696845749,-8.549544383446824
2025-12-02,CE,26032.2,24200.0,14.0,0.07494671664964282,0.1,1972.25,1972.25,1966.27,-5.98,-5.98,-0.30321,-0.30321,0.15838,0.9999957999317626,4.256875809661379e-08,0.12011377904929676,1336.989921402467,-2406.6628777247183
2025-12-02,PE,26032.2,25250.0,14.0,0.07494671664964282,0.1,13.85,13.25,3.43,-10.42,-9.82,-75.23466,-74.11321,0.09541,-0.020165139256517157,0.00010602537790518053,299.16561780866425,-29.353969913001333,-148.95618125958927
2025-12-02,PE,26032.2,27900.0,14.0,0.07494671664964282,0.1,1740.1,1740.1,1713.25,-26.85,-26.85,-1.54301,-1.54301,0.17178,-0.99984042223711,1.3342941701011204e-06,3.7648999477633227,-1541.1829759189548,2771.589854647725
2025-12-02,PE,26032.2,26800.0,14.0,0.07494671664964282,0.1,657.2,651.0,639.15,-18.05,-11.85,-2.7465,-1.82028,0.08534,-0.9069422602707613,0.00036198222602513617,1021.3841103345327,-1347.1584312407272,1735.940706664101
2025-12-02,CE,26032.2,26900.0,14.0,0.07494671664964282,0.1,14.9,15.0,12.41,-2.49,-2.59,-16.71141,-17.26667,0.07821,0.06263893689979202,0.0002679001442731428,755.9181938892103,89.90103672016019,-671.7041462858081
2025-12-02,PE,26032.2,25050.0,14.0,0.07494671664964282,0.1,8.65,8.95,0.93,-7.72,-8.02,-89.24855,-89.60894,0.10387,-0.0062005295556036,3.80667906470029e-05,107.41084037529528,-9.018802793900445,-56.21696333934463
2025-12-02,PE,26032.2,26850.0,14.0,0.07494671664964282,0.1,713.0,714.25,684.8,-28.2,-29.45,-3.95512,-4.12321,0.1004,-0.9233070214543915,0.00031309947089623694,883.4544945457052,-1373.3616538836648,1876.1428539104636
2025-12-02,CE,26032.2,27000.0,14.0,0.07494671664964282,0.1,10.8,11.45,7.52,-3.28,-3.93,-30.37037,-34.32314,0.08143,0.04066304288205618,0.000189909306178866,535.8560000741031,58.390556488869024,-466.54883190304736
2025-12-02,PE,26032.2,25700.0,14.0,0.07494671664964282,0.1,55.7,53.75,35.05,-20.65,-18.7,-37.07361,-34.7907,0.08722,-0.14677501973698154,0.0004997021751596302,1409.9804490737845,-214.21832395400133,-565.4676636672191
2025-12-02,PE,26032.2,25800.0,14.0,0.07494671664964282,0.1,75.65,71.85,52.81,-22.84,-19.04,-30.19167,-26.49965,0.08548,-0.20312086440931404,0.0006144698967382906,1733.813827543592,-296.6940835252411,-635.4435325598463
2025-12-02,PE,26032.2,27750.0,14.0,0.07494671664964282,0.1,1596.75,1591.2,1564.12,-32.63,-27.08,-2.04353,-1.70186,0.16073,-0.9995062517964681,3.819860714881642e-06,10.778277930144265,-1532.4148348378644,2751.0765338301417
2025-12-02,PE,26032.2,24850.0,14.0,0.07494671664964282,0.1,7.0,7.0,0.21,-6.79,-6.79,-97.0,-97.0,0.11441,-0.001566887870548471,1.1041901536000228e-05,31.156288806196663,-2.27760319773606,-16.915868185187225
2025-12-02,PE,26032.2,24600.0,14.0,0.07494671664964282,0.1,5.1,5.3,0.02,-5.08,-5.28,-99.60784,-99.62264,0.12729,-0.0002103943231516644,1.7278433427026194e-06,4.8753546679974615,-0.3056280807813673,-2.7383958784138116
2025-12-02,PE,26032.2,27700.0,14.0,0.07494671664964282,0.1,1547.65,1539.95,1514.43,-33.22,-25.52,-2.14648,-1.6572,0.15489,-0.9992934828959942,5.319041565693328e-06,15.008428996817166,-1529.3462755899534,2742.699803783489
2025-12-02,PE,26032.2,25950.0,14.0,0.07494671664964282,0.1,118.8,112.8,91.48,-27.32,-21.32,-22.99663,-18.90071,0.08469,-0.30770790412892135,0.0007646854240937553,2157.6682097080356,-450.0996309446031,-645.2119957320865
2025-12-02,PE,26032.2,26300.0,14.0,0.07494671664964282,0.1,279.05,271.0,251.35,-27.7,-19.65,-9.92654,-7.25092,0.08321,-0.601043245258413,0.0008395498684036634,2368.9088407379545,-883.2124629735065,-8.095023548280324
2025-12-02,PE,26032.2,27800.0,14.0,0.07494671664964282,0.1,1655.25,1655.25,1613.82,-41.43,-41.43,-2.50295,-2.50295,0.18143,-0.9996580720283852,2.7164791122979373e-06,7.664930490714488,-1535.3957190902552,2758.542141999819
2025-12-02,PE,26032.2,27950.0,14.0,0.07494671664964282,0.1,1776.05,1765.95,1762.96,-13.09,-2.99,-0.73703,-0.16931,0.12192,-0.9998924518450948,9.216887693385454e-07,2.6006753812570054,-1544.0202710836857,2777.482279222564
2025-12-02,PE,26032.2,25300.0,14.0,0.07494671664964282,0.1,16.25,15.05,4.63,-11.62,-10.42,-71.50769,-69.23588,0.09378,-0.02628939085819424,0.0001325576969895882,374.030313295834,-38.277633888888154,-183.39135418064131
2025-12-02,CE,26032.2,27700.0,14.0,0.07494671664964282,0.1,3.1,2.75,0.09,-3.01,-2.66,-97.09677,-96.72727,0.10612,0.0007065171040058066,5.319041565693328e-06,15.008428996817166,1.016934950915645,-11.953975190074814
2025-12-02,CE,26032.2,27250.0,14.0,0.07494671664964282,0.1,5.8,6.0,1.86,-3.94,-4.14,-67.93103,-69.0,0.08918,0.011762891515981111,6.67542031089254e-05,188.35643700573823,16.90880920729858,-157.48612519378568
2025-12-02,CE,26032.2,26750.0,14.0,0.07494671664964282,0.1,26.3,28.0,24.76,-1.54,-3.24,-5.85551,-11.57143,0.07765,0.11190749843012471,0.00041396258086878306,1168.0540423636398,160.46903330665384,-1076.7205980524554
2025-12-02,PE,26032.2,27300.0,14.0,0.07494671664964282,0.1,1170.0,1170.0,1117.92,-52.08,-52.08,-4.45128,-4.45128,0.14951,-0.9910712733309129,5.248915255762676e-05,148.10557682896385,-1495.42704168879,2591.8684347323324
2025-12-02,PE,26032.2,25600.0,14.0,0.07494671664964282,0.1,41.05,39.65,22.42,-18.63,-17.23,-45.38368,-43.45523,0.08885,-0.10185314810292001,0.00038677606836175086,1091.3434474954665,-148.54914127740656,-468.7450188426519
2025-12-02,CE,26032.2,24550.0,14.0,0.07494671664964282,0.1,1591.25,1591.25,1618.23,26.98,26.98,1.69552,1.69552,,0.9998646654383267,1.1434532317377426e-06,3.226415215553983,1356.1361662616764,-2443.2213823136053
2025-12-02,PE,26032.2,27000.0,14.0,0.07494671664964282,0.1,875.0,875.0,825.73,-49.27,-49.27,-5.63086,-5.63086,0.12351,-0.9593369571179439,0.000189909306178866,535.8560000741031,-1433.2992155184759,2218.4927577101735
2025-12-02,CE,26032.2,27050.0,14.0,0.07494671664964282,0.1,8.95,8.8,5.78,-3.17,-3.02,-35.41899,-34.31818,0.08092,0.032317290634370596,0.00015735524759872362,444.0001138728064,46.41725974550225,-383.0382240834134
2025-12-02,CE,26032.2,25650.0,14.0,0.07494671664964282,0.1,555.7,561.0,552.47,-3.23,-8.53,-0.58125,-1.5205,0.08142,0.8770990564849763,0.0004423680905166948,1248.2042102846376,1237.796931742916,-3069.9737425590943
2025-12-02,CE,26032.2,24450.0,14.0,0.07494671664964282,0.1,1724.1,1724.1,1717.66,-6.44,-6.44,-0.37353,-0.37353,0.14205,0.999946230946771,4.79928842480838e-07,1.3541871908570826,1350.7298780956319,-2432.2272075252913
2025-12-02,CE,26032.2,25600.0,14.0,0.07494671664964282,0.1,579.45,599.9,596.45,17.0,-3.45,2.93382,-0.5751,0.07801,0.89814685189708,0.00038677606836175086,1091.3434474954665,1265.793753662891,-3014.5622297351874
2025-12-02,PE,26032.2,26450.0,14.0,0.07494671664964282,0.1,375.4,368.85,350.91,-24.49,-17.94,-6.52371,-4.86377,0.08346,-0.7183661727985099,0.0007340721204495747,2071.288438385117,-1058.4203201946436,508.03016712838416
2025-12-02,CE,26032.2,25300.0,14.0,0.07494671664964282,0.1,854.9,854.9,876.99,22.09,22.09,2.58393,2.58393,,0.9737106091418057,0.0001325576969895882,374.030313295834,1359.4909302513277,-2699.37476963303
2025-12-02,CE,26032.2,26500.0,14.0,0.07494671664964282,0.1,69.2,71.9,66.81,-2.39,-5.09,-3.45376,-7.07928,0.07755,0.2467020505455727,0.000686151929384839,1936.0748334101668,353.0770008218938,-1941.4606690482747
2025-12-02,CE,26032.2,27150.0,14.0,0.07494671664964282,0.1,6.5,7.05,3.33,-3.17,-3.72,-48.76923,-52.76596,0.08471,0.01985918987269546,0.00010465916840243519,295.31066423037663,28.535999849592034,-250.55788181049232
2025-12-02,PE,26032.2,26700.0,14.0,0.07494671664964282,0.1,588.45,563.25,550.54,-37.91,-12.71,-6.44235,-2.25655,0.08393,-0.8666160270395082,0.0004682492272649251,1321.2315025976088,-1283.9147979625343,1419.8489688486789
2025-12-02,PE,26032.2,24550.0,14.0,0.07494671664964282,0.1,4.5,4.5,0.02,-4.48,-4.48,-99.55556,-99.55556,0.12775,-0.00013533456167320225,1.1434532317377426e-06,3.226415215553983,-0.19657087833548798,-1.8224554615841075
2025-12-02,PE,26032.2,26750.0,14.0,0.07494671664964282,0.1,622.7,625.0,594.36,-28.34,-30.64,-4.55115,-4.9024,0.09699,-0.8880925015698753,0.00041396258086878306,1168.0540423636398,-1317.4087963672898,1583.4594953606431
2025-12-02,PE,26032.2,27200.0,14.0,0.07494671664964282,0.1,1053.05,1049.2,1019.6,-33.45,-29.6,-3.17649,-2.8212,0.12172,-0.9846454473058084,8.402133642280873e-05,237.07809881629305,-1480.6717463379564,2505.2951175459343
2025-12-02,CE,26032.2,27300.0,14.0,0.07494671664964282,0.1,5.05,4.9,1.37,-3.68,-3.53,-72.87129,-72.04082,0.08956,0.008928726669087065,5.248915255762676e-05,148.10557682896385,12.83706111863643,-123.0069503210359
2025-12-02,CE,26032.2,24500.0,14.0,0.07494671664964282,0.1,1631.7,1631.7,1667.94,36.24,36.24,2.221,2.221,,0.9999141135644929,7.460848289284104e-07,2.1051839964546217,1353.4456136579768,-2437.6220942406567
2025-12-02,CE,26032.2,26400.0,14.0,0.07494671664964282,0.1,97.35,100.25,94.27,-3.08,-5.98,-3.16384,-5.96509,0.07767,0.31886228592047644,0.0007764878854098554,2190.970525635187,455.9121934509391,-2298.496372764185
2025-12-02,CE,26032.2,26550.0,14.0,0.07494671664964282,0.1,55.65,59.95,55.63,-0.02,-4.32,-0.03594,-7.20601,0.07734,0.21429318831816108,0.0006341723098790807,1789.4069762410422,306.8276228863823,-1759.2813197685718
2025-12-02,CE,26032.2,24250.0,14.0,0.07494671664964282,0.1,1880.45,1883.25,1916.55,36.1,33.3,1.91975,1.76822,,0.999992806946397,7.11494732741545e-08,0.2007583141826599,1339.7479646287898,-2411.6817519202145
2025-12-02,CE,26032.2,25500.0,14.0,0.07494671664964282,0.1,685.0,694.85,687.27,2.27,-7.58,0.33139,-1.09088,0.08337,0.932232157758757,0.0002847704222291517,803.520072109601,1310.043312449223,-2900.0686829088913
2025-12-02,CE,26032.2,27100.0,14.0,0.07494671664964282,0.1,7.7,8.5,4.41,-3.29,-4.09,-42.72727,-48.11765,0.08403,0.025450238511147624,0.00012900790990230554,364.0140863505656,36.562219628093075,-311.3469406063177
2025-12-02,CE,26032.2,24100.0,14.0,0.07494671664964282,0.1,2037.95,2037.95,2065.72,27.77,27.77,1.36264,1.36264,,0.9999986281459166,1.457689346784912e-08,0.0411307691252953,1331.4692499833318,-2396.6723935148902
2025-12-02,PE,26032.2,27050.0,14.0,0.07494671664964282,0.1,918.65,915.75,873.72,-44.93,-42.03,-4.89087,-4.58968,0.12173,-0.9676827093656294,0.00015735524759872362,444.0001138728064,-1448.034900728523,2306.9756647698323
2025-12-02,PE,26032.2,25450.0,14.0,0.07494671664964282,0.1,26.75,24.05,10.67,-16.08,-13.38,-60.11215,-55.6341,0.0907,-0.054386751231025876,0.00023976774667724854,676.5386502978506,-79.24847197598024,-313.69190518087885
2025-12-02,CE,26032.2,24800.0,14.0,0.07494671664964282,0.1,1338.15,1338.15,1369.73,31.58,31.58,2.35997,2.35997,,0.9989236603316816,7.833119311571329e-06,22.10225537051082,1368.5803514273039,-2478.3530558042926
2025-12-02,PE,26032.2,24500.0,14.0,0.07494671664964282,0.1,4.8,4.9,0.01,-4.79,-4.89,-99.79167,-99.79592,0.13286,-8.58864355070883e-05,7.460848289284104e-07,2.1051839964546217,-0.12473501535481896,-1.195466628660151
2025-12-02,PE,26032.2,25850.0,14.0,0.07494671664964282,0.1,89.6,86.1,63.96,-25.64,-22.14,-28.61607,-25.71429,0.08629,-0.23547789706881456,0.0006689972723356572,1887.670539308014,-344.10957921057775,-653.8751387575256
2025-12-02,CE,26032.2,25450.0,14.0,0.07494671664964282,0.1,738.6,738.6,733.86,-4.74,-4.74,-0.64175,-0.64175,0.08128,0.9456132487689741,0.00023976774667724854,676.5386502978506,1326.8072575642766,-2844.5922183533407
2025-12-02,CE,26032.2,27550.0,14.0,0.07494671664964282,0.1,3.75,3.5,0.26,-3.49,-3.24,-93.06667,-92.57143,0.10057,0.0019595771722365003,1.353389569217181e-05,38.18780320431913,2.8194847649729655,-30.83352677298919
2025-12-02,CE,26032.2,25850.0,14.0,0.07494671664964282,0.1,392.1,388.1,389.38,-2.72,1.28,-0.6937,0.32981,0.07427,0.7645221029311855,0.0006689972723356572,1887.670539308014,1084.045258063121,-3224.5538458501833
2025-12-02,CE,26032.2,25400.0,14.0,0.07494671664964282,0.1,749.75,749.75,781.08,31.33,31.33,4.17873,4.17873,,0.9568324633017687,0.00019932542102086233,562.4249014986509,1340.4097313950604,-2792.1046140750127
2025-12-02,PE,26032.2,25750.0,14.0,0.07494671664964282,0.1,64.8,63.7,43.22,-21.58,-20.48,-33.30247,-32.15071,0.08719,-0.17352188750343117,0.0005575363330307903,1573.1677152907725,-253.35423286406498,-605.0961758470546
2025-12-02,CE,26032.2,24900.0,14.0,0.07494671664964282,0.1,1274.35,1274.35,1270.46,-3.89,-3.89,-0.30525,-0.30525,0.10213,0.9977479630769127,1.5354110066791973e-05,43.32379581935556,1372.3954432281641,-2499.5345840558375
2025-12-02,PE,26032.2,26900.0,14.0,0.07494671664964282,0.1,780.9,780.9,731.18,-49.72,-49.72,-6.36701,-6.36701,0.11704,-0.937361063100208,0.0002679001442731428,755.9181938892103,-1396.2639583538244,2003.392844847364
2025-12-02,PE,26032.2,25650.0,14.0,0.07494671664964282,0.1,45.7,45.2,28.17,-17.53,-17.03,-38.35886,-37.67699,0.08735,-0.12290094351502373,0.0004423680905166948,1248.2042102846376,-179.3083516640619,-519.184232426534
2025-12-02,CE,26032.2,26000.0,14.0,0.07494671664964282,0.1,288.9,295.7,284.31,-4.59,-11.39,-1.58879,-3.85188,0.07995,0.6529842951548444,0.0008029306801811531,2265.5826155955515,928.5725718346935,-3199.6124343390165
2025-12-02,CE,26032.2,25100.0,14.0,0.07494671664964282,0.1,1093.3,1093.3,1072.56,-20.74,-20.74,-1.89701,-1.89701,0.12027,0.9915215889923964,5.0160487362067025e-05,141.53491822190668,1374.3847220302132,-2569.3606963624516
2025-12-02,PE,26032.2,27400.0,14.0,0.07494671664964282,0.1,1267.9,1267.9,1216.72,-51.18,-51.18,-4.0366,-4.0366,0.15728,-0.9949958133156513,3.146712786579391e-05,88.78895727260122,-1506.5918672743044,2651.975393692806
2025-12-02,PE,26032.2,24000.0,14.0,0.07494671664964282,0.1,4.25,3.95,0.0,-4.25,-3.95,-100.0,-100.0,0.16307,-4.228633079756341e-07,4.702102027877231e-09,0.013267646727251435,-0.000613607493558975,-0.007844805550467713
2025-12-03,CE,25986.0,24900.0,13.0,0.07381197012226186,0.1,1163.0,1163.35,1214.39,51.39,51.04,4.41874,4.38733,,0.9978984995563965,1.5222148270185256e-05,39.14032476435428,1275.083292094099,-2499.701234270281
2025-12-03,CE,25986.0,24500.0,13.0,0.07381197012226186,0.1,1576.7,1570.55,1612.07,35.37,41.52,2.24329,2.64366,,0.9999355376543424,6.011040319620121e-07,1.545603590935829,1257.298860948093,-2438.3312219767226
2025-12-03,CE,25986.0,25900.0,13.0,0.07381197012226186,0.1,282.9,286.05,304.34,21.44,18.29,7.57865,6.39399,0.06479,0.6963139137005488,0.0008024931984573785,2063.430460096612,917.7416396490538,-3255.202201567554
2025-12-03,PE,25986.0,24800.0,13.0,0.07381197012226186,0.1,6.6,7.15,0.12,-6.48,-7.03,-98.18182,-98.32168,0.11887,-0.000959319561159473,7.4397562513569195e-06,19.129657041647047,-1.2919906522806,-11.181041729802464
2025-12-03,CE,25986.0,26000.0,13.0,0.07381197012226186,0.1,222.1,223.35,239.83,17.73,16.48,7.98289,7.37855,0.06649,0.6117822720245392,0.0008795534496907552,2261.573534658872,807.7510680659451,-3183.7429142018236
2025-12-03,CE,25986.0,25500.0,13.0,0.07381197012226186,0.1,603.4,605.8,631.85,28.45,26.05,4.71495,4.3001,,0.9253816769913821,0.00032366692864368925,832.2365856472443,1207.9226743181232,-2936.900628009008
2025-12-03,CE,25986.0,26250.0,13.0,0.07381197012226186,0.1,106.05,108.85,117.3,11.25,8.45,10.6082,7.76298,0.07006,0.38711776025526634,0.0008788328387860018,2259.720646069157,512.8986056950689,-2610.8571844513394
2025-12-03,PE,25986.0,26650.0,13.0,0.07381197012226186,0.1,644.6,644.6,551.7,-92.9,-92.9,-14.41204,-14.41204,0.13167,-0.882763977101899,0.00045167837587093286,1161.3891815290565,-1211.8477504484695,1518.2527647551142
2025-12-03,CE,25986.0,25200.0,13.0,0.07381197012226186,0.1,869.65,881.0,918.14,48.49,37.14,5.57581,4.21566,,0.9841488556263653,9.114675829995835e-05,234.3633538287074,1271.9338577710027,-2633.260357347657
2025-12-03,PE,25986.0,26700.0,13.0,0.07381197012226186,0.1,644.45,641.0,596.28,-48.17,-44.72,-7.47459,-6.9766,0.10739,-0.9033235855709923,0.00039299274172915254,1010.4922950619662,-1241.7089661277523,1684.0904717570204
2025-12-03,PE,25986.0,25300.0,13.0,0.07381197012226186,0.1,17.95,17.6,4.7,-13.25,-12.9,-73.81616,-73.29545,0.09581,-0.027943796383508548,0.00014723514613872686,378.58200658078323,-37.70225372309389,-197.75635075057232
2025-12-03,PE,25986.0,26150.0,13.0,0.07381197012226186,0.1,226.35,221.55,189.02,-37.33,-32.53,-16.49216,-14.68292,0.08765,-0.5235922874600865,0.000914138785125436,2350.50193273846,-711.6511949942136,-302.06018219451266
2025-12-03,PE,25986.0,27050.0,13.0,0.07381197012226186,0.1,964.9,963.9,927.8,-37.1,-36.1,-3.84496,-3.7452,0.12467,-0.9811249123052124,0.00010580644048664103,272.0574237815549,-1363.1071836428232,2447.698702223114
2025-12-03,PE,25986.0,27400.0,13.0,0.07381197012226186,0.1,1340.1,1337.3,1273.3,-66.8,-64.0,-4.9847,-4.78576,0.17948,-0.9977752610551692,1.6029324065487954e-05,41.215795467261124,-1403.2513022425862,2690.662554961557
2025-12-03,PE,25986.0,25100.0,13.0,0.07381197012226186,0.1,10.65,10.05,1.25,-9.4,-8.8,-88.26291,-87.56219,0.10157,-0.008532207510192681,5.324291298600949e-05,136.9021552466658,-11.502061021986972,-75.64463877932212
2025-12-03,PE,25986.0,25850.0,13.0,0.07381197012226186,0.1,98.35,94.8,70.67,-27.68,-24.13,-28.14438,-25.45359,0.08597,-0.2646445608254674,0.0007513375013794247,1931.8951103129198,-358.4142567109494,-687.3215950204589
2025-12-03,PE,25986.0,26450.0,13.0,0.07381197012226186,0.1,432.3,427.0,385.61,-46.69,-41.39,-10.80037,-9.69321,0.09549,-0.7702236767047042,0.0006966206715243825,1791.2031099073688,-1052.4139076551542,758.6222645042576
2025-12-03,CE,25986.0,26300.0,13.0,0.07381197012226186,0.1,90.4,91.0,99.42,9.02,8.42,9.97788,9.25275,0.06992,0.3444501762525489,0.0008452173855954094,2173.2860816681673,456.62281640867405,-2439.9327243637
2025-12-03,CE,25986.0,24150.0,13.0,0.07381197012226186,0.1,1914.45,1907.85,1960.26,45.81,52.41,2.39285,2.74707,,0.9999986122795964,1.55577565566341e-08,0.040003265861239055,1239.421097763955,-2402.598746642661
2025-12-03,CE,25986.0,26650.0,13.0,0.07381197012226186,0.1,23.25,23.95,24.82,1.57,0.87,6.75269,3.63257,0.07305,0.11723602289810098,0.00045167837587093286,1161.3891815290565,155.87986847742553,-1133.034619624313
2025-12-03,CE,25986.0,25400.0,13.0,0.07381197012226186,0.1,684.65,695.0,725.18,40.53,30.18,5.91981,4.34245,,0.9531905954862174,0.0002245779428895943,577.4515832844633,1240.3873231775817,-2817.5567892033237
2025-12-03,PE,25986.0,27950.0,13.0,0.07381197012226186,0.1,1865.35,1851.65,1820.19,-45.16,-31.46,-2.42099,-1.69903,0.19339,-0.9999720966506165,2.724745127396159e-07,0.7006068216748466,-1434.4087736964746,2780.045018289058
2025-12-03,CE,25986.0,27300.0,13.0,0.07381197012226186,0.1,3.95,3.9,0.58,-3.37,-3.32,-85.31646,-85.12821,0.09366,0.004315833164211528,2.910721499116797e-05,74.84264556610648,5.755479768486461,-64.6998279295243
2025-12-03,CE,25986.0,25950.0,13.0,0.07381197012226186,0.1,251.4,255.2,271.03,19.63,15.83,7.80827,6.20298,0.06647,0.6549749113482326,0.0008457446810070797,2174.641903020923,864.0434342267536,-3230.671887864344
2025-12-03,CE,25986.0,25750.0,13.0,0.07381197012226186,0.1,393.35,394.75,415.9,22.55,21.15,5.73281,5.35782,0.05966,0.8051850633325968,0.000632502799151269,1626.3384466982682,1057.9337738856022,-3214.259996253911
2025-12-03,PE,25986.0,24550.0,13.0,0.07381197012226186,0.1,4.55,5.0,0.01,-4.54,-4.99,-99.78022,-99.8,0.13074,-0.00010490774059872462,9.50464928104041e-07,2.4439064252176057,-0.14120207746903884,-1.4746762077531308
2025-12-03,PE,25986.0,24900.0,13.0,0.07381197012226186,0.1,7.35,7.0,0.27,-7.08,-6.73,-96.32653,-96.14286,0.11071,-0.0021015004436034618,1.5222148270185256e-05,39.14032476435428,-2.831068553359791,-22.51339670751411
2025-12-03,PE,25986.0,27650.0,13.0,0.07381197012226186,0.1,1593.55,1594.2,1521.77,-71.78,-72.43,-4.50441,-4.54334,0.20994,-0.9996456301658925,2.9642966813062594e-06,7.622021067254561,-1418.5764777216118,2744.403084098646
2025-12-03,CE,25986.0,26750.0,13.0,0.07381197012226186,0.1,15.8,16.3,15.44,-0.36,-0.86,-2.27848,-5.27607,0.07479,0.07892761925365255,0.00033778400370963263,868.5354636371553,105.00960329232845,-824.9145790902005
2025-12-03,PE,25986.0,24100.0,13.0,0.07381197012226186,0.1,3.35,3.1,0.0,-3.35,-3.1,-100.0,-100.0,0.15349,-7.531453075147839e-07,8.649638345501047e-09,0.022240596263289638,-0.001012902529238886,-0.013947635142382328
2025-12-03,CE,25986.0,26450.0,13.0,0.07381197012226186,0.1,51.5,52.75,57.7,6.2,4.95,12.03883,9.38389,0.07102,0.2297763232952959,0.0006966206715243825,1791.2031099073688,305.04933889606235,-1872.7680288104084
2025-12-03,PE,25986.0,27300.0,13.0,0.07381197012226186,0.1,1229.1,1220.7,1174.11,-54.99,-46.59,-4.47401,-3.81666,0.15529,-0.9956841668357884,2.910721499116797e-05,74.84264556610648,-1395.3313493751132,2651.253102410377
2025-12-03,PE,25986.0,25650.0,13.0,0.07381197012226186,0.1,54.15,50.1,30.57,-23.58,-19.53,-43.54571,-38.98204,0.08753,-0.13733182001793964,0.0005042538790567887,1296.5752428404076,-185.67697072104178,-567.653057433894
2025-12-03,CE,25986.0,27800.0,13.0,0.07381197012226186,0.1,1.7,2.0,0.01,-1.69,-1.99,-99.41176,-99.5,0.11509,0.00010408355052368895,9.434501012439345e-07,2.4258693783700163,0.1389697207278759,-2.00487460923184
2025-12-03,CE,25986.0,24850.0,13.0,0.07381197012226186,0.1,1201.25,1201.25,1264.04,62.79,62.79,5.22706,5.22706,,0.998570042762239,1.0722636267747358e-05,27.570843379031658,1273.4221627181964,-2488.2042955564325
2025-12-03,PE,25986.0,25450.0,13.0,0.07381197012226186,0.1,27.75,26.4,11.21,-16.54,-15.19,-59.6036,-57.53788,0.09102,-0.0594619508903987,0.0002715143458984621,698.1379689660386,-80.28985634086182,-343.8149171103113
2025-12-03,PE,25986.0,26300.0,13.0,0.07381197012226186,0.1,320.8,314.95,278.1,-42.7,-36.85,-13.31047,-11.70027,0.09051,-0.6555498237474511,0.0008452173855954094,2173.2860816681673,-893.1421508615338,176.5347506523956
2025-12-03,PE,25986.0,25950.0,13.0,0.07381197012226186,0.1,133.3,128.35,101.5,-31.8,-26.85,-23.85596,-20.91936,0.08602,-0.3450250886517674,0.0008457446810070797,2174.641903020923,-467.75888138776725,-649.0243222115805
2025-12-03,PE,25986.0,24650.0,13.0,0.07381197012226186,0.1,5.55,5.65,0.03,-5.52,-5.62,-99.45946,-99.46903,0.12569,-0.00026568778180541746,2.2673891649766122e-06,5.8300804005558815,-0.3576865126961676,-3.477526510955361
2025-12-03,CE,25986.0,27450.0,13.0,0.07381197012226186,0.1,3.0,2.95,0.2,-2.8,-2.75,-93.33333,-93.22034,0.09942,0.001572736917296805,1.1695225385338318e-05,30.071637172989597,2.098249804100399,-25.580876147338167
2025-12-03,PE,25986.0,24600.0,13.0,0.07381197012226186,0.1,5.05,4.85,0.02,-5.03,-4.83,-99.60396,-99.58763,0.12648,-0.00016819414475419963,1.4794990596385045e-06,3.804198504374645,-0.22640811296292032,-2.282671864052714
2025-12-03,CE,25986.0,24100.0,13.0,0.07381197012226186,0.1,1953.2,1958.85,2010.01,56.81,51.16,2.90856,2.61174,,0.9999992468546924,8.649638345501047e-09,0.022240596263289638,1236.8558582462163,-2397.6134209388642
2025-12-03,PE,25986.0,26050.0,13.0,0.07381197012226186,0.1,176.1,170.55,140.79,-35.31,-29.76,-20.05111,-17.44943,0.08661,-0.43275352438004994,0.0009026999821242518,2321.089627954992,-587.3895614379109,-521.8947718267364
2025-12-03,CE,25986.0,26800.0,13.0,0.07381197012226186,0.1,13.55,13.85,12.02,-1.53,-1.83,-11.29151,-13.213,0.07621,0.06379048407902055,0.000286828859209367,737.5157896229878,84.89435736895534,-692.1893828976588
2025-12-03,PE,25986.0,26750.0,13.0,0.07381197012226186,0.1,709.15,709.15,641.8,-67.35,-67.35,-9.49729,-9.49729,0.12443,-0.9210723807463475,0.00033778400370963263,868.5354636371553,-1267.8502018209058,1836.3213508216072
2025-12-03,PE,25986.0,26800.0,13.0,0.07381197012226186,0.1,747.95,740.0,688.12,-59.83,-51.88,-7.9992,-7.01081,0.11821,-0.9362095159209795,0.000286828859209367,737.5157896229878,-1290.5315408379483,1974.0208197803395
2025-12-03,CE,25986.0,26100.0,13.0,0.07381197012226186,0.1,169.5,169.45,184.07,14.57,14.62,8.59587,8.62791,0.06759,0.5219263202978092,0.000914357065055295,2351.0631904001625,690.1716182161418,-3019.841317744842
2025-12-03,CE,25986.0,27900.0,13.0,0.07381197012226186,0.1,1.8,2.0,0.0,-1.8,-2.0,-100.0,-100.0,0.12087,4.371343014904699e-05,4.1664716966348076e-07,1.071314327210872,0.05837554054214851,-0.879585929363752
2025-12-03,PE,25986.0,25800.0,13.0,0.07381197012226186,0.1,83.8,81.55,58.16,-25.64,-23.39,-30.59666,-28.68179,0.08641,-0.22826338934676682,0.0006940435630916758,1784.5766561888313,-308.99811160046175,-677.720043071758
2025-12-03,PE,25986.0,25250.0,13.0,0.07381197012226186,0.1,15.6,15.6,3.43,-12.17,-12.17,-78.01282,-78.01282,0.09769,-0.021182803307456352,0.00011668337917424847,300.0250210693025,-28.573615752285374,-159.25154287083075
2025-12-03,CE,25986.0,24600.0,13.0,0.07381197012226186,0.1,1484.0,1487.8,1512.6,28.6,24.8,1.92722,1.66689,,0.9998318058552458,1.4794990596385045e-06,3.804198504374645,1262.2913939724788,-2449.6248728296778
2025-12-03,PE,25986.0,27700.0,13.0,0.07381197012226186,0.1,1627.2,1621.45,1571.5,-55.7,-49.95,-3.42306,-3.08058,0.19391,-0.9997620281698251,2.0460604878260436e-06,5.260983572067773,-1421.2979022759932,2751.3675668087226
2025-12-03,CE,25986.0,26950.0,13.0,0.07381197012226186,0.1,8.2,8.6,5.35,-2.85,-3.25,-34.7561,-37.7907,0.08048,0.031681530951567116,0.0001633974821112128,420.1398121996354,42.19438889063066,-382.3637196512053
2025-12-03,PE,25986.0,27800.0,13.0,0.07381197012226186,0.1,1729.35,1723.15,1670.97,-58.38,-52.18,-3.37583,-3.02818,0.20486,-0.9998959164494763,9.434501012439345e-07,2.4258693783700163,-1426.608790359568,2763.6907833925725
2025-12-03,PE,25986.0,26950.0,13.0,0.07381197012226186,0.1,917.75,917.75,830.68,-87.07,-87.07,-9.48733,-9.48733,0.15317,-0.9683184690484329,0.0001633974821112128,420.1398121996354,-1340.9297885972817,2298.769301325364
2025-12-03,PE,25986.0,24500.0,13.0,0.07381197012226186,0.1,4.3,3.95,0.01,-4.29,-3.94,-99.76744,-99.74684,0.12993,-6.446234565761721e-05,6.011040319620121e-07,1.545603590935829,-0.08675495000939074,-0.9375665434781058
2025-12-03,PE,25986.0,26600.0,13.0,0.07381197012226186,0.1,563.65,554.05,508.19,-55.46,-45.86,-9.83944,-8.27723,0.10314,-0.8592377832723768,0.0005127944126036503,1318.5353006950377,-1178.065101056487,1340.3427562228628
2025-12-03,CE,25986.0,24350.0,13.0,0.07381197012226186,0.1,1690.55,1690.55,1761.29,70.74,70.74,4.18444,4.18444,,0.9999863457651078,1.3827136072831748e-07,0.35553365191664005,1249.668965690525,-2422.6895775347784
2025-12-03,CE,25986.0,24050.0,13.0,0.07381197012226186,0.1,2020.6,2008.35,2059.75,39.15,51.4,1.93754,2.55931,,0.9999995977664031,4.730002972663914e-09,0.01216213698621224,1234.2902371309435,-2392.632852870965
2025-12-03,CE,25986.0,27150.0,13.0,0.07381197012226186,0.1,5.0,5.2,1.6,-3.4,-3.6,-68.0,-69.23077,0.08758,0.01079047088476429,6.537265112151902e-05,168.09104406207072,14.382719589180105,-148.1340811565876
2025-12-03,PE,25986.0,25750.0,13.0,0.07381197012226186,0.1,72.85,68.7,47.4,-25.45,-21.3,-34.9348,-31.00437,0.08623,-0.1948149366674033,0.000632502799151269,1626.3384466982682,-263.60416935424,-652.5095216659095
2025-12-03,CE,25986.0,26050.0,13.0,0.07381197012226186,0.1,195.3,196.0,210.83,15.53,14.83,7.95187,7.56633,0.06742,0.56724647561995,0.0009026999821242518,2321.089627954992,749.5449403639491,-3113.49088301188
2025-12-03,PE,25986.0,25200.0,13.0,0.07381197012226186,0.1,14.05,13.1,2.48,-11.57,-10.62,-82.34875,-81.0687,0.0984,-0.015851144373634683,9.114675829995835e-05,234.3633538287074,-21.3770614384738,-126.22688318774787
2025-12-03,CE,25986.0,23950.0,13.0,0.07381197012226186,0.1,2094.5,2094.5,2159.23,64.73,64.73,3.09048,3.09048,,0.9999998907206633,1.3453965791536613e-09,0.0034593841887656713,1229.1584449284771,-2382.678845041299
2025-12-03,PE,25986.0,26550.0,13.0,0.07381197012226186,0.1,514.35,507.0,465.9,-48.45,-41.1,-9.41966,-8.10651,0.09846,-0.8326458899860865,0.0005750375074005541,1478.5793957496744,-1140.2358684372493,1152.5153656636803
2025-12-03,CE,25986.0,25050.0,13.0,0.07381197012226186,0.1,1014.95,1017.7,1065.76,50.81,48.06,5.00616,4.72241,,0.9938645694691124,3.9808467793471076e-05,102.35850618139021,1277.3431289926934,-2549.3086545091087
2025-12-03,PE,25986.0,24850.0,13.0,0.07381197012226186,0.1,7.0,7.1,0.18,-6.82,-6.92,-97.42857,-97.46479,0.11486,-0.0014299572377609842,1.0722636267747358e-05,27.570843379031658,-1.9261048355930936,-15.990730759855648
2025-12-03,CE,25986.0,24200.0,13.0,0.07381197012226186,0.1,1867.05,1860.65,1910.52,43.47,49.87,2.32827,2.68025,,0.9999974834820046,2.7526559885097983e-08,0.07077834707854082,1241.9856723685184,-2407.5920926254535
2025-12-03,CE,25986.0,27100.0,13.0,0.07381197012226186,0.1,5.6,5.8,2.19,-3.41,-3.61,-60.89286,-62.24138,0.08564,0.014345298805845518,8.365418464836914e-05,215.09788874199296,19.117438875046325,-190.94124044127318
2025-12-03,CE,25986.0,24800.0,13.0,0.07381197012226186,0.1,1246.0,1246.0,1313.72,67.72,67.72,5.43499,5.43499,,0.9990406804388405,7.4397562513569195e-06,19.129657041647047,1271.4901838078392,-2478.420333760189
2025-12-03,CE,25986.0,27500.0,13.0,0.07381197012226186,0.1,2.9,2.95,0.13,-2.77,-2.82,-95.51724,-95.59322,0.10254,0.001100409396192705,8.437796078090932e-06,21.69589160018441,1.4682864207123512,-18.367638240430797
2025-12-03,PE,25986.0,26400.0,13.0,0.07381197012226186,0.1,390.6,386.35,347.91,-42.69,-38.44,-10.92934,-9.94953,0.09287,-0.7345783722212205,0.0007524574931509272,1934.7749168219573,-1002.68483815354,559.5119099149958
2025-12-03,PE,25986.0,24750.0,13.0,0.07381197012226186,0.1,5.7,5.4,0.07,-5.63,-5.33,-98.77193,-98.7037,0.11736,-0.0006344398573503999,5.084030921175128e-06,13.072440094185998,-0.8543360737059432,-7.696034862108208
2025-12-03,CE,25986.0,25550.0,13.0,0.07381197012226186,0.1,556.85,562.7,586.38,29.53,23.68,5.30304,4.20828,,0.9074789330491351,0.0003804690843774001,978.2905317310195,1186.2687816614311,-2999.4135989803694
2025-12-03,CE,25986.0,25150.0,13.0,0.07381197012226186,0.1,886.3,886.3,967.18,80.88,80.88,9.12558,9.12558,,0.9882930537185376,7.017319252277479e-05,180.43455472527313,1274.9599213165254,-2600.5451532645793
2025-12-03,CE,25986.0,27600.0,13.0,0.07381197012226186,0.1,2.25,2.5,0.06,-2.19,-2.44,-97.33333,-97.6,0.10637,0.0005223306184385422,4.2477488561048205e-06,10.922129176142475,0.697115701185156,-9.165114122684688
2025-12-03,PE,25986.0,27150.0,13.0,0.07381197012226186,0.1,1083.65,1078.85,1025.9,-57.75,-52.95,-5.32921,-4.908,0.1474,-0.9892095291152357,6.537265112151902e-05,168.09104406207072,-1379.0058302734108,2552.896030884743
2025-12-03,CE,25986.0,26400.0,13.0,0.07381197012226186,0.1,62.35,62.7,69.75,7.4,7.05,11.86848,11.24402,0.07013,0.26542162777877953,0.0007524574931509272,1934.7749168219573,352.21231530400723,-2066.9041106334803
2025-12-03,CE,25986.0,25000.0,13.0,0.07381197012226186,0.1,1052.6,1074.1,1115.23,62.63,41.13,5.95003,3.82925,,0.9956476128914235,2.9327459182055547e-05,75.40895388250138,1277.1812890093195,-2529.7149998347354
2025-12-03,PE,25986.0,24000.0,13.0,0.07381197012226186,0.1,3.1,3.05,0.0,-3.1,-3.05,-100.0,-100.0,0.16009,-2.1137261416288533e-07,2.543862169222573e-09,0.0065409684422890295,-0.00028423467615189144,-0.004128485294793629
2025-12-03,CE,25986.0,24750.0,13.0,0.07381197012226186,0.1,1302.3,1302.3,1363.42,61.12,61.12,4.69324,4.69324,,0.9993655601426495,5.084030921175128e-06,13.072440094185998,1269.3617452927442,-2469.9610541263046
2025-12-03,CE,25986.0,26350.0,13.0,0.07381197012226186,0.1,75.45,77.0,83.61,8.16,6.61,10.81511,8.58442,0.07059,0.3037515246662745,0.0008025703658040312,2063.6288785429165,402.8801475806658,-2257.3049517665418
2025-12-03,PE,25986.0,24450.0,13.0,0.07381197012226186,0.1,4.3,4.1,0.0,-4.3,-4.1,-100.0,-100.0,0.13421,-3.901680761794921e-05,3.742091408076508e-07,0.9621944971912417,-0.05250450046765798,-0.5865839995772377
2025-12-03,CE,25986.0,26600.0,13.0,0.07381197012226186,0.1,28.4,29.15,31.05,2.65,1.9,9.33099,6.51801,0.07235,0.14076221672762324,0.0005127944126036503,1318.5353006950377,187.09642477573826,-1305.9703553903742
2025-12-03,PE,25986.0,24700.0,13.0,0.07381197012226186,0.1,5.6,5.4,0.05,-5.55,-5.35,-99.10714,-99.07407,0.12109,-0.0004135669339879197,3.4214527836051484e-06,8.797494988174865,-0.5568383331830888,-5.214391468711002
2025-12-03,PE,25986.0,24200.0,13.0,0.07381197012226186,0.1,3.65,3.75,0.0,-3.65,-3.75,-100.0,-100.0,0.15028,-2.516517995449708e-06,2.7526559885097983e-08,0.07077834707854082,-0.0033849675663041924,-0.04407378935015696
2025-12-03,PE,25986.0,27850.0,13.0,0.07381197012226186,0.1,1780.65,1775.75,1720.71,-59.94,-55.04,-3.36619,-3.09954,0.21208,-0.999932205445111,6.30339686878871e-07,1.6207764908336515,-1429.2233273001252,2769.334932847516
2025-12-03,CE,25986.0,26850.0,13.0,0.07381197012226186,0.1,11.25,11.9,9.26,-1.99,-2.64,-17.68889,-22.18487,0.07779,0.05103582145793221,0.00024063872718633626,618.7482716484816,67.93809852738711,-574.353056103472
2025-12-03,PE,25986.0,26250.0,13.0,0.07381197012226186,0.1,290.2,281.75,246.23,-43.97,-35.52,-15.15162,-12.60692,0.08941,-0.6128822397447337,0.0008788328387860018,2259.720646069157,-834.3002684814692,0.6360177985657174
2025-12-03,CE,25986.0,25700.0,13.0,0.07381197012226186,0.1,426.7,435.0,456.5,29.8,21.5,6.98383,4.94253,0.057,0.8355233420601605,0.0005686277974562894,1462.0982707198248,1096.5092425778053,-3171.5382693159763
2025-12-03,CE,25986.0,26900.0,13.0,0.07381197012226186,0.1,9.55,10.15,7.08,-2.47,-3.07,-25.86387,-30.24631,0.0792,0.04041705096621943,0.00019947873118537977,512.9146151775115,53.815981149312734,-471.2635957352056
2025-12-03,CE,25986.0,25100.0,13.0,0.07381197012226186,0.1,969.2,978.35,1016.4,47.2,38.05,4.87,3.8892,,0.9914677924898073,5.324291298600949e-05,136.9021552466658,1276.6766720001506,-2572.7295674068505
2025-12-03,PE,25986.0,24950.0,13.0,0.07381197012226186,0.1,8.3,7.8,0.4,-7.9,-7.4,-95.18072,-94.87179,0.10883,-0.0030453944914098636,2.1287306094645935e-05,54.735511644869824,-4.103287499674188,-31.20417574831533
2025-12-03,CE,25986.0,27950.0,13.0,0.07381197012226186,0.1,1.95,2.4,0.0,-1.95,-2.4,-100.0,-100.0,0.12654,2.790334938352965e-05,2.724745127396159e-07,0.7006068216748466,0.03726566482984881,-0.573458011316591
2025-12-03,CE,25986.0,26500.0,13.0,0.07381197012226186,0.1,42.55,43.2,47.34,4.79,4.14,11.25734,9.58333,0.07125,0.19704186015080316,0.000636879752379555,1637.5927958080483,261.70180221362966,-1678.8463985289961
2025-12-03,PE,25986.0,26900.0,13.0,0.07381197012226186,0.1,860.05,860.05,782.66,-77.39,-77.39,-8.99831,-8.99831,0.14256,-0.9595829490337806,0.00019947873118537977,512.9146151775115,-1326.7421032449304,2204.8951524751733
2025-12-03,CE,25986.0,27700.0,13.0,0.07381197012226186,0.1,1.95,1.85,0.03,-1.92,-1.82,-98.46154,-98.37838,0.10821,0.00023797183017494798,2.0460604878260436e-06,5.260983572067773,0.3176716169635695,-4.379545660701096
2025-12-03,PE,25986.0,26850.0,13.0,0.07381197012226186,0.1,803.5,803.5,735.11,-68.39,-68.39,-8.51151,-8.51151,0.13266,-0.9489641785420678,0.00024063872718633626,618.7482716484816,-1310.0538927731861,2096.8314193407164
2025-12-03,CE,25986.0,24400.0,13.0,0.07381197012226186,0.1,1645.0,1645.0,1711.55,66.55,66.55,4.04559,4.04559,,0.999976741050205,2.292921079331364e-07,0.5895729966041852,1252.2221333781474,-2427.806228594232
2025-12-03,PE,25986.0,27000.0,13.0,0.07381197012226186,0.1,999.45,999.45,879.09,-120.36,-120.36,-12.04262,-12.04262,0.17817,-0.9754198311771484,0.00013226377037530544,340.0864868191454,-1352.946452002282,2379.333956641804
2025-12-03,CE,25986.0,27750.0,13.0,0.07381197012226186,0.1,2.15,2.05,0.02,-2.13,-2.03,-99.06977,-99.02439,0.11252,0.00015818426739084624,1.3969328189252395e-06,3.5918980183506894,0.21118337672806944,-2.97904460110378
2025-12-03,CE,25986.0,24950.0,13.0,0.07381197012226186,0.1,1138.2,1142.2,1164.78,26.58,22.58,2.33527,1.97689,,0.9969546055085902,2.1287306094645935e-05,54.735511644869824,1276.3771662414547,-2513.366286077273
2025-12-03,PE,25986.0,26200.0,13.0,0.07381197012226186,0.1,254.6,249.45,216.52,-38.08,-32.93,-14.95679,-13.20104,0.08797,-0.5687190796808477,0.0009021211457651384,2319.601280667935,-773.5644619286103,-159.9371117577682
2025-12-03,PE,25986.0,24400.0,13.0,0.07381197012226186,0.1,4.2,5.0,0.0,-4.2,-5.0,-100.0,-100.0,0.14175,-2.325894979499089e-05,2.292921079331364e-07,0.5895729966041852,-0.03129633261567889,-0.3611186933673227
2025-12-03,CE,25986.0,24250.0,13.0,0.07381197012226186,0.1,1770.8,1770.8,1860.78,89.98,89.98,5.08132,5.08132,,0.9999955081499161,4.791328916027642e-08,0.12319822832988417,1244.549107958381,-2412.5987155422094
2025-12-03,PE,25986.0,25550.0,13.0,0.07381197012226186,0.1,37.95,36.7,18.92,-19.03,-17.78,-50.14493,-48.44687,0.08939,-0.09252106695086498,0.0003804690843774001,978.2905317310195,-125.00478920373261,-457.5602154571283
2025-12-03,PE,25986.0,25900.0,13.0,0.07381197012226186,0.1,114.2,111.0,85.08,-29.12,-25.92,-25.49912,-23.35135,0.08615,-0.30368608629945115,0.0008024931984573785,2063.430460096612,-411.49458287179726,-678.5289086809804
2025-12-03,CE,25986.0,27850.0,13.0,0.07381197012226186,0.1,2.1,1.65,0.01,-2.09,-1.64,-99.52381,-99.39394,0.11529,6.779455488908694e-05,6.30339686878871e-07,1.6207764908336515,0.09052587383999222,-1.3349979204783706
2025-12-03,PE,25986.0,23950.0,13.0,0.07381197012226186,0.1,2.75,2.75,0.0,-2.75,-2.75,-100.0,-100.0,0.16144,-1.0927933674234115e-07,1.3453965791536613e-09,0.0034593841887656713,-0.0001469392596032069,-0.002190036147554337
2025-12-03,PE,25986.0,27200.0,13.0,0.07381197012226186,0.1,1122.95,1118.3,1075.2,-47.75,-43.1,-4.25219,-3.85406,0.14337,-0.991967006781187,5.049701329665807e-05,129.84169283991997,-1385.2455149840137,2592.355324029162
2025-12-03,PE,25986.0,25050.0,13.0,0.07381197012226186,0.1,9.75,9.55,0.87,-8.88,-8.68,-91.07692,-90.89005,0.10468,-0.00613543053088763,3.9808467793471076e-05,102.35850618139021,-8.269510935774383,-57.19799864777092
2025-12-03,PE,25986.0,25350.0,13.0,0.07381197012226186,0.1,20.6,20.05,6.35,-14.25,-13.7,-69.17476,-68.32918,0.09412,-0.036395058475367295,0.00018314091824557678,470.90561007173096,-49.11686801890417,-241.6786345670883
2025-12-03,PE,25986.0,27750.0,13.0,0.07381197012226186,0.1,1676.0,1670.8,1621.23,-54.77,-49.57,-3.2679,-2.96684,0.19787,-0.9998418157326091,1.3969328189252395e-06,3.5918980183506894,-1423.970483609898,2757.74234063451
2025-12-03,PE,25986.0,25000.0,13.0,0.07381197012226186,0.1,8.95,8.2,0.59,-8.36,-7.61,-93.40782,-92.80488,0.1058,-0.004352387108576591,2.9327459182055547e-05,75.40895388250138,-5.865257825478753,-42.57861673958757
2025-12-03,CE,25986.0,27550.0,13.0,0.07381197012226186,0.1,2.85,2.4,0.09,-2.76,-2.31,-96.84211,-96.25,0.10278,0.0007620460440536757,6.0200971181146265e-06,15.479323426212568,1.0169284642465901,-13.045313572178173
2025-12-03,CE,25986.0,25300.0,13.0,0.07381197012226186,0.1,780.8,786.2,820.88,40.08,34.68,5.1332,4.41109,,0.9720562036164915,0.00014723514613872686,378.58200658078323,1260.740851673722,-2714.7383704428617
2025-12-03,CE,25986.0,24000.0,13.0,0.07381197012226186,0.1,2020.35,2020.35,2109.49,89.14,89.14,4.41211,4.41211,,0.9999997886273858,2.543862169222573e-09,0.0065409684422890295,1231.7244007267302,-2387.6550562566367
2025-12-03,CE,25986.0,24450.0,13.0,0.07381197012226186,0.1,1625.45,1620.55,1661.81,36.36,41.26,2.23692,2.54605,,0.999960983192382,3.742091408076508e-07,0.9621944971912417,1254.7670183039652,-2433.0059666666316
2025-12-03,PE,25986.0,27500.0,13.0,0.07381197012226186,0.1,1475.9,1475.9,1372.63,-103.27,-103.27,-6.99709,-6.99709,0.21903,-0.9988995906038073,8.437796078090932e-06,21.69589160018441,-1409.8829150975657,2717.482383164232
2025-12-03,PE,25986.0,24300.0,13.0,0.07381197012226186,0.1,3.85,3.7,0.0,-3.85,-3.7,-100.0,-100.0,0.14293,-7.892782038449594e-06,8.205440884687094e-08,0.2109844256939791,-0.010618320612738484,-0.13035680864483823
2025-12-03,CE,25986.0,25600.0,13.0,0.07381197012226186,0.1,512.7,516.0,541.9,29.2,25.9,5.69534,5.01938,,0.886625078648036,0.0004410535311703774,1134.06978713286,1160.6079903216635,-3061.116918223204
2025-12-03,CE,25986.0,25250.0,13.0,0.07381197012226186,0.1,832.6,834.35,869.35,36.75,35.0,4.41388,4.19488,,0.9788171966925436,0.00011668337917424847,300.0250210693025,1267.303396550861,-2671.25928979693
2025-12-03,CE,25986.0,27350.0,13.0,0.07381197012226186,0.1,3.65,3.85,0.41,-3.24,-3.44,-88.76712,-89.35065,0.09675,0.0031147048938080044,2.1723094105200837e-05,55.85604233204879,4.154305453177071,-48.01283907061119
2025-12-03,CE,25986.0,27650.0,13.0,0.07381197012226186,0.1,2.15,1.9,0.04,-2.11,-1.86,-98.13953,-97.89474,0.10565,0.00035436983410747693,2.9642966813062594e-06,7.622021067254561,0.4730030776753096,-6.3697556045873664
2025-12-03,PE,25986.0,27350.0,13.0,0.07381197012226186,0.1,1280.55,1276.9,1223.68,-56.87,-53.22,-4.44106,-4.16791,0.1657,-0.996885295106192,2.1723094105200837e-05,55.85604233204879,-1399.4986167840925,2672.9143640354805
2025-12-03,PE,25986.0,26500.0,13.0,0.07381197012226186,0.1,469.25,465.0,424.99,-44.26,-40.01,-9.43207,-8.6043,0.09621,-0.8029581398491968,0.000636879752379555,1637.5927958080483,-1098.3275374312566,957.5181675518602
2025-12-03,PE,25986.0,26000.0,13.0,0.07381197012226186,0.1,152.85,149.05,120.05,-32.8,-29.0,-21.45895,-19.45656,0.08656,-0.38821772797546084,0.0008795534496907552,2261.573534658872,-526.617340642245,-597.1210757828705
2025-12-03,CE,25986.0,25450.0,13.0,0.07381197012226186,0.1,650.7,651.35,678.16,27.46,26.81,4.22007,4.11607,,0.9405380491096013,0.0002715143458984621,698.1379689660386,1225.8515283369627,-2875.7197551011714
2025-12-03,CE,25986.0,24700.0,13.0,0.07381197012226186,0.1,1315.0,1315.0,1413.14,98.14,98.14,7.46312,7.46312,,0.999586433066012,3.4214527836051484e-06,8.797494988174865,1267.0931499395977,-2462.505137966717
2025-12-03,PE,25986.0,27100.0,13.0,0.07381197012226186,0.1,1027.8,1027.8,976.75,-51.05,-51.05,-4.96692,-4.96692,0.14145,-0.9856547011941544,8.365418464836914e-05,215.09788874199296,-1371.7050178938753,2505.114598833867
2025-12-03,PE,25986.0,27550.0,13.0,0.07381197012226186,0.1,1480.9,1475.75,1422.33,-58.57,-53.42,-3.95503,-3.61985,0.18398,-0.9992379539559463,6.0200971181146265e-06,15.479323426212568,-1412.900366147701,2727.7789805986745
2025-12-03,CE,25986.0,24650.0,13.0,0.07381197012226186,0.1,1419.3,1422.95,1462.86,43.56,39.91,3.06912,2.80474,,0.9997343122181945,2.2673891649766122e-06,5.8300804005558815,1264.726208666415,-2455.7940002427713
2025-12-03,PE,25986.0,27250.0,13.0,0.07381197012226186,0.1,1178.55,1173.65,1124.61,-53.94,-49.04,-4.57681,-4.17842,0.15303,-0.9940814028931453,3.8558894046260614e-05,99.145508816319,-1390.6290921762795,2624.751486976494
2025-12-03,CE,25986.0,26700.0,13.0,0.07381197012226186,0.1,19.15,19.3,19.67,0.52,0.37,2.7154,1.9171,0.07345,0.09667641442900765,0.00039299274172915254,1010.4922950619662,128.5847458918123,-972.1711853885975
2025-12-03,PE,25986.0,27600.0,13.0,0.07381197012226186,0.1,1519.45,1507.05,1472.05,-47.4,-35.0,-3.11955,-2.32242,0.16936,-0.9994776693815615,4.2477488561048205e-06,10.922129176142475,-1415.786272004432,2736.6334528143584
2025-12-03,PE,25986.0,25150.0,13.0,0.07381197012226186,0.1,12.2,11.9,1.77,-10.43,-10.13,-85.4918,-85.12605,0.10073,-0.011706946281462356,7.017319252277479e-05,180.43455472527313,-15.784904799281726,-98.48595187086087
2025-12-03,CE,25986.0,25650.0,13.0,0.07381197012226186,0.1,472.15,471.0,498.55,26.4,27.55,5.59144,5.84926,0.04286,0.8626681799820604,0.0005042538790567887,1296.5752428404076,1130.7287863314614,-3119.4549864895152
2025-12-03,CE,25986.0,26550.0,13.0,0.07381197012226186,0.1,35.1,35.5,38.51,3.41,3.01,9.7151,8.47887,0.07175,0.16735411001391348,0.0005750375074005541,1478.5793957496744,222.35956430130656,-1488.8234731833663
2025-12-03,CE,25986.0,25850.0,13.0,0.07381197012226186,0.1,318.25,322.0,339.68,21.43,17.68,6.7337,5.49068,0.0644,0.7353554391745326,0.0007513375013794247,1931.8951103129198,968.2558727162323,-3259.0206151408415
2025-12-03,PE,25986.0,25500.0,13.0,0.07381197012226186,0.1,33.1,31.6,14.64,-18.46,-16.96,-55.77039,-53.67089,0.09058,-0.07461832300861793,0.00032366692864368925,832.2365856472443,-100.7848034533711,-400.0215172519575
2025-12-03,PE,25986.0,27450.0,13.0,0.07381197012226186,0.1,1391.05,1387.8,1322.95,-68.1,-64.85,-4.89558,-4.67286,0.18487,-0.9984272630827032,1.1695225385338318e-05,30.071637172989597,-1406.686858620508,2705.294872491134
2025-12-03,CE,25986.0,27400.0,13.0,0.07381197012226186,0.1,3.15,3.5,0.28,-2.87,-3.22,-91.11111,-92.0,0.09863,0.002224738944830725,1.6029324065487954e-05,41.215795467261124,2.9677130883526552,-35.23892091072487
2025-12-03,CE,25986.0,24550.0,13.0,0.07381197012226186,0.1,1528.7,1532.4,1562.33,33.63,29.93,2.19991,1.95315,,0.9998950922594013,9.50464928104041e-07,2.4439064252176057,1259.810506914303,-2443.8426044071884
2025-12-03,CE,25986.0,27200.0,13.0,0.07381197012226186,0.1,4.65,4.4,1.15,-3.5,-3.25,-75.26882,-73.86364,0.08866,0.00803299321881301,5.049701329665807e-05,129.84169283991997,10.709127972247016,-113.64906077835832
2025-12-03,CE,25986.0,24300.0,13.0,0.07381197012226186,0.1,1768.2,1761.9,1811.04,42.84,49.14,2.4228,2.78903,,0.9999921072179615,8.205440884687094e-08,0.2109844256939791,1247.110625202811,-2417.626921177128
2025-12-03,CE,25986.0,27250.0,13.0,0.07381197012226186,0.1,4.35,4.25,0.82,-3.53,-3.43,-81.14943,-80.70588,0.09154,0.005918597106854765,3.8558894046260614e-05,99.145508816319,7.8916438736505,-86.22717059721714
2025-12-03,CE,25986.0,27050.0,13.0,0.07381197012226186,0.1,6.4,6.45,2.98,-3.42,-3.47,-53.4375,-53.79845,0.0836,0.01887508769478758,0.00010580644048664103,272.0574237815549,25.14918003242861,-243.38286428583564
2025-12-03,PE,25986.0,27900.0,13.0,0.07381197012226186,0.1,1813.8,1801.4,1770.45,-43.35,-30.95,-2.39001,-1.71811,0.18875,-0.9999562865698509,4.1664716966348076e-07,1.071314327210872,-1431.8215707270929,2774.764617604821
2025-12-03,PE,25986.0,25700.0,13.0,0.07381197012226186,0.1,61.85,59.05,38.26,-23.59,-20.79,-38.14066,-35.20745,0.08704,-0.16447665793983945,0.0005686277974562894,1462.0982707198248,-222.46260756836716,-614.7620674941641
2025-12-03,CE,25986.0,26200.0,13.0,0.07381197012226186,0.1,125.55,126.4,137.33,11.78,10.93,9.38272,8.64715,0.0691,0.4312809203191523,0.0009021211457651384,2319.601280667935,571.0683191542583,-2766.456041241483
2025-12-03,PE,25986.0,26350.0,13.0,0.07381197012226186,0.1,348.1,351.05,312.03,-36.07,-39.02,-10.36196,-11.11523,0.09221,-0.6962484753337255,0.0008025703658040312,2063.6288785429165,-949.4509127832115,364.13679601574427
2025-12-03,PE,25986.0,25400.0,13.0,0.07381197012226186,0.1,23.75,23.0,8.49,-15.26,-14.51,-64.25263,-63.08696,0.09257,-0.04680940451378253,0.0002245779428895943,577.4515832844633,-63.18796840657338,-290.6262239786537
2025-12-03,PE,25986.0,26100.0,13.0,0.07381197012226186,0.1,199.9,194.2,163.77,-36.13,-30.43,-18.07404,-15.66941,0.08675,-0.47807367970219083,0.000914357065055295,2351.0631904001625,-649.3289766793877,-423.270933793508
2025-12-03,PE,25986.0,25600.0,13.0,0.07381197012226186,0.1,44.7,42.6,24.18,-20.52,-18.42,-45.90604,-43.23944,0.08823,-0.11337492135196403,0.0004410535311703774,1134.06978713286,-153.23167363716982,-514.2892619337729
2025-12-03,CE,25986.0,25350.0,13.0,0.07381197012226186,0.1,724.75,730.55,772.79,48.04,42.24,6.62849,5.78195,,0.9636049415246327,0.00018314091824557678,470.90561007173096,1251.8923304715813,-2763.6349270255682
2025-12-03,CE,25986.0,27000.0,13.0,0.07381197012226186,0.1,7.4,7.6,4.01,-3.39,-3.59,-45.81081,-47.23684,0.08237,0.024580168822851616,0.00013226377037530544,340.0864868191454,32.74381857930029,-306.7733371009552
2025-12-03,CE,25986.0,26150.0,13.0,0.07381197012226186,0.1,146.8,148.45,159.57,12.77,11.12,8.69891,7.49074,0.06908,0.4764077125399135,0.000914138785125436,2350.50193273846,630.4154929949854,-2903.604838912037
2025-12-03,CE,25986.0,25800.0,13.0,0.07381197012226186,0.1,354.65,358.35,376.91,22.26,18.56,6.27661,5.17929,0.06292,0.7717366106532332,0.0006940435630916758,1784.5766561888313,1015.1059247330501,-3244.4447904259505
2025-12-04,CE,26033.75,24050.0,12.0,0.0739333856407551,0.1,2070.0,2067.4,2098.0,28.0,30.6,1.35266,1.48012,,0.9999999085258389,1.1750812832291193e-09,0.0028039009550096666,1139.797430741454,-2393.5767812269046
2025-12-04,PE,26033.75,26750.0,12.0,0.0739333856407551,0.1,640.7,639.8,605.19,-35.51,-34.61,-5.54238,-5.4095,0.10366,-0.9160567510221813,0.0003670204432261397,875.759818454355,-1164.4565014436876,1765.5058249738768
2025-12-04,CE,26033.75,24600.0,12.0,0.0739333856407551,0.1,1527.65,1530.6,1550.62,22.97,20.02,1.50362,1.30798,,0.9999317330560887,6.580904752145982e-07,1.5702918072750829,1165.7786484192998,-2449.3541800729654
2025-12-04,CE,26033.75,25200.0,12.0,0.0739333856407551,0.1,920.0,920.0,954.92,34.92,34.92,3.79565,3.79565,,0.9898495062607553,6.428732573088991e-05,153.39814920421404,1181.6464509594919,-2600.540614492712
2025-12-04,CE,26033.75,25300.0,12.0,0.0739333856407551,0.1,825.95,821.75,856.86,30.91,35.11,3.74236,4.27259,,0.9810188921930111,0.00011026844643651378,263.11524716072637,1175.3684242674965,-2672.5302018428574
2025-12-04,CE,26033.75,26850.0,12.0,0.0739333856407551,0.1,9.9,9.55,9.47,-0.43,-0.08,-4.34343,-0.8377,0.07406,0.05366564283549592,0.00025975369660389365,619.8070281346987,66.07849353474703,-619.9213727792657
2025-12-04,PE,26033.75,25100.0,12.0,0.0739333856407551,0.1,7.75,7.3,0.69,-7.06,-6.61,-91.09677,-90.54795,0.10263,-0.005126326551469203,3.5199916689783244e-05,83.99170460065938,-6.387762369779894,-51.78850543554405
2025-12-04,CE,26033.75,25450.0,12.0,0.0739333856407551,0.1,687.85,687.85,712.21,24.36,24.36,3.54147,3.54147,,0.9562617814413621,0.00022055996146445956,526.2855390630124,1151.5650523242791,-2826.8423629063195
2025-12-04,CE,26033.75,26800.0,12.0,0.0739333856407551,0.1,12.15,12.1,12.38,0.23,0.28,1.893,2.31405,0.07356,0.06748674743098063,0.0003107847870002327,741.5740285453252,83.07401661274761,-750.1397605396737
2025-12-04,PE,26033.75,26450.0,12.0,0.0739333856407551,0.1,381.25,384.7,352.17,-29.08,-32.53,-7.62754,-8.45594,0.09122,-0.75173785177745,0.0007537767812242671,1798.6121189258517,-948.7013935890773,596.0093507669151
2025-12-04,PE,26033.75,24300.0,12.0,0.0739333856407551,0.1,3.25,2.7,0.0,-3.25,-2.7,-100.0,-100.0,0.14519,-2.382290575046027e-06,2.7090864971170745e-08,0.06464242367639919,-0.0029629602231426196,-0.04395973253481366
2025-12-04,PE,26033.75,24600.0,12.0,0.0739333856407551,0.1,3.95,3.9,0.01,-3.94,-3.89,-99.74684,-99.74359,0.13015,-6.826694391122245e-05,6.580904752145982e-07,1.5702918072750829,-0.08495216315447356,-1.0406188498113693
2025-12-04,CE,26033.75,24150.0,12.0,0.0739333856407551,0.1,1970.8,1968.25,1998.48,27.68,30.23,1.40451,1.53588,,0.9999996451478164,4.348067342164788e-09,0.010375069662959702,1144.536386152706,-2403.53446509296
2025-12-04,CE,26033.75,25600.0,12.0,0.0739333856407551,0.1,550.7,546.3,572.86,22.16,26.56,4.02397,4.8618,,0.9106252927666644,0.0003846290905989236,917.7764039362553,1101.6253525735083,-3025.8835668485162
2025-12-04,CE,26033.75,26500.0,12.0,0.0739333856407551,0.1,41.8,41.3,50.36,8.56,9.06,20.47847,21.93705,0.06829,0.21271760427553782,0.0006913517660740311,1649.657691607217,261.3083048808388,-1829.377612282521
2025-12-04,PE,26033.75,26550.0,12.0,0.0739333856407551,0.1,465.75,466.35,430.94,-34.81,-35.41,-7.47397,-7.59301,0.09546,-0.8196061482995319,0.0006255931332549448,1492.748807095936,-1036.588532395554,1018.014199222753
2025-12-04,PE,26033.75,25600.0,12.0,0.0739333856407551,0.1,29.95,30.5,17.49,-12.46,-13.01,-41.60267,-42.65574,0.08637,-0.08937470723333563,0.0003846290905989236,917.7764039362553,-111.63107730091576,-478.0450641122253
2025-12-04,CE,26033.75,26200.0,12.0,0.0739333856407551,0.1,131.2,129.25,147.63,16.43,18.38,12.52287,14.2205,0.06578,0.46361258100861913,0.0009458687263423108,2256.9691671174946,567.7115744276905,-2944.280710321962
2025-12-04,CE,26033.75,25850.0,12.0,0.0739333856407551,0.1,340.7,334.4,362.83,22.13,28.43,6.49545,8.50179,0.05594,0.7710333373078765,0.0007211191034708842,1720.6865361189523,938.5742099320898,-3306.7757438956332
2025-12-04,PE,26033.75,25950.0,12.0,0.0739333856407551,0.1,100.45,101.75,83.41,-17.04,-18.34,-16.96366,-18.02457,0.08299,-0.30750348612572864,0.000836980709803091,1997.1478101434197,-385.1846836645505,-741.4991062081358
2025-12-04,CE,26033.75,27700.0,12.0,0.0739333856407551,0.1,1.6,1.5,0.02,-1.58,-1.48,-98.75,-98.66667,0.10744,0.000198486391826005,1.7915492147806911e-06,4.274875811540725,0.24507925005330222,-3.8332548654921874
2025-12-04,CE,26033.75,27500.0,12.0,0.0739333856407551,0.1,1.8,1.8,0.11,-1.69,-1.69,-93.88889,-93.88889,0.09759,0.0009909287590675598,7.94977195339333e-06,18.969218121639,1.2229961889246372,-17.294106442994472
2025-12-04,PE,26033.75,26850.0,12.0,0.0739333856407551,0.1,736.45,736.45,698.17,-38.28,-38.28,-5.19791,-5.19791,0.11252,-0.9463343571645041,0.00025975369660389365,619.8070281346987,-1206.418972954639,2052.3233068484456
2025-12-04,CE,26033.75,25550.0,12.0,0.0739333856407551,0.1,593.3,593.15,618.51,25.21,25.36,4.24912,4.27548,,0.9286477239205742,0.0003244072539273126,774.0790548541984,1121.7937468464027,-2956.6848638065962
2025-12-04,PE,26033.75,25250.0,12.0,0.0739333856407551,0.1,10.9,10.75,2.08,-8.82,-8.67,-80.91743,-80.65116,0.09714,-0.013978874782971717,8.485462834743495e-05,202.47448143038153,-17.428494546033182,-120.58121259237556
2025-12-04,CE,26033.75,24300.0,12.0,0.0739333856407551,0.1,1821.9,1819.5,1849.19,27.29,29.69,1.49789,1.63177,,0.999997617709425,2.7090864971170745e-08,0.06464242367639919,1151.6427888346402,-2418.5000385017474
2025-12-04,CE,26033.75,24550.0,12.0,0.0739333856407551,0.1,1571.45,1574.75,1600.38,28.93,25.63,1.84097,1.62756,,0.9999593394937754,4.035762587548725e-07,0.9629868788586401,1163.4433657744885,-2443.978635369383
2025-12-04,CE,26033.75,26900.0,12.0,0.0739333856407551,0.1,8.2,8.2,7.17,-1.03,-1.03,-12.56098,-12.56098,0.07587,0.04220778110794759,0.00021430291743219573,511.3553959418566,51.98356119865256,-506.13095323749866
2025-12-04,CE,26033.75,25900.0,12.0,0.0739333856407551,0.1,303.2,302.45,325.65,22.45,23.2,7.40435,7.67069,0.06101,0.7331872629547546,0.0007825309920969237,1867.2235081778672,893.4270226658872,-3325.723382528141
2025-12-04,PE,26033.75,25200.0,12.0,0.0739333856407551,0.1,9.45,9.5,1.45,-8.0,-8.05,-84.65608,-84.73684,0.09911,-0.010150493739244723,6.428732573088991e-05,153.39814920421404,-12.652847198144107,-92.51208836167649
2025-12-04,CE,26033.75,26350.0,12.0,0.0739333856407551,0.1,76.6,75.0,89.62,13.02,14.62,16.99739,19.49333,0.06673,0.3280925937325492,0.0008602126218858788,2052.582256598583,402.46933455793277,-2438.6063357046405
2025-12-04,CE,26033.75,26650.0,12.0,0.0739333856407551,0.1,21.85,20.75,26.07,4.22,5.32,19.3135,25.63855,0.0692,0.1257151281156369,0.000492062350181579,1174.1265164287493,154.6080659877007,-1236.1519981408842
2025-12-04,CE,26033.75,27450.0,12.0,0.0739333856407551,0.1,2.25,2.1,0.17,-2.08,-1.93,-92.44444,-91.90476,0.09638,0.0014405849786206298,1.1197144519176733e-05,26.717882974380856,1.7777343889673318,-24.47434944405078
2025-12-04,PE,26033.75,26650.0,12.0,0.0739333856407551,0.1,560.0,560.0,515.71,-44.29,-44.29,-7.90893,-7.90893,0.10479,-0.8742848718843631,0.000492062350181579,1174.1265164287493,-1108.4108346432915,1416.187693184199
2025-12-04,PE,26033.75,26300.0,12.0,0.0739333856407551,0.1,271.5,267.25,248.04,-23.46,-19.21,-8.64088,-7.18803,0.08282,-0.6283402474356621,0.0009002385106584448,2148.0893754304866,-790.7663353844829,-6.95365762995084
2025-12-04,CE,26033.75,26600.0,12.0,0.0739333856407551,0.1,27.15,26.7,32.77,5.62,6.07,20.69982,22.73408,0.06921,0.15139160673456514,0.0005585404921367887,1332.7522458789363,186.1199467039495,-1425.4681885388677
2025-12-04,CE,26033.75,27150.0,12.0,0.0739333856407551,0.1,4.15,3.75,1.53,-2.62,-2.22,-63.13253,-59.2,0.08382,0.010752285548304482,6.759672728133289e-05,161.2948235026066,13.256556724589837,-153.05202919433398
2025-12-04,CE,26033.75,25750.0,12.0,0.0739333856407551,0.1,420.65,414.6,442.52,21.87,27.92,5.1991,6.7342,0.04882,0.8370724072341393,0.0005861789094992831,1398.7012027244546,1016.6482447346535,-3220.7738258235313
2025-12-04,CE,26033.75,25000.0,12.0,0.0739333856407551,0.1,1118.15,1111.9,1152.82,34.67,40.92,3.10066,3.68019,,0.997558291319844,1.808744193087134e-05,43.159053273562755,1181.779183370706,-2515.240681838907
2025-12-04,PE,26033.75,26500.0,12.0,0.0739333856407551,0.1,420.15,422.75,390.72,-29.43,-32.03,-7.00464,-7.57658,0.09213,-0.7872823957244621,0.0006913517660740311,1649.657691607217,-994.601671356358,808.033337815592
2025-12-04,PE,26033.75,25550.0,12.0,0.0739333856407551,0.1,25.05,24.95,13.39,-11.66,-11.56,-46.54691,-46.33267,0.08667,-0.07135227607942579,0.0003244072539273126,774.0790548541984,-89.09304156342289,-413.82260814596214
2025-12-04,PE,26033.75,26400.0,12.0,0.0739333856407551,0.1,342.6,345.3,315.45,-27.15,-29.85,-7.92469,-8.64466,0.08894,-0.7131765294585478,0.0008107548606479523,1934.5694297866505,-899.14809381424,386.40368614696627
2025-12-04,PE,26033.75,24200.0,12.0,0.0739333856407551,0.1,3.2,2.5,0.0,-3.2,-2.5,-100.0,-100.0,0.15084,-6.809749082336853e-07,8.143303798811603e-09,0.019431010964345078,-0.0008468319591984666,-0.01330595736935821
2025-12-04,CE,26033.75,27900.0,12.0,0.0739333856407551,0.1,1.45,1.35,0.0,-1.45,-1.35,-100.0,-100.0,0.11779,3.331530592867541e-05,3.342633363353069e-07,0.7975969844398751,0.04115088568348639,-0.7055918370185362
2025-12-04,PE,26033.75,26000.0,12.0,0.0739333856407551,0.1,117.35,116.4,100.07,-17.28,-16.33,-14.72518,-14.02921,0.08164,-0.35062731363445165,0.0008824392826302114,2105.6180390394807,-439.4385956140507,-711.7713893810769
2025-12-04,CE,26033.75,26750.0,12.0,0.0739333856407551,0.1,14.7,14.35,16.02,1.32,1.67,8.97959,11.63763,0.07197,0.08394324897781863,0.0003670204432261397,875.759818454355,103.30168211650148,-896.7863605025201
2025-12-04,CE,26033.75,24800.0,12.0,0.0739333856407551,0.1,1280.15,1280.15,1351.62,71.47,71.47,5.58294,5.58294,,0.999537634814799,3.935414063554148e-06,9.390423801862582,1174.7665339679136,-2474.2995124874874
2025-12-04,PE,26033.75,24400.0,12.0,0.0739333856407551,0.1,3.4,3.8,0.0,-3.4,-3.8,-100.0,-100.0,0.14448,-7.789210862864354e-06,8.404330952016433e-08,0.20053856630087646,-0.00968936511237992,-0.13533053242475396
2025-12-04,CE,26033.75,24200.0,12.0,0.0739333856407551,0.1,1906.3,1898.3,1948.71,42.41,50.41,2.22473,2.65553,,0.9999993190250918,8.143303798811603e-09,0.019431010964345078,1146.905622033707,-2408.5168905752685
2025-12-04,CE,26033.75,27750.0,12.0,0.0739333856407551,0.1,1.35,1.35,0.01,-1.34,-1.34,-99.25926,-99.25926,0.10906,0.00012915902022235783,1.1982898614435886e-06,2.859279723737173,0.1594935956815325,-2.5545969708646665
2025-12-04,PE,26033.75,26150.0,12.0,0.0739333856407551,0.1,182.95,184.7,163.58,-19.37,-21.12,-10.58759,-11.43476,0.08326,-0.48920448410365813,0.0009494745783447037,2265.5732118056626,-614.2573300044219,-468.82533563153265
2025-12-04,PE,26033.75,26700.0,12.0,0.0739333856407551,0.1,593.9,599.85,559.95,-33.95,-39.9,-5.71645,-6.65166,0.10459,-0.8967167725622334,0.0004277806685568417,1020.7418348159756,-1138.3259725552978,1598.0820953785599
2025-12-04,PE,26033.75,27150.0,12.0,0.0739333856407551,0.1,1030.45,1027.0,988.81,-41.64,-38.19,-4.04095,-3.7186,0.13625,-0.9892477144516956,6.759672728133289e-05,161.2948235026066,-1273.4587585523873,2549.050132887318
2025-12-04,CE,26033.75,27550.0,12.0,0.0739333856407551,0.1,1.8,1.65,0.08,-1.72,-1.57,-95.55556,-95.15152,0.0996,0.0006740681021067267,5.576498880912592e-06,13.306271456246513,0.8320288620135875,-12.076926449888612
2025-12-04,CE,26033.75,27250.0,12.0,0.0739333856407551,0.1,3.4,3.2,0.77,-2.63,-2.43,-77.35294,-75.9375,0.08866,0.005753982489433339,3.900557999308598e-05,93.07252575139094,7.096532392204496,-87.15497088246478
2025-12-04,PE,26033.75,24650.0,12.0,0.0739333856407551,0.1,4.45,6.6,0.01,-4.44,-6.59,-99.77528,-99.84848,0.13682,-0.00011278488915879257,1.0551851073346785e-06,2.517812658914424,-0.1403655056205438,-1.6598117881651573
2025-12-04,PE,26033.75,27300.0,12.0,0.0739333856407551,0.1,1173.85,1171.05,1137.1,-36.75,-33.95,-3.13072,-2.89911,0.14512,-0.9958609166084268,2.9082362365089914e-05,69.39440256024672,-1288.7186062061319,2652.438160212014
2025-12-04,CE,26033.75,27650.0,12.0,0.0739333856407551,0.1,1.65,1.3,0.03,-1.62,-1.27,-98.18182,-97.69231,0.10272,0.00030167353118696607,2.6470976201121957e-06,6.316328624212465,0.3724502135801598,-5.68551482859856
2025-12-04,PE,26033.75,26350.0,12.0,0.0739333856407551,0.1,305.8,308.35,280.7,-25.1,-27.65,-8.20798,-8.96708,0.0872,-0.6719074062674508,0.0008602126218858788,2052.582256598583,-846.3317172854685,183.8758731665023
2025-12-04,PE,26033.75,24850.0,12.0,0.0739333856407551,0.1,5.5,5.2,0.08,-5.42,-5.12,-98.54545,-98.46154,0.11643,-0.0007171945289051558,5.904707922075719e-06,14.0894220834365,-0.8930024549268879,-9.062320946329395
2025-12-04,PE,26033.75,26900.0,12.0,0.0739333856407551,0.1,808.5,808.5,745.63,-62.87,-62.87,-7.77613,-7.77613,0.13416,-0.9577922188920525,0.00021430291743219573,511.3553959418566,-1222.8835467553322,2171.0899734658688
2025-12-04,PE,26033.75,25450.0,12.0,0.0739333856407551,0.1,18.35,18.6,7.56,-10.79,-11.04,-58.80109,-59.35484,0.08999,-0.04373821855863793,0.00022055996146445956,526.2855390630124,-54.582453156349466,-293.9326013969992
2025-12-04,PE,26033.75,27650.0,12.0,0.0739333856407551,0.1,1543.85,1543.85,1484.93,-58.92,-58.92,-3.81643,-3.81643,0.2023,-0.9996983264688131,2.6470976201121957e-06,6.316328624212465,-1310.0392797093816,2746.1791180096216
2025-12-04,CE,26033.75,25400.0,12.0,0.0739333856407551,0.1,732.6,727.05,759.99,27.39,32.94,3.73874,4.53064,,0.9664314603493539,0.00017776146117515806,424.1625986785083,1161.8971874735407,-2769.2617520105073
2025-12-04,PE,26033.75,26100.0,12.0,0.0739333856407551,0.1,159.35,157.0,140.09,-19.26,-16.91,-12.0866,-10.7707,0.08147,-0.4420828727050104,0.0009397953325916218,2242.4772381073494,-554.7220288814973,-575.9200509227198
2025-12-04,CE,26033.75,27350.0,12.0,0.0739333856407551,0.1,2.85,2.6,0.37,-2.48,-2.23,-87.01754,-85.76923,0.09265,0.002944254752147019,2.1417770834267044e-05,51.10566303239319,3.6323274850759053,-47.30124199936369
2025-12-04,PE,26033.75,27500.0,12.0,0.0739333856407551,0.1,1373.6,1370.5,1335.72,-37.88,-34.78,-2.75772,-2.53776,0.16367,-0.9990090712409324,7.94977195339333e-06,18.969218121639,-1302.0798093402416,2719.6417851682554
2025-12-04,PE,26033.75,24450.0,12.0,0.0739333856407551,0.1,3.4,3.8,0.0,-3.4,-3.8,-100.0,-100.0,0.14078,-1.3736371271279478e-05,1.4423769978926317e-07,0.34417042459917774,-0.017088804345498972,-0.23129320051880328
2025-12-04,CE,26033.75,24950.0,12.0,0.0739333856407551,0.1,1180.6,1183.6,1202.48,21.88,18.88,1.85329,1.59513,,0.9983521156997694,1.2657557656504639e-05,30.202623859036713,1180.398688149619,-2502.283558604094
2025-12-04,PE,26033.75,27100.0,12.0,0.0739333856407551,0.1,973.95,973.95,939.64,-34.31,-34.31,-3.52277,-3.52277,0.12827,-0.9855465192754645,8.733070589142752e-05,208.3827333014353,-1266.5291963955865,2497.9436821192103
2025-12-04,CE,26033.75,25350.0,12.0,0.0739333856407551,0.1,779.7,779.05,808.24,28.54,29.19,3.66038,3.74687,,0.9745835841184131,0.00014108867740540698,336.65643642197045,1169.7058626923003,-2717.7288881493237
2025-12-04,PE,26033.75,25500.0,12.0,0.0739333856407551,0.1,21.55,22.45,10.12,-11.43,-12.33,-53.03944,-54.92205,0.0893,-0.056232680183716625,0.0002695244407169238,643.1213291457705,-70.19380438759462,-351.8484518221085
2025-12-04,CE,26033.75,25950.0,12.0,0.0739333856407551,0.1,268.9,267.0,290.44,21.54,23.44,8.01041,8.77903,0.06192,0.6924965138742714,0.000836980709803091,1997.1478101434197,844.6592364620628,-3324.1713384740237
2025-12-04,CE,26033.75,24450.0,12.0,0.0739333856407551,0.1,1653.0,1646.1,1699.9,46.9,53.8,2.83727,3.26833,,0.9999862636287287,1.4423769978926317e-07,0.34417042459917774,1158.7375873843134,-2433.6161131967024
2025-12-04,PE,26033.75,25850.0,12.0,0.0739333856407551,0.1,72.4,72.7,56.28,-16.12,-16.42,-22.26519,-22.58597,0.08319,-0.2289666626921235,0.0007211191034708842,1720.6865361189523,-286.5304272653266,-734.056005781059
2025-12-04,CE,26033.75,27200.0,12.0,0.0739333856407551,0.1,3.75,3.95,1.09,-2.66,-2.86,-70.93333,-72.40506,0.08801,0.007909830136375631,5.166964334411089e-05,123.29067306683764,9.753782707241376,-116.19356090167395
2025-12-04,PE,26033.75,27800.0,12.0,0.0739333856407551,0.1,1671.8,1668.65,1634.19,-37.61,-34.46,-2.24967,-2.06514,0.18929,-0.9999168748846082,7.921320877359663e-07,1.8901330052617398,-1317.417996619467,2765.110481610782
2025-12-04,PE,26033.75,26050.0,12.0,0.0739333856407551,0.1,137.25,137.5,118.93,-18.32,-18.57,-13.34791,-13.50545,0.08239,-0.39568008872351196,0.0009171609831836316,2188.4686560400005,-496.1890437996812,-656.9124276726288
2025-12-04,CE,26033.75,26050.0,12.0,0.0739333856407551,0.1,207.95,204.15,226.44,18.49,22.29,8.89156,10.91844,0.0637,0.6043199112764881,0.0009171609831836316,2188.4686560400005,738.3941592561292,-3249.5371540898304
2025-12-04,CE,26033.75,27300.0,12.0,0.0739333856407551,0.1,3.0,2.85,0.54,-2.46,-2.31,-82.0,-81.05263,0.09053,0.004139083391573186,2.9082362365089914e-05,69.39440256024672,5.1056334646404276,-64.59274309660842
2025-12-04,PE,26033.75,25050.0,12.0,0.0739333856407551,0.1,7.25,6.85,0.46,-6.79,-6.39,-93.65517,-93.28467,0.10556,-0.003564218067182228,2.543474306692599e-05,60.690695523463525,-4.440521829600118,-37.78912442572948
2025-12-04,PE,26033.75,25150.0,12.0,0.0739333856407551,0.1,8.5,8.05,1.01,-7.49,-7.04,-88.11765,-87.45342,0.10026,-0.007265908110302939,4.7946929444149565e-05,114.40778027609774,-9.055436556205565,-69.79840589625118
2025-12-04,CE,26033.75,26250.0,12.0,0.0739333856407551,0.1,110.8,109.0,126.04,15.24,17.04,13.75451,15.63303,0.06623,0.4170246565320296,0.00092920328617656,2217.2032000620106,510.98457699741203,-2794.283673652625
2025-12-04,CE,26033.75,27100.0,12.0,0.0739333856407551,0.1,4.7,3.65,2.13,-2.57,-1.52,-54.68085,-41.64384,0.07998,0.014453480724535409,8.733070589142752e-05,208.3827333014353,17.816477416792047,-199.1822328867845
2025-12-04,CE,26033.75,26300.0,12.0,0.0739333856407551,0.1,92.0,90.3,106.73,14.73,16.43,16.01087,18.19491,0.06623,0.371659752564338,0.0009002385106584448,2148.0893754304866,455.66507499431975,-2624.4596194254364
2025-12-04,PE,26033.75,24350.0,12.0,0.0739333856407551,0.1,2.9,2.9,0.0,-2.9,-2.9,-100.0,-100.0,0.14294,-4.343967649368463e-06,4.8131890607886345e-08,0.11484912232710558,-0.005403215458027829,-0.0778106842790192
2025-12-04,CE,26033.75,27800.0,12.0,0.0739333856407551,0.1,1.4,1.35,0.01,-1.39,-1.34,-99.28571,-99.25926,0.11198,8.312511539179193e-05,7.921320877359663e-07,1.8901330052617398,0.10265769729027957,-1.6828924544081112
2025-12-04,PE,26033.75,27050.0,12.0,0.0739333856407551,0.1,933.75,933.75,890.68,-43.07,-43.07,-4.61258,-4.61258,0.13198,-0.9807873335562011,0.0001114111791986708,265.84196022207993,-1258.2976766521306,2436.0518612412448
2025-12-04,PE,26033.75,24000.0,12.0,0.0739333856407551,0.1,2.35,2.2,0.0,-2.35,-2.2,-100.0,-100.0,0.16242,-4.5239955990623854e-08,5.946338650839571e-10,0.0014188758564924776,-5.6243626772751806e-05,-0.0009833624904585796
2025-12-04,CE,26033.75,26450.0,12.0,0.0739333856407551,0.1,51.55,50.7,61.58,10.03,10.88,19.45684,21.45957,0.06775,0.24826214822254994,0.0007537767812242671,1798.6121189258517,304.8389411835209,-2036.4253522555414
2025-12-04,PE,26033.75,24900.0,12.0,0.0739333856407551,0.1,5.75,5.4,0.13,-5.62,-5.27,-97.73913,-97.59259,0.11322,-0.0010954591229378027,8.715739498048944e-06,20.796919031030072,-1.364175843551168,-13.279890394579956
2025-12-04,PE,26033.75,27000.0,12.0,0.0739333856407551,0.1,875.9,880.0,841.98,-33.92,-38.02,-3.87259,-4.32045,0.12348,-0.9747445775725366,0.0001403396107607783,334.8690633183256,-1248.4872435742354,2361.8641737324365
2025-12-04,CE,26033.75,27950.0,12.0,0.0739333856407551,0.1,1.5,1.45,0.0,-1.5,-1.45,-100.0,-100.0,0.12166,2.0748060339214648e-05,2.1340258493184355e-07,0.5092070822944581,0.025629992213934798,-0.44912072130520203
2025-12-04,PE,26033.75,27600.0,12.0,0.0739333856407551,0.1,1480.0,1475.6,1435.18,-44.82,-40.42,-3.02838,-2.73922,0.17889,-0.9995465473262342,3.865067803994177e-06,9.2225682269533,-1307.4823102649057,2738.5533667764257
2025-12-04,CE,26033.75,24350.0,12.0,0.0739333856407551,0.1,1774.3,1770.55,1799.43,25.13,28.88,1.41633,1.63113,,0.9999956560323506,4.8131890607886345e-08,0.11484912232710558,1154.0099900440036,-2423.5101365291493
2025-12-04,CE,26033.75,27600.0,12.0,0.0739333856407551,0.1,1.6,1.5,0.05,-1.55,-1.45,-96.875,-96.66667,0.10146,0.000453452673765823,3.865067803994177e-06,9.2225682269533,0.5597781934579033,-8.335018986137488
2025-12-04,CE,26033.75,27850.0,12.0,0.0739333856407551,0.1,1.45,1.4,0.01,-1.44,-1.39,-99.31034,-99.28571,0.11537,5.291357562970265e-05,5.175638590092058e-07,1.2349765239784214,0.06535296375792886,-1.0959541777396973
2025-12-04,PE,26033.75,25650.0,12.0,0.0739333856407551,0.1,35.75,36.25,22.6,-13.15,-13.65,-36.78322,-37.65517,0.08545,-0.11053760212149055,0.0004492528451830224,1071.9773173375238,-138.10974780158807,-542.1461098256664
2025-12-04,CE,26033.75,24000.0,12.0,0.0739333856407551,0.1,2085.5,2085.5,2147.76,62.26,62.26,2.98538,2.98538,,0.999999954760044,5.946338650839571e-10,0.0014188758564924776,1137.4278467636457,-2388.5995796777624
2025-12-04,CE,26033.75,26100.0,12.0,0.0739333856407551,0.1,179.15,177.45,197.83,18.68,20.38,10.42702,11.48493,0.06483,0.5579171272949895,0.0009397953325916218,2242.4772381073494,682.2308156389116,-3173.5210244155783
2025-12-04,PE,26033.75,25750.0,12.0,0.0739333856407551,0.1,51.05,51.65,36.44,-14.61,-15.21,-28.619,-29.44821,0.08419,-0.16292759276586072,0.0005861789094992831,1398.7012027244546,-203.71710953356575,-658.0065818602704
2025-12-04,CE,26033.75,26000.0,12.0,0.0739333856407551,0.1,236.1,235.95,257.33,21.23,21.38,8.99195,9.06124,0.06366,0.6493726863655483,0.0008824392826302114,2105.6180390394807,792.7749659771612,-3299.4198687226217
2025-12-04,PE,26033.75,25800.0,12.0,0.0739333856407551,0.1,61.0,61.1,45.53,-15.47,-15.57,-25.36066,-25.48282,0.08349,-0.19427248135660524,0.0006549308204477814,1562.7524488114427,-243.00802723015212,-702.848727136294
2025-12-04,PE,26033.75,27900.0,12.0,0.0739333856407551,0.1,1786.9,1778.6,1733.71,-53.19,-44.89,-2.97666,-2.5239,0.21046,-0.9999666846940714,3.342633363353069e-07,0.7975969844398751,-1322.2187863602708,2776.0402763794855
2025-12-04,PE,26033.75,25300.0,12.0,0.0739333856407551,0.1,12.0,11.75,2.92,-9.08,-8.83,-75.66667,-75.14894,0.09445,-0.018981107806988952,0.00011026844643651378,263.11524716072637,-23.670156819336327,-154.5491815605078
2025-12-04,CE,26033.75,24700.0,12.0,0.0739333856407551,0.1,1385.0,1385.0,1451.11,66.11,66.11,4.77329,4.77329,,0.9998166194014461,1.663789372076021e-06,3.9700237557007196,1170.3746335994852,-2460.8686621809175
2025-12-04,PE,26033.75,27750.0,12.0,0.0739333856407551,0.1,1629.3,1631.7,1584.43,-44.87,-47.27,-2.75394,-2.89698,0.19979,-0.9998708409797776,1.1982898614435886e-06,2.859279723737173,-1314.9915192564774,2759.262530018669
2025-12-04,PE,26033.75,26600.0,12.0,0.0739333856407551,0.1,506.3,510.5,472.66,-33.64,-37.84,-6.64428,-7.41234,0.09868,-0.8486083932654349,0.0005585404921367887,1332.7522458789363,-1074.529312462444,1221.895255710559
2025-12-04,CE,26033.75,26400.0,12.0,0.0739333856407551,0.1,62.75,61.35,74.62,11.87,13.27,18.91633,21.62999,0.06696,0.2868234705414522,0.0008107548606479523,1934.5694297866505,352.0225994937597,-2241.054769799833
2025-12-04,PE,26033.75,25700.0,12.0,0.0739333856407551,0.1,42.7,43.0,28.86,-13.84,-14.14,-32.41218,-32.88372,0.08456,-0.13502050822088674,0.0005169807587210308,1233.5851687775391,-168.7593655795576,-603.2381763243598
2025-12-04,CE,26033.75,26150.0,12.0,0.0739333856407551,0.1,154.25,152.0,171.55,17.3,19.55,11.21556,12.86184,0.0653,0.5107955158963419,0.0009494745783447037,2265.5732118056626,625.0651559805854,-3071.402556200048
2025-12-04,PE,26033.75,25900.0,12.0,0.0739333856407551,0.1,85.45,86.5,68.86,-16.59,-17.64,-19.41486,-20.39306,0.08319,-0.26681273704524544,0.0007825309920969237,1867.2235081778672,-334.0472559961276,-748.0273973379101
2025-12-04,CE,26033.75,25650.0,12.0,0.0739333856407551,0.1,501.65,498.8,528.2,26.55,29.4,5.29253,5.89415,,0.8894623978785094,0.0004492528451830224,1071.9773173375238,1077.5163235374343,-3094.960859637614
2025-12-04,PE,26033.75,24700.0,12.0,0.0739333856407551,0.1,4.4,4.1,0.02,-4.38,-4.08,-99.54545,-99.5122,0.12359,-0.00018338059855389422,1.663789372076021e-06,3.9700237557007196,-0.22824991216617074,-2.6026068064494345
2025-12-04,PE,26033.75,24750.0,12.0,0.0739333856407551,0.1,4.65,4.05,0.03,-4.62,-4.02,-99.35484,-99.25926,0.11963,-0.0002934795533934091,2.5801084120918604e-06,6.156483422842735,-0.3653299300880458,-4.012088609280557
2025-12-04,PE,26033.75,24800.0,12.0,0.0739333856407551,0.1,5.15,5.0,0.05,-5.1,-4.95,-99.02913,-99.0,0.11958,-0.00046236518520099826,3.935414063554148e-06,9.390423801862582,-0.5756324729348157,-6.080962961705824
2025-12-04,PE,26033.75,27850.0,12.0,0.0739333856407551,0.1,1727.35,1727.2,1683.95,-43.4,-43.25,-2.51252,-2.50405,0.2042,-0.9999470864243702,5.175638590092058e-07,1.2349765239784214,-1319.8249428175977,2770.6736669631073
2025-12-04,CE,26033.75,25500.0,12.0,0.0739333856407551,0.1,637.95,633.45,665.01,27.06,31.56,4.24171,4.98224,,0.9437673198162834,0.0002695244407169238,643.1213291457705,1138.3233425576325,-2889.7344604070854
2025-12-04,CE,26033.75,24250.0,12.0,0.0739333856407551,0.1,1864.95,1860.85,1898.95,34.0,38.1,1.82311,2.04745,,0.999998715418718,1.4983988043418393e-08,0.035753797617592016,1149.2745127616683,-2413.504232492231
2025-12-04,PE,26033.75,25000.0,12.0,0.0739333856407551,0.1,6.85,6.5,0.31,-6.54,-6.19,-95.47445,-95.23077,0.10864,-0.002441708680155979,1.808744193087134e-05,43.159053273562755,-3.0415489285360393,-27.117144010498517
2025-12-04,PE,26033.75,27250.0,12.0,0.0739333856407551,0.1,1129.8,1126.35,1087.57,-42.23,-38.78,-3.73783,-3.44298,0.14566,-0.9942460175105666,3.900557999308598e-05,93.07252575139094,-1284.3580658139692,2624.899685350501
2025-12-04,PE,26033.75,27950.0,12.0,0.0739333856407551,0.1,1836.7,1828.5,1783.47,-53.23,-45.03,-2.89813,-2.46267,0.21498,-0.9999792519396608,2.1340258493184355e-07,0.5092070822944581,-1324.6039487183389,2781.272994570855
2025-12-04,PE,26033.75,27700.0,12.0,0.0739333856407551,0.1,1578.85,1573.95,1534.68,-44.17,-39.27,-2.79761,-2.495,0.18646,-0.999801513608174,1.7915492147806911e-06,4.274875811540725,-1312.536292137507,2753.007625048385
2025-12-04,PE,26033.75,24100.0,12.0,0.0739333856407551,0.1,2.5,2.2,0.0,-2.5,-2.2,-100.0,-100.0,0.15546,-1.817419077683782e-07,2.280697440318933e-09,0.005442048837187955,-0.0002259755322162396,-0.0037501168835801174
2025-12-04,PE,26033.75,26950.0,12.0,0.0739333856407551,0.1,829.25,825.45,793.6,-35.65,-31.85,-4.29907,-3.8585,0.11425,-0.967168953893811,0.00017453818162699306,416.4714229850897,-1236.7920943103475,2273.9564036506677
2025-12-04,PE,26033.75,24950.0,12.0,0.0739333856407551,0.1,6.35,6.1,0.2,-6.15,-5.9,-96.85039,-96.72131,0.11148,-0.0016478843002305083,1.2657557656504639e-05,30.202623859036713,-2.0524026850248864,-19.136267851342485
2025-12-04,CE,26033.75,26950.0,12.0,0.0739333856407551,0.1,7.0,6.95,5.38,-1.62,-1.57,-23.14286,-22.58993,0.07743,0.032831046106189005,0.00017453818162699306,416.4714229850897,40.44465510823544,-408.24077012835653
2025-12-04,PE,26033.75,27550.0,12.0,0.0739333856407551,0.1,1426.55,1421.5,1385.45,-41.1,-36.05,-2.88108,-2.53605,0.16954,-0.9993259318978933,5.576498880912592e-06,13.306271456246513,-1304.8404181317512,2729.8352122370175
2025-12-04,PE,26033.75,26800.0,12.0,0.0739333856407551,0.1,691.55,691.05,651.31,-40.24,-39.74,-5.81881,-5.75067,0.11031,-0.9325132525690194,0.0003107847870002327,741.5740285453252,-1187.0538084120399,1917.1286720123803
2025-12-04,PE,26033.75,27450.0,12.0,0.0739333856407551,0.1,1328.3,1324.95,1286.02,-42.28,-38.93,-3.18302,-2.93822,0.16382,-0.9985594150213793,1.1197144519176733e-05,26.717882974380856,-1299.1554296756005,2707.485295091542
2025-12-04,PE,26033.75,25400.0,12.0,0.0739333856407551,0.1,15.65,15.75,5.58,-10.07,-10.17,-64.34505,-64.57143,0.09121,-0.03356853965064605,0.00017776146117515806,424.1625986785083,-41.880676542489354,-241.3282375768439
2025-12-04,PE,26033.75,26200.0,12.0,0.0739333856407551,0.1,210.75,212.2,189.42,-21.33,-22.78,-10.121,-10.73516,0.08402,-0.5363874189913809,0.0009458687263423108,2256.9691671174946,-673.9805530219153,-336.72724267778995
2025-12-04,CE,26033.75,26700.0,12.0,0.0739333856407551,0.1,17.6,16.7,20.54,2.94,3.84,16.70455,22.99401,0.07,0.10328322743776663,0.0004277806685568417,1020.7418348159756,127.06256954029286,-1059.2338430221805
2025-12-04,CE,26033.75,24750.0,12.0,0.0739333856407551,0.1,1377.85,1380.75,1401.36,23.51,20.61,1.70628,1.49267,,0.9997065204466066,2.5801084120918604e-06,6.156483422842735,1172.6071950461615,-2467.254391059405
2025-12-04,CE,26033.75,26550.0,12.0,0.0739333856407551,0.1,33.9,32.6,40.82,6.92,8.22,20.41298,25.21472,0.06823,0.18039385170046807,0.0006255931332549448,1492.748807095936,221.6910853062412,-1624.372997951017
2025-12-04,CE,26033.75,27050.0,12.0,0.0739333856407551,0.1,5.3,4.75,2.93,-2.37,-1.82,-44.71698,-38.31579,0.07975,0.019212666443798973,0.0001114111791986708,265.84196022207993,23.678355695649465,-256.09780668909366
2025-12-04,PE,26033.75,27350.0,12.0,0.0739333856407551,0.1,1258.65,1258.65,1186.69,-71.96,-71.96,-5.71724,-5.71724,0.18432,-0.997055745247853,2.1417770834267044e-05,51.10566303239319,-1292.561553650295,2674.7059083849153
2025-12-04,PE,26033.75,23950.0,12.0,0.0739333856407551,0.1,2.5,2.3,0.0,-2.5,-2.3,-100.0,-100.0,0.16678,-2.1982192512765787e-08,2.9550523818038095e-10,0.0007051149834226179,-2.7327262381819665e-05,-0.0004899938978979989
2025-12-04,CE,26033.75,24400.0,12.0,0.0739333856407551,0.1,1718.1,1714.0,1749.66,31.56,35.66,1.83691,2.08051,,0.9999922107891371,8.404330952016433e-08,0.20053856630087646,1156.3753453589482,-2428.5439034529513
2025-12-04,CE,26033.75,24100.0,12.0,0.0739333856407551,0.1,2021.2,2018.55,2048.24,27.04,29.69,1.33782,1.47086,,0.9999998182580923,2.280697440318933e-09,0.005442048837187955,1142.1669599609372,-2398.5548405834693
2025-12-04,CE,26033.75,23950.0,12.0,0.0739333856407551,0.1,2166.1,2162.0,2197.53,31.43,35.53,1.45099,1.64339,,0.9999999780178075,2.9550523818038095e-10,0.0007051149834226179,1135.0582342154116,-2383.622839233513
2025-12-04,PE,26033.75,26250.0,12.0,0.0739333856407551,0.1,240.6,248.35,217.59,-23.01,-30.76,-9.56359,-12.38575,0.08776,-0.5829753434679704,0.00092920328617656,2217.2032000620106,-733.0771919167923,-181.7539589327962
2025-12-04,CE,26033.75,25100.0,12.0,0.0739333856407551,0.1,1018.0,1018.0,1053.68,35.68,35.68,3.50491,3.50491,,0.9948736734485308,3.5199916689783244e-05,83.99170460065938,1183.1722528586592,-2549.864537415266
2025-12-04,CE,26033.75,25800.0,12.0,0.0739333856407551,0.1,379.7,375.0,401.84,22.14,26.84,5.83092,7.15733,0.05443,0.8057275186433948,0.0006549308204477814,1562.7524488114427,979.7269685026657,-3270.5922181752117
2025-12-04,PE,26033.75,27200.0,12.0,0.0739333856407551,0.1,1078.05,1075.85,1038.13,-39.92,-37.72,-3.70298,-3.50606,0.14018,-0.9920901698636244,5.166964334411089e-05,123.29067306683764,-1279.331174034334,2590.8848482556346
2025-12-04,CE,26033.75,27400.0,12.0,0.0739333856407551,0.1,2.35,2.3,0.25,-2.1,-2.05,-89.3617,-89.13043,0.09434,0.002071024955516227,1.5580818752709663e-05,37.177915437903344,2.555381286829155,-34.22753687593509
2025-12-04,PE,26033.75,24250.0,12.0,0.0739333856407551,0.1,3.0,3.0,0.0,-3.0,-3.0,-100.0,-100.0,0.15076,-1.2845812819651224e-06,1.4983988043418393e-08,0.035753797617592016,-0.001597568596480571,-0.024400798674911694
2025-12-04,CE,26033.75,24900.0,12.0,0.0739333856407551,0.1,1225.8,1226.35,1252.17,26.37,25.82,2.15125,2.10543,,0.9989045408770622,8.715739498048944e-06,20.796919031030072,1178.717273526494,-2491.450934071675
2025-12-04,CE,26033.75,25700.0,12.0,0.0739333856407551,0.1,461.75,459.0,484.7,22.95,25.7,4.97022,5.59913,0.04391,0.8649794917791133,0.0005169807587210308,1233.5851687775391,1049.2363472240634,-3161.029173211964
2025-12-04,PE,26033.75,24500.0,12.0,0.0739333856407551,0.1,3.55,3.4,0.0,-3.55,-3.4,-100.0,-100.0,0.13501,-2.3827545056246814e-05,2.433350962482642e-07,0.580630053848661,-0.029645480768816585,-0.3884879200864425
2025-12-04,PE,26033.75,25350.0,12.0,0.0739333856407551,0.1,13.55,13.2,4.06,-9.49,-9.14,-70.0369,-69.24242,0.09224,-0.025416415881586902,0.00014108867740540698,336.65643642197045,-31.70235985913143,-194.7716207913169
2025-12-04,CE,26033.75,25250.0,12.0,0.0739333856407551,0.1,882.85,879.15,905.78,22.93,26.63,2.59727,3.02906,,0.9860211252170283,8.485462834743495e-05,202.47448143038153,1179.2404450762015,-2633.5859857990686
2025-12-04,CE,26033.75,24500.0,12.0,0.0739333856407551,0.1,1620.15,1620.15,1650.14,29.99,29.99,1.85106,1.85106,,0.9999761724549437,2.433350962482642e-07,0.580630053848661,1161.0946721724883,-2438.7495549919267
2025-12-04,PE,26033.75,24550.0,12.0,0.0739333856407551,0.1,3.5,3.15,0.0,-3.5,-3.15,-100.0,-100.0,0.13,-4.0660506224592214e-05,4.035762587548725e-07,0.9629868788586401,-0.05059334336731562,-0.6413212218858884
2025-12-04,CE,26033.75,24850.0,12.0,0.0739333856407551,0.1,1279.05,1282.05,1301.88,22.83,19.83,1.78492,1.54674,,0.9992828054710948,5.904707922075719e-06,14.0894220834365,1176.8188054505197,-2482.2571175477674
2025-12-04,CE,26033.75,27000.0,12.0,0.0739333856407551,0.1,6.25,5.9,3.99,-2.26,-1.91,-36.16,-32.37288,0.07896,0.025255422427463363,0.0001403396107607783,334.8690633183256,31.119147308945966,-325.30924712224476
2025-12-04,CE,26033.75,25150.0,12.0,0.0739333856407551,0.1,974.0,973.9,1004.23,30.23,30.33,3.1037,3.11428,,0.9927340918896971,4.7946929444149565e-05,114.40778027609774,1182.8742201368318,-2572.8506849516302
2025-12-04,PE,26033.75,27400.0,12.0,0.0739333856407551,0.1,1272.35,1269.4,1236.34,-36.01,-33.06,-2.8302,-2.60438,0.15292,-0.9979289750444837,1.5580818752709663e-05,37.177915437903344,-1296.00814131314,2692.7558605840004
2025-12-04,PE,26033.75,24050.0,12.0,0.0739333856407551,0.1,2.4,2.15,0.0,-2.4,-2.15,-100.0,-100.0,0.1585,-9.147416108564317e-08,1.1750812832291193e-09,0.0028039009550096666,-0.00011373041698099143,-0.001937835975694636
2025-12-04,CE,26033.75,24650.0,12.0,0.0739333856407551,0.1,1476.3,1479.0,1500.86,24.56,21.86,1.66362,1.47803,,0.9998872151108412,1.0551851073346785e-06,2.517812658914424,1168.0928765414324,-2454.949620086976
2025-12-04,CE,26033.75,25050.0,12.0,0.0739333856407551,0.1,1080.1,1077.5,1103.21,23.11,25.71,2.13962,2.38608,,0.9964357819328178,2.543474306692599e-05,60.690695523463525,1182.7498519342405,-2530.8889093297953
2025-12-05,PE,26186.45,26000.0,11.0,0.07570437809602096,0.1,61.75,61.65,56.12,-5.63,-5.53,-9.11741,-8.96999,0.07899,-0.23096916531843642,0.0007348481329419766,1665.1907472072794,-266.461221597309,-833.5471078862121
2025-12-05,PE,26186.45,27150.0,11.0,0.07570437809602096,0.1,898.05,895.35,848.79,-49.26,-46.56,-5.48522,-5.2002,0.13601,-0.9772883935331506,0.0001301688500653702,294.9670210573714,-1154.148864523352,2388.2667481911326
2025-12-05,CE,26186.45,26300.0,11.0,0.07570437809602096,0.1,126.5,126.5,165.73,39.23,39.23,31.01186,31.01186,0.05773,0.5041194700513504,0.000963148419832698,2182.5269263075866,569.0041301891941,-3196.1351253312396
2025-12-05,PE,26186.45,25500.0,11.0,0.07570437809602096,0.1,10.3,10.15,3.9,-6.4,-6.25,-62.13592,-61.57635,0.09004,-0.024802722264295286,0.00014017448395051022,317.64012617743896,-28.521159411853247,-210.10518703249852
2025-12-05,CE,26186.45,25300.0,11.0,0.07570437809602096,0.1,952.55,953.6,997.59,45.04,43.99,4.72836,4.61305,,0.9930759775673454,4.6597861691097356e-05,105.59233214216616,1091.599341186389,-2592.3202208454486
2025-12-05,CE,26186.45,25500.0,11.0,0.07570437809602096,0.1,763.75,763.6,801.42,37.67,37.82,4.93224,4.95285,,0.9751972777357047,0.00014017448395051022,317.64012617743896,1079.72591862795,-2748.99849308732
2025-12-05,PE,26186.45,25400.0,11.0,0.07570437809602096,0.1,8.4,7.85,1.97,-6.43,-5.88,-76.54762,-74.90446,0.09437,-0.013491077373928724,8.345308132260367e-05,189.1075075444315,-15.506976929830358,-128.46124810115342
2025-12-05,PE,26186.45,25300.0,11.0,0.07570437809602096,0.1,7.1,6.95,0.94,-6.16,-6.01,-86.76056,-86.47482,0.10084,-0.006924022432654545,4.6597861691097356e-05,105.59233214216616,-7.955602908003952,-73.3398034655662
2025-12-05,CE,26186.45,25650.0,11.0,0.07570437809602096,0.1,621.05,617.75,658.03,36.98,40.28,5.95443,6.52044,,0.9443675600888936,0.00027101640296716816,614.1323442648821,1050.7447607669767,-2939.7112615838255
2025-12-05,PE,26186.45,26050.0,11.0,0.07570437809602096,0.1,74.45,74.2,68.82,-5.63,-5.38,-7.56212,-7.25067,0.07866,-0.26954464699293945,0.0007976306986182141,1807.4581665058174,-311.1095166804937,-854.6304299835098
2025-12-05,CE,26186.45,26050.0,11.0,0.07570437809602096,0.1,278.75,279.95,318.73,39.98,38.78,14.3426,13.85247,0.05247,0.7304553530070605,0.0007976306986182141,1807.4581665058174,821.0409297091876,-3448.2841798944164
2025-12-05,CE,26186.45,24800.0,11.0,0.07570437809602096,0.1,1411.45,1411.45,1494.48,83.03,83.03,5.8826,5.8826,,0.9999016361514794,9.410294827317493e-07,2.1324046660099367,1077.711746506972,-2470.7887718619045
2025-12-05,PE,26186.45,27850.0,11.0,0.07570437809602096,0.1,1592.2,1588.1,1542.26,-49.94,-45.84,-3.13654,-2.88647,0.20194,-0.999846985712652,1.4243215812777005e-06,3.227560922956773,-1210.2054234845875,2769.671797251294
2025-12-05,CE,26186.45,27300.0,11.0,0.07570437809602096,0.1,2.45,2.1,1.31,-1.14,-0.79,-46.53061,-37.61905,0.08054,0.009410504717295667,6.102146589774199e-05,138.27670757920777,10.699763662785024,-144.420110500981
2025-12-05,CE,26186.45,26650.0,11.0,0.07570437809602096,0.1,23.95,24.25,47.23,23.28,22.98,97.20251,94.76289,0.05946,0.20454095834506264,0.0006850742175401232,1552.4013698326366,231.74076351394177,-1877.076213921252
2025-12-05,PE,26186.45,27950.0,11.0,0.07570437809602096,0.1,1695.55,1690.7,1641.82,-53.73,-48.88,-3.16888,-2.89111,0.21467,-0.999937664069078,6.125803781281944e-07,1.3881278754781154,-1214.654727400574,2781.4598294041443
2025-12-05,CE,26186.45,25250.0,11.0,0.07570437809602096,0.1,985.9,985.9,1047.06,61.16,61.16,6.20347,6.20347,,0.9951487245078007,3.3984582124774035e-05,77.01021362783814,1091.8088381088496,-2568.0149110808998
2025-12-05,CE,26186.45,25550.0,11.0,0.07570437809602096,0.1,715.0,719.0,753.11,38.11,34.11,5.33007,4.74409,,0.9670793904116408,0.00017739430552686633,401.98150193017267,1072.555063687887,-2805.708119614591
2025-12-05,PE,26186.45,25850.0,11.0,0.07570437809602096,0.1,35.05,33.75,28.54,-6.51,-5.21,-18.57347,-15.43704,0.07995,-0.13534612961728,0.000525128514640454,1189.9589921704703,-155.95428967323437,-674.6068353136995
2025-12-05,CE,26186.45,24350.0,11.0,0.07570437809602096,0.1,1854.2,1854.2,1942.51,88.31,88.31,4.7627,4.7627,,0.9999994720661848,6.464189824345079e-09,0.014648072984273069,1058.2667025706594,-2424.4055117373473
2025-12-05,CE,26186.45,24700.0,11.0,0.07570437809602096,0.1,1511.05,1511.05,1594.04,82.99,82.99,5.49221,5.49221,,0.9999653437257996,3.518674926646413e-07,0.7973436506974844,1073.4387856060546,-2459.84209639349
2025-12-05,CE,26186.45,26000.0,11.0,0.07570437809602096,0.1,316.55,314.25,355.82,39.27,41.57,12.40562,13.22832,0.04642,0.7690308346815635,0.0007348481329419766,1665.1907472072794,863.51619130602,-3422.2226356283836
2025-12-05,CE,26186.45,24050.0,11.0,0.07570437809602096,0.1,2159.45,2159.45,2241.2,81.75,81.75,3.78569,3.78569,,0.9999999926363424,1.0367905051486198e-10,0.00023494023847539164,1045.2290984962,-2394.525047558257
2025-12-05,PE,26186.45,25150.0,11.0,0.07570437809602096,0.1,5.75,5.1,0.28,-5.47,-4.82,-95.13043,-94.5098,0.1079,-0.002275958211645365,1.7211358254427455e-05,39.00152048750627,-2.6137480803417623,-27.832669626538983
2025-12-05,PE,26186.45,25250.0,11.0,0.07570437809602096,0.1,6.75,6.55,0.64,-6.11,-5.91,-90.51852,-90.22901,0.10402,-0.004851275492199335,3.3984582124774035e-05,77.01021362783814,-5.573072499190878,-54.012715869752526
2025-12-05,PE,26186.45,26350.0,11.0,0.07570437809602096,0.1,199.45,198.45,190.92,-8.53,-7.53,-4.27676,-3.79441,0.07917,-0.5436992343416948,0.0009574154935006073,2169.5359211533664,-629.8143692340249,-438.4856564961058
2025-12-05,PE,26186.45,24800.0,11.0,0.07570437809602096,0.1,4.05,4.0,0.01,-4.04,-3.99,-99.75309,-99.75,0.13124,-9.836384852061628e-05,9.410294827317493e-07,2.1324046660099367,-0.1128627238954475,-1.5905761693719096
2025-12-05,CE,26186.45,25100.0,11.0,0.07570437809602096,0.1,1108.75,1108.75,1195.96,87.21,87.21,7.86561,7.86561,,0.9984765321401894,1.1949472146470138e-05,27.077908428032075,1089.1134923526072,-2518.5408591558216
2025-12-05,CE,26186.45,24850.0,11.0,0.07570437809602096,0.1,1409.95,1413.4,1444.7,34.75,31.3,2.46463,2.21452,,0.9998383281007123,1.4996329206214825e-06,3.3982189675420966,1079.8121203079147,-2476.6981998645006
2025-12-05,PE,26186.45,25100.0,11.0,0.07570437809602096,0.1,5.45,4.9,0.18,-5.27,-4.72,-96.69725,-96.32653,0.11124,-0.0015234678598106256,1.1949472146470138e-05,27.077908428032075,-1.749317796375578,-19.47333045087884
2025-12-05,CE,26186.45,24950.0,11.0,0.07570437809602096,0.1,1280.5,1280.5,1345.17,64.67,64.67,5.05037,5.05037,,0.9995840092416273,3.61833518326118e-06,8.19927002241812,1083.8662392391086,-2490.14909356359
2025-12-05,CE,26186.45,25950.0,11.0,0.07570437809602096,0.1,355.15,353.4,394.76,39.61,41.36,11.15303,11.70345,0.03814,0.8043772434982503,0.0006669579904513743,1511.3493859326209,902.2191366763549,-3377.482607097364
2025-12-05,CE,26186.45,27100.0,11.0,0.07570437809602096,0.1,3.5,3.4,4.74,1.24,1.34,35.42857,39.41176,0.0717,0.02977086784347211,0.00016323797106351375,369.9027687797306,33.822791509301325,-398.24954440082524
2025-12-05,CE,26186.45,24100.0,11.0,0.07570437809602096,0.1,2112.75,2112.75,2191.42,78.67,78.67,3.72358,3.72358,,0.9999999842962196,2.162626438933482e-10,0.0004900584725391432,1047.4021224230485,-2399.503469055171
2025-12-05,CE,26186.45,25000.0,11.0,0.07570437809602096,0.1,1251.25,1253.95,1295.41,44.16,41.46,3.52927,3.30635,,0.9993485829069958,5.479466943961773e-06,12.416657599963923,1085.7689586348001,-2498.165197331197
2025-12-05,PE,26186.45,25650.0,11.0,0.07570437809602096,0.1,16.65,15.75,9.86,-6.79,-5.89,-40.78078,-37.39683,0.08415,-0.05563243991110641,0.00027101640296716816,614.1323442648821,-64.0214177318842,-385.8832890227988
2025-12-05,PE,26186.45,26300.0,11.0,0.07570437809602096,0.1,172.0,172.0,164.73,-7.27,-7.27,-4.22674,-4.22674,0.07904,-0.4958805299486497,0.000963148419832698,2182.5269263075866,-574.0114836322501,-577.590264576658
2025-12-05,PE,26186.45,26650.0,11.0,0.07570437809602096,0.1,420.4,414.4,394.71,-25.69,-19.69,-6.11085,-4.75145,0.08779,-0.7954590416549374,0.0006850742175401232,1552.4013698326366,-926.4860847119704,776.3162020144739
2025-12-05,CE,26186.45,24450.0,11.0,0.07570437809602096,0.1,1784.85,1784.85,1842.94,58.09,58.09,3.25462,3.25462,,0.9999980980070264,2.214103658426098e-08,0.05017233847500355,1062.6111938477582,-2434.389151494493
2025-12-05,CE,26186.45,27800.0,11.0,0.07570437809602096,0.1,1.2,1.2,0.02,-1.18,-1.18,-98.33333,-98.33333,0.10616,0.00023567364996088434,2.1327058434345004e-06,4.832783643042121,0.26832101900457317,-4.805492052747743
2025-12-05,PE,26186.45,27700.0,11.0,0.07570437809602096,0.1,1446.0,1442.7,1392.96,-53.04,-49.74,-3.66805,-3.4477,0.19188,-0.9994597810617698,4.609270196605924e-06,10.444762310326919,-1203.245629247469,2747.4690784925583
2025-12-05,CE,26186.45,24650.0,11.0,0.07570437809602096,0.1,1577.15,1577.15,1643.82,66.67,66.67,4.22725,4.22725,,0.999979936491997,2.096271020515499e-07,0.47502211008227385,1071.2824946574776,-2454.6227257545515
2025-12-05,CE,26186.45,23950.0,11.0,0.07570437809602096,0.1,2267.4,2267.4,2340.77,73.37,73.37,3.23586,3.23586,,0.9999999984681166,2.251816415766685e-11,5.10269223238296e-05,1040.883038207392,-2384.568459050856
2025-12-05,CE,26186.45,26500.0,11.0,0.07570437809602096,0.1,53.95,54.25,85.28,31.33,31.03,58.07229,57.19816,0.05934,0.3196610289809442,0.0008630269209953769,1955.6482203728517,361.6689818605335,-2524.4091829475433
2025-12-05,CE,26186.45,27500.0,11.0,0.07570437809602096,0.1,1.5,1.45,0.3,-1.2,-1.15,-80.0,-79.31034,0.08966,0.0024728495055324783,1.855365425636908e-05,42.04320867074753,2.8133912285213016,-42.90338042016721
2025-12-05,PE,26186.45,24100.0,11.0,0.07570437809602096,0.1,2.5,2.1,0.0,-2.5,-2.1,-100.0,-100.0,0.17083,-1.570378033260865e-08,2.162626438933482e-10,0.0004900584725391432,-1.7998883330340618e-05,-0.00038372492715930945
2025-12-05,CE,26186.45,26150.0,11.0,0.07570437809602096,0.1,210.4,210.05,250.73,40.33,40.68,19.16825,19.36682,0.05524,0.6450358384075816,0.0008988233865995807,2036.7642233055974,726.3695798463949,-3430.2455897890595
2025-12-05,PE,26186.45,26750.0,11.0,0.07570437809602096,0.1,505.0,503.0,477.43,-27.57,-25.57,-5.45941,-5.0835,0.09409,-0.8559514104619903,0.0005478572310094231,1241.4630329332635,-999.2434158548335,1212.6296852752548
2025-12-05,CE,26186.45,26850.0,11.0,0.07570437809602096,0.1,8.5,8.15,18.81,10.31,10.66,121.29412,130.79755,0.06214,0.09710649373777702,0.0004147093606390656,939.745451011367,110.17760464031244,-1067.3158271859809
2025-12-05,CE,26186.45,27150.0,11.0,0.07570437809602096,0.1,3.35,3.45,3.49,0.14,0.04,4.1791,1.15942,0.07556,0.022711606466849416,0.0001301688500653702,294.9670210573714,25.808318566085582,-314.9078894319427
2025-12-05,CE,26186.45,26550.0,11.0,0.07570437809602096,0.1,41.75,41.3,70.68,28.93,29.38,69.29341,71.13801,0.05888,0.2783247737309974,0.0008103704867365536,1836.3269576819052,315.05655540756436,-2314.1538159651136
2025-12-05,PE,26186.45,24050.0,11.0,0.07570437809602096,0.1,2.15,2.15,0.0,-2.15,-2.15,-100.0,-100.0,0.17492,-7.363657523729213e-09,1.0367905051486198e-10,0.00023494023847539164,-8.43937905770865e-06,-0.00018439674843891363
2025-12-05,PE,26186.45,27650.0,11.0,0.07570437809602096,0.1,1390.0,1390.0,1343.21,-46.79,-46.79,-3.36619,-3.36619,0.18401,-0.9991960539463234,6.6519919554358405e-06,15.073638971283394,-1200.7725055536175,2737.789403771962
2025-12-05,PE,26186.45,27600.0,11.0,0.07570437809602096,0.1,1346.6,1343.05,1293.47,-53.13,-49.58,-3.94549,-3.6916,0.18201,-0.9988172600749851,9.481514809515963e-06,21.485433550882316,-1198.1685113707586,2726.263842911037
2025-12-05,CE,26186.45,25150.0,11.0,0.07570437809602096,0.1,1094.85,1094.85,1146.27,51.42,51.42,4.69653,4.69653,,0.9977240417883546,1.7211358254427455e-05,39.00152048750627,1090.4220955549936,-2531.8784205002166
2025-12-05,CE,26186.45,25850.0,11.0,0.07570437809602096,0.1,438.75,436.3,477.58,38.83,41.28,8.85014,9.46138,,0.86465387038272,0.000525128514640454,1189.9589921704703,967.504022771037,-3248.3476965496666
2025-12-05,CE,26186.45,24150.0,11.0,0.07570437809602096,0.1,2060.3,2060.3,2141.64,81.34,81.34,3.94797,3.94797,,0.9999999671167724,4.4273684049643384e-10,0.001003256669226183,1049.5751362169785,-2404.4820911349148
2025-12-05,PE,26186.45,27250.0,11.0,0.07570437809602096,0.1,992.0,988.55,946.69,-45.31,-41.86,-4.56754,-4.23448,0.14094,-0.987230671197373,7.958040847687475e-05,180.33189976837167,-1169.7871094406944,2523.49945029344
2025-12-05,PE,26186.45,27500.0,11.0,0.07570437809602096,0.1,1242.4,1244.25,1194.07,-48.33,-50.18,-3.89005,-4.03295,0.17281,-0.9975271504944675,1.855365425636908e-05,42.04320867074753,-1192.3550262653841,2695.118812384053
2025-12-05,PE,26186.45,27750.0,11.0,0.07570437809602096,0.1,1492.4,1492.4,1442.72,-49.68,-49.68,-3.32887,-3.32887,0.19662,-0.9996411379104435,3.154632378797181e-06,7.148503769047932,-1205.6250532333142,2755.7785035843876
2025-12-05,CE,26186.45,27350.0,11.0,0.07570437809602096,0.1,2.25,2.5,0.92,-1.33,-1.58,-59.11111,-63.2,0.08597,0.006855510223710848,4.6190451539801545e-05,104.66912694663813,7.7960524689745725,-108.62484804982697
2025-12-05,PE,26186.45,24850.0,11.0,0.07570437809602096,0.1,4.1,4.7,0.02,-4.08,-4.68,-99.5122,-99.57447,0.1304,-0.00016167189928772936,1.4996329206214825e-06,3.3982189675420966,-0.18552240930535321,-2.521782003232872
2025-12-05,PE,26186.45,25000.0,11.0,0.07570437809602096,0.1,5.05,4.55,0.07,-4.98,-4.48,-98.61386,-98.46154,0.11792,-0.000651417093004179,5.479466943961773e-06,12.416657599963923,-0.7477845414775579,-9.054112963724062
2025-12-05,PE,26186.45,24600.0,11.0,0.07570437809602096,0.1,3.35,2.95,0.0,-3.35,-2.95,-100.0,-100.0,0.14078,-1.1421431908718933e-05,1.227182452286947e-07,0.2780836982605107,-0.01309993826763594,-0.21113208077479242
2025-12-05,PE,26186.45,27550.0,11.0,0.07570437809602096,0.1,1288.05,1284.3,1243.76,-44.29,-40.54,-3.43853,-3.15658,0.16786,-0.9982799205842392,1.3346897738340783e-05,30.24452212844055,-1195.384230212998,2712.28978330099
2025-12-05,CE,26186.45,25750.0,11.0,0.07570437809602096,0.1,523.9,527.75,565.78,41.88,38.03,7.99389,7.20606,,0.9109333477133135,0.0003890454680441239,881.590201551418,1016.5539638956205,-3093.3118064648293
2025-12-05,PE,26186.45,25050.0,11.0,0.07570437809602096,0.1,5.1,4.6,0.12,-4.98,-4.48,-97.64706,-97.3913,0.11414,-0.00100404658325068,8.159633392119494e-06,18.490005507347163,-1.152732814600191,-13.39297303915599
2025-12-05,PE,26186.45,27100.0,11.0,0.07570437809602096,0.1,855.75,855.75,800.26,-55.49,-55.49,-6.48437,-6.48437,0.13867,-0.9702291321565278,0.00016323797106351375,369.9027687797306,-1143.9613580937837,2299.946871053515
2025-12-05,PE,26186.45,26850.0,11.0,0.07570437809602096,0.1,603.1,598.15,565.41,-37.69,-32.74,-6.24938,-5.47354,0.10328,-0.902893506262223,0.0004147093606390656,939.745451011367,-1056.7413775310097,1605.989477424685
2025-12-05,CE,26186.45,27000.0,11.0,0.07570437809602096,0.1,4.95,4.7,8.49,3.54,3.79,71.51515,80.6383,0.06779,0.04942639344086695,0.00024672718607350797,559.0921564830792,56.126778285179334,-613.403276127798
2025-12-05,CE,26186.45,26200.0,11.0,0.07570437809602096,0.1,179.85,179.95,220.06,40.21,40.11,22.35752,22.28952,0.05655,0.5991626511969801,0.0009332891433727345,2114.86479497662,675.2728577732511,-3380.9132770505494
2025-12-05,CE,26186.45,26100.0,11.0,0.07570437809602096,0.1,243.15,244.0,283.66,40.51,39.66,16.6605,16.2541,0.05422,0.6889779957866439,0.0008529989010518866,1932.9243876866924,775.1607671618206,-3451.976091428271
2025-12-05,PE,26186.45,26950.0,11.0,0.07570437809602096,0.1,683.35,683.35,657.35,-26.0,-26.0,-3.80479,-3.80479,0.10344,-0.9373929442347474,0.00029732686098927813,673.7527328719829,-1100.1894516342463,1936.1831086799484
2025-12-05,PE,26186.45,26250.0,11.0,0.07570437809602096,0.1,147.15,146.7,140.92,-6.23,-5.78,-4.23378,-3.94001,0.07837,-0.4480306226313249,0.0009550155486805913,2164.097564942132,-518.2770059214066,-689.2916952459811
2025-12-05,CE,26186.45,24000.0,11.0,0.07570437809602096,0.1,2246.65,2247.6,2290.98,44.33,43.38,1.97316,1.93006,,0.9999999966101053,4.877808688976541e-11,0.00011053279625291442,1043.056069564329,-2389.5467279423624
2025-12-05,PE,26186.45,25550.0,11.0,0.07570437809602096,0.1,12.0,11.5,5.38,-6.62,-6.12,-55.16667,-53.21739,0.08771,-0.032920609588359226,0.00017739430552686633,401.98150193017267,-37.86504783826894,-261.83659139103383
2025-12-05,CE,26186.45,26750.0,11.0,0.07570437809602096,0.1,13.9,13.6,30.39,16.49,16.79,118.63309,123.45588,0.06008,0.14404858953800975,0.0005478572310094231,1241.4630329332635,163.32949934378365,-1450.7191749979409
2025-12-05,PE,26186.45,26400.0,11.0,0.07570437809602096,0.1,228.7,230.0,219.47,-9.23,-10.53,-4.03585,-4.57826,0.08065,-0.590804111278501,0.0009381403432550591,2125.857778145209,-684.9043737749424,-274.40355897913764
2025-12-05,PE,26186.45,24350.0,11.0,0.07570437809602096,0.1,3.05,3.2,0.0,-3.05,-3.2,-100.0,-100.0,0.16112,-5.279338151826883e-07,6.464189824345079e-09,0.014648072984273069,-0.0006052830350940093,-0.01131556342896821
2025-12-05,PE,26186.45,27350.0,11.0,0.07570437809602096,0.1,1101.95,1098.5,1045.35,-56.6,-53.15,-5.13635,-4.83842,0.16074,-0.9931444897762891,4.6190451539801545e-05,104.66912694663813,-1180.8532645658734,2614.4626782481882
2025-12-05,PE,26186.45,27050.0,11.0,0.07570437809602096,0.1,805.95,802.8,752.11,-53.84,-50.69,-6.68032,-6.31415,0.13058,-0.96142057253859,0.00020202349971702052,457.7920897756131,-1131.7909837865734,2195.8516131136676
2025-12-05,PE,26186.45,25600.0,11.0,0.07570437809602096,0.1,14.3,14.2,7.33,-6.97,-6.87,-48.74126,-48.38028,0.087,-0.04309038157542205,0.0002209879854120202,500.76625639481546,-49.57475514456336,-320.67282907719147
2025-12-05,PE,26186.45,24450.0,11.0,0.07570437809602096,0.1,3.05,3.5,0.0,-3.05,-3.5,-100.0,-100.0,0.15544,-1.901992973612648e-06,2.214103658426098e-08,0.05017233847500355,-0.002180978641467928,-0.03851098310463931
2025-12-05,CE,26186.45,24500.0,11.0,0.07570437809602096,0.1,1769.75,1769.75,1793.16,23.41,23.41,1.32279,1.32279,,0.9999964829413016,3.988691234120576e-08,0.09038509371906933,1064.7823750551097,-2439.3980011227018
2025-12-05,PE,26186.45,27400.0,11.0,0.07570437809602096,0.1,1169.35,1169.35,1094.85,-74.5,-74.5,-6.37106,-6.37106,0.18369,-0.9950631940528863,3.451802800488221e-05,78.21902005173924,-1185.2073397713555,2647.3739233120655
2025-12-05,PE,26186.45,27200.0,11.0,0.07570437809602096,0.1,986.8,986.8,897.62,-89.18,-89.18,-9.03729,-9.03729,0.17317,-0.9828718524155691,0.00010244516864693278,232.14422039013542,-1162.6627028970981,2462.248550001914
2025-12-05,PE,26186.45,24750.0,11.0,0.07570437809602096,0.1,3.7,3.3,0.01,-3.69,-3.29,-99.72973,-99.69697,0.13154,-5.887145941509171e-05,5.804294818868384e-07,1.3152728561407327,-0.0675422045390867,-0.9858179599367867
2025-12-05,CE,26186.45,24400.0,11.0,0.07570437809602096,0.1,1818.85,1818.85,1892.73,73.88,73.88,4.06191,4.06191,,0.9999989891316539,1.2071877095214136e-08,0.027355282185851745,1060.439182283333,-2429.3934844348005
2025-12-05,PE,26186.45,25200.0,11.0,0.07570437809602096,0.1,6.2,6.0,0.42,-5.78,-5.58,-93.22581,-93.0,0.10663,-0.0033482290649143637,2.4384408044494927e-05,55.25589415224906,-3.8457609920236804,-39.10537036098963
2025-12-05,CE,26186.45,27850.0,11.0,0.07570437809602096,0.1,1.25,1.1,0.02,-1.23,-1.08,-98.4,-98.18182,0.10812,0.00015301428734800637,1.4243215812777005e-06,3.227560922956773,0.17422841378588802,-3.1979507340705986
2025-12-05,PE,26186.45,23950.0,11.0,0.07570437809602096,0.1,2.3,2.15,0.0,-2.3,-2.15,-100.0,-100.0,0.18213,-1.5318834083210725e-09,2.251816415766685e-11,5.10269223238296e-05,-1.7554821480753224e-06,-4.0226817170374313e-05
2025-12-05,PE,26186.45,27450.0,11.0,0.07570437809602096,0.1,1224.65,1224.65,1144.43,-80.22,-80.22,-6.55044,-6.55044,0.19352,-0.9964857598949008,2.5467999522935466e-05,57.711349126908864,-1188.9977622735307,2673.840853014216
2025-12-05,CE,26186.45,25050.0,11.0,0.07570437809602096,0.1,1198.55,1201.35,1245.67,47.12,44.32,3.93142,3.68918,,0.9989959534167493,8.159633392119494e-06,18.490005507347163,1087.53704384803,-2507.4822795753635
2025-12-05,PE,26186.45,26600.0,11.0,0.07570437809602096,0.1,374.8,374.85,355.74,-19.06,-19.11,-5.08538,-5.09804,0.08659,-0.7601482488701341,0.0007503143039522528,1700.2376143169913,-884.4228074290464,551.7554922807606
2025-12-05,PE,26186.45,25750.0,11.0,0.07570437809602096,0.1,24.0,23.2,17.18,-6.82,-6.02,-28.41667,-25.94828,0.08207,-0.08906665228668653,0.0003890454680441239,881.590201551418,-102.55828157594546,-529.5273895663322
2025-12-05,PE,26186.45,24200.0,11.0,0.07570437809602096,0.1,2.65,2.15,0.0,-2.65,-2.15,-100.0,-100.0,0.1641,-6.761773575454192e-08,8.896772982176756e-10,0.0020160388773953954,-7.750929238120423e-05,-0.0015706599982046917
2025-12-05,PE,26186.45,25350.0,11.0,0.07570437809602096,0.1,7.95,7.3,1.37,-6.58,-5.93,-82.7673,-81.23288,0.09743,-0.009736360505915212,6.286454413956105e-05,142.45318527177406,-11.189012004713103,-97.89658655724001
2025-12-05,CE,26186.45,26600.0,11.0,0.07570437809602096,0.1,31.4,30.85,58.05,26.65,27.2,84.87261,88.16856,0.05848,0.23985175112986584,0.0007503143039522528,1700.2376143169913,271.63100731051316,-2096.6587014862303
2025-12-05,CE,26186.45,26350.0,11.0,0.07570437809602096,0.1,104.75,103.05,142.14,37.39,39.09,35.69451,37.93304,0.05765,0.45630076565830524,0.0009574154935006073,2169.5359211533664,515.3742780737717,-3062.0087394194215
2025-12-05,CE,26186.45,27950.0,11.0,0.07570437809602096,0.1,1.15,1.15,0.01,-1.14,-1.14,-99.13043,-99.13043,0.11466,6.233593092195238e-05,6.125803781281944e-07,1.3881278754781154,0.07099147050438026,-1.3663629186903545
2025-12-05,CE,26186.45,25450.0,11.0,0.07570437809602096,0.1,797.0,797.0,850.09,53.09,53.09,6.66123,6.66123,,0.9815758664815342,0.00010902261781114349,247.04894287288923,1084.8924648945588,-2699.6207840323905
2025-12-05,CE,26186.45,25200.0,11.0,0.07570437809602096,0.1,1048.25,1048.25,1096.63,48.38,48.38,4.61531,4.61531,,0.9966517709350856,2.4384408044494927e-05,55.25589415224906,1091.3631161296644,-2548.129343403402
2025-12-05,CE,26186.45,27700.0,11.0,0.07570437809602096,0.1,1.25,1.25,0.06,-1.19,-1.19,-95.2,-95.2,0.10052,0.0005402189382301825,4.609270196605924e-06,10.444762310326919,0.6149221918467338,-10.466002986600826
2025-12-05,PE,26186.45,24000.0,11.0,0.07570437809602096,0.1,2.3,2.15,0.0,-2.3,-2.15,-100.0,-100.0,0.17852,-3.38989465126211e-09,4.877808688976541e-11,0.00011053279625291442,-3.8848976464154595e-06,-8.694958825931882e-05
2025-12-05,CE,26186.45,25700.0,11.0,0.07570437809602096,0.1,573.1,571.05,611.48,38.38,40.43,6.69691,7.07994,,0.929139128968623,0.0003272350248480211,741.5256447036448,1035.3695680078897,-3014.9583703082653
2025-12-05,PE,26186.45,26700.0,11.0,0.07570437809602096,0.1,462.9,462.15,435.33,-27.57,-26.82,-5.95593,-5.80331,0.0933,-0.8274199283229939,0.0006168804705103484,1397.8720303938155,-964.7923811689815,998.0739893537552
2025-12-05,PE,26186.45,26500.0,11.0,0.07570437809602096,0.1,297.75,297.5,283.41,-14.34,-14.09,-4.81612,-4.73613,0.08284,-0.6803389710190558,0.0008630269209953769,1955.6482203728517,-790.0387659063207,114.04856648197756
2025-12-05,PE,26186.45,24250.0,11.0,0.07570437809602096,0.1,2.8,2.35,0.0,-2.8,-2.35,-100.0,-100.0,0.16223,-1.3655863885797723e-07,1.755054957566544e-09,0.003977013950460473,-0.000156545215699573,-0.003090073537001889
2025-12-05,CE,26186.45,27900.0,11.0,0.07570437809602096,0.1,1.2,1.1,0.01,-1.19,-1.09,-99.16667,-99.09091,0.11112,9.822074872371689e-05,9.397430680239049e-07,2.1294896067309566,0.11184885644557667,-2.102842151018769
2025-12-05,CE,26186.45,26900.0,11.0,0.07570437809602096,0.1,6.65,6.75,14.57,7.92,7.82,119.09774,115.85185,0.06404,0.0784107776614955,0.00035352546408269235,801.1006700606822,88.99204389173097,-898.5545305906431
2025-12-05,PE,26186.45,26900.0,11.0,0.07570437809602096,0.1,651.95,652.0,610.96,-40.99,-41.04,-6.28729,-6.29448,0.11213,-0.9215892223385045,0.00035352546408269235,801.1006700606822,-1080.099971765944,1779.7289961887577
2025-12-05,PE,26186.45,26550.0,11.0,0.07570437809602096,0.1,337.65,336.7,318.59,-19.06,-18.11,-5.6449,-5.37868,0.08537,-0.7216752262690026,0.0008103704867365536,1836.3269576819052,-838.8242258456424,329.28215563314257
2025-12-05,CE,26186.45,25600.0,11.0,0.07570437809602096,0.1,669.4,663.95,705.28,35.88,41.33,5.36002,6.22487,,0.956909618424578,0.0002209879854120202,500.76625639481546,1063.018389867945,-2869.5225794694834
2025-12-05,CE,26186.45,27450.0,11.0,0.07570437809602096,0.1,1.55,1.6,0.44,-1.11,-1.16,-71.6129,-72.5,0.08752,0.0035142401050991157,2.5467999522935466e-05,57.711349126908864,3.997621734021996,-59.20311762126923
2025-12-05,CE,26186.45,24300.0,11.0,0.07570437809602096,0.1,1911.3,1911.3,1992.29,80.99,80.99,4.23743,4.23743,,0.999999729101503,3.3991364811705945e-09,0.0077025583426050745,1056.0939637999766,-2419.421941868222
2025-12-05,PE,26186.45,26100.0,11.0,0.07570437809602096,0.1,88.4,87.5,83.53,-4.87,-3.97,-5.50905,-4.53714,0.07775,-0.31102200421335613,0.0008529989010518866,1932.9243876866924,-359.1627127142133,-853.3441193486295
2025-12-05,CE,26186.45,24550.0,11.0,0.07570437809602096,0.1,1677.5,1677.5,1743.38,65.88,65.88,3.92727,3.92727,,0.999993607595942,7.058602897161798e-08,0.15995033130869243,1066.9521105845183,-2444.4289921104514
2025-12-05,PE,26186.45,24950.0,11.0,0.07570437809602096,0.1,4.65,4.05,0.05,-4.6,-4.0,-98.92473,-98.76543,0.11979,-0.0004159907583726819,3.61833518326118e-06,8.19927002241812,-0.4774704508163993,-6.016231364852655
2025-12-05,PE,26186.45,24500.0,11.0,0.07570437809602096,0.1,3.1,2.55,0.0,-3.1,-2.55,-100.0,-100.0,0.1455,-3.517058698423585e-06,3.988691234120576e-08,0.09038509371906933,-0.004033257642373214,-0.06913844257867612
2025-12-05,CE,26186.45,24600.0,11.0,0.07570437809602096,0.1,1650.0,1650.0,1693.6,43.6,43.6,2.64242,2.64242,,0.9999885785680913,1.227182452286947e-07,0.2780836982605107,1069.1193753471896,-2449.496439098368
2025-12-05,CE,26186.45,24200.0,11.0,0.07570437809602096,0.1,2010.1,2010.1,2091.85,81.75,81.75,4.06696,4.06696,,0.9999999323822643,8.896772982176756e-10,0.0020160388773953954,1051.7481298853445,-2409.461100327712
2025-12-05,PE,26186.45,25900.0,11.0,0.07570437809602096,0.1,42.6,41.7,36.15,-6.45,-5.55,-15.14085,-13.30935,0.07972,-0.1637165102873856,0.0005963030855043874,1351.2429793319768,-188.71565896813382,-739.4124162979724
2025-12-05,CE,26186.45,26250.0,11.0,0.07570437809602096,0.1,152.55,151.2,191.71,39.16,40.51,25.67027,26.79233,0.05694,0.551969377368675,0.0009550155486805913,2164.097564942132,622.5655744136849,-3302.8583338318276
2025-12-05,PE,26186.45,27800.0,11.0,0.07570437809602096,0.1,1545.8,1542.5,1492.49,-53.31,-50.01,-3.4487,-3.24214,0.20175,-0.9997643263500391,2.1327058434345004e-06,4.832783643042121,-1207.9382973930162,2763.086033763882
2025-12-05,PE,26186.45,27900.0,11.0,0.07570437809602096,0.1,1644.6,1640.5,1592.04,-52.56,-48.46,-3.19591,-2.95398,0.20953,-0.9999017792512763,9.397430680239049e-07,2.1294896067309566,-1212.4408365282802,2775.745128003081
2025-12-05,CE,26186.45,26700.0,11.0,0.07570437809602096,0.1,18.25,17.6,38.07,19.82,20.47,108.60274,116.30682,0.05914,0.17258007167700612,0.0006168804705103484,1397.8720303938155,195.60750054328295,-1660.2966487507051
2025-12-05,CE,26186.45,27400.0,11.0,0.07570437809602096,0.1,1.8,1.9,0.64,-1.16,-1.26,-64.44444,-66.31579,0.08616,0.004936805947113655,3.451802800488221e-05,78.21902005173924,5.615010749844976,-80.69182515468451
2025-12-05,CE,26186.45,26950.0,11.0,0.07570437809602096,0.1,5.6,5.3,11.18,5.58,5.88,99.64286,110.9434,0.06522,0.06260705576525265,0.00029732686098927813,673.7527328719829,71.07559750978113,-747.0786402681866
2025-12-05,CE,26186.45,25400.0,11.0,0.07570437809602096,0.1,850.85,865.75,899.05,48.2,33.3,5.66492,3.84638,,0.9865089226260713,8.345308132260367e-05,189.1075075444315,1088.3940341372677,-2657.3981098185054
2025-12-05,CE,26186.45,27050.0,11.0,0.07570437809602096,0.1,4.0,4.55,6.38,2.38,1.83,59.5,40.21978,0.07131,0.038579427461410014,0.00020202349971702052,457.7920897756131,43.82013233015905,-497.3665801719384
2025-12-05,PE,26186.45,26200.0,11.0,0.07570437809602096,0.1,124.85,125.2,119.49,-5.36,-5.71,-4.29315,-4.5607,0.0784,-0.40083734880301986,0.0009332891433727345,2114.86479497662,-463.3966890754879,-772.3248606334375
2025-12-05,CE,26186.45,27600.0,11.0,0.07570437809602096,0.1,1.25,1.25,0.14,-1.11,-1.11,-88.8,-88.8,0.09433,0.001182739925014995,9.481514809515963e-06,21.485433550882316,1.3459730958518823,-21.714794230652412
2025-12-05,PE,26186.45,26800.0,11.0,0.07570437809602096,0.1,555.85,555.1,520.85,-35.0,-34.25,-6.29666,-6.17006,0.10187,-0.8810736151325194,0.0004799218234067415,1087.519099382203,-1029.85475179986,1416.2513774987167
2025-12-05,PE,26186.45,25700.0,11.0,0.07570437809602096,0.1,19.85,19.5,13.09,-6.76,-6.41,-34.05542,-32.87179,0.08351,-0.07086087103137693,0.0003272350248480211,741.5256447036448,-81.56964397732382,-456.15217557850315
2025-12-05,CE,26186.45,25800.0,11.0,0.07570437809602096,0.1,482.35,480.6,521.09,38.74,40.49,8.03151,8.42489,,0.8895009837786074,0.0004554661677718322,1032.1017557780192,994.0062386783882,-3172.174502761059
2025-12-05,PE,26186.45,25450.0,11.0,0.07570437809602096,0.1,9.35,9.2,2.79,-6.56,-6.41,-70.16043,-69.67391,0.09277,-0.018424133518465825,0.00010902261781114349,247.04894287288923,-21.18157965889193,-165.7057001463028
2025-12-05,PE,26186.45,24900.0,11.0,0.07570437809602096,0.1,4.35,3.75,0.03,-4.32,-3.72,-99.31034,-99.2,0.12233,-0.00026143468225325905,2.3493020824317185e-06,5.3235980533803495,-0.30003660813371585,-3.9290506489034644
2025-12-05,CE,26186.45,26400.0,11.0,0.07570437809602096,0.1,85.15,84.65,120.91,35.76,36.26,41.99648,42.8352,0.05851,0.40919588872149903,0.0009381403432550591,2125.857778145209,462.4573070192067,-2902.904864071189
2025-12-05,CE,26186.45,26450.0,11.0,0.07570437809602096,0.1,68.15,67.05,101.99,33.84,34.94,49.65517,52.11037,0.05837,0.3634533025568274,0.0009062138987917209,2053.511374135531,410.9968997576263,-2722.277896535336
2025-12-05,PE,26186.45,25950.0,11.0,0.07570437809602096,0.1,51.8,50.5,45.29,-6.51,-5.21,-12.56757,-10.31683,0.0791,-0.19562275650174965,0.0006669579904513743,1511.3493859326209,-225.58524274062137,-793.7853015239277
2025-12-05,CE,26186.45,27650.0,11.0,0.07570437809602096,0.1,1.35,1.2,0.09,-1.26,-1.11,-93.33333,-92.5,0.09697,0.0008039460536766513,6.6519919554358405e-06,15.073638971283394,0.9150123993456606,-15.167455538463177
2025-12-05,PE,26186.45,24650.0,11.0,0.07570437809602096,0.1,2.65,2.9,0.0,-2.65,-2.9,-100.0,-100.0,0.13674,-2.0063508002997962e-05,2.096271020515499e-07,0.47502211008227385,-0.023014114332275133,-0.3591965682233703
2025-12-05,PE,26186.45,24400.0,11.0,0.07570437809602096,0.1,2.8,2.5,0.0,-2.8,-2.5,-100.0,-100.0,0.15247,-1.0108683461777794e-06,1.2071877095214136e-08,0.027355282185851745,-0.0011590567141695342,-0.021066092147143844
2025-12-05,CE,26186.45,24750.0,11.0,0.07570437809602096,0.1,1505.6,1509.1,1544.26,38.66,35.16,2.56775,2.32987,,0.9999411285405849,5.804294818868384e-07,1.3152728561407327,1075.5840335399757,-2465.2057914837346
2025-12-05,PE,26186.45,24550.0,11.0,0.07570437809602096,0.1,3.1,2.8,0.0,-3.1,-2.8,-100.0,-100.0,0.14354,-6.392404057961326e-06,7.058602897161798e-08,0.15995033130869243,-0.007331214586348639,-0.12190726159355686
2025-12-05,PE,26186.45,24700.0,11.0,0.07570437809602096,0.1,3.45,3.0,0.0,-3.45,-3.0,-100.0,-100.0,0.1336,-3.465627420035112e-05,3.518674926646413e-07,0.7973436506974844,-0.03975665210782461,-0.6003450384268806
2025-12-05,PE,26186.45,26450.0,11.0,0.07570437809602096,0.1,262.5,263.0,250.33,-12.17,-12.67,-4.63619,-4.81749,0.08184,-0.6365466974431726,0.0009062138987917209,2053.511374135531,-738.5378145228756,-88.79836927454971
2025-12-05,CE,26186.45,25900.0,11.0,0.07570437809602096,0.1,395.25,395.0,435.41,40.16,40.41,10.16066,10.23038,,0.8362834897126143,0.0005963030855043874,1351.2429793319768,936.9156869624898,-3318.131499702674
2025-12-05,PE,26186.45,27300.0,11.0,0.07570437809602096,0.1,1069.3,1069.3,995.95,-73.35,-73.35,-6.85963,-6.85963,0.17224,-0.9905894952827043,6.102146589774199e-05,138.27670757920777,-1175.77651988571,2573.689193628299
2025-12-05,CE,26186.45,27750.0,11.0,0.07570437809602096,0.1,1.2,1.25,0.04,-1.16,-1.21,-96.66667,-96.8,0.1036,0.0003588620895564871,3.154632378797181e-06,7.148503769047932,0.40853169235402853,-7.134800063507165
2025-12-05,PE,26186.45,26150.0,11.0,0.07570437809602096,0.1,105.8,105.6,100.38,-5.42,-5.22,-5.12287,-4.94318,0.07826,-0.35496416159241834,0.0008988233865995807,2036.7642233055974,-410.12693351599165,-826.6353955406831
2025-12-05,PE,26186.45,24300.0,11.0,0.07570437809602096,0.1,2.85,2.8,0.0,-2.85,-2.8,-100.0,-100.0,0.16208,-2.708984969817788e-07,3.3991364811705945e-09,0.0077025583426050745,-0.000310567365203403,-0.005967863038213988
2025-12-05,PE,26186.45,25800.0,11.0,0.07570437809602096,0.1,29.35,29.2,22.27,-7.08,-6.93,-24.12266,-23.73288,0.08204,-0.11049901622139252,0.0004554661677718322,1032.1017557780192,-127.27904027953026,-603.4118636938277
2025-12-05,CE,26186.45,24900.0,11.0,0.07570437809602096,0.1,1347.05,1348.8,1394.93,47.88,46.13,3.55443,3.42008,,0.9997385653177467,2.3493020824317185e-06,5.3235980533803495,1081.870639595439,-2483.083690678906
2025-12-05,CE,26186.45,25350.0,11.0,0.07570437809602096,0.1,909.95,909.95,948.23,38.28,38.28,4.20682,4.20682,,0.9902636394940848,6.286454413956105e-05,142.45318527177406,1090.5389655760325,-2621.8552261058567
2025-12-05,CE,26186.45,27200.0,11.0,0.07570437809602096,0.1,2.95,3.1,2.54,-0.41,-0.56,-13.89831,-18.06452,0.07795,0.01712814758443096,0.00010244516864693278,232.14422039013542,19.467513678692004,-245.90430978989667
2025-12-05,CE,26186.45,27550.0,11.0,0.07570437809602096,0.1,1.4,1.45,0.2,-1.2,-1.25,-85.71429,-86.2069,0.09285,0.0017200794157608448,1.3346897738340783e-05,30.24452212844055,1.9572207672599558,-30.710631671964805
2025-12-05,CE,26186.45,27250.0,11.0,0.07570437809602096,0.1,2.65,2.7,1.83,-0.82,-0.87,-30.9434,-32.22222,0.07991,0.012769328802627053,7.958040847687475e-05,180.33189976837167,14.516140621448331,-189.63163166710524
2025-12-05,PE,26186.45,27000.0,11.0,0.07570437809602096,0.1,746.75,743.2,704.44,-42.31,-38.76,-5.66589,-5.21529,0.11726,-0.950573606559133,0.00024672718607350797,559.0921564830792,-1117.3113043452004,2074.836694989073
2025-12-05,CE,26186.45,26800.0,11.0,0.07570437809602096,0.1,10.65,10.3,24.03,13.38,13.73,125.6338,133.30097,0.06079,0.11892638486748058,0.0004799218234067415,1087.519099382203,134.8911968851098,-1252.075704943214
2025-12-08,CE,25960.55,25650.0,8.0,0.07929860056226068,0.1,391.2,376.3,418.01,26.81,41.71,6.85327,11.08424,,0.8607097614739013,0.0006047204461515965,1025.9764693951718,696.0789166692807,-3474.044934675562
2025-12-08,CE,25960.55,26900.0,8.0,0.07929860056226068,0.1,4.8,5.2,1.4,-3.4,-3.8,-70.83333,-73.07692,0.09637,0.011179022089509265,8.007109567608725e-05,135.84964848660115,9.168679789508085,-198.55116177378494
2025-12-08,PE,25960.55,27900.0,8.0,0.07929860056226068,0.1,1879.0,1874.7,1851.02,-27.98,-23.68,-1.48909,-1.26314,0.23537,-0.9999994352037769,7.789190401867338e-09,0.013215240395478915,-882.9064885515528,2781.1389337237974
2025-12-08,CE,25960.55,27800.0,8.0,0.07929860056226068,0.1,1.35,1.35,0.0,-1.35,-1.35,-100.0,-100.0,0.14591,1.9800173324034446e-06,2.5983837031285622e-08,0.04408451136116354,0.0016272215905574464,-0.06018522891448473
2025-12-08,CE,25960.55,25750.0,8.0,0.07929860056226068,0.1,308.25,296.0,335.93,27.68,39.93,8.97972,13.48986,0.03887,0.7904886649986185,0.0007846516854563882,1331.2501190801527,640.8124892480982,-3681.2281163335438
2025-12-08,CE,25960.55,24150.0,8.0,0.07929860056226068,0.1,1854.95,1850.15,1887.1,32.15,36.95,1.7332,1.99714,,0.9999999556458761,6.680029564161667e-10,0.0011333423884225418,764.2366267764444,-2407.3467898371296
2025-12-08,CE,25960.55,27550.0,8.0,0.07929860056226068,0.1,2.05,2.35,0.0,-2.05,-2.35,-100.0,-100.0,0.13696,3.532153097404643e-05,4.045395021793038e-07,0.6863469109042738,0.02901703863373037,-0.9486186768715481
2025-12-08,CE,25960.55,24900.0,8.0,0.07929860056226068,0.1,1119.0,1119.0,1139.54,20.54,20.54,1.83557,1.83557,,0.9992733834955368,6.843316173488874e-06,11.610458041087776,787.3695861841792,-2494.71511240425
2025-12-08,CE,25960.55,25600.0,8.0,0.07929860056226068,0.1,427.8,417.1,461.49,33.69,44.39,7.87518,10.64253,,0.8890732666668573,0.000515736678739936,875.0054676645476,718.0742684873023,-3354.774613589472
2025-12-08,CE,25960.55,24950.0,8.0,0.07929860056226068,0.1,1063.95,1063.95,1089.75,25.8,25.8,2.42493,2.42493,,0.9988244905001729,1.0646549571044698e-05,18.063072630758743,788.580352880869,-2506.5880395829467
2025-12-08,CE,25960.55,27750.0,8.0,0.07929860056226068,0.1,1.7,1.4,0.0,-1.7,-1.4,-100.0,-100.0,0.14295,3.6276454016875223e-06,4.6393674854492396e-08,0.07871210413405998,0.0029810742298105397,-0.10769809917988796
2025-12-08,PE,25960.55,26550.0,8.0,0.07929860056226068,0.1,567.95,575.4,519.98,-47.97,-55.42,-8.44617,-9.63156,0.13089,-0.9126571929069607,0.00043295523561922054,734.5574089211568,-768.668631660172,1503.878540408156
2025-12-08,PE,25960.55,24950.0,8.0,0.07929860056226068,0.1,7.15,7.4,0.12,-7.03,-7.28,-98.32168,-98.37838,0.13007,-0.0011755094998271503,1.0646549571044698e-05,18.063072630758743,-0.9726389356813707,-19.496115360813526
2025-12-08,PE,25960.55,27150.0,8.0,0.07929860056226068,0.1,1132.85,1132.85,1103.57,-29.28,-29.28,-2.58463,-2.58463,0.16765,-0.9983534590844695,1.44834100407323e-05,24.572739342548978,-857.8213979207949,2671.4472079414404
2025-12-08,CE,25960.55,26000.0,8.0,0.07929860056226068,0.1,153.15,140.55,168.69,15.54,28.14,10.14691,20.02134,0.06391,0.5494534787287998,0.0010792745642008647,1831.1110760908946,447.47377320592926,-3696.513982075673
2025-12-08,CE,25960.55,26350.0,8.0,0.07929860056226068,0.1,37.2,32.9,42.11,4.91,9.21,13.19892,27.99392,0.07205,0.20550273038046957,0.0007757435980893478,1316.1365437346144,168.02699823228272,-2173.0776749870274
2025-12-08,PE,25960.55,24850.0,8.0,0.07929860056226068,0.1,6.3,6.35,0.04,-6.26,-6.31,-99.36508,-99.37008,0.13656,-0.00044030655367654706,4.306828263093526e-06,7.3070201012391705,-0.36422244824831257,-7.978823663877865
2025-12-08,PE,25960.55,24150.0,8.0,0.07929860056226068,0.1,3.35,3.15,0.0,-3.35,-3.15,-100.0,-100.0,0.1853,-4.43541239633585e-08,6.680029564161667e-10,0.0011333423884225418,-3.664518642072923e-05,-0.0013000589921915158
2025-12-08,PE,25960.55,25900.0,8.0,0.07929860056226068,0.1,110.4,115.9,85.56,-24.84,-30.34,-22.5,-26.17774,0.09684,-0.34567515708307306,0.001005211762458311,1705.4551761971265,-287.60254044893276,-1224.0852860928715
2025-12-08,PE,25960.55,27250.0,8.0,0.07929860056226068,0.1,1227.3,1227.3,1203.15,-24.15,-24.15,-1.96773,-1.96773,0.17066,-0.9993108934761203,6.516945037410834e-06,11.056732583255489,-861.7716685566843,2700.771417078423
2025-12-08,CE,25960.55,27000.0,8.0,0.07929860056226068,0.1,4.25,4.8,0.63,-3.62,-4.17,-85.17647,-86.875,0.10406,0.00543497970139962,4.245905776984579e-05,72.03658229480722,4.459127736680614,-104.01655497348875
2025-12-08,PE,25960.55,24300.0,8.0,0.07929860056226068,0.1,3.9,4.05,0.0,-3.9,-4.05,-100.0,-100.0,0.17792,-4.548985081109827e-07,6.324618848465265e-09,0.010730429502944,-0.00037590838197977387,-0.01221769027425711
2025-12-08,CE,25960.55,27650.0,8.0,0.07929860056226068,0.1,1.85,1.25,0.0,-1.85,-1.25,-100.0,-100.0,0.13401,1.1656198576209553e-05,1.4128223519592114e-07,0.23970125332628756,0.009577253863366565,-0.3295439392528687
2025-12-08,CE,25960.55,24200.0,8.0,0.07929860056226068,0.1,1817.05,1811.15,1837.25,20.2,26.1,1.11169,1.44107,,0.9999999014600572,1.4459276629569435e-09,0.0024531794287462926,765.8188525279897,-2412.332449368874
2025-12-08,PE,25960.55,26900.0,8.0,0.07929860056226068,0.1,908.8,911.45,855.59,-53.21,-55.86,-5.85497,-6.1287,0.16901,-0.9888209779104907,8.007109567608725e-05,135.84964848660115,-842.0928624896584,2482.9226964055897
2025-12-08,CE,25960.55,27950.0,8.0,0.07929860056226068,0.1,1.25,1.2,0.0,-1.25,-1.2,-100.0,-100.0,0.15446,2.9520103298335404e-07,4.169740331737479e-09,0.00707443495763365,0.00024264820051152582,-0.009599978304179383
2025-12-08,PE,25960.55,25700.0,8.0,0.07929860056226068,0.1,53.5,55.0,34.08,-19.42,-20.92,-36.29907,-38.03636,0.09573,-0.17215543196786592,0.0006954854724555443,1179.9695778215726,-142.96269663853343,-1023.3940011684726
2025-12-08,CE,25960.55,25000.0,8.0,0.07929860056226068,0.1,1018.1,988.0,1039.99,21.89,51.99,2.15008,5.26215,,0.998135316048177,1.6219542858554883e-05,27.518284561279962,789.592165792663,-2521.58436517233
2025-12-08,PE,25960.55,25200.0,8.0,0.07929860056226068,0.1,10.95,10.65,1.21,-9.74,-9.44,-88.94977,-88.6385,0.11224,-0.009739635368071096,7.100728827514934e-05,120.4718765331771,-8.065358769317859,-125.05782653164748
2025-12-08,CE,25960.55,25450.0,8.0,0.07929860056226068,0.1,554.8,554.75,599.06,44.26,44.31,7.97765,7.98738,,0.9492412457127453,0.00028457510377039567,482.8137730453425,763.2942600477197,-3007.388609571537
2025-12-08,CE,25960.55,24300.0,8.0,0.07929860056226068,0.1,1717.05,1717.05,1737.57,20.52,20.52,1.19507,1.19507,,0.9999995451014919,6.324618848465265e-09,0.010730429502944,768.9830990872962,-2422.3101639266606
2025-12-08,CE,25960.55,24800.0,8.0,0.07929860056226068,0.1,1093.0,1085.2,1239.18,146.18,153.98,13.3742,14.18909,,0.9997384886530769,2.6535489143587395e-06,4.502045141431643,784.5898835092189,-2477.080975654332
2025-12-08,CE,25960.55,24050.0,8.0,0.07929860056226068,0.1,1955.1,1949.95,1986.78,31.68,36.83,1.62038,1.88877,,0.9999999916022474,1.3301186493600215e-10,0.00022566963700859584,761.0721154348843,-2397.3774454706468
2025-12-08,PE,25960.55,25000.0,8.0,0.07929860056226068,0.1,7.85,7.75,0.2,-7.65,-7.55,-97.45223,-97.41935,0.12605,-0.0018646839518230898,1.6219542858554883e-05,27.518284561279962,-1.5430965485697306,-29.50828879744649
2025-12-08,PE,25960.55,26400.0,8.0,0.07929860056226068,0.1,434.7,445.95,388.75,-45.95,-57.2,-10.57051,-12.82655,0.12092,-0.830539460665731,0.000688498493143087,1168.1153790552635,-696.8257066666782,736.0798170442279
2025-12-08,CE,25960.55,26800.0,8.0,0.07929860056226068,0.1,6.3,6.3,2.93,-3.37,-3.37,-53.49206,-53.49206,0.09017,0.021659081771369056,0.00014121676497721972,239.59017571305108,17.757121045132447,-355.17179016171684
2025-12-08,PE,25960.55,27800.0,8.0,0.07929860056226068,0.1,1774.3,1774.3,1751.34,-22.96,-22.96,-1.29403,-1.29403,0.22422,-0.9999980199826676,2.5983837031285622e-08,0.04408451136116354,-879.7407845018603,2771.128411699956
2025-12-08,CE,25960.55,27400.0,8.0,0.07929860056226068,0.1,2.35,2.85,0.02,-2.33,-2.83,-99.14894,-99.29825,0.12864,0.000166801976528077,1.7436153633375812e-06,2.9582402014761913,0.1369917545467572,-4.126226879461577
2025-12-08,CE,25960.55,24550.0,8.0,0.07929860056226068,0.1,1477.65,1477.65,1488.36,10.71,10.71,0.7248,0.7248,,0.9999857902014986,1.7057419971938173e-07,0.2893983762442958,776.8830806418968,-2447.5431489802736
2025-12-08,PE,25960.55,26150.0,8.0,0.07929860056226068,0.1,240.8,253.0,206.03,-34.77,-46.97,-14.43937,-18.56522,0.10551,-0.6113627338734329,0.0010449860309826257,1772.9367106037241,-510.39191297898816,-606.580024688433
2025-12-08,CE,25960.55,27200.0,8.0,0.07929860056226068,0.1,3.15,3.5,0.11,-3.04,-3.39,-96.50794,-96.85714,0.11591,0.0010731975083363874,9.794307295915728e-06,16.617147449841458,0.8810048959391159,-23.529200897427582
2025-12-08,CE,25960.55,27500.0,8.0,0.07929860056226068,0.1,2.15,2.3,0.01,-2.14,-2.29,-99.53488,-99.56522,0.13274,6.0143228834727666e-05,6.687614686718795e-07,1.1346292900496684,0.04940401957387459,-1.5727212706694738
2025-12-08,PE,25960.55,26600.0,8.0,0.07929860056226068,0.1,621.55,624.9,566.06,-55.49,-58.84,-8.92768,-9.41591,0.13812,-0.9319489747409399,0.0003581760034182688,607.6860039176273,-786.0308722241097,1717.026014857886
2025-12-08,CE,25960.55,26700.0,8.0,0.07929860056226068,0.1,8.45,8.55,5.81,-2.64,-2.74,-31.2426,-32.04678,0.08548,0.039540495813572586,0.00023274023450523703,394.8700686466065,32.402494661394755,-595.2419987830889
2025-12-08,CE,25960.55,25550.0,8.0,0.07929860056226068,0.1,471.2,466.6,506.3,35.1,39.7,7.44907,8.50836,,0.9130826921188582,0.0004313791502595338,731.8834022738084,736.4391099639971,-3233.8711371937716
2025-12-08,PE,25960.55,27850.0,8.0,0.07929860056226068,0.1,1840.95,1834.55,1801.18,-39.77,-33.37,-2.1603,-1.81897,0.24804,-0.9999989348351481,1.433405495254898e-08,0.02431934158324432,-881.3238068150946,2776.1396177539204
2025-12-08,PE,25960.55,24550.0,8.0,0.07929860056226068,0.1,4.55,4.5,0.0,-4.55,-4.5,-100.0,-100.0,0.15737,-1.4209798501449346e-05,1.7057419971938173e-07,0.2893983762442958,-0.011746977193811974,-0.3244419801378134
2025-12-08,PE,25960.55,26350.0,8.0,0.07929860056226068,0.1,389.9,401.45,348.05,-41.85,-53.4,-10.73352,-13.30178,0.11567,-0.7944972696195305,0.0007757435980893478,1316.1365437346144,-665.8295682753767,453.57050951209976
2025-12-08,PE,25960.55,24350.0,8.0,0.07929860056226068,0.1,3.95,4.5,0.0,-3.95,-4.5,-100.0,-100.0,0.17594,-9.45547418036705e-07,1.2784208213959671e-08,0.02168985171717345,-0.000781414937857834,-0.024628147425050942
2025-12-08,PE,25960.55,26750.0,8.0,0.07929860056226068,0.1,738.15,738.15,708.82,-29.33,-29.33,-3.97345,-3.97345,0.12586,-0.9705178857898251,0.00018284279304009427,310.2134291166347,-822.3491875371739,2202.9579605701333
2025-12-08,CE,25960.55,25850.0,8.0,0.07929860056226068,0.1,244.35,230.0,261.8,17.45,31.8,7.1414,13.82609,0.05843,0.7032564760313657,0.0009432218569773987,1600.282307033872,571.2739210409421,-3798.1901736531972
2025-12-08,PE,25960.55,27950.0,8.0,0.07929860056226068,0.1,1960.5,1954.1,1900.86,-59.64,-53.24,-3.04208,-2.72453,0.28805,-0.999999704798967,4.169740331737479e-09,0.00707443495763365,-884.4889806492978,2786.131453408815
2025-12-08,CE,25960.55,27350.0,8.0,0.07929860056226068,0.1,2.35,2.55,0.03,-2.32,-2.52,-98.7234,-98.82353,0.12278,0.00027166607648436116,2.7494365327592908e-06,4.6647293053480166,0.22309201934637218,-6.528767329115932
2025-12-08,CE,25960.55,24650.0,8.0,0.07929860056226068,0.1,1367.85,1367.85,1388.68,20.83,20.83,1.52283,1.52283,,0.999951517572035,5.45701246792799e-07,0.9258437383621465,780.0192816337112,-2458.2170724226557
2025-12-08,PE,25960.55,26450.0,8.0,0.07929860056226068,0.1,471.45,488.25,431.12,-40.33,-57.13,-8.55446,-11.70097,0.1242,-0.8621916705759407,0.0006003293600154755,1018.5264963052622,-724.256703803019,1009.3169357462198
2025-12-08,PE,25960.55,26650.0,8.0,0.07929860056226068,0.1,667.15,675.65,613.0,-54.15,-62.65,-8.11662,-9.27255,0.14618,-0.947745764076995,0.00029122262575848165,494.0920441588241,-800.5398634101579,1904.6028492428195
2025-12-08,CE,25960.55,23950.0,8.0,0.07929860056226068,0.1,2051.15,2051.15,2086.46,35.31,35.31,1.72147,1.72147,,0.999999998548906,2.4120746705644966e-11,4.092356840540658e-05,757.9075801242803,-2387.4089285030946
2025-12-08,PE,25960.55,25300.0,8.0,0.07929860056226068,0.1,13.5,12.65,2.69,-10.81,-9.96,-80.07407,-78.73518,0.10512,-0.019894825898146052,0.00013141383996999851,222.95840734361653,-16.4816143221271,-226.54747743884295
2025-12-08,PE,25960.55,24000.0,8.0,0.07929860056226068,0.1,3.0,3.05,0.0,-3.0,-3.05,-100.0,-100.0,0.19781,-3.5312391094717896e-09,5.7312316238064745e-11,9.723681122574195e-05,-2.916997164412571e-06,-0.00011225566202217478
2025-12-08,CE,25960.55,26750.0,8.0,0.07929860056226068,0.1,7.05,7.2,4.16,-2.89,-3.04,-40.99291,-42.22222,0.08754,0.029482114210174933,0.00018284279304009427,310.2134291166347,24.165543167945202,-463.56344115099205
2025-12-08,CE,25960.55,25050.0,8.0,0.07929860056226068,0.1,965.1,965.1,990.27,25.17,25.17,2.60802,2.60802,,0.9970991026326076,2.419968029088664e-05,41.05748813909233,790.3165636497637,-2540.776046791254
2025-12-08,PE,25960.55,27500.0,8.0,0.07929860056226068,0.1,1480.85,1480.85,1452.29,-28.56,-28.56,-1.92862,-1.92862,0.20399,-0.9999398567711653,6.687614686718795e-07,1.1346292900496684,-870.1993845557822,2739.7109627417026
2025-12-08,CE,25960.55,27250.0,8.0,0.07929860056226068,0.1,3.05,3.35,0.07,-2.98,-3.28,-97.70492,-97.91045,0.11931,0.0006891065238796778,6.516945037410834e-06,11.056732583255489,0.565767395259526,-15.591506170199636
2025-12-08,CE,25960.55,27600.0,8.0,0.07929860056226068,0.1,2.0,1.7,0.0,-2.0,-1.7,-100.0,-100.0,0.13522,2.0440417299328008e-05,2.409279752010184e-07,0.4087614945853864,0.01679343182092561,-0.5634231883645737
2025-12-08,PE,25960.55,25050.0,8.0,0.07929860056226068,0.1,8.25,7.5,0.32,-7.93,-7.18,-96.12121,-95.73333,0.12023,-0.002900897367392439,2.419968029088664e-05,41.05748813909233,-2.4009692161515734,-43.71581826362085
2025-12-08,CE,25960.55,26100.0,8.0,0.07929860056226068,0.1,107.5,97.95,119.87,12.37,21.92,11.50698,22.37876,0.06726,0.44140227679578375,0.0010758880189131095,1825.365419895723,359.9737990014669,-3413.713009026089
2025-12-08,PE,25960.55,26100.0,8.0,0.07929860056226068,0.1,206.9,216.25,176.6,-30.3,-39.65,-14.64476,-18.33526,0.10097,-0.5585977232042163,0.0010758880189131095,1825.365419895723,-465.97141488278027,-811.9855852907106
2025-12-08,PE,25960.55,27700.0,8.0,0.07929860056226068,0.1,1686.8,1686.8,1651.65,-35.15,-35.15,-2.08383,-2.08383,0.23536,-0.9999934496950877,8.158289162969001e-08,0.1384145809025533,-876.5724882452461,2761.0304646721584
2025-12-08,PE,25960.55,26300.0,8.0,0.07929860056226068,0.1,350.1,365.3,309.22,-40.88,-56.08,-11.67666,-15.35177,0.11499,-0.7541781872174804,0.0008586004449862726,1456.712533492388,-631.3683902887416,169.44500050217266
2025-12-08,PE,25960.55,27750.0,8.0,0.07929860056226068,0.1,1734.7,1733.95,1701.49,-33.21,-32.46,-1.91445,-1.87203,0.23627,-0.9999963723545983,4.6393674854492396e-08,0.07871210413405998,-878.1571601245386,2766.0967466769407
2025-12-08,CE,25960.55,25350.0,8.0,0.07929860056226068,0.1,649.0,647.1,694.81,45.81,47.71,7.05855,7.37289,,0.9723294968761479,0.00017344777459595652,294.27372025684434,779.282650262106,-2822.2743819538664
2025-12-08,PE,25960.55,25500.0,8.0,0.07929860056226068,0.1,25.9,26.0,10.84,-15.06,-15.16,-58.14672,-58.30769,0.09934,-0.06698521728617224,0.00035383328492545434,600.3180919920597,-55.549717040764946,-574.7874485696251
2025-12-08,CE,25960.55,27150.0,8.0,0.07929860056226068,0.1,3.3,3.45,0.17,-3.13,-3.28,-94.84848,-95.07246,0.11149,0.001646540915530476,1.44834100407323e-05,24.572739342548978,1.3514969817838347,-34.94741100168318
2025-12-08,CE,25960.55,26400.0,8.0,0.07929860056226068,0.1,29.35,26.1,32.98,3.63,6.88,12.36797,26.36015,0.07318,0.16946053933426897,0.000688498493143087,1168.1153790552635,138.61313036566352,-1895.552519607649
2025-12-08,CE,25960.55,24850.0,8.0,0.07929860056226068,0.1,1179.4,1179.4,1189.36,9.96,9.96,0.8445,0.8445,,0.9995596934463234,4.306828263093526e-06,7.3070201012391705,786.0242283189369,-2485.102443580512
2025-12-08,PE,25960.55,27600.0,8.0,0.07929860056226068,0.1,1584.05,1590.0,1551.97,-32.08,-38.03,-2.02519,-2.39182,0.22906,-0.9999795595827007,2.409279752010184e-07,0.4087614945853864,-873.3965361929,2750.6885651295065
2025-12-08,PE,25960.55,26950.0,8.0,0.07929860056226068,0.1,785.35,785.35,904.98,119.63,119.63,15.2327,15.2327,,-0.992146693165191,5.8794873188008003e-05,99.75213637285754,-846.4016379411916,2541.579433639705
2025-12-08,CE,25960.55,25300.0,8.0,0.07929860056226068,0.1,705.2,698.65,743.43,38.23,44.78,5.42116,6.4095,,0.9801051741018539,0.00013141383996999851,222.95840734361653,784.1472711672004,-2748.5284667302244
2025-12-08,PE,25960.55,25600.0,8.0,0.07929860056226068,0.1,37.1,38.35,19.8,-17.3,-18.55,-46.63073,-48.37027,0.0977,-0.11092673333314268,0.000515736678739936,875.0054676645476,-92.04824015012002,-802.8887113815917
2025-12-08,CE,25960.55,24400.0,8.0,0.07929860056226068,0.1,1587.0,1587.0,1637.89,50.89,50.89,3.20668,3.20668,,0.9999980770801739,2.5265207389270983e-08,0.042865275088255946,772.146426795911,-2432.3147811192734
2025-12-08,CE,25960.55,24700.0,8.0,0.07929860056226068,0.1,1292.0,1292.0,1338.85,46.85,46.85,3.62616,3.62616,,0.9999132067307762,9.44672854057092e-07,1.6027440873001095,781.5698680799471,-2463.9468364219556
2025-12-08,CE,25960.55,25700.0,8.0,0.07929860056226068,0.1,346.05,337.65,376.08,30.03,38.43,8.67794,11.38161,,0.827844568032134,0.0006954854724555443,1179.9695778215726,670.3243530482539,-3585.2482076818533
2025-12-08,CE,25960.55,26650.0,8.0,0.07929860056226068,0.1,9.85,9.95,8.02,-1.83,-1.93,-18.57868,-19.39698,0.08297,0.05225423592300504,0.00029122262575848165,494.0920441588241,42.8103262455963,-751.9502481728061
2025-12-08,CE,25960.55,25900.0,8.0,0.07929860056226068,0.1,210.75,198.5,228.2,17.45,29.7,8.27995,14.96222,0.0615,0.6543248429169269,0.001005211762458311,1705.4551761971265,532.0135913365843,-3805.8761012172504
2025-12-08,PE,25960.55,25750.0,8.0,0.07929860056226068,0.1,64.2,65.6,43.76,-20.44,-21.84,-31.83801,-33.29268,0.09486,-0.20951133500138147,0.0007846516854563882,1331.2501190801527,-174.05683096337157,-1114.3897576674135
2025-12-08,CE,25960.55,24350.0,8.0,0.07929860056226068,0.1,1668.65,1665.8,1687.73,19.08,21.93,1.14344,1.31648,,0.999999054452582,1.2784208213959671e-08,0.02168985171717345,770.564964105423,-2427.3067265365617
2025-12-08,PE,25960.55,24200.0,8.0,0.07929860056226068,0.1,3.6,3.25,0.0,-3.6,-3.25,-100.0,-100.0,0.1816,-9.853994273534838e-08,1.4459276629569435e-09,0.0024531794287462926,-8.141832350709107e-05,-0.0028074379870890497
2025-12-08,PE,25960.55,27350.0,8.0,0.07929860056226068,0.1,1330.7,1325.0,1302.79,-27.91,-22.21,-2.09739,-1.67623,0.17779,-0.9997283339235157,2.7494365327592908e-06,4.6647293053480166,-865.2788849819623,2719.8024602250066
2025-12-08,CE,25960.55,26500.0,8.0,0.07929860056226068,0.1,19.05,17.0,19.47,0.42,2.47,2.20472,14.52941,0.07638,0.11049762270488978,0.0005143061957641544,872.5784918902664,90.44778655786493,-1374.720016937385
2025-12-08,PE,25960.55,25950.0,8.0,0.07929860056226068,0.1,129.85,135.5,104.33,-25.52,-31.17,-19.65345,-23.00369,0.09667,-0.3972311183231124,0.001051351491410477,1783.7364324543796,-330.68801007832604,-1186.1356633857126
2025-12-08,PE,25960.55,24700.0,8.0,0.07929860056226068,0.1,5.4,4.8,0.01,-5.39,-4.79,-99.81481,-99.79167,0.14476,-8.679326922380652e-05,9.44672854057092e-07,1.6027440873001095,-0.07177111319085429,-1.7756729635706079
2025-12-08,CE,25960.55,27700.0,8.0,0.07929860056226068,0.1,1.8,1.75,0.0,-1.8,-1.75,-100.0,-100.0,0.14307,6.550304912244186e-06,8.158289162969001e-08,0.1384145809025533,0.005382428839767644,-0.18982795121227064
2025-12-08,CE,25960.55,27050.0,8.0,0.07929860056226068,0.1,3.9,3.85,0.42,-3.48,-3.43,-89.23077,-89.09091,0.10479,0.0037053908817210055,3.0158452038913752e-05,51.16721675647061,3.0405598680197214,-73.48321034866223
2025-12-08,CE,25960.55,27900.0,8.0,0.07929860056226068,0.1,1.3,1.4,0.0,-1.3,-1.4,-100.0,-100.0,0.15361,5.647962231488794e-07,7.789190401867338e-09,0.013215240395478915,0.0004642212629415875,-0.01796751057218752
2025-12-08,PE,25960.55,24500.0,8.0,0.07929860056226068,0.1,4.65,4.6,0.0,-4.65,-4.6,-100.0,-100.0,0.16254,-7.453134641123001e-06,9.227508448911847e-08,0.15655509252213004,-0.0061608347082653505,-0.17612331669839162
2025-12-08,PE,25960.55,27100.0,8.0,0.07929860056226068,0.1,1083.0,1083.0,1053.82,-29.18,-29.18,-2.69437,-2.69437,0.16206,-0.9975113800019814,2.107151962034973e-05,35.7502106013758,-855.548220961276,2650.32656471772
2025-12-08,CE,25960.55,27850.0,8.0,0.07929860056226068,0.1,1.35,1.3,0.0,-1.35,-1.3,-100.0,-100.0,0.14882,1.0651648518799451e-06,1.433405495254898e-08,0.02431934158324432,0.0008754330387333284,-0.033131327699823146
2025-12-08,CE,25960.55,24500.0,8.0,0.07929860056226068,0.1,1500.85,1482.15,1538.21,37.36,56.06,2.48926,3.78234,,0.9999925468653589,9.227508448911847e-08,0.15655509252213004,775.3063962596998,-2442.4106781640844
2025-12-08,CE,25960.55,24450.0,8.0,0.07929860056226068,0.1,1561.8,1567.4,1588.05,26.25,20.65,1.68075,1.31747,,0.9999961733241726,4.8824778031710985e-08,0.0828367449831852,773.7271236621239,-2437.343898733439
2025-12-08,CE,25960.55,26950.0,8.0,0.07929860056226068,0.1,4.45,4.8,0.95,-3.5,-3.85,-78.65169,-80.20833,0.09959,0.007853306834809046,5.8794873188008003e-05,99.75213637285754,6.442174862657528,-144.87857669241953
2025-12-08,PE,25960.55,24600.0,8.0,0.07929860056226068,0.1,4.9,5.1,0.0,-4.9,-5.1,-100.0,-100.0,0.15559,-2.6524315919050996e-05,3.0844978667316255e-07,0.523319866445018,-0.021929160617337417,-0.5845250396798128
2025-12-08,CE,25960.55,27450.0,8.0,0.07929860056226068,0.1,2.3,2.5,0.01,-2.29,-2.49,-99.56522,-99.6,0.1303,0.00010090507858232695,1.0883797966946898e-06,1.8465591303885247,0.08287976498206073,-2.5673367492940735
2025-12-08,PE,25960.55,25850.0,8.0,0.07929860056226068,0.1,92.3,97.0,69.31,-22.99,-27.69,-24.90791,-28.54639,0.09618,-0.29674352396863435,0.0009432218569773987,1600.282307033872,-246.7599402198925,-1221.3835106815677
2025-12-08,PE,25960.55,25350.0,8.0,0.07929860056226068,0.1,15.5,13.8,3.91,-11.59,-9.89,-74.77419,-71.66667,0.10144,-0.02767050312385208,0.00017344777459595652,294.27372025684434,-22.928505751904066,-295.3092405097347
2025-12-08,PE,25960.55,26000.0,8.0,0.07929860056226068,0.1,151.95,158.75,125.73,-26.22,-33.02,-17.25568,-20.8,0.09731,-0.45054652127120015,0.0010792745642008647,1831.1110760908946,-375.3068996289528,-1104.7548626457938
2025-12-08,PE,25960.55,26200.0,8.0,0.07929860056226068,0.1,273.5,283.6,238.04,-35.46,-45.56,-12.96527,-16.06488,0.10564,-0.6620525681287847,0.000996625788107212,1690.8881019281512,-553.1837920822884,-369.31075293769504
2025-12-08,PE,25960.55,25400.0,8.0,0.07929860056226068,0.1,18.1,17.35,5.58,-12.52,-11.77,-69.17127,-67.83862,0.10105,-0.03780650612549609,0.00022439012003592113,380.7031572798845,-31.33514273377817,-376.77463511898156
2025-12-08,CE,25960.55,25800.0,8.0,0.07929860056226068,0.1,276.75,265.95,297.76,21.01,31.81,7.59169,11.96089,0.05564,0.7488326912559459,0.0008684993904470101,1473.507211395501,607.6934897045737,-3754.5756841368902
2025-12-08,CE,25960.55,24600.0,8.0,0.07929860056226068,0.1,1399.3,1399.3,1438.52,39.22,39.22,2.80283,2.80283,,0.9999734756840809,3.0844978667316255e-07,0.523319866445018,778.4551689831558,-2452.787384192565
2025-12-08,PE,25960.55,26050.0,8.0,0.07929860056226068,0.1,177.05,185.7,149.82,-27.23,-35.88,-15.37984,-19.32149,0.09875,-0.50466651145082,0.001087567492437542,1845.1809645614435,-420.67415169183556,-979.4206474837733
2025-12-08,CE,25960.55,26200.0,8.0,0.07929860056226068,0.1,73.0,66.35,81.63,8.63,15.28,11.82192,23.02939,0.07015,0.33794743187121534,0.000996625788107212,1690.8881019281512,275.9259628513236,-2981.0064809785727
2025-12-08,PE,25960.55,25550.0,8.0,0.07929860056226068,0.1,30.75,31.0,14.76,-15.99,-16.24,-52.0,-52.3871,0.09787,-0.08691730788114177,0.0004313791502595338,731.8834022738084,-72.10112814874277,-686.9693871386407
2025-12-08,PE,25960.55,24400.0,8.0,0.07929860056226068,0.1,4.35,3.6,0.0,-4.35,-3.6,-100.0,-100.0,0.16602,-1.9229198261694603e-06,2.5265207389270983e-08,0.042865275088255946,-0.0015892491321587905,-0.04853057738733655
2025-12-08,PE,25960.55,26500.0,8.0,0.07929860056226068,0.1,520.2,535.0,474.93,-45.27,-60.07,-8.70242,-11.22804,0.13007,-0.8895023772951103,0.0005143061957641544,872.5784918902664,-748.1555915238418,1266.8806240199915
2025-12-08,CE,25960.55,24250.0,8.0,0.07929860056226068,0.1,1765.05,1765.05,1787.41,22.36,22.36,1.26682,1.26682,,0.9999997859172284,3.0587583751661096e-09,0.005189528712741959,767.4010275742961,-2417.319718336274
2025-12-08,CE,25960.55,26150.0,8.0,0.07929860056226068,0.1,89.1,81.85,99.47,10.37,17.62,11.63861,21.52718,0.0693,0.3886372661265671,0.0010449860309826257,1772.9367106037241,317.13557142994136,-3213.2916005765614
2025-12-08,CE,25960.55,26450.0,8.0,0.07929860056226068,0.1,23.25,21.15,25.5,2.25,4.35,9.67742,20.56738,0.07487,0.1378083294240593,0.0006003293600154755,1018.5264963052622,112.76440375400519,-1627.2995530584067
2025-12-08,PE,25960.55,26850.0,8.0,0.07929860056226068,0.1,838.35,839.55,806.39,-31.96,-33.16,-3.81225,-3.94973,0.14005,-0.9843230514393895,0.00010723546067963338,181.93705875536745,-836.8239717957507,2408.764683298613
2025-12-08,PE,25960.55,24800.0,8.0,0.07929860056226068,0.1,6.0,6.15,0.02,-5.98,-6.13,-99.66667,-99.6748,0.14073,-0.00026151134692306533,2.6535489143587395e-06,4.502045141431643,-0.21629673328407262,-4.941507890447726
2025-12-08,PE,25960.55,25450.0,8.0,0.07929860056226068,0.1,21.7,23.0,7.84,-13.86,-15.16,-63.87097,-65.91304,0.10232,-0.05075875428725472,0.00028457510377039567,482.8137730453425,-42.08143701565511,-470.4551638219058
2025-12-08,PE,25960.55,24100.0,8.0,0.07929860056226068,0.1,3.35,3.0,0.0,-3.35,-3.0,-100.0,-100.0,0.18856,-1.951977664402843e-08,3.0156435971395027e-10,0.0005116379627044589,-1.6126199111678155e-05,-0.0005882142201808017
2025-12-08,PE,25960.55,27550.0,8.0,0.07929860056226068,0.1,1528.05,1523.05,1502.13,-25.92,-20.92,-1.69628,-1.37356,0.1956,-0.9999646784690259,4.045395021793038e-07,0.6863469109042738,-871.8020420614048,2745.3192174882497
2025-12-08,PE,25960.55,25250.0,8.0,0.07929860056226068,0.1,12.05,14.6,1.82,-10.23,-12.78,-84.89627,-87.53425,0.11426,-0.014048151409178472,9.758199301681431e-05,165.5588616344507,-11.635536307662568,-170.12329073397592
2025-12-08,PE,25960.55,25100.0,8.0,0.07929860056226068,0.1,8.85,9.0,0.51,-8.34,-8.49,-94.23729,-94.33333,0.11908,-0.004426903600370445,3.536513994529444e-05,60.000950276523994,-3.6645867300896504,-63.39491618223031
2025-12-08,CE,25960.55,25150.0,8.0,0.07929860056226068,0.1,866.75,866.75,891.06,24.31,24.31,2.80473,2.80473,,0.993371673755797,5.0627784572784956e-05,85.89574901898348,790.3941982584632,-2597.021474404538
2025-12-08,CE,25960.55,27300.0,8.0,0.07929860056226068,0.1,2.8,3.05,0.04,-2.76,-3.01,-98.57143,-98.68852,0.12179,0.00043591453580033745,4.266984438056933e-06,7.239420556361215,0.35793388664511133,-10.169187467199535
2025-12-08,PE,25960.55,26700.0,8.0,0.07929860056226068,0.1,714.85,723.7,660.64,-54.21,-63.06,-7.58341,-8.71356,0.15196,-0.9604595041864274,0.00023274023450523703,394.8700686466065,-812.5299655190419,2066.2952507852865
2025-12-08,PE,25960.55,27300.0,8.0,0.07929860056226068,0.1,1293.75,1292.6,1252.96,-40.79,-39.64,-3.15285,-3.06669,0.19821,-0.9995640854641996,4.266984438056933e-06,7.239420556361215,-863.561772589981,2711.1778879341728
2025-12-08,PE,25960.55,25800.0,8.0,0.07929860056226068,0.1,77.55,81.55,55.44,-22.11,-26.11,-28.51064,-32.01717,0.09634,-0.25116730874405413,0.0008684993904470101,1473.507211395501,-208.75810103157858,-1182.753173318011
2025-12-08,PE,25960.55,24250.0,8.0,0.07929860056226068,0.1,3.95,3.35,0.0,-3.95,-3.35,-100.0,-100.0,0.17785,-2.1408277156744245e-07,3.0587583751661096e-09,0.005189528712741959,-0.00017689669961393168,-0.005924252637061307
2025-12-08,CE,25960.55,26600.0,8.0,0.07929860056226068,0.1,11.9,11.75,10.93,-0.97,-0.82,-8.15126,-6.97872,0.08063,0.06805102525906011,0.0003581760034182688,607.6860039176273,55.73704690696191,-934.5429304049899
2025-12-08,PE,25960.55,24050.0,8.0,0.07929860056226068,0.1,3.2,3.35,0.0,-3.2,-3.35,-100.0,-100.0,0.19575,-8.39775256408885e-09,1.3301186493600215e-10,0.00022566963700859584,-6.937381646182806e-06,-0.00025999800868028045
2025-12-08,PE,25960.55,27050.0,8.0,0.07929860056226068,0.1,1031.65,1026.6,1004.13,-27.52,-22.47,-2.66757,-2.18878,0.1471,-0.9962946091182789,3.0158452038913752e-05,51.16721675647061,-852.9677939851941,2622.943104288962
2025-12-08,CE,25960.55,26250.0,8.0,0.07929860056226068,0.1,59.35,53.85,66.24,6.89,12.39,11.6091,23.00836,0.07134,0.2901273858806087,0.0009334204683969083,1583.653145385746,237.00390990242906,-2724.4705979231658
2025-12-08,CE,25960.55,25400.0,8.0,0.07929860056226068,0.1,616.15,599.4,646.64,30.49,47.24,4.94847,7.88121,,0.9621934938745039,0.00022439012003592113,380.7031572798845,772.4582838049142,-2908.7239287158627
2025-12-08,CE,25960.55,25950.0,8.0,0.07929860056226068,0.1,181.05,167.75,197.13,16.08,29.38,8.88152,17.51416,0.06268,0.6027688816768876,0.001051351491410477,1783.7364324543796,490.5103922318736,-3772.910630662841
2025-12-08,CE,25960.55,25250.0,8.0,0.07929860056226068,0.1,770.4,770.4,792.4,22.0,22.0,2.85566,2.85566,,0.9859518485908215,9.758199301681431e-05,165.5588616344507,787.4110786569826,-2687.1201278726085
2025-12-08,PE,25960.55,26800.0,8.0,0.07929860056226068,0.1,811.35,817.25,757.44,-53.91,-59.81,-6.64448,-7.31845,0.1607,-0.9783409182286309,0.00014121676497721972,239.59017571305108,-830.3398801846691,2316.333763712158
2025-12-08,CE,25960.55,26850.0,8.0,0.07929860056226068,0.1,5.5,6.0,2.04,-3.46,-3.96,-62.90909,-66.0,0.0941,0.015676948560610564,0.00010723546067963338,181.93705875536745,12.855299958733273,-267.72502272801216
2025-12-08,PE,25960.55,24750.0,8.0,0.07929860056226068,0.1,5.75,5.85,0.01,-5.74,-5.84,-99.82609,-99.82906,0.14444,-0.00015220469773671432,1.6003692712622191e-06,2.7152070433658193,-0.125874640613377,-2.994660752785183
2025-12-08,CE,25960.55,26550.0,8.0,0.07929860056226068,0.1,14.9,13.95,14.68,-0.22,0.73,-1.47651,5.23297,0.07829,0.08734280709303927,0.00043295523561922054,734.5574089211568,71.51701694621718,-1142.7062527019702
2025-12-08,PE,25960.55,27200.0,8.0,0.07929860056226068,0.1,1189.0,1189.0,1153.35,-35.65,-35.65,-2.99832,-2.99832,0.18179,-0.9989268024916637,9.794307295915728e-06,16.617147449841458,-859.8741605313222,2687.8495701984457
2025-12-08,CE,25960.55,25100.0,8.0,0.07929860056226068,0.1,890.55,886.25,940.62,50.07,54.37,5.62237,6.13484,,0.9955730963996295,3.536513994529444e-05,60.000950276523994,790.6352166605081,-2565.4392968626134
2025-12-08,CE,25960.55,24000.0,8.0,0.07929860056226068,0.1,1990.9,1972.5,2036.62,45.72,64.12,2.29645,3.2507,,0.9999999964687609,5.7312316238064745e-11,9.723681122574195e-05,759.4898489305862,-2392.39314557555
2025-12-08,PE,25960.55,24450.0,8.0,0.07929860056226068,0.1,4.4,4.25,0.0,-4.4,-4.25,-100.0,-100.0,0.1653,-3.826675827476994e-06,4.8824778031710985e-08,0.0828367449831852,-0.0031629076017731035,-0.09349603880313113
2025-12-08,CE,25960.55,27100.0,8.0,0.07929860056226068,0.1,3.5,4.85,0.27,-3.23,-4.58,-92.28571,-94.43299,0.11308,0.0024886199980186465,2.107151962034973e-05,35.7502106013758,2.042403416620379,-51.083902072653544
2025-12-08,PE,25960.55,24650.0,8.0,0.07929860056226068,0.1,5.05,4.7,0.0,-5.05,-4.7,-100.0,-100.0,0.149,-4.848242796492455e-05,5.45701246792799e-07,0.9258437383621465,-0.04008703474431707,-1.0300611170207394
2025-12-08,PE,25960.55,23950.0,8.0,0.07929860056226068,0.1,2.95,2.5,0.0,-2.95,-2.5,-100.0,-100.0,0.19727,-1.4510940132207258e-09,2.4120746705644966e-11,4.092356840540658e-05,-1.1986206873064832e-06,-4.73359566818469e-05
2025-12-08,PE,25960.55,26250.0,8.0,0.07929860056226068,0.1,309.7,319.0,272.49,-37.21,-46.51,-12.01485,-14.57994,0.10748,-0.7098726141193913,0.0009334204683969083,1583.653145385746,-593.6881155558655,-107.7907177295383
2025-12-08,CE,25960.55,24100.0,8.0,0.07929860056226068,0.1,1922.35,1919.2,1936.94,14.59,17.74,0.75897,0.92434,,0.9999999804802233,3.0156435971395027e-10,0.0005116379627044589,762.6543767707493,-2402.3619258396075
2025-12-08,PE,25960.55,27650.0,8.0,0.07929860056226068,0.1,1654.3,1648.9,1601.81,-52.49,-47.09,-3.17294,-2.85584,0.24704,-0.9999883438014238,1.4128223519592114e-07,0.23970125332628756,-874.98602289554,2755.9065965313685
2025-12-08,PE,25960.55,27450.0,8.0,0.07929860056226068,0.1,1435.9,1435.9,1402.45,-33.45,-33.45,-2.32955,-2.32955,0.20622,-0.9998990949214177,1.0883797966946898e-06,1.8465591303885247,-868.5836382856914,2733.732195110327
2025-12-08,CE,25960.55,25500.0,8.0,0.07929860056226068,0.1,521.15,506.0,552.22,31.07,46.22,5.96182,9.13439,,0.9330147827138278,0.00035383328492545434,600.3180919920597,751.4082505472926,-3116.7050464720064
2025-12-08,PE,25960.55,27000.0,8.0,0.07929860056226068,0.1,1003.05,1018.55,954.5,-48.55,-64.05,-4.84024,-6.28835,0.18908,-0.9945650202986004,4.245905776984579e-05,72.03658229480722,-849.9669555918507,2587.4256075113854
2025-12-08,CE,25960.55,25200.0,8.0,0.07929860056226068,0.1,811.4,797.55,841.64,30.24,44.09,3.72689,5.52818,,0.9902603646319289,7.100728827514934e-05,120.4718765331771,789.3989856706448,-2637.0705115175297
2025-12-08,CE,25960.55,26050.0,8.0,0.07929860056226068,0.1,129.15,118.6,142.93,13.78,24.33,10.66976,20.51433,0.06611,0.49533348854918,0.001087567492437542,1845.1809645614435,403.688791667729,-3576.163919066402
2025-12-08,CE,25960.55,26300.0,8.0,0.07929860056226068,0.1,47.1,43.0,53.13,6.03,10.13,12.80255,23.55814,0.07218,0.24582181278251963,0.0008586004449862726,1456.712533492388,200.90590569423523,-2452.2190318442044
2025-12-08,PE,25960.55,27400.0,8.0,0.07929860056226068,0.1,1395.7,1395.7,1352.62,-43.08,-43.08,-3.08662,-3.08662,0.21392,-0.9998331980234719,1.7436153633375812e-06,2.9582402014761913,-866.9472557714444,2727.1891528274105
2025-12-08,PE,25960.55,25650.0,8.0,0.07929860056226068,0.1,44.2,45.9,26.16,-18.04,-19.74,-40.81448,-43.00654,0.09661,-0.13929023852609868,0.0006047204461515965,1025.9764693951718,-115.62586249282421,-917.1748803149312
2025-12-08,CE,25960.55,24750.0,8.0,0.07929860056226068,0.1,1274.1,1277.05,1289.01,14.91,11.96,1.17024,0.93653,,0.9998477953022633,1.6003692712622191e-06,2.7152070433658193,783.0980350772071,-2470.14997636392
2025-12-08,PE,25960.55,25150.0,8.0,0.07929860056226068,0.1,9.7,9.3,0.79,-8.91,-8.51,-91.85567,-91.50538,0.11455,-0.006628326244202981,5.0627784572784956e-05,85.89574901898348,-5.487875656816841,-89.99294157140484
2025-12-08,PE,25960.55,24900.0,8.0,0.07929860056226068,0.1,6.65,6.75,0.07,-6.58,-6.68,-98.94737,-98.96296,0.13299,-0.0007266165044631447,6.843316173488874e-06,11.610458041087776,-0.6011351076887341,-12.607340334865926
2025-12-09,PE,25839.65,24800.0,7.0,0.07812576005412648,0.1,4.0,3.95,0.03,-3.97,-3.92,-99.25,-99.24051,0.12803,-0.0003708031401274683,4.003300224142871e-06,5.8007369168436895,-0.26705030952427583,-7.195984534756592
2025-12-09,CE,25839.65,24350.0,7.0,0.07812576005412648,0.1,1537.2,1534.3,1557.2,20.0,22.9,1.30107,1.49254,,0.9999991237403019,1.2954194569706225e-08,0.018770481967676975,674.5120074310697,-2428.269622998916
2025-12-09,CE,25839.65,26400.0,7.0,0.07812576005412648,0.1,10.55,10.8,11.54,0.99,0.74,9.38389,6.85185,0.07691,0.076674727008173,0.0004278596444683144,619.9638038454525,54.714078588267,-1068.8032637842816
2025-12-09,CE,25839.65,27150.0,7.0,0.07812576005412648,0.1,1.8,1.75,0.01,-1.79,-1.74,-99.44444,-99.42857,0.12,0.0001723368887480862,1.959787693460642e-06,2.8397102855474916,0.12330136409323562,-4.437266349790178
2025-12-09,CE,25839.65,24550.0,7.0,0.07812576005412648,0.1,1316.15,1316.15,1357.75,41.6,41.6,3.16073,3.16073,,0.999983508736634,2.142203076717493e-07,0.31040281204869785,680.0409121395871,-2448.5837919035703
2025-12-09,PE,25839.65,25150.0,7.0,0.07812576005412648,0.1,6.9,6.85,1.25,-5.65,-5.6,-81.88406,-81.75182,0.10181,-0.010797030362129619,8.469033688521894e-05,122.71534388235926,-7.784384677423113,-144.54634636130754
2025-12-09,PE,25839.65,25750.0,7.0,0.07812576005412648,0.1,79.15,79.0,68.41,-10.74,-10.59,-13.56917,-13.40506,0.085,-0.31321489564620975,0.0010532488578131737,1526.1457272913951,-226.7158900332131,-1329.9861040443952
2025-12-09,CE,25839.65,27750.0,7.0,0.07812576005412648,0.1,1.2,1.1,0.0,-1.2,-1.1,-100.0,-100.0,0.15929,7.284724715041837e-08,1.1770362011045935e-09,0.0017055121929234556,5.2166228615404034e-05,-0.002586198277382504
2025-12-09,PE,25839.65,26050.0,7.0,0.07812576005412648,0.1,233.2,234.95,214.75,-18.45,-20.2,-7.91166,-8.59757,0.09073,-0.6564591307163433,0.001093315547277301,1584.201908865945,-477.15064737838156,-510.06327720612603
2025-12-09,CE,25839.65,27550.0,7.0,0.07812576005412648,0.1,1.45,1.2,0.0,-1.45,-1.2,-100.0,-100.0,0.1457,1.2855628127732615e-06,1.8719052157375632e-08,0.027123695655591216,0.0009203779860525143,-0.04145642884404676
2025-12-09,CE,25839.65,27200.0,7.0,0.07812576005412648,0.1,1.7,1.6,0.01,-1.69,-1.59,-99.41176,-99.375,0.12273,9.942020080065362e-05,1.1701085158184544e-06,1.6954740550028387,0.0711388696138849,-2.640383516194661
2025-12-09,PE,25839.65,25350.0,7.0,0.07812576005412648,0.1,12.9,13.0,6.35,-6.55,-6.65,-50.77519,-51.15385,0.09121,-0.04559828854020618,0.00028472949277171563,412.56982678302506,-32.905345688084346,-461.72271879371294
2025-12-09,CE,25839.65,26250.0,7.0,0.07812576005412648,0.1,23.9,23.7,28.39,4.49,4.69,18.78661,19.78903,0.07353,0.16103912401775566,0.0007262231258875467,1052.289126555194,114.80008392563958,-1893.076282691016
2025-12-09,PE,25839.65,24500.0,7.0,0.07812576005412648,0.1,3.15,3.1,0.0,-3.15,-3.1,-100.0,-100.0,0.15259,-8.221810587506617e-06,1.1046301486420395e-07,0.1600596638754049,-0.005917688137293006,-0.20378241480267759
2025-12-09,CE,25839.65,25550.0,7.0,0.07812576005412648,0.1,362.5,361.1,384.41,21.91,23.31,6.04414,6.45528,0.03667,0.8611688315201746,0.0006577687240106254,953.0994695584023,607.4413165870014,-3527.097908109035
2025-12-09,CE,25839.65,24800.0,7.0,0.07812576005412648,0.1,1082.55,1085.0,1108.48,25.93,23.48,2.39527,2.16406,,0.9996291968598725,4.003300224142871e-06,5.8007369168436895,686.7109136236219,-2480.3166546940834
2025-12-09,CE,25839.65,27400.0,7.0,0.07812576005412648,0.1,1.45,1.35,0.0,-1.45,-1.35,-100.0,-100.0,0.13603,9.21455235811594e-06,1.2313730844312315e-07,0.17842457246126864,0.006595610333418415,-0.2746561932459515
2025-12-09,PE,25839.65,27850.0,7.0,0.07812576005412648,0.1,1983.0,1983.0,1933.1,-49.9,-49.9,-2.51639,-2.51639,0.30814,-0.9999999843652401,2.6508780425159253e-10,0.0003841092414337917,-771.465162009906,2777.274043076786
2025-12-09,CE,25839.65,26850.0,7.0,0.07812576005412648,0.1,2.35,2.25,0.33,-2.02,-1.92,-85.95745,-85.33333,0.0981,0.0032068421809280804,2.8875177408491662e-05,41.83980670840409,2.292700278703225,-67.09152159634418
2025-12-09,CE,25839.65,24850.0,7.0,0.07812576005412648,0.1,1027.05,1027.05,1058.64,31.59,31.59,3.0758,3.0758,,0.9993568870859346,6.66591286483584e-06,9.658832631718347,687.8997758694716,-2490.0220586606924
2025-12-09,PE,25839.65,27650.0,7.0,0.07812576005412648,0.1,1767.45,1761.8,1733.65,-33.8,-28.15,-1.91236,-1.5978,0.24937,-0.9999996831697309,4.8663464342372685e-09,0.007051281150734738,-765.9248014789368,2757.319369363586
2025-12-09,CE,25839.65,25050.0,7.0,0.07812576005412648,0.1,840.5,840.5,859.63,19.13,19.13,2.27603,2.27603,,0.9953848830918081,4.001433763384106e-05,57.98032436234937,690.5769761335489,-2567.6127384426563
2025-12-09,PE,25839.65,24550.0,7.0,0.07812576005412648,0.1,3.25,3.35,0.0,-3.25,-3.35,-100.0,-100.0,0.14938,-1.649126336604915e-05,2.142203076717493e-07,0.31040281204869785,-0.011870705523367954,-0.39377366117224377
2025-12-09,CE,25839.65,27350.0,7.0,0.07812576005412648,0.1,1.45,1.4,0.0,-1.45,-1.4,-100.0,-100.0,0.13267,1.7151043651670673e-05,2.223530372839493e-07,0.3221870456197129,0.01227544395516651,-0.4972715389740041
2025-12-09,PE,25839.65,25550.0,7.0,0.07812576005412648,0.1,31.95,32.15,23.89,-8.06,-8.26,-25.22692,-25.69207,0.08632,-0.13883116847982535,0.0006577687240106254,953.0994695584023,-100.31219061025212,-979.185282198922
2025-12-09,CE,25839.65,26650.0,7.0,0.07812576005412648,0.1,3.7,3.6,1.88,-1.82,-1.72,-49.18919,-47.77778,0.08622,0.01571271486421996,0.00011713373055891892,169.72545575350134,11.225947217115658,-279.0921541445719
2025-12-09,CE,25839.65,26550.0,7.0,0.07812576005412648,0.1,5.3,5.3,4.07,-1.23,-1.23,-23.20755,-23.20755,0.08186,0.031236456180695038,0.0002091094883413274,302.997292426036,22.307353515732725,-506.40056042891456
2025-12-09,PE,25839.65,25000.0,7.0,0.07812576005412648,0.1,5.3,5.35,0.3,-5.0,-5.05,-94.33962,-94.39252,0.11331,-0.0029180380708694028,2.6522278292276154e-05,38.430482400741795,-2.1027199585853174,-46.47359979157718
2025-12-09,PE,25839.65,27550.0,7.0,0.07812576005412648,0.1,1675.2,1660.0,1633.93,-41.27,-26.07,-2.46359,-1.57048,0.23457,-0.9999987144371872,1.8719052157375632e-08,0.027123695655591216,-763.1540355235534,2747.3163848166982
2025-12-09,PE,25839.65,27300.0,7.0,0.07812576005412648,0.1,1407.35,1409.25,1384.62,-22.73,-24.63,-1.61509,-1.74774,0.20447,-0.9999686374933392,3.9409169205689335e-07,0.5710344212880678,-756.2073297196813,2721.5433620236095
2025-12-09,PE,25839.65,24850.0,7.0,0.07812576005412648,0.1,4.2,4.3,0.06,-4.14,-4.24,-98.57143,-98.60465,0.12463,-0.0006431129140653256,6.66591286483584e-06,9.658832631718347,-0.4632242812817618,-11.915258117980361
2025-12-09,CE,25839.65,26500.0,7.0,0.07812576005412648,0.1,6.7,6.85,5.86,-0.84,-0.99,-12.53731,-14.45255,0.08054,0.04288402620037489,0.00027098689049229814,392.6569509275088,30.61806194627947,-662.4042321780606
2025-12-09,CE,25839.65,24200.0,7.0,0.07812576005412648,0.1,1600.0,1600.0,1706.78,106.78,106.78,6.67375,6.67375,,0.9999999258302892,1.1976962283365674e-09,0.0017354483395918374,670.3574759611847,-2413.289353958235
2025-12-09,PE,25839.65,24050.0,7.0,0.07812576005412648,0.1,2.05,1.95,0.0,-2.05,-1.95,-100.0,-100.0,0.18469,-4.959192103644453e-09,8.692275991470568e-11,0.00012595009969783858,-3.5672210827684244e-06,-0.0001642770549221933
2025-12-09,CE,25839.65,24700.0,7.0,0.07812576005412648,0.1,1175.45,1175.45,1208.18,32.73,32.73,2.78447,2.78447,,0.9998852066355327,1.3392504858280095e-06,1.940558863707678,684.1252368293525,-2465.579790036494
2025-12-09,CE,25839.65,24050.0,7.0,0.07812576005412648,0.1,1829.65,1826.75,1856.36,26.71,29.61,1.45984,1.62091,,0.9999999950408079,8.692275991470568e-11,0.00012595009969783858,666.202417101818,-2398.328878685595
2025-12-09,CE,25839.65,27800.0,7.0,0.07812576005412648,0.1,1.15,1.1,0.0,-1.15,-1.1,-100.0,-100.0,0.16299,3.40388956689441e-08,5.635620347410904e-10,0.000816595038298462,2.4376688444915233e-05,-0.0012361040228246207
2025-12-09,CE,25839.65,25950.0,7.0,0.07812576005412648,0.1,102.8,101.1,116.01,13.21,14.91,12.85019,14.74777,0.06939,0.457221385168264,0.0011788919280012599,1708.2011202869728,324.9563107339254,-3572.0239139012738
2025-12-09,CE,25839.65,26950.0,7.0,0.07812576005412648,0.1,2.05,1.95,0.12,-1.93,-1.83,-94.14634,-93.84615,0.1048,0.001300462434405635,1.2730489019184127e-05,18.44633514561488,0.9300110944843997,-29.288451102501398
2025-12-09,CE,25839.65,27450.0,7.0,0.07812576005412648,0.1,1.4,1.3,0.0,-1.4,-1.3,-100.0,-100.0,0.13932,4.863911742188744e-06,6.693945345805893e-08,0.09699451380782695,0.0034817594218590295,-0.14893419594039758
2025-12-09,PE,25839.65,26350.0,7.0,0.07812576005412648,0.1,480.95,481.3,453.08,-27.87,-28.22,-5.79478,-5.86329,0.10769,-0.900115309400048,0.0005211676184659725,755.1660068028868,-658.659525703618,1309.2117640597512
2025-12-09,PE,25839.65,24250.0,7.0,0.07812576005412648,0.1,2.5,2.5,0.0,-2.5,-2.5,-100.0,-100.0,0.1717,-1.7336433652711098e-07,2.72034225217703e-09,0.0039417452714357905,-0.00012473324864734105,-0.005094093519741817
2025-12-09,PE,25839.65,26450.0,7.0,0.07812576005412648,0.1,575.1,574.0,545.27,-29.83,-28.73,-5.18692,-5.00523,0.11584,-0.9421539606784952,0.00034403911235037735,498.5087972701957,-691.3943442204142,1787.984822946246
2025-12-09,CE,25839.65,26600.0,7.0,0.07812576005412648,0.1,4.3,4.3,2.79,-1.51,-1.51,-35.11628,-35.11628,0.08385,0.022352497514328364,0.00015810108972771453,229.08669758165018,15.966460121021894,-379.6355590390912
2025-12-09,CE,25839.65,27050.0,7.0,0.07812576005412648,0.1,1.9,1.8,0.04,-1.86,-1.76,-97.89474,-97.77778,0.11211,0.000490730623470871,5.191345838675243e-06,7.522201625773357,0.3510260419306348,-11.841892698241015
2025-12-09,PE,25839.65,24900.0,7.0,0.07812576005412648,0.1,4.4,4.55,0.1,-4.3,-4.45,-97.72727,-97.8022,0.12061,-0.001089569522199198,1.0826703373811548e-05,15.687771196733369,-0.7849049546017269,-19.235485032834287
2025-12-09,PE,25839.65,25900.0,7.0,0.07812576005412648,0.1,142.7,143.0,128.53,-14.17,-14.47,-9.92992,-10.11888,0.08656,-0.48377479741136564,0.001184734550122975,1716.6670139084927,-350.8082949029972,-1151.1766123352866
2025-12-09,PE,25839.65,27900.0,7.0,0.07812576005412648,0.1,2010.15,2010.0,1982.96,-27.19,-27.04,-1.35264,-1.34527,0.27368,-0.9999999929402136,1.2251135744365463e-10,0.00017751757651605953,-772.850204368479,2782.260486090004
2025-12-09,PE,25839.65,27100.0,7.0,0.07812576005412648,0.1,1220.0,1220.0,1185.2,-34.8,-34.8,-2.85246,-2.85246,0.19778,-0.9997065689402043,3.2203953317395998e-06,4.666316549279691,-750.4797115910293,2695.164890240525
2025-12-09,CE,25839.65,25650.0,7.0,0.07812576005412648,0.1,283.15,280.5,302.55,19.4,22.05,6.85149,7.86096,0.05888,0.783945615898991,0.0008708999461943519,1261.9242090064308,554.2870729842499,-3770.031646011236
2025-12-09,CE,25839.65,27600.0,7.0,0.07812576005412648,0.1,1.45,1.45,0.0,-1.45,-1.45,-100.0,-100.0,0.15276,6.437879552886832e-07,9.631230122639426e-09,0.013955543926005,0.00046093905869271757,-0.021284555182675788
2025-12-09,CE,25839.65,27300.0,7.0,0.07812576005412648,0.1,1.5,1.45,0.0,-1.5,-1.45,-100.0,-100.0,0.12926,3.136250666082873e-05,3.9409169205689335e-07,0.5710344212880678,0.02244509382236149,-0.8838273050040755
2025-12-09,PE,25839.65,24350.0,7.0,0.07812576005412648,0.1,2.75,3.1,0.0,-2.75,-3.1,-100.0,-100.0,0.16701,-8.762596981671305e-07,1.2954194569706225e-08,0.018770481967676975,-0.0006305436122142987,-0.024126290061555235
2025-12-09,PE,25839.65,25200.0,7.0,0.07812576005412648,0.1,7.75,7.7,1.93,-5.82,-5.77,-75.09677,-74.93506,0.09844,-0.015980320998091414,0.00011884238514458349,172.20127699554192,-11.523749757181896,-200.674902530367
2025-12-09,PE,25839.65,25800.0,7.0,0.07812576005412648,0.1,97.4,98.1,85.61,-11.79,-12.49,-12.10472,-12.73191,0.08578,-0.3677652840073723,0.0011199670785495218,1622.8196773782447,-266.3482542312633,-1323.2586578348705
2025-12-09,CE,25839.65,25700.0,7.0,0.07812576005412648,0.1,246.1,244.0,264.79,18.69,20.79,7.59447,8.52049,0.06257,0.7376208477003537,0.0009685846131387795,1403.4681907285221,522.0852921695724,-3853.153395834661
2025-12-09,PE,25839.65,27500.0,7.0,0.07812576005412648,0.1,1616.6,1613.05,1584.07,-32.53,-28.98,-2.01225,-1.7966,0.23453,-0.9999974773908085,3.572443689653278e-08,0.05176430653125427,-761.7681137837842,2742.2924153573776
2025-12-09,PE,25839.65,24750.0,7.0,0.07812576005412648,0.1,3.8,4.0,0.02,-3.78,-3.98,-99.47368,-99.5,0.13329,-0.00020879501916786172,2.3448077499506243e-06,3.397600009115468,-0.15035530185972917,-4.23664240860193
2025-12-09,CE,25839.65,25400.0,7.0,0.07812576005412648,0.1,497.6,497.0,519.19,21.59,22.19,4.33883,4.46479,,0.9379500931555972,0.00036347172263834465,526.6664306168636,658.8085361881224,-3112.342603642095
2025-12-09,PE,25839.65,24650.0,7.0,0.07812576005412648,0.1,3.6,3.6,0.0,-3.6,-3.6,-100.0,-100.0,0.14108,-6.160771427120594e-05,7.457896214578843e-07,1.0806407581674389,-0.04435478794540109,-1.359988613787932
2025-12-09,CE,25839.65,26300.0,7.0,0.07812576005412648,0.1,18.05,18.4,21.36,3.31,2.96,18.33795,16.08696,0.07475,0.12790687375386722,0.0006217050195253551,900.8435681138287,91.21425233775926,-1595.1949004936878
2025-12-09,PE,25839.65,23950.0,7.0,0.07812576005412648,0.1,1.85,1.85,0.0,-1.85,-1.85,-100.0,-100.0,0.19259,-7.147772754535699e-10,1.3191305982008259e-11,1.9114053732405122e-05,-5.140968295757895e-07,-2.50286509735993e-05
2025-12-09,PE,25839.65,27950.0,7.0,0.07812576005412648,0.1,2072.4,2075.0,2032.82,-39.58,-42.18,-1.90986,-2.03277,0.30714,-0.9999999968659344,5.5634441557658464e-11,8.061367894549765e-05,-774.2352433976345,2787.2467628673953
2025-12-09,CE,25839.65,26350.0,7.0,0.07812576005412648,0.1,13.9,13.7,15.82,1.92,2.12,13.81295,15.47445,0.07523,0.09988469059995198,0.0005211676184659725,755.1660068028868,71.25456097534999,-1318.4789479845333
2025-12-09,CE,25839.65,25600.0,7.0,0.07812576005412648,0.1,322.65,323.9,342.51,19.86,18.61,6.15528,5.7456,0.0589,0.8252193250594595,0.0007655366482592009,1109.2539774992026,582.8020377998215,-3657.990917612744
2025-12-09,CE,25839.65,25250.0,7.0,0.07812576005412648,0.1,644.6,642.0,662.62,18.02,20.62,2.79553,3.21184,,0.9768514228287586,0.00016283324725924994,235.9435405243687,682.746694897535,-2789.686933431028
2025-12-09,CE,25839.65,26050.0,7.0,0.07812576005412648,0.1,65.95,64.45,76.66,10.71,12.21,16.23958,18.94492,0.07035,0.3435408692836567,0.001093315547277301,1584.201908865945,244.45322199494342,-3107.8372069500956
2025-12-09,PE,25839.65,26750.0,7.0,0.07812576005412648,0.1,870.1,869.85,836.96,-33.14,-32.89,-3.80876,-3.78111,0.1527,-0.9926417535509274,6.052484955945723e-05,87.69982503651076,-735.7353455552625,2525.3181652223016
2025-12-09,PE,25839.65,26550.0,7.0,0.07812576005412648,0.1,673.25,670.35,640.78,-32.47,-29.57,-4.82287,-4.41113,0.12618,-0.968763543819305,0.0002091094883413274,302.997292426036,-713.1468780336637,2141.2346731489124
2025-12-09,CE,25839.65,26700.0,7.0,0.07812576005412648,0.1,3.25,3.1,1.24,-2.01,-1.86,-61.84615,-60.0,0.0889,0.010849457863314989,8.504818501844054e-05,123.23386179527611,7.75287068354906,-201.2096385696769
2025-12-09,PE,25839.65,26100.0,7.0,0.07812576005412648,0.1,268.35,268.2,249.03,-19.32,-19.17,-7.19955,-7.14765,0.09082,-0.7088693345908895,0.001019232299484422,1476.8561175610123,-515.721366066683,-220.2522023106701
2025-12-09,CE,25839.65,27850.0,7.0,0.07812576005412648,0.1,1.15,1.05,0.0,-1.15,-1.05,-100.0,-100.0,0.16585,1.5634759955393148e-08,2.6508780425159253e-10,0.0003841092414337917,1.119727644017357e-05,-0.0005804690709395459
2025-12-09,PE,25839.65,25250.0,7.0,0.07812576005412648,0.1,9.0,9.2,2.93,-6.07,-6.27,-67.44444,-68.15217,0.09616,-0.023148577171241448,0.00016283324725924994,235.9435405243687,-16.696594994075593,-271.69108982123
2025-12-09,CE,25839.65,26900.0,7.0,0.07812576005412648,0.1,2.2,2.1,0.2,-2.0,-1.9,-90.90909,-90.47619,0.10152,0.002060625401402084,1.936174538051416e-05,28.054950894252002,1.4734352971190923,-44.75702558373213
2025-12-09,PE,25839.65,26800.0,7.0,0.07812576005412648,0.1,915.2,913.0,886.53,-28.67,-26.47,-3.13265,-2.89923,0.15006,-0.995098440710132,4.222185127452091e-05,61.178986754118725,-738.8756294652427,2573.91847896375
2025-12-09,CE,25839.65,26200.0,7.0,0.07812576005412648,0.1,31.2,30.55,37.19,5.99,6.64,19.19872,21.73486,0.07245,0.199398307461918,0.0008305811300669258,1203.5026987376457,142.08876957815616,-2203.9617056706397
2025-12-09,PE,25839.65,25050.0,7.0,0.07812576005412648,0.1,5.6,5.5,0.49,-5.11,-5.01,-91.25,-91.09091,0.10854,-0.0046151169081918965,4.001433763384106e-05,57.98032436234937,-3.326168887632942,-69.56141636640137
2025-12-09,CE,25839.65,25350.0,7.0,0.07812576005412648,0.1,546.55,547.1,566.32,19.77,19.22,3.61724,3.51307,,0.9544017114597938,0.00028472949277171563,412.56982678302506,669.3080166387406,-2989.690823170283
2025-12-09,PE,25839.65,24000.0,7.0,0.07812576005412648,0.1,1.9,1.9,0.0,-1.9,-1.9,-100.0,-100.0,0.18866,-1.908315611778649e-09,3.4331754988095357e-11,4.9746326138234164e-05,-1.3726074123616744e-06,-6.501506502559804e-05
2025-12-09,PE,25839.65,25400.0,7.0,0.07812576005412648,0.1,15.7,15.75,9.09,-6.61,-6.66,-42.10191,-42.28571,0.08905,-0.06204990684440282,0.00036347172263834465,526.6664306168636,-44.78986235630959,-579.3883688821396
2025-12-09,CE,25839.65,24750.0,7.0,0.07812576005412648,0.1,1130.55,1130.0,1158.32,27.77,28.32,2.45633,2.50619,,0.9997912049808322,2.3448077499506243e-06,3.397600009115468,685.4425724136794,-2472.371182184543
2025-12-09,CE,25839.65,24950.0,7.0,0.07812576005412648,0.1,939.75,939.75,959.04,19.29,19.29,2.05267,2.05267,,0.9981963472791845,1.715505399169674e-05,24.85747993616643,689.8335702821968,-2518.357024250686
2025-12-09,PE,25839.65,24150.0,7.0,0.07812576005412648,0.1,2.25,2.1,0.0,-2.25,-2.1,-100.0,-100.0,0.17716,-3.091108601839193e-08,5.133184813519762e-10,0.0007437926955663372,-2.223732687555272e-05,-0.0009659142771969071
2025-12-09,PE,25839.65,26200.0,7.0,0.07812576005412648,0.1,347.6,348.4,324.86,-22.74,-23.54,-6.542,-6.7566,0.09638,-0.800601692538082,0.0008305811300669258,1203.5026987376457,-583.6702084479901,408.7706152234871
2025-12-09,PE,25839.65,27450.0,7.0,0.07812576005412648,0.1,1578.0,1578.0,1534.21,-43.79,-43.79,-2.77503,-2.77503,0.25254,-0.9999951360882579,6.693945345805893e-08,0.09699451380782695,-760.3814017069033,2737.2366462828304
2025-12-09,CE,25839.65,25200.0,7.0,0.07812576005412648,0.1,684.45,687.0,711.48,27.03,24.48,3.94916,3.56332,,0.9840196790019086,0.00011884238514458349,172.20127699554192,686.5345039168216,-2713.6846157567793
2025-12-09,PE,25839.65,24400.0,7.0,0.07812576005412648,0.1,2.8,2.55,0.0,-2.8,-2.55,-100.0,-100.0,0.15804,-1.8955985981561805e-06,2.7168148890204803e-08,0.03936634161967179,-0.0013641463758104478,-0.05044852951965291
2025-12-09,CE,25839.65,26800.0,7.0,0.07812576005412648,0.1,2.6,2.6,0.52,-2.08,-2.08,-80.0,-80.0,0.09565,0.004901559289868013,4.222185127452091e-05,61.178986754118725,3.5037831721895047,-98.64740653100574
2025-12-09,PE,25839.65,26600.0,7.0,0.07812576005412648,0.1,719.75,719.55,689.35,-30.4,-30.2,-4.22369,-4.19707,0.13216,-0.9776475024856717,0.00015810108972771453,229.08669758165018,-720.8728076459817,2272.985804922122
2025-12-09,CE,25839.65,25450.0,7.0,0.07812576005412648,0.1,450.2,451.85,473.01,22.81,21.16,5.06664,4.68297,,0.9172424613755195,0.0004532983040763094,656.8241349825487,645.2280399995115,-3246.488869811545
2025-12-09,CE,25839.65,26450.0,7.0,0.07812576005412648,0.1,8.2,8.1,8.29,0.09,0.19,1.09756,2.34568,0.07775,0.057846039321504804,0.00034403911235037735,498.5087972701957,41.28981489376806,-849.6781498648099
2025-12-09,CE,25839.65,24600.0,7.0,0.07812576005412648,0.1,1330.0,1330.0,1307.89,-22.11,-22.11,-1.66241,-1.66241,0.20121,0.9999677314900326,4.048599180107091e-07,0.5866374593621326,681.4145894631571,-2453.9174890203662
2025-12-09,CE,25839.65,27100.0,7.0,0.07812576005412648,0.1,1.8,1.75,0.03,-1.77,-1.72,-98.33333,-98.28571,0.11587,0.0002934310597957439,3.2203953317395998e-06,4.666316549279691,0.20991835204573212,-7.317777554545879
2025-12-09,PE,25839.65,24200.0,7.0,0.07812576005412648,0.1,2.3,2.5,0.0,-2.3,-2.5,-100.0,-100.0,0.17638,-7.416971081114727e-08,1.1976962283365674e-09,0.0017354483395918374,-5.336067568799999e-05,-0.002248399537698314
2025-12-09,CE,25839.65,24250.0,7.0,0.07812576005412648,0.1,1630.65,1627.2,1656.92,26.27,29.72,1.61101,1.82645,,0.9999998266356634,2.72034225217703e-09,0.0039417452714357905,671.742440806219,-2418.278330035603
2025-12-09,CE,25839.65,27700.0,7.0,0.07812576005412648,0.1,1.4,1.3,0.0,-1.4,-1.3,-100.0,-100.0,0.15847,1.5324051086713853e-07,2.414856153639942e-09,0.003499099356777707,0.00010973012079037582,-0.005315684776402295
2025-12-09,PE,25839.65,27000.0,7.0,0.07812576005412648,0.1,1120.1,1121.0,1085.53,-34.57,-35.47,-3.08633,-3.16414,0.1866,-0.9991939221652644,8.208699599757312e-06,11.894313226979428,-747.3430275055028,2673.708358318577
2025-12-09,PE,25839.65,27400.0,7.0,0.07812576005412648,0.1,1513.35,1509.65,1484.35,-29.0,-25.3,-1.91628,-1.67589,0.21676,-0.9999907854476419,1.2313730844312315e-07,0.17842457246126864,-758.9932516383845,2732.124793902139
2025-12-09,PE,25839.65,27250.0,7.0,0.07812576005412648,0.1,1360.05,1357.35,1334.76,-25.29,-22.59,-1.85949,-1.66427,0.19515,-0.9999436605728564,6.854990846524641e-07,0.9932804496713646,-754.8044218908977,2715.899104585837
2025-12-09,CE,25839.65,25150.0,7.0,0.07812576005412648,0.1,735.95,732.25,760.66,24.71,28.41,3.35757,3.87982,,0.9892029696378704,8.469033688521894e-05,122.71534388235926,688.8888327789732,-2652.569929204334
2025-12-09,PE,25839.65,27800.0,7.0,0.07812576005412648,0.1,1916.9,1914.2,1883.23,-33.67,-30.97,-1.75648,-1.61791,0.27088,-0.9999999659611043,5.635620347410904e-10,0.000816595038298462,-770.0801126128868,2772.287257058448
2025-12-09,PE,25839.65,24600.0,7.0,0.07812576005412648,0.1,3.45,3.5,0.0,-3.45,-3.5,-100.0,-100.0,0.14541,-3.2268509967367803e-05,4.048599180107091e-07,0.5866374593621326,-0.023229599560481377,-0.7413403945822572
2025-12-09,CE,25839.65,26100.0,7.0,0.07812576005412648,0.1,51.65,50.0,61.08,9.43,11.08,18.2575,22.16,0.07049,0.2911306654091105,0.001019232299484422,1476.8561175610123,207.26753952424917,-2823.0122624380256
2025-12-09,PE,25839.65,26650.0,7.0,0.07812576005412648,0.1,766.0,773.05,738.3,-27.7,-34.75,-3.61619,-4.49518,0.14307,-0.98428728513578,0.00011713373055891892,169.72545575350134,-726.998356767495,2378.515340200027
2025-12-09,PE,25839.65,25300.0,7.0,0.07812576005412648,0.1,10.5,10.7,4.35,-6.15,-6.35,-58.57143,-59.34579,0.09327,-0.03282934620625998,0.00021787628161716902,315.700277101236,-23.684748637028612,-358.69273866768026
2025-12-09,CE,25839.65,25850.0,7.0,0.07812576005412648,0.1,151.3,149.15,166.97,15.67,17.82,10.35691,11.9477,0.06754,0.5749873595381452,0.0011647068850941095,1687.6471529471546,408.06942414004345,-3842.32682439338
2025-12-09,PE,25839.65,26300.0,7.0,0.07812576005412648,0.1,434.5,435.4,408.75,-25.75,-26.65,-5.92635,-6.12081,0.10328,-0.8720931262461328,0.0006217050195253551,900.8435681138287,-637.3147981236015,1027.5096811672108
2025-12-09,PE,25839.65,26150.0,7.0,0.07812576005412648,0.1,307.75,308.1,285.81,-21.94,-22.29,-7.12916,-7.23466,0.09399,-0.7571201579651523,0.0009299669116833244,1347.5115764517927,-551.375906715374,89.99667451879759
2025-12-09,CE,25839.65,24300.0,7.0,0.07812576005412648,0.1,1580.0,1580.0,1607.06,27.06,27.06,1.71266,1.71266,,0.9999996051795065,6.015726727794451e-09,0.008716720245240141,673.1273176701078,-2423.270601619486
2025-12-09,PE,25839.65,25650.0,7.0,0.07812576005412648,0.1,50.75,50.75,41.74,-9.01,-9.01,-17.75369,-17.75369,0.08509,-0.21605438410100897,0.0008708999461943519,1261.9242090064308,-156.23650664821787,-1212.1467593343518
2025-12-09,PE,25839.65,26950.0,7.0,0.07812576005412648,0.1,1085.0,1085.0,1035.72,-49.28,-49.28,-4.54194,-4.54194,0.19764,-0.9986995375655944,1.2730489019184127e-05,18.44633514561488,-745.6045101957693,2658.235825542412
2025-12-09,PE,25839.65,24700.0,7.0,0.07812576005412648,0.1,3.75,3.65,0.01,-3.74,-3.64,-99.73333,-99.72603,0.13643,-0.00011479336446734149,1.3392504858280095e-06,1.940558863707678,-0.08265466857940144,-2.431380643938974
2025-12-09,PE,25839.65,25450.0,7.0,0.07812576005412648,0.1,19.8,20.2,12.77,-7.03,-7.43,-35.50505,-36.78218,0.08825,-0.08275753862448049,0.0004532983040763094,656.8241349825487,-59.75539476252785,-708.5485046682038
2025-12-09,PE,25839.65,27350.0,7.0,0.07812576005412648,0.1,1465.05,1462.6,1434.48,-30.57,-28.12,-2.08662,-1.9226,0.21628,-0.9999828489563484,2.223530372839493e-07,0.3221870456197129,-757.6025355871557,2726.916048173025
2025-12-09,PE,25839.65,27150.0,7.0,0.07812576005412648,0.1,1280.85,1280.85,1235.05,-45.8,-45.8,-3.57575,-3.57575,0.21884,-0.9998276631112519,1.959787693460642e-06,2.8397102855474916,-751.9513647965889,2703.0315318286657
2025-12-09,CE,25839.65,26150.0,7.0,0.07812576005412648,0.1,40.55,39.95,48.0,7.45,8.05,18.37238,20.15019,0.07203,0.24287984203484775,0.0009299669116833244,1347.5115764517927,172.9980350931653,-2517.749515991944
2025-12-09,CE,25839.65,24900.0,7.0,0.07812576005412648,0.1,984.0,984.0,1008.82,24.82,24.82,2.52236,2.52236,,0.9989104304778008,1.0826703373811548e-05,15.687771196733369,688.9631314137588,-2502.3284159589325
2025-12-09,PE,25839.65,27700.0,7.0,0.07812576005412648,0.1,1810.0,1810.0,1783.51,-26.49,-26.49,-1.46354,-1.46354,0.25148,-0.9999998467594892,2.414856153639942e-09,0.003499099356777707,-767.3099548242401,2762.310916710923
2025-12-09,PE,25839.65,25700.0,7.0,0.07812576005412648,0.1,63.65,63.65,53.85,-9.8,-9.8,-15.3967,-15.3967,0.08499,-0.26237915229964626,0.0009685846131387795,1403.4681907285221,-189.8233236805024,-1290.282378774391
2025-12-09,CE,25839.65,24650.0,7.0,0.07812576005412648,0.1,1211.4,1211.4,1258.03,46.63,46.63,3.84927,3.84927,,0.9999383922857288,7.457896214578843e-07,1.0806407581674389,682.7785004923794,-2459.5222676229573
2025-12-09,PE,25839.65,26700.0,7.0,0.07812576005412648,0.1,819.8,824.1,787.53,-32.27,-36.57,-3.93633,-4.43757,0.15112,-0.989150542136685,8.504818501844054e-05,123.23386179527611,-731.8564695186689,2461.383986158308
2025-12-09,PE,25839.65,27600.0,7.0,0.07812576005412648,0.1,1730.1,1730.1,1683.79,-46.31,-46.31,-2.67672,-2.67672,0.27385,-0.9999993562120447,9.631230122639426e-09,0.013955543926005,-764.5395311800879,2752.3226870737453
2025-12-09,CE,25839.65,24400.0,7.0,0.07812576005412648,0.1,1544.85,1544.85,1507.33,-37.52,-37.52,-2.42871,-2.42871,0.25444,0.9999981044014018,2.7168148890204803e-08,0.03936634161967179,675.8963100459132,-2433.28207562176
2025-12-09,PE,25839.65,27050.0,7.0,0.07812576005412648,0.1,1168.85,1165.9,1135.36,-33.49,-30.54,-2.86521,-2.61944,0.18557,-0.9995092693765292,5.191345838675243e-06,7.522201625773357,-748.9535676835374,2685.6546447134438
2025-12-09,CE,25839.65,25000.0,7.0,0.07812576005412648,0.1,883.7,885.95,909.29,25.59,23.34,2.89578,2.63446,,0.9970819619291306,2.6522278292276154e-05,38.430482400741795,690.4153888449895,-2539.538791484447
2025-12-09,PE,25839.65,24300.0,7.0,0.07812576005412648,0.1,2.55,2.5,0.0,-2.55,-2.5,-100.0,-100.0,0.16702,-3.94820493575644e-07,6.015726727794451e-09,0.008716720245240141,-0.00028408696701489304,-0.011235294016840787
2025-12-09,PE,25839.65,25600.0,7.0,0.07812576005412648,0.1,40.5,40.4,31.84,-8.66,-8.56,-21.38272,-21.18812,0.08555,-0.17478067494054056,0.0007655366482592009,1109.2539774992026,-126.33650561503912,-1105.0921613192452
2025-12-09,CE,25839.65,26000.0,7.0,0.07812576005412648,0.1,82.8,81.5,94.92,12.12,13.42,14.63768,16.46626,0.07002,0.3992574876413986,0.001147705798747756,1663.0127703942312,283.9375491359273,-3360.80963689116
2025-12-09,CE,25839.65,27000.0,7.0,0.07812576005412648,0.1,2.0,1.95,0.07,-1.93,-1.88,-96.5,-96.41026,0.10906,0.0008060778347356814,8.208699599757312e-06,11.894313226979428,0.5765300023579707,-18.802048709721813
2025-12-09,PE,25839.65,26400.0,7.0,0.07812576005412648,0.1,526.7,525.5,498.66,-28.04,-26.84,-5.32371,-5.10752,0.10994,-0.923325272991827,0.0004278596444683144,619.9638038454525,-676.5850443083079,1563.8735786433886
2025-12-09,PE,25839.65,25100.0,7.0,0.07812576005412648,0.1,6.05,6.15,0.79,-5.26,-5.36,-86.94215,-87.15447,0.10526,-0.007137501197935353,5.892087966658412e-05,85.37569073477052,-5.144984937828219,-101.53878734221826
2025-12-09,CE,25839.65,27500.0,7.0,0.07812576005412648,0.1,1.5,1.45,0.0,-1.5,-1.45,-100.0,-100.0,0.14501,2.5226091915239163e-06,3.572443689653278e-08,0.05176430653125427,0.0018059001480297014,-0.07929550477862937
2025-12-09,CE,25839.65,25300.0,7.0,0.07812576005412648,0.1,591.85,592.0,614.18,22.33,22.18,3.77292,3.74662,,0.96717065379374,0.00021787628161716902,315.700277101236,677.143577472189,-2881.6747126608643
2025-12-09,CE,25839.65,25500.0,7.0,0.07812576005412648,0.1,406.95,406.85,428.0,21.05,21.15,5.17263,5.19848,,0.891775366606512,0.0005523724841818774,800.3815056185308,628.1988518530262,-3387.0633089457433
2025-12-09,CE,25839.65,24450.0,7.0,0.07812576005412648,0.1,1457.8,1464.15,1457.47,-0.33,-6.68,-0.02264,-0.45624,0.1763,0.9999960021335315,5.550166776929734e-08,0.08042129122221606,677.2798331642737,-2438.3204929324083
2025-12-09,PE,25839.65,26250.0,7.0,0.07812576005412648,0.1,390.9,391.05,365.93,-24.97,-25.12,-6.38782,-6.42373,0.09955,-0.8389608759822443,0.0007262231258875467,1052.289126555194,-612.3439303181138,724.6421685864968
2025-12-09,PE,25839.65,24450.0,7.0,0.07812576005412648,0.1,2.95,2.8,0.0,-2.95,-2.8,-100.0,-100.0,0.15525,-3.997866468494878e-06,5.550166776929734e-08,0.08042129122221606,-0.002877245622454775,-0.10273545678202066
2025-12-09,CE,25839.65,24500.0,7.0,0.07812576005412648,0.1,1382.55,1381.2,1407.61,25.06,26.41,1.81259,1.91211,,0.9999917781894125,1.1046301486420395e-07,0.1600596638754049,678.661828939366,-2443.4076702738143
2025-12-09,PE,25839.65,26000.0,7.0,0.07812576005412648,0.1,199.2,200.7,183.15,-16.05,-17.55,-8.05723,-8.74439,0.08864,-0.6007425123586014,0.001147705798747756,1663.0127703942312,-436.2812840197905,-768.0218375305756
2025-12-09,PE,25839.65,25950.0,7.0,0.07812576005412648,0.1,169.5,168.4,154.38,-15.12,-14.02,-8.92035,-8.32542,0.08633,-0.542778614831736,0.0011788919280012599,1708.2011202869728,-393.8774862041852,-984.2222449240753
2025-12-09,PE,25839.65,26500.0,7.0,0.07812576005412648,0.1,624.15,623.4,592.7,-31.45,-30.7,-5.03885,-4.92461,0.12244,-0.9571159737996251,0.00027098689049229814,392.6569509275088,-703.4511333855098,1980.2448710163808
2025-12-09,PE,25839.65,25850.0,7.0,0.07812576005412648,0.1,118.45,118.75,105.62,-12.83,-13.13,-10.83157,-11.05684,0.0859,-0.42501264046185483,0.0011647068850941095,1687.6471529471546,-307.994300362853,-1264.497416182953
2025-12-09,CE,25839.65,24100.0,7.0,0.07812576005412648,0.1,1785.8,1785.8,1806.5,20.7,20.7,1.15914,1.15914,,0.9999999874530726,2.1412780601481398e-10,0.0003102687781900784,667.5874478609541,-2403.315248619149
2025-12-09,CE,25839.65,25100.0,7.0,0.07812576005412648,0.1,787.15,781.65,810.06,22.91,28.41,2.9105,3.63462,,0.9928624988020647,5.892087966658412e-05,85.37569073477052,690.1431963009609,-2604.5762398018587
2025-12-09,PE,25839.65,24100.0,7.0,0.07812576005412648,0.1,2.05,2.05,0.0,-2.05,-2.05,-100.0,-100.0,0.18122,-1.2546927384655202e-08,2.1412780601481398e-10,0.0003102687781900784,-9.025692101928716e-06,-0.00040382722254202777
2025-12-09,CE,25839.65,27950.0,7.0,0.07812576005412648,0.1,1.1,1.0,0.0,-1.1,-1.0,-100.0,-100.0,0.17227,3.134065554265206e-09,5.5634441557658464e-11,8.061367894549765e-05,2.2447622208020236e-06,-0.00012144523288566137
2025-12-09,PE,25839.65,27750.0,7.0,0.07812576005412648,0.1,1861.2,1856.0,1833.37,-27.83,-22.63,-1.49527,-1.21929,0.24861,-0.9999999271527529,1.1770362011045935e-09,0.0017055121929234556,-768.6950486057393,2767.2997765808077
2025-12-09,CE,25839.65,25900.0,7.0,0.07812576005412648,0.1,124.8,123.0,140.02,15.22,17.02,12.19551,13.8374,0.06821,0.5162252025886344,0.001184734550122975,1716.6670139084927,366.6404658175063,-3733.9921509291
2025-12-09,CE,25839.65,24150.0,7.0,0.07812576005412648,0.1,1732.45,1729.95,1756.64,24.19,26.69,1.39629,1.54282,,0.999999969088914,5.133184813519762e-10,0.0007437926955663372,668.9724708669263,-2408.3019410895895
2025-12-09,PE,25839.65,27200.0,7.0,0.07812576005412648,0.1,1309.35,1307.0,1284.91,-24.44,-22.09,-1.86658,-1.69013,0.1887,-0.9999005797991993,1.1701085158184544e-06,1.6954740550028387,-753.3885635086756,2709.814545045647
2025-12-09,CE,25839.65,27900.0,7.0,0.07812576005412648,0.1,1.15,1.2,0.0,-1.15,-1.2,-100.0,-100.0,0.17197,7.059786466566512e-09,1.2251135744365463e-10,0.00017751757651605953,5.0563105107851025e-06,-0.00026783923842793307
2025-12-09,PE,25839.65,26900.0,7.0,0.07812576005412648,0.1,1018.5,1016.6,985.93,-32.57,-30.67,-3.19784,-3.01692,0.16782,-0.9979393745985979,1.936174538051416e-05,28.054950894252002,-743.6760497755274,2637.7811206777956
2025-12-09,CE,25839.65,25750.0,7.0,0.07812576005412648,0.1,211.4,209.8,229.49,18.09,19.69,8.55724,9.38513,0.06492,0.6867851043537903,0.0010532488578131737,1526.1457272913951,486.57776203446895,-3897.843251488051
2025-12-09,CE,25839.65,26750.0,7.0,0.07812576005412648,0.1,2.8,2.65,0.81,-1.99,-1.84,-71.07143,-69.43396,0.09137,0.007358246449072565,6.052484955945723e-05,87.69982503651076,5.259030864562681,-142.2615898890693
2025-12-09,CE,25839.65,27250.0,7.0,0.07812576005412648,0.1,1.65,1.65,0.0,-1.65,-1.65,-100.0,-100.0,0.12726,5.633942714353834e-05,6.854990846524641e-07,0.9932804496713646,0.040316704998845765,-1.541954359390483
2025-12-09,CE,25839.65,27650.0,7.0,0.07812576005412648,0.1,1.3,1.35,0.0,-1.3,-1.35,-100.0,-100.0,0.15534,3.1683026916187306e-07,4.8663464342372685e-09,0.007051281150734738,0.00022685781698854066,-0.010732648727775513
2025-12-09,CE,25839.65,25800.0,7.0,0.07812576005412648,0.1,179.95,178.0,196.83,16.88,18.83,9.38038,10.57865,0.06641,0.6322347159926277,0.0011199670785495218,1622.8196773782447,448.3304340540259,-3896.1019356619117
2025-12-09,CE,25839.65,23950.0,7.0,0.07812576005412648,0.1,1934.9,1934.6,1956.09,21.19,21.49,1.09515,1.11082,,0.9999999992852228,1.3191305982008259e-11,1.9114053732405122e-05,663.4323477197278,-2388.35647867042
2025-12-09,PE,25839.65,25500.0,7.0,0.07812576005412648,0.1,25.35,25.85,17.62,-7.73,-8.23,-30.4931,-31.83752,0.08759,-0.10822463339348803,0.0005523724841818774,800.3815056185308,-78.16961912662005,-844.1368134190168
2025-12-09,PE,25839.65,24950.0,7.0,0.07812576005412648,0.1,4.8,4.7,0.18,-4.62,-4.52,-96.25,-96.17021,0.11608,-0.0018036527208154871,1.715505399169674e-05,24.85747993616643,-1.2995023037709315,-30.277962941202283
2025-12-09,CE,25839.65,24000.0,7.0,0.07812576005412648,0.1,1879.15,1879.15,1906.22,27.07,27.07,1.44054,1.44054,,0.9999999980916844,3.4331754988095357e-11,4.9746326138234164e-05,664.8173830788245,-2393.34264904022
2025-12-09,PE,25839.65,26850.0,7.0,0.07812576005412648,0.1,987.2,987.2,936.2,-51.0,-51.0,-5.16613,-5.16613,0.1865,-0.996793157819072,2.8875177408491662e-05,41.83980670840409,-741.471748576336,2610.4604942817978
2025-12-10,CE,25758.0,27300.0,6.0,0.0785640253648767,0.1,1.7,1.75,0.0,-1.7,-1.75,-100.0,-100.0,0.15139,2.1781377343220104e-06,3.344298609613673e-08,0.04150531964097322,0.0013325775560851262,-0.07407415042162296
2025-12-10,CE,25758.0,27850.0,6.0,0.0785640253648767,0.1,1.1,1.2,0.0,-1.1,-1.2,-100.0,-100.0,0.18975,2.2021190100690795e-10,4.5077650311471384e-12,5.5944833378911875e-06,1.3480286923573106e-07,-9.796199798880798e-06
2025-12-10,CE,25758.0,26200.0,6.0,0.0785640253648767,0.1,19.9,20.15,17.39,-2.51,-2.76,-12.61307,-13.69727,0.08203,0.11486973501477543,0.0006211116465152944,770.8473563706816,70.0338812005956,-1565.9205974679433
2025-12-10,CE,25758.0,26650.0,6.0,0.0785640253648767,0.1,3.8,3.7,0.45,-3.35,-3.25,-88.15789,-87.83784,0.10342,0.004582834569925343,4.284628610919422e-05,53.175538669859634,2.799940871060928,-99.4911234043024
2025-12-10,PE,25758.0,24050.0,6.0,0.0785640253648767,0.1,2.05,1.8,0.0,-2.05,-1.8,-100.0,-100.0,0.18928,-2.284953322199268e-09,4.4080807896404965e-11,5.4707675221142254e-05,-1.404084123504337e-06,-8.436200553955417e-05
2025-12-10,CE,25758.0,27350.0,6.0,0.0785640253648767,0.1,1.55,1.5,0.0,-1.55,-1.5,-100.0,-100.0,0.15287,1.0448013783612528e-06,1.6528385739009195e-08,0.0205129987876928,0.0006392487728476842,-0.036528103744345904
2025-12-10,CE,25758.0,27700.0,6.0,0.0785640253648767,0.1,1.4,1.45,0.0,-1.4,-1.45,-100.0,-100.0,0.1815,3.446885742580323e-09,6.575808748209809e-11,8.161084755044782e-05,2.109741679327191e-06,-0.00014350612569022603
2025-12-10,PE,25758.0,24250.0,6.0,0.0785640253648767,0.1,2.45,2.4,0.0,-2.45,-2.4,-100.0,-100.0,0.17584,-1.1155650233746709e-07,1.9148360951551092e-09,0.0023764589669421506,-6.856629963798942e-05,-0.0036328093752265116
2025-12-10,CE,25758.0,26700.0,6.0,0.0785640253648767,0.1,3.4,3.45,0.27,-3.13,-3.18,-92.05882,-92.17391,0.10736,0.002886243606278347,2.8296940046072148e-05,35.118680434142,1.763656028768986,-65.34771822941728
2025-12-10,CE,25758.0,27200.0,6.0,0.0785640253648767,0.1,1.85,1.8,0.0,-1.85,-1.8,-100.0,-100.0,0.14315,8.897448548951093e-06,1.2832725497876987e-07,0.15926399996792734,0.005442639717810153,-0.2856199264118339
2025-12-10,PE,25758.0,23950.0,6.0,0.0785640253648767,0.1,1.9,1.7,0.0,-1.9,-1.7,-100.0,-100.0,0.19775,-2.7204495154125854e-10,5.540560174263477e-12,6.876261598225426e-06,-1.6715269517792781e-07,-1.0642721283241412e-05
2025-12-10,PE,25758.0,25200.0,6.0,0.0785640253648767,0.1,10.05,10.5,2.6,-7.45,-7.9,-74.12935,-75.2381,0.10171,-0.02226328640231447,0.00016978061196158966,210.71080638698865,-13.715612574315498,-290.03449907833584
2025-12-10,CE,25758.0,24200.0,6.0,0.0785640253648767,0.1,1570.0,1590.0,1615.55,45.55,25.55,2.90127,1.60692,,0.9999999558351474,7.814355261300263e-10,0.0009698216300901881,574.8201988583664,-2414.2464352600527
2025-12-10,CE,25758.0,24450.0,6.0,0.0785640253648767,0.1,1356.0,1356.0,1366.15,10.15,10.15,0.74853,0.74853,,0.9999966251416261,5.085904748660318e-08,0.06311999223091953,580.7563765871885,-2439.2809198402756
2025-12-10,CE,25758.0,27550.0,6.0,0.0785640253648767,0.1,1.4,1.35,0.0,-1.4,-1.35,-100.0,-100.0,0.16771,4.506350904801765e-08,7.968250482526113e-10,0.0009889212114787503,2.7578023554902995e-05,-0.0017473939529226961
2025-12-10,PE,25758.0,27350.0,6.0,0.0785640253648767,0.1,1448.3,1448.3,1526.96,78.66,78.66,5.4312,5.4312,,-0.9999989551986216,1.6528385739009195e-08,0.0205129987876928,-649.6412277409263,2728.4593132529917
2025-12-10,PE,25758.0,26700.0,6.0,0.0785640253648767,0.1,902.9,911.95,878.77,-24.13,-33.18,-2.6725,-3.63836,0.17099,-0.9971137563937217,2.8296940046072148e-05,35.118680434142,-632.4388247253431,2598.302700937853
2025-12-10,PE,25758.0,26650.0,6.0,0.0785640253648767,0.1,858.4,856.75,829.07,-29.33,-27.68,-3.41682,-3.23081,0.15655,-0.9954171654300746,4.284628610919422e-05,53.175538669859634,-630.2148947880061,2559.171186363779
2025-12-10,CE,25758.0,25350.0,6.0,0.0785640253648767,0.1,460.65,459.0,477.08,16.43,18.08,3.5667,3.939,,0.9356871508616458,0.00040271984768580876,499.8063257842405,562.4845668488111,-3187.037914750224
2025-12-10,CE,25758.0,27650.0,6.0,0.0785640253648767,0.1,1.35,1.5,0.0,-1.35,-1.5,-100.0,-100.0,0.17807,8.285082533148766e-09,1.5420773720321202e-10,0.000191383670265912,5.07082729795899e-06,-0.0003370507766805082
2025-12-10,CE,25758.0,25500.0,6.0,0.0785640253648767,0.1,329.75,323.35,343.2,13.45,19.85,4.07885,6.13886,0.0506,0.8491690456004641,0.0007494437071051234,930.117320471791,512.6117516667631,-3687.5183329154006
2025-12-10,CE,25758.0,24650.0,6.0,0.0785640253648767,0.1,1173.45,1173.45,1166.63,-6.82,-6.82,-0.58119,-0.58119,0.15826,0.9999357752446562,8.357275492522589e-07,1.0372022092994018,585.4695317741623,-2460.683255845759
2025-12-10,CE,25758.0,27000.0,6.0,0.0785640253648767,0.1,2.35,2.3,0.01,-2.34,-2.29,-99.57447,-99.56522,0.12942,0.00011565245695765392,1.4531791646484149e-06,1.8035071853617264,0.07072101281396155,-3.2725347232050557
2025-12-10,PE,25758.0,24900.0,6.0,0.0785640253648767,0.1,5.05,5.15,0.12,-4.93,-5.03,-97.62376,-97.6699,0.12294,-0.0013631877620736772,1.4320600155739735e-05,17.772966959526688,-0.8389041803186966,-25.79923481002625
2025-12-10,CE,25758.0,25800.0,6.0,0.0785640253648767,0.1,125.8,122.7,134.44,8.64,11.74,6.86804,9.56805,0.07114,0.5271352771506985,0.001274655048827531,1581.9450177530193,320.08354079754946,-3954.314209862067
2025-12-10,PE,25758.0,25800.0,6.0,0.0785640253648767,0.1,130.25,134.55,115.09,-15.16,-19.46,-11.63916,-14.46302,0.09086,-0.4728647228493015,0.001274655048827531,1581.9450177530193,-292.74132824574974,-1380.4497598802097
2025-12-10,PE,25758.0,25000.0,6.0,0.0785640253648767,0.1,6.25,6.25,0.37,-5.88,-5.88,-94.08,-94.08,0.11535,-0.0038334967131797774,3.65222255478736e-05,45.326892790214146,-2.359852393588108,-64.87094619944
2025-12-10,PE,25758.0,26900.0,6.0,0.0785640253648767,0.1,1111.8,1111.8,1078.06,-33.74,-33.74,-3.03472,-3.03472,0.19853,-0.999632303039269,4.279995583788474e-06,5.311803923741586,-638.7282627749527,2673.8950529926415
2025-12-10,PE,25758.0,27250.0,6.0,0.0785640253648767,0.1,1419.9,1419.9,1427.2,7.3,7.3,0.51412,0.51412,,-0.9999955519204479,6.622450853563208e-08,0.08218971197536963,-647.263855671068,2718.372593571542
2025-12-10,CE,25758.0,26400.0,6.0,0.0785640253648767,0.1,7.85,8.25,4.13,-3.72,-4.12,-47.38854,-49.93939,0.0897,0.03374978830922039,0.00024016993378828756,298.06937219597654,20.599890044303564,-578.287662257724
2025-12-10,CE,25758.0,25750.0,6.0,0.0785640253648767,0.1,152.45,148.5,162.08,9.63,13.58,6.31683,9.14478,0.06975,0.5902118209428375,0.0012448062495542204,1544.9003605810594,358.1095225980227,-4052.905408324543
2025-12-10,PE,25758.0,24400.0,6.0,0.0785640253648767,0.1,2.85,2.75,0.0,-2.85,-2.75,-100.0,-100.0,0.16355,-1.503831974126085e-06,2.344533951488656e-08,0.029097470777853716,-0.0009244964810426811,-0.04412341785676695
2025-12-10,PE,25758.0,24100.0,6.0,0.0785640253648767,0.1,2.1,2.0,0.0,-2.1,-2.0,-100.0,-100.0,0.18674,-6.322176829589412e-09,1.185862438446726e-10,0.00014717465544633598,-3.885130277252407e-06,-0.0002264977534701514
2025-12-10,CE,25758.0,27400.0,6.0,0.0785640253648767,0.1,1.5,1.55,0.0,-1.5,-1.55,-100.0,-100.0,0.15773,4.909632265928908e-07,7.995528700300402e-09,0.009923066482477734,0.00030040878484684425,-0.01763323387971825
2025-12-10,PE,25758.0,24750.0,6.0,0.0785640253648767,0.1,4.2,4.15,0.02,-4.18,-4.13,-99.52381,-99.51807,0.13522,-0.00023663617420804518,2.839649204360308e-06,3.5242232124967123,-0.14556960484246048,-5.203028058681324
2025-12-10,PE,25758.0,25750.0,6.0,0.0785640253648767,0.1,106.9,110.0,92.84,-14.06,-17.16,-13.15248,-15.6,0.08964,-0.4097881790571624,0.0012448062495542204,1544.9003605810594,-253.52770135023144,-1484.0290677418752
2025-12-10,CE,25758.0,24850.0,6.0,0.0785640253648767,0.1,931.45,931.45,967.16,35.71,35.71,3.83381,3.83381,,0.9992187653054808,8.593627083673742e-06,10.665352608103564,589.778907310165,-2494.6675843920893
2025-12-10,CE,25758.0,25450.0,6.0,0.0785640253648767,0.1,371.45,366.6,386.32,14.87,19.72,4.00323,5.37916,,0.8839134596127272,0.0006257796467195645,776.6407038907089,532.8933590884811,-3519.488527328793
2025-12-10,CE,25758.0,26350.0,6.0,0.0785640253648767,0.1,9.8,10.2,6.09,-3.71,-4.11,-37.85714,-40.29412,0.08761,0.04726669318896982,0.0003157758184174199,391.90209392871634,28.843104509503714,-767.7185659471587
2025-12-10,PE,25758.0,26150.0,6.0,0.0785640253648767,0.1,380.1,386.4,353.62,-26.48,-32.78,-6.96659,-8.48344,0.10903,-0.8516314982022446,0.0007412568071159298,919.9567474911559,-530.712873447662,711.2084583460028
2025-12-10,PE,25758.0,26300.0,6.0,0.0785640253648767,0.1,517.3,525.25,488.25,-29.05,-37.0,-5.6157,-7.04426,0.12541,-0.9351489867236966,0.0004053350545872751,503.0519988249376,-585.1385438765113,1627.6242943751272
2025-12-10,CE,25758.0,27150.0,6.0,0.0785640253648767,0.1,1.85,1.95,0.0,-1.85,-1.95,-100.0,-100.0,0.14014,1.743154219449341e-05,2.433058490801606e-07,0.3019612844248084,0.01066216966253198,-0.5429702867666235
2025-12-10,PE,25758.0,25950.0,6.0,0.0785640253648767,0.1,220.6,227.45,200.69,-19.91,-26.76,-9.02539,-11.76522,0.09662,-0.6591458905101368,0.0011745531318708786,1457.7108345967501,-409.0231651422317,-687.0989570648348
2025-12-10,CE,25758.0,25900.0,6.0,0.0785640253648767,0.1,83.5,81.85,88.66,5.16,6.81,6.17964,8.3201,0.07412,0.4008916764934439,0.001237981101170552,1536.4298261483116,243.75010185747624,-3558.6207762916497
2025-12-10,PE,25758.0,26600.0,6.0,0.0785640253648767,0.1,810.9,812.85,779.47,-31.43,-33.38,-3.87594,-4.10654,0.15789,-0.9928750534888026,6.338888428802232e-05,78.67048404397586,-627.4748297479239,2505.6002169594212
2025-12-10,PE,25758.0,24650.0,6.0,0.0785640253648767,0.1,3.75,3.75,0.0,-3.75,-3.75,-100.0,-100.0,0.14394,-6.422475534381694e-05,8.357275492522589e-07,1.0372022092994018,-0.03950008309865684,-1.5453220452636325
2025-12-10,CE,25758.0,26600.0,6.0,0.0785640253648767,0.1,4.15,4.25,0.73,-3.42,-3.52,-82.40964,-82.82353,0.10051,0.0071249465111974065,6.338888428802232e-05,78.67048404397586,4.352360816097876,-148.07398340947006
2025-12-10,CE,25758.0,25700.0,6.0,0.0785640253648767,0.1,182.15,177.65,192.82,10.67,15.17,5.85781,8.53926,0.06813,0.6511474576238858,0.0011847801874017474,1470.403397622506,394.74852693573143,-4083.8808195057964
2025-12-10,PE,25758.0,25600.0,6.0,0.0785640253648767,0.1,54.95,56.5,44.13,-10.82,-12.37,-19.69063,-21.89381,0.08833,-0.23884624512405955,0.0009929540004793998,1232.3323360003847,-147.53164705382412,-1413.5238493472698
2025-12-10,PE,25758.0,26850.0,6.0,0.0785640253648767,0.1,1056.5,1056.5,1028.2,-28.3,-28.3,-2.67866,-2.67866,0.1835,-0.9993647521660741,7.101414767045138e-06,8.813402276998954,-637.3770901304158,2662.4430349868853
2025-12-10,CE,25758.0,26950.0,6.0,0.0785640253648767,0.1,2.4,2.2,0.02,-2.38,-2.18,-99.16667,-99.09091,0.12404,0.00020839593867703551,2.5220267307009434e-06,3.1300292772873375,0.12742043023093236,-5.6992274971757055
2025-12-10,PE,25758.0,26000.0,6.0,0.0785640253648767,0.1,256.35,263.2,235.2,-21.15,-28.0,-8.25044,-10.6383,0.09863,-0.7152949304693983,0.0010867125889578702,1348.6939603092535,-444.2802612987577,-359.1582591962533
2025-12-10,CE,25758.0,27500.0,6.0,0.0785640253648767,0.1,1.5,1.6,0.0,-1.5,-1.6,-100.0,-100.0,0.16682,1.0195549841070743e-07,1.7553432803383723e-09,0.002178516108598771,6.239146788756492e-05,-0.0038562570562164456
2025-12-10,PE,25758.0,27950.0,6.0,0.0785640253648767,0.1,2170.0,2170.0,2125.53,-44.47,-44.47,-2.04931,-2.04931,0.34801,-0.9999999999681201,6.821236960552913e-13,8.465680055623814e-07,-663.8936081107241,2788.3531526683355
2025-12-10,PE,25758.0,26750.0,6.0,0.0785640253648767,0.1,954.85,958.55,928.55,-26.3,-30.0,-2.75436,-3.12973,0.17308,-0.9982202098863115,1.826203206317839e-05,22.66458730380778,-634.3024205741618,2626.677120963243
2025-12-10,PE,25758.0,24300.0,6.0,0.0785640253648767,0.1,2.55,2.45,0.0,-2.55,-2.45,-100.0,-100.0,0.17123,-2.7347706704074074e-07,4.550068959682633e-09,0.0056469857690702435,-0.0001680990098365799,-0.008610632755809342
2025-12-10,CE,25758.0,24950.0,6.0,0.0785640253648767,0.1,850.05,849.6,867.55,17.5,17.95,2.0587,2.11276,,0.9976837662985154,2.319514249198871e-05,28.786957016350975,591.2092845417204,-2530.57299872064
2025-12-10,CE,25758.0,26900.0,6.0,0.0785640253648767,0.1,2.55,2.4,0.03,-2.52,-2.37,-98.82353,-98.75,0.12082,0.0003676969607310293,4.279995583788474e-06,5.311803923741586,0.224798359340113,-9.707803771388269
2025-12-10,PE,25758.0,25700.0,6.0,0.0785640253648767,0.1,86.45,88.55,73.7,-12.75,-14.85,-14.74841,-16.77019,0.08858,-0.34885254237611424,0.0011847801874017474,1470.403397622506,-215.70105191747757,-1519.9925883223184
2025-12-10,CE,25758.0,25000.0,6.0,0.0785640253648767,0.1,799.3,794.6,817.82,18.52,23.22,2.31703,2.92223,,0.9961665032868202,3.65222255478736e-05,45.326892790214146,591.4626951289888,-2558.925645794263
2025-12-10,CE,25758.0,26150.0,6.0,0.0785640253648767,0.1,25.5,25.8,23.8,-1.7,-2.0,-6.66667,-7.75194,0.0807,0.14836850179775535,0.0007412568071159298,919.9567474911559,90.42551126095347,-1897.5727574301818
2025-12-10,PE,25758.0,27900.0,6.0,0.0785640253648767,0.1,2099.45,2100.0,2075.65,-23.8,-24.35,-1.13363,-1.15952,0.30055,-0.9999999999153851,1.7712927506133568e-12,2.198310628740138e-06,-662.7059629833966,2783.3650409033953
2025-12-10,PE,25758.0,26550.0,6.0,0.0785640253648767,0.1,755.55,757.85,730.01,-25.54,-27.84,-3.38032,-3.67355,0.14398,-0.9891534615730132,9.16181951249797e-05,113.70523142461283,-624.0149811222248,2433.2669663123324
2025-12-10,CE,25758.0,26500.0,6.0,0.0785640253648767,0.1,5.7,5.95,1.8,-3.9,-4.15,-68.42105,-69.7479,0.0954,0.016169116193965997,0.00012934842386141173,160.5313491442128,9.87345114412475,-306.320263511824
2025-12-10,PE,25758.0,27000.0,6.0,0.0785640253648767,0.1,1204.25,1206.15,1177.8,-26.45,-28.35,-2.19639,-2.35045,0.20281,-0.9998843475430423,1.4531791646484149e-06,1.8035071853617264,-641.257630311569,2690.306540839204
2025-12-10,CE,25758.0,25250.0,6.0,0.0785640253648767,0.1,555.65,552.1,572.04,16.39,19.94,2.9497,3.61166,,0.9675242117897285,0.00023267534730445622,288.7680135584992,579.748879538066,-2911.3676224371525
2025-12-10,CE,25758.0,24900.0,6.0,0.0785640253648767,0.1,899.15,897.85,917.34,18.19,19.49,2.02302,2.17074,,0.9986368122379263,1.4320600155739735e-05,17.772966959526688,590.6083531521679,-2509.8777156064702
2025-12-10,PE,25758.0,25550.0,6.0,0.0785640253648767,0.1,43.2,44.85,33.23,-9.97,-11.62,-23.0787,-25.90858,0.08882,-0.1917980618163313,0.0008740827153826977,1084.8039224224528,-118.41830563581982,-1292.4009367489784
2025-12-10,PE,25758.0,26500.0,6.0,0.0785640253648767,0.1,709.1,714.5,680.78,-28.32,-33.72,-3.99379,-4.71938,0.14524,-0.983830883806034,0.00012934842386141173,160.5313491442128,-619.5784492298068,2337.3777180586885
2025-12-10,PE,25758.0,24000.0,6.0,0.0785640253648767,0.1,2.1,1.95,0.0,-2.1,-1.95,-100.0,-100.0,0.19605,-8.007578228096264e-10,1.587756570994042e-11,1.9705281042106462e-05,-4.920337941132993e-07,-3.044410825661973e-05
2025-12-10,PE,25758.0,25500.0,6.0,0.0785640253648767,0.1,34.2,35.7,24.56,-9.64,-11.14,-28.18713,-31.20448,0.08977,-0.1508309543995358,0.0007494437071051234,930.117320471791,-93.0872468062653,-1143.5825393286814
2025-12-10,CE,25758.0,26800.0,6.0,0.0785640253648767,0.1,2.85,2.75,0.09,-2.76,-2.66,-96.84211,-96.72727,0.11351,0.0010745787495404756,1.151857593433374e-05,14.295439246633864,0.6568073239683948,-26.343843043733784
2025-12-10,PE,25758.0,24350.0,6.0,0.0785640253648767,0.1,2.7,2.6,0.0,-2.7,-2.6,-100.0,-100.0,0.16745,-6.5081157099253e-07,1.0486557260983718e-08,0.013014624645039602,-0.0004000640312721605,-0.01979183838392898
2025-12-10,CE,25758.0,27100.0,6.0,0.0785640253648767,0.1,2.1,2.1,0.0,-2.1,-2.1,-100.0,-100.0,0.13697,3.344697934856239e-05,4.5130104414343397e-07,0.5600993295763743,0.020456450510813438,-1.0099939087948793
2025-12-10,PE,25758.0,25250.0,6.0,0.0785640253648767,0.1,11.85,12.2,3.99,-7.86,-8.21,-66.32911,-67.29508,0.09846,-0.032475788210271486,0.00023267534730445622,288.7680135584992,-20.011893459736605,-392.37237584638103
2025-12-10,CE,25758.0,25050.0,6.0,0.0785640253648767,0.1,749.55,752.0,768.2,18.65,16.2,2.48816,2.15426,,0.9938179438602777,5.591322030478954e-05,69.3926096860868,591.2039445499406,-2597.5435848075176
2025-12-10,CE,25758.0,26300.0,6.0,0.0785640253648767,0.1,12.4,12.7,8.8,-3.6,-3.9,-29.03226,-30.70866,0.08561,0.06485101327630335,0.0004053350545872751,503.0519988249376,39.56277611723953,-996.1212495986267
2025-12-10,PE,25758.0,25150.0,6.0,0.0785640253648767,0.1,8.7,8.95,1.65,-7.05,-7.3,-81.03448,-81.56425,0.10464,-0.014892692607859167,0.00012053371189089342,149.59161317602613,-9.172860379776102,-208.2768915355573
2025-12-10,PE,25758.0,25100.0,6.0,0.0785640253648767,0.1,7.6,7.65,1.03,-6.57,-6.62,-86.44737,-86.53595,0.10754,-0.009717206124013403,8.324172088738231e-05,103.30938221137471,-5.983922361637832,-145.31194549528897
2025-12-10,PE,25758.0,24200.0,6.0,0.0785640253648767,0.1,2.3,2.15,0.0,-2.3,-2.15,-100.0,-100.0,0.17841,-4.416485254812483e-08,7.814355261300263e-10,0.0009698216300901881,-2.7143487971721533e-05,-0.001486052264580813
2025-12-10,CE,25758.0,24700.0,6.0,0.0785640253648767,0.1,1179.15,1179.15,1116.75,-62.4,-62.4,-5.29195,-5.29195,0.2524,0.9998749998705927,1.5631058064450474e-06,1.9399346081915032,586.619790205094,-2467.0037093684427
2025-12-10,CE,25758.0,25100.0,6.0,0.0785640253648767,0.1,702.1,701.45,718.72,16.62,17.27,2.36718,2.46204,,0.9902827938759866,8.324172088738231e-05,103.30938221137471,590.2139153510293,-2649.342863888491
2025-12-10,CE,25758.0,24000.0,6.0,0.0785640253648767,0.1,1793.7,1788.85,1815.07,21.37,26.22,1.19139,1.46575,,0.9999999991992422,1.587756570994042e-11,1.9705281042106462e-05,570.06964512964,-2394.2925420551383
2025-12-10,CE,25758.0,25850.0,6.0,0.0785640253648767,0.1,103.05,101.0,109.98,6.93,8.98,6.72489,8.89109,0.07288,0.4634924692049976,0.0012722583501194493,1578.9705301975098,281.6348122086416,-3787.922107757724
2025-12-10,CE,25758.0,27250.0,6.0,0.0785640253648767,0.1,1.75,1.75,0.0,-1.75,-1.75,-100.0,-100.0,0.14703,4.448079552146473e-06,6.622450853563208e-08,0.08218971197536963,0.0027211285407481257,-0.14702898681480395
2025-12-10,PE,25758.0,24500.0,6.0,0.0785640253648767,0.1,3.25,3.2,0.0,-3.25,-3.2,-100.0,-100.0,0.15647,-7.357457790405257e-06,1.0706484499897302e-07,0.13287571274943547,-0.004523794193208676,-0.2002243325918006
2025-12-10,PE,25758.0,25900.0,6.0,0.0785640253648767,0.1,187.65,192.75,169.07,-18.58,-23.68,-9.90141,-12.28534,0.09389,-0.5991083235065561,0.001237981101170552,1536.4298261483116,-371.45005737591345,-974.7801075114128
2025-12-10,PE,25758.0,26250.0,6.0,0.0785640253648767,0.1,469.25,475.5,442.06,-27.19,-33.44,-5.79435,-7.0326,0.1172,-0.9128163387888528,0.0005078840336923495,630.323174442335,-570.3423540843951,1355.502643990358
2025-12-10,CE,25758.0,25150.0,6.0,0.0785640253648767,0.1,655.0,653.75,669.46,14.46,15.71,2.20763,2.40306,,0.9851073073921408,0.00012053371189089342,149.59161317602613,588.2126224279361,-2717.295919327949
2025-12-10,PE,25758.0,25050.0,6.0,0.0785640253648767,0.1,6.8,6.9,0.63,-6.17,-6.27,-90.73529,-90.86957,0.11146,-0.006182056139722357,5.591322030478954e-05,69.3926096860868,-3.8062480676813837,-98.50077581350511
2025-12-10,PE,25758.0,25850.0,6.0,0.0785640253648767,0.1,157.3,161.85,140.5,-16.8,-21.35,-10.68023,-13.19123,0.09207,-0.5365075307950024,0.0012722583501194493,1578.9705301975098,-332.3777019297028,-1209.0695483766772
2025-12-10,CE,25758.0,26450.0,6.0,0.0785640253648767,0.1,6.7,6.9,2.75,-3.95,-4.15,-58.95522,-60.14493,0.09234,0.023604727873752708,0.000178358174136656,221.35622120709579,14.410902808024185,-425.72914312303976
2025-12-10,PE,25758.0,25450.0,6.0,0.0785640253648767,0.1,27.15,28.3,17.8,-9.35,-10.5,-34.43831,-37.10247,0.09084,-0.11608654038727284,0.0006257796467195645,776.6407038907089,-71.61799428950219,-980.540843141263
2025-12-10,PE,25758.0,24700.0,6.0,0.0785640253648767,0.1,3.95,3.85,0.01,-3.94,-3.84,-99.74684,-99.74026,0.1391,-0.00012500012940727263,1.5631058064450474e-06,1.9399346081915032,-0.07688674721191405,-2.877666168757308
2025-12-10,PE,25758.0,25350.0,6.0,0.0785640253648767,0.1,17.4,18.1,8.79,-8.61,-9.31,-49.48276,-51.43646,0.09393,-0.06431284913835422,0.00040271984768580876,499.8063257842405,-39.65149633908179,-658.0664493610732
2025-12-10,PE,25758.0,27500.0,6.0,0.0785640253648767,0.1,1712.4,1710.7,1676.6,-35.8,-34.1,-2.09063,-1.99334,0.27497,-0.9999998980445016,1.7553432803383723e-09,0.002178516108598771,-653.2047398833666,2743.456313297249
2025-12-10,PE,25758.0,26400.0,6.0,0.0785640253648767,0.1,611.2,617.0,583.35,-27.85,-33.65,-4.55661,-5.45381,0.13289,-0.9662502116907796,0.00024016993378828756,298.06937219597654,-606.4767201395376,2055.434100514409
2025-12-10,PE,25758.0,27200.0,6.0,0.0785640253648767,0.1,1397.3,1397.3,1377.32,-19.98,-19.98,-1.4299,-1.4299,0.21095,-0.9999911025514511,1.2832725497876987e-07,0.15926399996792734,-646.0734890648458,2713.245893232756
2025-12-10,CE,25758.0,26000.0,6.0,0.0785640253648767,0.1,52.8,52.05,55.04,2.24,2.99,4.24242,5.74448,0.07634,0.28470506953060165,0.0010867125889578702,1348.6939603092535,173.2951881247223,-2952.9751467748692
2025-12-10,PE,25758.0,26200.0,6.0,0.0785640253648767,0.1,423.4,432.0,397.08,-26.32,-34.92,-6.21634,-8.08333,0.1144,-0.8851302649852246,0.0006211116465152944,770.8473563706816,-552.2921486030649,1047.8487277074312
2025-12-10,CE,25758.0,25950.0,6.0,0.0785640253648767,0.1,66.8,65.55,70.41,3.61,4.86,5.40419,7.41419,0.07522,0.34085410948986317,0.0011745531318708786,1457.7108345967501,207.3646391862031,-3275.927735244261
2025-12-10,PE,25758.0,24950.0,6.0,0.0785640253648767,0.1,5.6,5.65,0.21,-5.39,-5.44,-96.25,-96.28319,0.11911,-0.0023162337014845736,2.319514249198871e-05,28.786957016350975,-1.4256178858113453,-41.506408525006826
2025-12-10,PE,25758.0,24800.0,6.0,0.0785640253648767,0.1,4.4,4.4,0.04,-4.36,-4.36,-99.09091,-99.09091,0.13092,-0.0004358443188130042,5.0115158359246865e-06,6.219676857141698,-0.26814694776622144,-9.135282677064025
2025-12-10,CE,25758.0,26750.0,6.0,0.0785640253648767,0.1,3.05,3.0,0.16,-2.89,-2.84,-94.7541,-94.66667,0.11005,0.0017797901136884342,1.826203206317839e-05,22.66458730380778,1.0877052749953326,-41.96140760321755
2025-12-10,CE,25758.0,23950.0,6.0,0.0785640253648767,0.1,1962.45,1962.45,1864.96,-97.49,-97.49,-4.96777,-4.96777,0.41951,0.9999999997279551,5.540560174263477e-12,6.876261598225426e-06,568.8820003594759,-2389.3044128545616
2025-12-10,PE,25758.0,27300.0,6.0,0.0785640253648767,0.1,1508.45,1501.65,1477.08,-31.37,-24.57,-2.07962,-1.6362,0.23249,-0.9999978218622657,3.344298609613673e-08,0.04150531964097322,-648.4528893170979,2723.4336578071247
2025-12-10,PE,25758.0,26450.0,6.0,0.0785640253648767,0.1,659.7,659.55,631.85,-27.85,-27.7,-4.22162,-4.19983,0.13164,-0.9763952721262473,0.000178358174136656,221.35622120709579,-613.8533524708621,2212.980729048283
2025-12-10,CE,25758.0,27450.0,6.0,0.0785640253648767,0.1,1.5,1.5,0.0,-1.5,-1.5,-100.0,-100.0,0.16135,2.260286249029746e-07,3.786231850181152e-09,0.00469900512845519,0.00013830987925567687,-0.008333529413008266
2025-12-10,CE,25758.0,26850.0,6.0,0.0785640253648767,0.1,2.7,2.5,0.05,-2.65,-2.45,-98.14815,-98.0,0.11676,0.0006352478339259101,7.101414767045138e-06,8.813402276998954,0.38832590883167795,-16.17171237795421
2025-12-10,CE,25758.0,27950.0,6.0,0.0785640253648767,0.1,1.05,1.0,0.0,-1.05,-1.0,-100.0,-100.0,0.19391,3.1879976517809477e-11,6.821236960552913e-13,8.465680055623814e-07,1.9516851996699914e-08,-1.478676373890156e-06
2025-12-10,CE,25758.0,27050.0,6.0,0.0785640253648767,0.1,2.1,2.0,0.0,-2.1,-2.0,-100.0,-100.0,0.13159,6.284982601810455e-05,8.188541725927619e-07,1.0162610502276088,0.038436054537535215,-1.8381041665334277
2025-12-10,PE,25758.0,25300.0,6.0,0.0785640253648767,0.1,14.0,14.65,5.99,-8.01,-8.66,-57.21429,-59.11263,0.09587,-0.04624503187409327,0.0003102883566950588,385.09173159595457,-28.503959308317075,-515.6248588521544
2025-12-10,PE,25758.0,26050.0,6.0,0.0785640253648767,0.1,294.95,302.9,272.38,-22.57,-30.52,-7.65214,-10.07593,0.10212,-0.7665103091700008,0.0009806252958295492,1217.0314646672975,-476.5750149866649,-6.297645115474097
2025-12-10,CE,25758.0,24400.0,6.0,0.0785640253648767,0.1,1460.0,1460.0,1416.03,-43.97,-43.97,-3.01164,-3.01164,0.27318,0.9999984961680258,2.344533951488656e-08,0.029097470777853716,579.569881885554,-2434.241510222404
2025-12-10,CE,25758.0,25550.0,6.0,0.0785640253648767,0.1,288.55,283.45,302.0,13.45,18.55,4.66124,6.54436,0.05932,0.8082019381836687,0.0008740827153826977,1084.8039224224528,488.4683379322537,-3841.324839734887
2025-12-10,CE,25758.0,25200.0,6.0,0.0785640253648767,0.1,605.85,602.0,620.53,14.68,18.53,2.42304,3.07807,,0.9777367135976855,0.00016978061196158966,210.71080638698865,584.857515328442,-2804.0416362699175
2025-12-10,CE,25758.0,27600.0,6.0,0.0785640253648767,0.1,1.4,1.4,0.0,-1.4,-1.4,-100.0,-100.0,0.17255,1.951828912716477e-08,3.542100120979069e-10,0.00043960188632362937,1.1945444902779839e-05,-0.0007754456372907978
2025-12-10,PE,25758.0,27600.0,6.0,0.0785640253648767,0.1,1730.0,1730.0,1776.36,46.36,46.36,2.67977,2.67977,,-0.9999999804817109,3.542100120979069e-10,0.00043960188632362937,-655.5800805194799,2753.435612907047
2025-12-10,CE,25758.0,27750.0,6.0,0.0785640253648767,0.1,1.25,1.25,0.0,-1.25,-1.25,-100.0,-100.0,0.18255,1.4056236524927105e-09,2.746880246845176e-11,3.409089796378999e-05,8.603812677838928e-07,-5.9858282943803365e-05
2025-12-10,PE,25758.0,24150.0,6.0,0.0785640253648767,0.1,2.2,2.1,0.0,-2.2,-2.1,-100.0,-100.0,0.18287,-1.696551336917461e-08,3.0918708740097464e-10,0.0003837249716442459,-1.0426301561522655e-05,-0.0005892960799549025
2025-12-10,CE,25758.0,27900.0,6.0,0.0785640253648767,0.1,1.1,1.15,0.0,-1.1,-1.15,-100.0,-100.0,0.19285,8.46149038767433e-11,1.7712927506133568e-12,2.198310628740138e-06,5.179910838619075e-08,-3.844427027142584e-06
2025-12-10,PE,25758.0,27050.0,6.0,0.0785640253648767,0.1,1198.4,1198.4,1227.68,29.28,29.28,2.44326,2.44326,,-0.9999371501739819,8.188541725927619e-07,1.0162610502276088,-642.4775603648906,2696.729080795065
2025-12-10,CE,25758.0,26250.0,6.0,0.0785640253648767,0.1,15.7,15.95,12.48,-3.22,-3.47,-20.50955,-21.75549,0.08376,0.08718366121114718,0.0005078840336923495,630.323174442335,53.17132081431068,-1263.254790584206
2025-12-10,CE,25758.0,27800.0,6.0,0.0785640253648767,0.1,1.2,1.2,0.0,-1.2,-1.2,-100.0,-100.0,0.18575,5.619025425659303e-10,1.124158003469993e-11,1.3951666016561314e-05,3.439549158882491e-07,-2.4462690545686283e-05
2025-12-10,CE,25758.0,26050.0,6.0,0.0785640253648767,0.1,41.5,41.6,42.33,0.83,0.73,2.0,1.75481,0.07796,0.23348969082999915,0.0009806252958295492,1217.0314646672975,142.18807953186015,-2605.1026420932794
2025-12-10,CE,25758.0,24050.0,6.0,0.0785640253648767,0.1,1824.9,1824.9,1765.19,-59.71,-59.71,-3.27196,-3.27196,0.35071,0.9999999977150467,4.4080807896404965e-11,5.4707675221142254e-05,571.2572893126348,-2399.280705372225
2025-12-10,PE,25758.0,24450.0,6.0,0.0785640253648767,0.1,3.05,3.0,0.0,-3.05,-3.0,-100.0,-100.0,0.16028,-3.3748583738426434e-06,5.085904748660318e-08,0.06311999223091953,-0.002074889891668094,-0.09542363653887044
2025-12-10,PE,25758.0,24850.0,6.0,0.0785640253648767,0.1,4.75,4.8,0.07,-4.68,-4.73,-98.52632,-98.54167,0.12714,-0.0007812346945192159,8.593627083673742e-06,10.665352608103564,-0.48070492727642444,-15.577212994835465
2025-12-10,CE,25758.0,25400.0,6.0,0.0785640253648767,0.1,417.85,405.7,431.04,13.19,25.34,3.15664,6.24599,,0.9126096989109526,0.0005087824788732232,631.4382140594572,549.4275220416432,-3349.370477755014
2025-12-10,CE,25758.0,26550.0,6.0,0.0785640253648767,0.1,4.9,4.9,1.15,-3.75,-3.75,-76.53061,-76.53061,0.09756,0.010846538426986742,9.16181951249797e-05,113.70523142461283,6.624564346751854,-215.4191246573694
2025-12-10,CE,25758.0,24800.0,6.0,0.0785640253648767,0.1,1002.3,998.15,1017.01,14.71,18.86,1.46762,1.8895,,0.999564155681187,5.0115158359246865e-06,6.219676857141698,588.80382019463,-2483.2375446751284
2025-12-10,PE,25758.0,26350.0,6.0,0.0785640253648767,0.1,562.65,567.25,535.42,-27.23,-31.83,-4.8396,-5.61128,0.1253,-0.9527333068110302,0.0003157758184174199,391.90209392871634,-597.0458605792924,1861.0150874257847
2025-12-10,PE,25758.0,26950.0,6.0,0.0785640253648767,0.1,1151.2,1151.2,1127.93,-23.27,-23.27,-2.02137,-2.02137,0.18752,-0.999791604061323,2.5220267307009434e-06,3.1300292772873375,-640.0132857991069,2682.8917386660432
2025-12-10,CE,25758.0,26100.0,6.0,0.0785640253648767,0.1,32.2,32.3,32.02,-0.18,-0.28,-0.55901,-0.86687,0.07883,0.18792172860981754,0.0008631780539372064,1071.270398305598,114.48743227490836,-2248.2768252021892
2025-12-10,PE,25758.0,24550.0,6.0,0.0785640253648767,0.1,3.35,3.25,0.0,-3.35,-3.25,-100.0,-100.0,0.15154,-1.5585520331797805e-05,2.1876146529355814e-07,0.27149981511925086,-0.009583719542300514,-0.4076808635156891
2025-12-10,CE,25758.0,25300.0,6.0,0.0785640253648767,0.1,507.8,502.95,524.15,16.35,21.2,3.21977,4.21513,,0.9537549681259068,0.0003102883566950588,385.09173159595457,572.4444587845308,-3039.608214842115
2025-12-10,PE,25758.0,25650.0,6.0,0.0785640253648767,0.1,69.15,71.25,57.53,-11.62,-13.72,-16.80405,-19.25614,0.08846,-0.29148118531827255,0.0010988425836427668,1363.74821728238,-180.13103330595834,-1493.4222003264185
2025-12-10,PE,25758.0,25400.0,6.0,0.0785640253648767,0.1,21.55,22.35,12.64,-8.91,-9.71,-41.34571,-43.44519,0.09199,-0.08739030108904744,0.0005087824788732232,631.4382140594572,-53.89618624129482,-815.410902966674
2025-12-10,CE,25758.0,24100.0,6.0,0.0785640253648767,0.1,1843.05,1843.05,1715.31,-127.74,-127.74,-6.9309,-6.9309,0.43005,0.9999999936778232,1.185862438446726e-10,0.00014717465544633598,572.4449319266337,-2404.2689569071626
2025-12-10,CE,25758.0,24550.0,6.0,0.0785640253648767,0.1,1255.5,1255.5,1266.38,10.88,10.88,0.86659,0.86659,,0.9999844144796682,2.1876146529355814e-07,0.27149981511925086,583.1241579476282,-2449.569395865632
2025-12-10,PE,25758.0,24600.0,6.0,0.0785640253648767,0.1,3.6,3.6,0.0,-3.6,-3.6,-100.0,-100.0,0.14843,-3.208803949126579e-05,4.3392804710075756e-07,0.5385381031564267,-0.019733134092981747,-0.8056249819324925
2025-12-10,CE,25758.0,25650.0,6.0,0.0785640253648767,0.1,215.0,210.6,226.53,11.53,15.93,5.36279,7.5641,0.06657,0.7085188146817274,0.0010988425836427668,1363.74821728238,429.13090045220554,-4052.322322110707
2025-12-10,CE,25758.0,25600.0,6.0,0.0785640253648767,0.1,250.05,245.0,263.01,12.96,18.01,5.18296,7.35102,0.06304,0.7611537548759404,0.0009929540004793998,1232.3323360003847,460.5426416092946,-3967.4358617323683
2025-12-10,PE,25758.0,26100.0,6.0,0.0785640253648767,0.1,335.2,342.65,311.95,-23.25,-30.7,-6.93616,-8.95958,0.1045,-0.8120782713901824,0.0008631780539372064,1071.270398305598,-505.4633073386619,355.5162811748062
2025-12-10,PE,25758.0,26800.0,6.0,0.0785640253648767,0.1,1008.15,1005.35,978.36,-29.79,-26.99,-2.95492,-2.68464,0.17494,-0.9989254212504596,1.151857593433374e-05,14.295439246633864,-635.9209636202339,2647.282794921916
2025-12-10,CE,25758.0,24500.0,6.0,0.0785640253648767,0.1,1297.8,1294.45,1316.26,18.46,21.81,1.42241,1.68489,,0.9999926425422095,1.0706484499897302e-07,0.13287571274943547,581.941572777932,-2444.373829935518
2025-12-11,PE,25898.55,25200.0,5.0,0.0790878611260364,0.1,3.6,3.4,0.38,-3.22,-3.02,-89.44444,-88.82353,0.10522,-0.004168489990666572,4.260671606403861e-05,44.844403883440684,-2.149462544638923,-78.54223803767863
2025-12-11,PE,25898.55,26550.0,5.0,0.0790878611260364,0.1,625.8,631.75,600.98,-24.82,-30.77,-3.96612,-4.8706,0.14189,-0.9796379438384606,0.00017039037397607277,179.33920879865212,-515.3210257439399,2239.792397863447
2025-12-11,CE,25898.55,27600.0,5.0,0.0790878611260364,0.1,0.8,0.75,0.0,-0.8,-0.75,-100.0,-100.0,0.16459,1.6200390380413592e-08,3.1997935100258345e-10,0.00033678453953489085,8.308939161944257e-06,-0.0007130933894579145
2025-12-11,PE,25898.55,26100.0,5.0,0.0790878611260364,0.1,207.8,205.9,205.41,-2.39,-0.49,-1.15014,-0.23798,0.07947,-0.6956226389653494,0.0012129674664122924,1276.6720363876507,-361.52827673044567,-722.322855355033
2025-12-11,PE,25898.55,24400.0,5.0,0.0790878611260364,0.1,1.65,1.6,0.0,-1.65,-1.6,-100.0,-100.0,0.18019,-1.5650933955169985e-08,3.0944608347029663e-10,0.0003256980689718876,-8.05769204710773e-06,-0.0006085100760088222
2025-12-11,CE,25898.55,26650.0,5.0,0.0790878611260364,0.1,1.8,1.65,0.82,-0.98,-0.83,-54.44444,-50.30303,0.08663,0.008567699324790914,8.068840876342024e-05,84.9261319708475,4.386303876053534,-191.3659500436119
2025-12-11,CE,25898.55,27750.0,5.0,0.0790878611260364,0.1,0.75,0.7,0.0,-0.75,-0.7,-100.0,-100.0,0.17621,9.023626524241141e-10,1.9305448625652614e-11,2.031936312619252e-05,4.628727167125417e-07,-4.2829655713395446e-05
2025-12-11,CE,25898.55,27950.0,5.0,0.0790878611260364,0.1,0.65,0.65,0.0,-0.65,-0.65,-100.0,-100.0,0.1916,1.3774943807708783e-11,3.24810887651834e-13,3.4186982657158676e-07,7.067052628143616e-09,-7.169693300961541e-07
2025-12-11,PE,25898.55,24050.0,5.0,0.0790878611260364,0.1,1.45,1.35,0.0,-1.45,-1.35,-100.0,-100.0,0.21305,-4.218391868230402e-12,1.019321388868136e-13,1.0728557436984393e-07,-2.1710662895576662e-09,-2.028794883866789e-07
2025-12-11,PE,25898.55,24300.0,5.0,0.0790878611260364,0.1,1.6,1.5,0.0,-1.6,-1.5,-100.0,-100.0,0.18934,-1.7886679776311202e-09,3.7590870590874894e-11,3.956512819654184e-05,-9.207750306420067e-07,-7.421315222446088e-05
2025-12-11,CE,25898.55,25050.0,5.0,0.0790878611260364,0.1,873.95,873.95,898.26,24.31,24.31,2.78162,2.78162,,0.9992482807225145,8.97661590720914e-06,9.44806421232662,495.6511795758977,-2516.9120702589503
2025-12-11,CE,25898.55,25100.0,5.0,0.0790878611260364,0.1,828.7,828.9,848.41,19.71,19.51,2.37842,2.35372,,0.9986278952980188,1.5591551007758413e-05,16.41041307924987,496.3214230072048,-2534.1661566162543
2025-12-11,CE,25898.55,27000.0,5.0,0.0790878611260364,0.1,1.15,1.15,0.01,-1.14,-1.14,-99.13043,-99.13043,0.11687,0.0001889799067211236,2.491191374400107e-06,2.622027756765648,0.09684133259460417,-5.713818607088303
2025-12-11,PE,25898.55,26000.0,5.0,0.0790878611260364,0.1,139.75,137.65,141.89,2.14,4.24,1.53131,3.08028,0.07614,-0.5664193585069301,0.0013635302449674666,1435.1423123223897,-293.87549792154743,-1379.1263549803093
2025-12-11,PE,25898.55,26050.0,5.0,0.0790878611260364,0.1,171.8,170.05,172.04,0.24,1.99,0.1397,1.17024,0.07764,-0.6329677774758753,0.0013052045588586628,1373.7533843254344,-328.6703317310446,-1081.4113934755374
2025-12-11,PE,25898.55,24350.0,5.0,0.0790878611260364,0.1,1.65,1.4,0.0,-1.65,-1.4,-100.0,-100.0,0.1826,-5.385222703442909e-09,1.0981992375811514e-10,0.00011558762257235473,-2.7723633577157952e-06,-0.00021639505029276814
2025-12-11,CE,25898.55,25700.0,5.0,0.0790878611260364,0.1,257.4,257.0,280.01,22.61,23.01,8.78399,8.95331,0.05082,0.8090777209819489,0.0009433560237157812,992.900707714792,410.19709198848307,-4046.2584543709618
2025-12-11,PE,25898.55,25100.0,5.0,0.0790878611260364,0.1,3.15,2.95,0.11,-3.04,-2.84,-96.50794,-96.27119,0.11464,-0.0013721047019812178,1.5591551007758413e-05,16.41041307924987,-0.7073029129354687,-29.141377978746892
2025-12-11,PE,25898.55,25850.0,5.0,0.0790878611260364,0.1,67.85,66.2,71.81,3.96,5.61,5.8364,8.47432,0.07497,-0.3623788590778647,0.0012996254910820717,1367.8813061232445,-187.63692477598036,-1780.5166298735858
2025-12-11,CE,25898.55,24950.0,5.0,0.0790878611260364,0.1,981.4,982.6,998.02,16.62,15.42,1.6935,1.56931,,0.9997946244798941,2.692582146980409e-06,2.833995492800857,493.95260630673243,-2495.169328763486
2025-12-11,CE,25898.55,24800.0,5.0,0.0790878611260364,0.1,1123.4,1123.35,1147.71,24.31,24.36,2.16397,2.16851,,0.9999769308851456,3.435434633956352e-07,0.361586229759515,491.0762598290301,-2475.7449959927244
2025-12-11,PE,25898.55,25950.0,5.0,0.0790878611260364,0.1,111.3,110.35,115.11,3.81,4.76,3.42318,4.31355,0.07582,-0.497795761851832,0.0013827173897692602,1455.3371583548424,-258.0812618455271,-1599.777917701055
2025-12-11,CE,25898.55,27850.0,5.0,0.0790878611260364,0.1,0.7,0.65,0.0,-0.7,-0.65,-100.0,-100.0,0.18328,1.1686155348460943e-10,2.6279771805280245e-12,2.76599749914858e-06,5.994979719735041e-08,-5.814818995282844e-06
2025-12-11,PE,25898.55,26350.0,5.0,0.0790878611260364,0.1,426.05,426.05,410.53,-15.52,-15.52,-3.64276,-3.64276,0.1011,-0.9142774085131635,0.0005427727364397083,571.2789451606332,-477.95607393492315,1270.3316196788762
2025-12-11,PE,25898.55,27500.0,5.0,0.0790878611260364,0.1,1564.7,1564.05,1546.94,-17.76,-17.11,-1.13504,-1.09395,0.2436,-0.9999999014848583,1.8377863827955565e-09,0.0019343061943028223,-544.5533344506385,2744.5449505316988
2025-12-11,PE,25898.55,25700.0,5.0,0.0790878611260364,0.1,28.75,27.6,30.51,1.76,2.91,6.12174,10.54348,0.07611,-0.1909222790180511,0.0009433560237157812,992.900707714792,-98.71279869468846,-1481.352605327777
2025-12-11,CE,25898.55,27350.0,5.0,0.0790878611260364,0.1,0.8,0.8,0.0,-0.8,-0.8,-100.0,-100.0,0.14374,1.2316015735205582e-06,2.0949179586917654e-08,0.02204942218523605,0.0006314890206848326,-0.047127513984572995
2025-12-11,PE,25898.55,25400.0,5.0,0.0790878611260364,0.1,5.7,5.6,2.97,-2.73,-2.63,-47.89474,-46.96429,0.08855,-0.02689629008976208,0.00021534882248902488,226.65885718594896,-13.879903401280835,-381.7795852042776
2025-12-11,CE,25898.55,24650.0,5.0,0.0790878611260364,0.1,1214.65,1214.65,1297.41,82.76,82.76,6.81349,6.81349,,0.9999980716063532,3.2207745457306095e-08,0.0338992834672267,488.1168592129222,-2460.176532183071
2025-12-11,PE,25898.55,25350.0,5.0,0.0790878611260364,0.1,4.85,4.6,1.85,-3.0,-2.75,-61.85567,-59.78261,0.09173,-0.017629150162127023,0.00015073301159456706,158.6494495458045,-9.095533492006929,-270.3491011619829
2025-12-11,CE,25898.55,24750.0,5.0,0.0790878611260364,0.1,1116.2,1116.2,1197.61,81.41,81.41,7.2935,7.2935,,0.9999895724719825,1.615462052865773e-07,0.17003054787935246,490.09267536637606,-2470.405957125954
2025-12-11,PE,25898.55,26650.0,5.0,0.0790878611260364,0.1,723.35,714.5,699.45,-23.9,-15.05,-3.30407,-2.10637,0.13045,-0.991432300675209,8.068840876342024e-05,84.9261319708475,-523.3354310152508,2468.3515938085625
2025-12-11,CE,25898.55,25950.0,5.0,0.0790878611260364,0.1,90.25,89.75,115.09,24.84,25.34,27.52355,28.23398,0.06167,0.502204238148168,0.0013827173897692602,1455.3371583548424,255.77911415557415,-4189.634212746605
2025-12-11,PE,25898.55,24200.0,5.0,0.0790878611260364,0.1,1.6,1.45,0.0,-1.6,-1.45,-100.0,-100.0,0.19907,-1.773031855646374e-10,3.948380723528132e-12,4.15574811223092e-06,-9.126376012265019e-08,-7.822495234269497e-06
2025-12-11,CE,25898.55,27150.0,5.0,0.0790878611260364,0.1,1.0,0.95,0.0,-1.0,-0.95,-100.0,-100.0,0.12822,2.5355482263904897e-05,3.757424836863227e-07,0.3954763298178348,0.012996852737610524,-0.8536940394894978
2025-12-11,CE,25898.55,24000.0,5.0,0.0790878611260364,0.1,1924.9,1929.25,1946.12,21.22,16.87,1.10239,0.87443,,0.9999999999988726,2.795892336532948e-14,2.9427314925105175e-08,475.24659052066943,-2395.2428162828232
2025-12-11,CE,25898.55,25550.0,5.0,0.0790878611260364,0.1,389.05,389.1,409.82,20.77,20.72,5.33865,5.32511,,0.9192367394100635,0.0005189891363318068,546.246239813478,464.2277106406131,-3428.3841198543864
2025-12-11,CE,25898.55,25900.0,5.0,0.0790878611260364,0.1,116.35,115.6,141.65,25.3,26.05,21.74474,22.5346,0.06082,0.5708933603569781,0.001360848236931723,1432.3194462889514,290.54877837820317,-4318.998695722937
2025-12-11,PE,25898.55,25450.0,5.0,0.0790878611260364,0.1,7.2,6.95,4.66,-2.54,-2.29,-35.27778,-32.94964,0.08557,-0.03988908122940315,0.0002980059926506863,313.65714912237934,-20.589917636069757,-521.349935998885
2025-12-11,CE,25898.55,24700.0,5.0,0.0790878611260364,0.1,1224.1,1226.35,1247.51,23.41,21.16,1.91243,1.72545,,0.9999954402124421,7.339269696635522e-08,0.07724725228547062,489.1056009086895,-2465.2461834428154
2025-12-11,PE,25898.55,26950.0,5.0,0.0790878611260364,0.1,1028.85,1029.5,998.06,-30.79,-31.44,-2.99266,-3.05391,0.2009,-0.9996487843748207,4.438959074590835e-06,4.672091443607651,-533.4823586413842,2679.439543427219
2025-12-11,CE,25898.55,26850.0,5.0,0.0790878611260364,0.1,1.3,1.3,0.09,-1.21,-1.21,-93.07692,-93.07692,0.10396,0.0011255638200383653,1.3007438498005582e-05,13.690584005978105,0.5765881903206242,-30.19153144551406
2025-12-11,PE,25898.55,27300.0,5.0,0.0790878611260364,0.1,1436.1,1436.1,1347.34,-88.76,-88.76,-6.18063,-6.18063,0.33307,-0.9999972778856441,4.481013790753727e-08,0.04716354856774196,-540.5916010808025,2724.487671829925
2025-12-11,PE,25898.55,25800.0,5.0,0.0790878611260364,0.1,51.6,50.2,55.12,3.52,4.92,6.82171,9.8008,0.07518,-0.29947829257612246,0.0012041569670538967,1267.3988130993587,-154.98356451958907,-1744.8265401282483
2025-12-11,CE,25898.55,24850.0,5.0,0.0790878611260364,0.1,1073.85,1082.3,1097.81,23.96,15.51,2.23122,1.43306,,0.9999506120561511,7.059868278997305e-07,0.7430649759333667,492.0527967291169,-2481.4270344892802
2025-12-11,CE,25898.55,26500.0,5.0,0.0790878611260364,0.1,3.05,2.95,3.37,0.32,0.42,10.4918,14.23729,0.07734,0.03025080651607245,0.00023746755211181188,249.9392537108076,15.477802826048391,-576.1405831264074
2025-12-11,CE,25898.55,27800.0,5.0,0.0790878611260364,0.1,0.7,0.65,0.0,-0.7,-0.65,-100.0,-100.0,0.17909,3.285928485615437e-10,7.209768599002451e-12,7.588422784658224e-06,1.6856088279015375e-07,-1.5973380458701616e-05
2025-12-11,PE,25898.55,26400.0,5.0,0.0790878611260364,0.1,475.1,474.05,456.84,-18.26,-17.21,-3.8434,-3.63042,0.10702,-0.9379445026100833,0.0004238974249084834,446.16034944291437,-491.036596543683,1585.6205791116981
2025-12-11,PE,25898.55,24100.0,5.0,0.0790878611260364,0.1,1.55,1.4,0.0,-1.55,-1.4,-100.0,-100.0,0.20871,-1.5212458372157668e-11,3.579525182157071e-13,3.767520424205693e-07,-7.829665918656224e-09,-7.114106166596684e-07
2025-12-11,CE,25898.55,24300.0,5.0,0.0790878611260364,0.1,1580.0,1580.0,1646.72,66.72,66.72,4.22278,4.22278,,0.999999998211332,3.7590870590874894e-11,3.956512819654184e-05,481.18717198199033,-2425.1834256430893
2025-12-11,CE,25898.55,25350.0,5.0,0.0790878611260364,0.1,581.8,583.6,600.64,18.84,17.04,3.23823,2.91981,,0.9823708498378729,0.00015073301159456706,158.6494495458045,492.88367774606303,-2800.3243258018556
2025-12-11,PE,25898.55,24900.0,5.0,0.0790878611260364,0.1,2.6,2.35,0.01,-2.59,-2.34,-99.61538,-99.57447,0.13346,-0.00010234864954941845,1.4022640489958824e-06,1.4759104003670442,-0.05273372831384465,-2.675732248121503
2025-12-11,CE,25898.55,24600.0,5.0,0.0790878611260364,0.1,1265.55,1265.55,1347.31,81.76,81.76,6.46043,6.46043,,0.9999992114813708,1.3649882377340326e-08,0.01436676878290458,487.1273492219894,-2455.1504732515878
2025-12-11,CE,25898.55,27550.0,5.0,0.0790878611260364,0.1,0.75,0.75,0.0,-0.75,-0.75,-100.0,-100.0,0.16026,4.0434695754549876e-08,7.764745470043295e-10,0.0008172546820726089,2.0737290260070812e-05,-0.0017333160478798675
2025-12-11,CE,25898.55,25750.0,5.0,0.0790878611260364,0.1,217.25,215.95,241.04,23.79,25.09,10.95052,11.61843,0.05462,0.7580466249930353,0.0010822507606712075,1139.0901411353734,384.74737858425306,-4209.349500946856
2025-12-11,PE,25898.55,25250.0,5.0,0.0790878611260364,0.1,3.9,3.7,0.66,-3.24,-3.04,-83.07692,-82.16216,0.10059,-0.0069433505398792585,6.705923043448123e-05,70.58115460474997,-3.580925174249497,-122.62137346987595
2025-12-11,CE,25898.55,25450.0,5.0,0.0790878611260364,0.1,485.5,484.1,503.66,18.16,19.56,3.74047,4.04049,,0.9601109187705968,0.0002980059926506863,313.65714912237934,483.36948772917214,-3061.3053390397044
2025-12-11,PE,25898.55,25750.0,5.0,0.0790878611260364,0.1,38.55,37.35,41.45,2.9,4.1,7.5227,10.97724,0.07545,-0.24195337500696462,0.0010822507606712075,1139.0901411353734,-125.15260916250448,-1639.4535627031985
2025-12-11,CE,25898.55,26000.0,5.0,0.0790878611260364,0.1,68.1,67.65,91.97,23.87,24.32,35.0514,35.94974,0.06207,0.43358064149306985,0.0013635302449674666,1435.1423123223897,220.97497514313972,-3973.972739226333
2025-12-11,CE,25898.55,24500.0,5.0,0.0790878611260364,0.1,1364.15,1364.15,1447.11,82.96,82.96,6.08144,6.08144,,0.9999998809692537,2.206403263094194e-09,0.0023222826868708143,485.1474998682476,-2445.148027678108
2025-12-11,PE,25898.55,24650.0,5.0,0.0790878611260364,0.1,2.0,1.95,0.0,-2.0,-1.95,-100.0,-100.0,0.15747,-1.9283936468187794e-06,3.2207745457306095e-08,0.0338992834672267,-0.0009931349447367596,-0.06255634982135655
2025-12-11,CE,25898.55,25250.0,5.0,0.0790878611260364,0.1,680.9,682.7,699.26,18.36,16.56,2.69643,2.42566,,0.9930566494601207,6.705923043448123e-05,70.58115460474997,496.41809193664864,-2642.616419708803
2025-12-11,CE,25898.55,27650.0,5.0,0.0790878611260364,0.1,0.8,0.7,0.0,-0.8,-0.7,-100.0,-100.0,0.1677,6.336632852261702e-09,1.2862911213437195e-10,0.00013538466205779179,3.2501229449716775e-06,-0.0002862041600984919
2025-12-11,PE,25898.55,24750.0,5.0,0.0790878611260364,0.1,2.2,1.95,0.0,-2.2,-1.95,-100.0,-100.0,0.14657,-1.0427528017497137e-05,1.615462052865773e-07,0.17003054787935246,-0.00537110866265942,-0.3118028917584226
2025-12-11,CE,25898.55,27700.0,5.0,0.0790878611260364,0.1,0.8,0.75,0.0,-0.8,-0.75,-100.0,-100.0,0.17318,2.4198918540238434e-09,5.0447405400133175e-11,5.309688311192508e-05,1.241244400050985e-06,-0.00011207870850434618
2025-12-11,PE,25898.55,24250.0,5.0,0.0790878611260364,0.1,1.55,1.45,0.0,-1.55,-1.45,-100.0,-100.0,0.19383,-5.733304107984126e-10,1.2407766731385324e-11,1.305941771615196e-05,-2.9512585167830473e-07,-2.4540169358533872e-05
2025-12-11,PE,25898.55,25000.0,5.0,0.0790878611260364,0.1,2.95,2.85,0.03,-2.92,-2.82,-98.98305,-98.94737,0.12563,-0.0003991709230226285,4.999206909001709e-06,5.261763271949984,-0.2057137679875816,-9.449971003180083
2025-12-11,PE,25898.55,24600.0,5.0,0.0790878611260364,0.1,1.9,1.8,0.0,-1.9,-1.8,-100.0,-100.0,0.16127,-7.88518629201146e-07,1.3649882377340326e-08,0.01436676878290458,-0.00040606229156946123,-0.026586618811662178
2025-12-11,PE,25898.55,26700.0,5.0,0.0790878611260364,0.1,775.6,778.0,749.02,-26.58,-28.98,-3.42702,-3.72494,0.16061,-0.9946453775426782,5.3268886745044694e-05,56.06654753737932,-525.9700258268368,2539.147510365853
2025-12-11,PE,25898.55,24150.0,5.0,0.0790878611260364,0.1,1.5,1.4,0.0,-1.5,-1.4,-100.0,-100.0,0.20349,-5.288737619230458e-11,1.2110499273095292e-12,1.2746537888921772e-06,-2.7221645995325804e-08,-2.40320587854351e-06
2025-12-11,PE,25898.55,26750.0,5.0,0.0790878611260364,0.1,822.85,815.35,798.71,-24.14,-16.64,-2.93371,-2.04084,0.14641,-0.9967357778642093,3.4214722568696996e-05,36.01166622004812,-528.0302411464943,2589.5006568237377
2025-12-11,CE,25898.55,27500.0,5.0,0.0790878611260364,0.1,0.85,0.8,0.0,-0.85,-0.8,-100.0,-100.0,0.15698,9.851514174234013e-08,1.8377863827955565e-09,0.0019343061943028223,5.052162680290551e-05,-0.004109728518777035
2025-12-11,CE,25898.55,25800.0,5.0,0.0790878611260364,0.1,180.3,179.55,204.81,24.51,25.26,13.59401,14.0685,0.05818,0.7005217074238775,0.0012041569670538967,1267.3988130993587,355.90652029075443,-4319.71256757238
2025-12-11,CE,25898.55,25300.0,5.0,0.0790878611260364,0.1,631.9,627.0,649.81,17.91,22.81,2.83431,3.63796,,0.9887731713547929,0.0001021741659393426,107.54031258712443,495.19796323458615,-2710.127094047309
2025-12-11,CE,25898.55,26050.0,5.0,0.0790878611260364,0.1,50.35,49.7,72.22,21.87,22.52,43.43595,45.31187,0.06243,0.36703222252412465,0.0013052045588586628,1373.7533843254344,187.17023839722842,-3681.247866922034
2025-12-11,CE,25898.55,25500.0,5.0,0.0790878611260364,0.1,438.35,437.0,456.22,17.87,19.22,4.07665,4.39817,,0.9424632114879763,0.0003995184136084259,420.5009621440774,475.2422090865955,-3233.2850805713115
2025-12-11,CE,25898.55,26800.0,5.0,0.0790878611260364,0.1,1.35,1.35,0.16,-1.19,-1.19,-88.14815,-88.14815,0.09948,0.001940873267675639,2.1384384872266073e-05,22.507484279461735,0.994111429156735,-49.86805513591098
2025-12-11,PE,25898.55,23950.0,5.0,0.0790878611260364,0.1,1.35,1.3,0.0,-1.35,-1.3,-100.0,-100.0,0.22251,-2.9033280012825675e-13,7.385056840241051e-15,7.772917094764335e-09,-1.494133165167383e-10,-1.4738490255675525e-08
2025-12-11,PE,25898.55,24700.0,5.0,0.0790878611260364,0.1,2.1,1.95,0.0,-2.1,-1.95,-100.0,-100.0,0.15202,-4.55978755785947e-06,7.339269696635522e-08,0.07724725228547062,-0.002348502763353965,-0.14211840909295026
2025-12-11,PE,25898.55,25650.0,5.0,0.0790878611260364,0.1,21.45,20.35,21.97,0.52,1.62,2.42424,7.96069,0.07713,-0.14701722067598555,0.000797349543297654,839.2260248871116,-75.98225975946599,-1289.6387118149034
2025-12-11,PE,25898.55,25150.0,5.0,0.0790878611260364,0.1,3.4,3.15,0.21,-3.19,-2.94,-93.82353,-93.33333,0.10989,-0.0024283309248172963,2.6200904526663307e-05,27.57696563469402,-1.2519583179456424,-48.65141143308677
2025-12-11,PE,25898.55,25600.0,5.0,0.0790878611260364,0.1,16.0,14.95,15.46,-0.54,0.51,-3.375,3.41137,0.07834,-0.11038883514325942,0.0006533850290870083,687.7005515217846,-57.031238309376896,-1083.1594549400902
2025-12-11,CE,25898.55,26200.0,5.0,0.0790878611260364,0.1,18.7,18.2,31.27,12.57,13.07,67.21925,71.81319,0.06508,0.19624220121635516,0.0009593017092071613,1009.6838542802067,100.22054925724369,-2517.4257267590656
2025-12-11,PE,25898.55,26150.0,5.0,0.0790878611260364,0.1,247.3,244.95,241.76,-5.54,-3.19,-2.24019,-1.30231,0.08184,-0.752901986825228,0.0010945869714307616,1152.0742447884504,-391.6830982056815,-322.0173995869129
2025-12-11,PE,25898.55,26200.0,5.0,0.0790878611260364,0.1,289.8,288.0,280.79,-9.01,-7.21,-3.10904,-2.50347,0.08602,-0.8037577987836448,0.0009593017092071613,1009.6838542802067,-418.59031206178724,97.38101428885079
2025-12-11,PE,25898.55,24000.0,5.0,0.0790878611260364,0.1,1.4,1.35,0.0,-1.4,-1.35,-100.0,-100.0,0.21824,-1.1274128690455898e-12,2.795892336532948e-14,2.9427314925105175e-08,-5.802194632958799e-10,-5.572474748693195e-08
2025-12-11,CE,25898.55,25400.0,5.0,0.0790878611260364,0.1,533.15,532.95,551.87,18.72,18.92,3.51121,3.55005,,0.9731037099102379,0.00021534882248902488,226.65885718594896,489.0894049003751,-2916.7448990446237
2025-12-11,PE,25898.55,25300.0,5.0,0.0790878611260364,0.1,4.3,4.2,1.12,-3.18,-3.08,-73.95349,-73.33333,0.09653,-0.011226828645207073,0.0001021741659393426,107.54031258712443,-5.791150939897878,-185.14195860790895
2025-12-11,CE,25898.55,26250.0,5.0,0.0790878611260364,0.1,13.2,12.8,22.75,9.55,9.95,72.34848,77.73437,0.06629,0.15238359483829866,0.0008166514579787737,859.5416684674068,77.85254682188639,-2105.4555010986633
2025-12-11,CE,25898.55,27400.0,5.0,0.0790878611260364,0.1,0.8,0.75,0.0,-0.8,-0.75,-100.0,-100.0,0.14715,5.43750569114748e-07,9.547199528021018e-09,0.010048614658470028,0.0002788194385463611,-0.021432280673850574
2025-12-11,CE,25898.55,27250.0,5.0,0.0790878611260364,0.1,0.9,0.85,0.0,-0.9,-0.85,-100.0,-100.0,0.1357,5.870477432029587e-06,9.342038915599534e-08,0.09832679092101221,0.0030095968998973817,-0.21113504912579453
2025-12-11,PE,25898.55,27200.0,5.0,0.0790878611260364,0.1,1250.0,1250.0,1247.54,-2.46,-2.46,-0.1968,-0.1968,0.14941,-0.9999876479590087,1.8980194745187806e-07,0.1997702704100122,-538.6064705978646,2714.178466847475
2025-12-11,CE,25898.55,25850.0,5.0,0.0790878611260364,0.1,146.45,145.85,171.6,25.15,25.75,17.1731,17.65513,0.0599,0.6376211409221353,0.0012996254910820717,1367.8813061232445,324.243257097949,-4360.39274651819
2025-12-11,PE,25898.55,26600.0,5.0,0.0790878611260364,0.1,675.45,677.4,650.07,-25.38,-27.33,-3.7575,-4.03454,0.14403,-0.9866274250705043,0.00011889339896917531,125.13763310073246,-519.8866972322288,2370.8278867929803
2025-12-11,CE,25898.55,27900.0,5.0,0.0790878611260364,0.1,0.7,0.65,0.0,-0.7,-0.65,-100.0,-100.0,0.18745,4.059448148855403e-11,9.35058481688173e-13,9.841673820727357e-07,2.0825701751056165e-08,-2.066421006426535e-06
2025-12-11,CE,25898.55,26700.0,5.0,0.0790878611260364,0.1,1.5,1.5,0.49,-1.01,-1.01,-67.33333,-67.33333,0.09066,0.005354622457321755,5.3268886745044694e-05,56.06654753737932,2.7418061280534642,-125.56012268679433
2025-12-11,CE,25898.55,26950.0,5.0,0.0790878611260364,0.1,1.2,1.2,0.03,-1.17,-1.17,-97.5,-97.5,0.11266,0.00035121562517920646,4.438959074590835e-06,4.672091443607651,0.1799586314358748,-10.218535627793468
2025-12-11,PE,25898.55,26850.0,5.0,0.0790878611260364,0.1,920.65,918.2,898.32,-22.33,-19.88,-2.42546,-2.16511,0.16624,-0.9988744361799616,1.3007438498005582e-05,13.690584005978105,-531.1055349553275,2649.486369208553
2025-12-11,CE,25898.55,26300.0,5.0,0.0790878611260364,0.1,9.25,8.95,16.21,6.96,7.26,75.24324,81.11732,0.06758,0.11563736934944896,0.0006754093914137807,710.8816246176912,59.09987177292933,-1714.6604552969045
2025-12-11,PE,25898.55,24500.0,5.0,0.0790878611260364,0.1,1.8,1.7,0.0,-1.8,-1.7,-100.0,-100.0,0.17083,-1.1903074631339868e-07,2.206403263094194e-09,0.0023222826868708143,-6.128886142961762e-05,-0.004319446278387595
2025-12-11,CE,25898.55,27100.0,5.0,0.0790878611260364,0.1,1.1,1.05,0.0,-1.1,-1.05,-100.0,-100.0,0.12503,5.0774432642266134e-05,7.246815450039727e-07,0.7627415321610103,0.026023977347194804,-1.6513154743692395
2025-12-11,PE,25898.55,24550.0,5.0,0.0790878611260364,0.1,1.85,1.8,0.0,-1.85,-1.8,-100.0,-100.0,0.16665,-3.1165403575596027e-07,5.585571838611784e-09,0.005878923854966927,-0.00016048093641849004,-0.010907954218437417
2025-12-11,CE,25898.55,25000.0,5.0,0.0790878611260364,0.1,927.6,929.05,948.13,20.53,19.08,2.21324,2.05371,,0.9996008290769773,4.999206909001709e-06,5.261763271949984,494.84281802498094,-2504.494571239741
2025-12-11,CE,25898.55,27450.0,5.0,0.0790878611260364,0.1,0.8,0.75,0.0,-0.8,-0.75,-100.0,-100.0,0.15154,2.3427788790998546e-07,4.241943793781178e-09,0.004464728998434488,0.00012013812271253045,-0.009503763986709228
2025-12-11,PE,25898.55,25500.0,5.0,0.0790878611260364,0.1,9.25,8.9,7.13,-2.12,-1.77,-22.91892,-19.88764,0.08306,-0.057536788512023665,0.0003995184136084259,420.5009621440774,-29.707293342232337,-688.3395883300193
2025-12-11,CE,25898.55,26550.0,5.0,0.0790878611260364,0.1,2.45,2.3,2.15,-0.3,-0.15,-12.2449,-6.52174,0.07989,0.02036205616153946,0.00017039037397607277,179.33920879865212,10.420515020192505,-409.94496758778064
2025-12-11,CE,25898.55,26100.0,5.0,0.0790878611260364,0.1,36.05,35.35,55.69,19.64,20.34,54.47989,57.5389,0.06259,0.30437736103465063,0.0012129674664122924,1276.6720363876507,155.30239046141332,-3327.1494180020027
2025-12-11,CE,25898.55,27200.0,5.0,0.0790878611260364,0.1,0.95,0.9,0.0,-0.95,-0.9,-100.0,-100.0,0.13201,1.2352040991229575e-05,1.8980194745187806e-07,0.1997702704100122,0.006331992885034139,-0.4300582099036762
2025-12-11,PE,25898.55,25050.0,5.0,0.0790878611260364,0.1,3.05,2.9,0.06,-2.99,-2.84,-98.03279,-97.93103,0.12016,-0.0007517192774854696,8.97661590720914e-06,9.44806421232662,-0.38744928065671524,-16.877380821916088
2025-12-11,PE,25898.55,27250.0,5.0,0.0790878611260364,0.1,1361.4,1361.4,1297.44,-63.96,-63.96,-4.6981,-4.6981,0.29372,-0.9999941295225679,9.342038915599534e-08,0.09832679092101221,-539.5998900574357,2719.3874792087263
2025-12-11,PE,25898.55,26800.0,5.0,0.0790878611260364,0.1,876.15,869.0,848.49,-27.66,-20.51,-3.15699,-2.36018,0.16061,-0.9980591267323243,2.1384384872266073e-05,22.507484279461735,-529.6979146529054,2624.8197563176823
2025-12-11,PE,25898.55,27000.0,5.0,0.0790878611260364,0.1,1068.85,1075.35,1047.95,-20.9,-27.4,-1.95537,-2.54801,0.2011,-0.9998110200932788,2.491191374400107e-06,2.622027756765648,-534.5555730038113,2688.9343496483975
2025-12-11,PE,25898.55,25550.0,5.0,0.0790878611260364,0.1,12.0,11.5,10.63,-1.37,-0.87,-11.41667,-7.56522,0.08065,-0.08076326058993655,0.0005189891363318068,546.246239813478,-41.7118888518006,-878.448538412621
2025-12-11,PE,25898.55,24850.0,5.0,0.0790878611260364,0.1,2.4,2.25,0.0,-2.4,-2.25,-100.0,-100.0,0.13824,-4.938794384889342e-05,7.059868278997305e-07,0.7430649759333667,-0.02544387309371796,-1.3527018541385019
2025-12-11,CE,25898.55,26450.0,5.0,0.0790878611260364,0.1,3.65,3.35,5.16,1.51,1.81,41.36986,54.02985,0.07308,0.04385594611582745,0.00032178523141180557,338.68526406654996,22.43347376636843,-788.0692146567397
2025-12-11,CE,25898.55,24350.0,5.0,0.0790878611260364,0.1,1590.0,1590.0,1596.82,6.82,6.82,0.42893,0.42893,,0.9999999946147773,1.0981992375811514e-10,0.00011558762257235473,482.1772671939879,-2430.1736570254607
2025-12-11,CE,25898.55,25600.0,5.0,0.0790878611260364,0.1,343.7,344.0,364.76,21.06,20.76,6.12744,6.03488,,0.8896111648567406,0.0006533850290870083,687.7005515217846,449.8984582466228,-3638.085125582329
2025-12-11,CE,25898.55,26350.0,5.0,0.0790878611260364,0.1,6.45,6.2,11.31,4.86,5.11,75.34884,82.41935,0.06884,0.08572259148683653,0.0005427727364397083,571.2789451606332,43.82507857486561,-1359.4453889704594
2025-12-11,CE,25898.55,26900.0,5.0,0.0790878611260364,0.1,1.25,1.25,0.05,-1.2,-1.2,-96.0,-96.0,0.10836,0.0006366412541986456,7.70130926810341e-06,8.10577897463469,0.32616992545225043,-17.798828215258546
2025-12-11,PE,25898.55,26450.0,5.0,0.0790878611260364,0.1,524.4,527.8,504.18,-20.22,-23.62,-3.85584,-4.47518,0.1202,-0.9561440538841726,0.00032178523141180557,338.68526406654996,-501.3278728705922,1851.6879723935417
2025-12-11,PE,25898.55,27900.0,5.0,0.0790878611260364,0.1,1968.95,1965.0,1946.15,-22.8,-18.85,-1.15798,-0.95929,0.29657,-0.9999999999594055,9.35058481688173e-13,9.841673820727357e-07,-552.4741614601271,2784.469771797581
2025-12-11,CE,25898.55,24200.0,5.0,0.0790878611260364,0.1,1674.0,1674.0,1746.52,72.52,72.52,4.33214,4.33214,,0.9999999998226968,3.948380723528132e-12,4.15574811223092e-06,479.2069786843297,-2415.2031808514866
2025-12-11,CE,25898.55,26400.0,5.0,0.0790878611260364,0.1,4.7,4.45,7.72,3.02,3.27,64.25532,73.48315,0.07067,0.06205549738991671,0.0004238974249084834,446.16034944291437,31.734653029691707,-1049.1465187381104
2025-12-11,CE,25898.55,25200.0,5.0,0.0790878611260364,0.1,730.9,734.3,748.88,17.98,14.58,2.45998,1.98556,,0.9958315100093335,4.260671606403861e-05,44.844403883440684,496.8594575026733,-2593.547195076132
2025-12-11,PE,25898.55,26900.0,5.0,0.0790878611260364,0.1,974.7,975.0,948.18,-26.52,-26.82,-2.72084,-2.75077,0.18593,-0.9993633587458014,7.70130926810341e-06,8.10577897463469,-532.3460502837818,2666.869161639281
2025-12-11,CE,25898.55,25150.0,5.0,0.0790878611260364,0.1,779.75,779.15,798.61,18.86,19.46,2.41872,2.49759,,0.9975716690751827,2.6200904526663307e-05,27.57696563469402,496.76686466578064,-2558.666279271067
2025-12-11,CE,25898.55,26600.0,5.0,0.0790878611260364,0.1,2.05,1.95,1.35,-0.7,-0.6,-34.14634,-30.76923,0.08334,0.013372574929495685,0.00011889339896917531,125.13763310073246,6.844940595489587,-283.8995678587205
2025-12-11,CE,25898.55,24900.0,5.0,0.0790878611260364,0.1,1027.45,1033.0,1047.91,20.46,14.91,1.99134,1.44337,,0.9998976513504506,1.4022640489958824e-06,1.4759104003670442,493.01560393748275,-2487.740154083737
2025-12-11,PE,25898.55,24950.0,5.0,0.0790878611260364,0.1,2.8,2.6,0.01,-2.79,-2.59,-99.64286,-99.61538,0.12967,-0.00020537552010590883,2.692582146980409e-06,2.833995492800857,-0.10582842265012916,-5.11481772739782
2025-12-11,CE,25898.55,26150.0,5.0,0.0790878611260364,0.1,26.1,25.5,42.14,16.04,16.64,61.45594,65.2549,0.06381,0.24709801317477204,0.0010945869714307616,1152.0742447884504,126.13766604976347,-2931.8340514343563
2025-12-11,PE,25898.55,24450.0,5.0,0.0790878611260364,0.1,1.75,1.65,0.0,-1.75,-1.65,-100.0,-100.0,0.17553,-4.3919128939314565e-08,8.411788447715729e-10,0.0008853572238809821,-2.2612542326173322e-05,-0.0016505622177407388
2025-12-11,PE,25898.55,26250.0,5.0,0.0790878611260364,0.1,335.6,333.0,322.16,-13.44,-10.84,-4.00477,-3.25526,0.09085,-0.8476164051617013,0.0008166514579787737,859.5416684674068,-441.94841156073045,514.3413291497257
2025-12-11,CE,25898.55,26750.0,5.0,0.0790878611260364,0.1,1.45,1.4,0.29,-1.16,-1.11,-80.0,-79.28571,0.09491,0.0032642221357907482,3.4214722568696996e-05,36.01166622004812,1.6716878719818709,-80.19706542938286
2025-12-11,CE,25898.55,27050.0,5.0,0.0790878611260364,0.1,1.1,1.1,0.01,-1.09,-1.09,-99.09091,-99.09091,0.121,9.918214411679409e-05,1.3614683456543582e-06,1.432972122875612,0.0508301944668371,-3.1121178264498526
2025-12-11,PE,25898.55,25900.0,5.0,0.0790878611260364,0.1,87.6,86.2,91.76,4.16,5.56,4.74886,6.45012,0.0752,-0.42910663964302187,0.001360848236931723,1432.3194462889514,-222.32150055931228,-1734.1324898778594
2025-12-11,CE,25898.55,25650.0,5.0,0.0790878611260364,0.1,299.9,299.5,321.37,21.47,21.87,7.15905,7.30217,0.0303,0.8529827793240145,0.000797349543297654,839.2260248871116,431.93753386011963,-3849.554471657615
2025-12-11,PE,25898.55,26500.0,5.0,0.0790878611260364,0.1,574.8,571.2,552.29,-22.51,-18.91,-3.91614,-3.31057,0.11921,-0.9697491934839275,0.00023746755211181188,249.9392537108076,-509.2736408744981,2068.6066931243477
2025-12-11,PE,25898.55,26300.0,5.0,0.0790878611260364,0.1,380.45,378.7,365.53,-14.92,-13.17,-3.92167,-3.47769,0.09543,-0.884362630650551,0.0006754093914137807,710.8816246176912,-461.69118367327343,910.1264641519574
2025-12-11,CE,25898.55,27300.0,5.0,0.0790878611260364,0.1,0.85,0.85,0.0,-0.85,-0.85,-100.0,-100.0,0.14021,2.7221143559366535e-06,4.481013790753727e-08,0.04716354856774196,0.0013956371190565373,-0.10103162839932851
2025-12-11,PE,25898.55,24800.0,5.0,0.0790878611260364,0.1,2.35,2.15,0.0,-2.35,-2.15,-100.0,-100.0,0.14293,-2.3069114854378374e-05,3.435434633956352e-07,0.361586229759515,-0.011883709594567438,-0.6607525580559319
2025-12-12,CE,26046.95,24950.0,4.0,0.07834020755936115,0.1,1109.75,1109.75,1136.52,26.77,26.77,2.41226,2.41226,,0.9999969822417207,5.55054430874438e-08,0.04682669374764081,395.4023726730025,-2491.150502846502
2025-12-12,PE,26046.95,26750.0,4.0,0.07834020755936115,0.1,686.65,686.0,661.09,-25.56,-24.91,-3.72242,-3.6312,0.15678,-0.9943409252100421,6.279301254871685e-05,52.97478958015367,-421.5973921777463,2525.3368063694365
2025-12-12,CE,26046.95,27750.0,4.0,0.07834020755936115,0.1,0.7,0.75,0.0,-0.7,-0.75,-100.0,-100.0,0.18418,2.0362995277389286e-10,5.072406711344356e-12,4.279292667953347e-06,8.40628388233352e-08,-1.1089677172750613e-05
2025-12-12,CE,26046.95,26700.0,4.0,0.07834020755936115,0.1,1.4,1.4,0.83,-0.57,-0.57,-40.71429,-40.71429,0.08398,0.009560506837621526,9.968056086264044e-05,84.09465516299686,3.939614131247312,-232.34134034007343
2025-12-12,CE,26046.95,24100.0,4.0,0.07834020755936115,0.1,1935.0,1935.0,1985.17,50.17,50.17,2.59276,2.59276,,0.9999999999999996,1.4605381370732497e-17,1.2321705448550917e-11,381.93295834890495,-2406.1776375981317
2025-12-12,CE,26046.95,25400.0,4.0,0.07834020755936115,0.1,664.0,665.7,687.5,23.5,21.8,3.53916,3.27475,,0.9966767012961281,3.9022635442118656e-05,32.92111363195817,401.15701145797044,-2608.529148748121
2025-12-12,CE,26046.95,24500.0,4.0,0.07834020755936115,0.1,1557.6,1558.05,1585.81,28.21,27.76,1.81112,1.78171,,0.9999999999049891,2.4093584193958074e-12,2.0326346851354035e-06,388.2720945477213,-2446.11420066661
2025-12-12,PE,26046.95,26850.0,4.0,0.07834020755936115,0.1,791.0,788.0,760.6,-30.4,-27.4,-3.84324,-3.47716,0.17728,-0.9981973104963636,2.2440854967943056e-05,18.932035933189542,-424.77133353553756,2629.3405031012753
2025-12-12,CE,26046.95,25100.0,4.0,0.07834020755936115,0.1,967.2,966.75,986.76,19.56,20.01,2.02233,2.06982,,0.9999553270602611,7.206811907248249e-07,0.6079965410705931,397.76228727279755,-2507.4027729381446
2025-12-12,CE,26046.95,25850.0,4.0,0.07834020755936115,0.1,228.4,230.0,262.27,33.87,32.27,14.82925,14.03043,,0.8250456630407631,0.0010025314946117009,845.77714651496,336.94679995621556,-4209.903091742962
2025-12-12,CE,26046.95,27250.0,4.0,0.07834020755936115,0.1,0.85,0.85,0.0,-0.85,-0.85,-100.0,-100.0,0.13692,5.191784894097284e-06,9.32393597758494e-08,0.07866059079235559,0.002142114455027703,-0.20760736186325046
2025-12-12,CE,26046.95,26950.0,4.0,0.07834020755936115,0.1,1.05,1.0,0.03,-1.02,-0.97,-97.14286,-97.0,0.1078,0.0005055539009864876,6.983991125627616e-06,5.891984558357422,0.2084746624029858,-15.853138110144354
2025-12-12,PE,26046.95,24650.0,4.0,0.07834020755936115,0.1,1.85,1.8,0.0,-1.85,-1.8,-100.0,-100.0,0.18989,-4.44178346406509e-09,1.0220555564613342e-10,8.622484548063371e-05,-1.839416892433885e-06,-0.00020119015076705717
2025-12-12,PE,26046.95,27100.0,4.0,0.07834020755936115,0.1,1038.9,1038.9,1010.07,-28.83,-28.83,-2.77505,-2.77505,0.22035,-0.9999408867484149,9.387509612217058e-07,0.7919692433979755,-429.45209617585897,2703.593850308296
2025-12-12,PE,26046.95,24950.0,4.0,0.07834020755936115,0.1,2.3,2.5,0.0,-2.3,-2.5,-100.0,-100.0,0.16075,-3.0177582792427195e-06,5.55054430874438e-08,0.04682669374764081,-0.0012501819843104749,-0.10767886008537184
2025-12-12,CE,26046.95,24700.0,4.0,0.07834020755936115,0.1,1359.3,1363.0,1386.13,26.83,23.13,1.97381,1.69699,,0.9999999853416961,3.258936528223254e-10,0.0002749374012017063,391.44165663556214,-2466.083115271613
2025-12-12,PE,26046.95,25950.0,4.0,0.07834020755936115,0.1,36.9,34.05,47.72,10.82,13.67,29.32249,40.14684,0.0659,-0.29336604734691296,0.0013386800395213997,1129.3659999793574,-122.04786260073622,-2018.0536213547134
2025-12-12,CE,26046.95,27650.0,4.0,0.07834020755936115,0.1,0.75,0.7,0.0,-0.75,-0.7,-100.0,-100.0,0.17328,1.9848489990502684e-09,4.668491493769155e-11,3.938533038963298e-05,8.19318983527701e-07,-0.00010235354075803716
2025-12-12,CE,26046.95,27550.0,4.0,0.07834020755936115,0.1,0.7,0.7,0.0,-0.7,-0.7,-100.0,-100.0,0.16361,1.7109152227967824e-08,3.7862804022546557e-10,0.0003194263174509832,7.061758243092919e-06,-0.000832742683216006
2025-12-12,CE,26046.95,25900.0,4.0,0.07834020755936115,0.1,185.9,187.45,222.56,36.66,35.11,19.72028,18.73033,,0.7700414269204321,0.0011810150769640208,996.353298778567,314.8359956486815,-4442.184285792857
2025-12-12,PE,26046.95,25500.0,4.0,0.07834020755936115,0.1,4.6,4.6,0.9,-3.7,-3.7,-80.43478,-80.43478,0.10035,-0.010280631690237607,0.00010620559054502876,89.5994408134799,-4.264764522847623,-194.23800540777734
2025-12-12,CE,26046.95,26650.0,4.0,0.07834020755936115,0.1,1.75,1.65,1.43,-0.32,-0.22,-18.28571,-13.33333,0.07997,0.015649448521274093,0.00015276963606381186,128.88280074854387,6.447480000643505,-358.6653428904445
2025-12-12,PE,26046.95,26200.0,4.0,0.07834020755936115,0.1,167.1,164.0,168.01,0.91,4.01,0.54458,2.44512,0.07497,-0.6656150160254544,0.0014160910636083607,1194.6731503411816,-277.8610494832702,-1197.5900790001044
2025-12-12,PE,26046.95,26900.0,4.0,0.07834020755936115,0.1,840.55,836.6,810.45,-30.1,-26.15,-3.58099,-3.12575,0.18321,-0.9990300074225562,1.2736122536473533e-05,10.744721172810264,-425.9069653824979,2656.6989557741063
2025-12-12,PE,26046.95,26150.0,4.0,0.07834020755936115,0.1,130.7,127.65,136.39,5.69,8.74,4.35348,6.84685,0.07146,-0.5926230013512502,0.0015097963653579437,1273.726829106438,-247.1811932259083,-1585.9552439097235
2025-12-12,PE,26046.95,25300.0,4.0,0.07834020755936115,0.1,3.3,3.4,0.07,-3.23,-3.33,-97.87879,-97.94118,0.12211,-0.0009237020870263505,1.2176772079565622e-05,10.272829929604335,-0.38293901910080336,-22.937916490242394
2025-12-12,CE,26046.95,27150.0,4.0,0.07834020755936115,0.1,0.9,0.85,0.0,-0.9,-0.85,-100.0,-100.0,0.12665,2.712314487736761e-05,4.4949424493709656e-07,0.3792119867566273,0.011189161587091772,-1.0062794091713028
2025-12-12,PE,26046.95,25350.0,4.0,0.07834020755936115,0.1,3.5,3.6,0.13,-3.37,-3.47,-96.28571,-96.38889,0.11651,-0.001785911986809357,2.2250798808856452e-05,18.771696675247213,-0.7404880241460783,-41.65815178195714
2025-12-12,CE,26046.95,26050.0,4.0,0.07834020755936115,0.1,83.25,84.15,122.75,39.5,38.6,47.44745,45.87047,0.0483,0.561153172221151,0.001533543142143822,1293.7605948453056,230.05675360188235,-4641.991963959427
2025-12-12,PE,26046.95,24750.0,4.0,0.07834020755936115,0.1,1.95,2.0,0.0,-1.95,-2.0,-100.0,-100.0,0.18031,-4.632474987498565e-08,9.940515171202568e-10,0.0008386230858158469,-1.9185993523410935e-05,-0.0019486122989194003
2025-12-12,CE,26046.95,26900.0,4.0,0.07834020755936115,0.1,1.05,1.05,0.07,-0.98,-0.98,-93.33333,-93.33333,0.10301,0.0009699925774438401,1.2736122536473533e-05,10.744721172810264,0.39994663349989285,-29.034589926680002
2025-12-12,CE,26046.95,25200.0,4.0,0.07834020755936115,0.1,861.65,866.3,886.93,25.28,20.63,2.93391,2.38139,,0.9997801112757406,3.2207525039541613e-06,2.717160385550116,399.2744460690712,-2522.1341918552944
2025-12-12,CE,26046.95,26150.0,4.0,0.07834020755936115,0.1,40.7,42.2,74.82,34.12,32.62,83.83292,77.29858,0.05237,0.40737699864874977,0.0015097963653579437,1273.726829106438,167.23983834354686,-4196.807742797291
2025-12-12,CE,26046.95,26500.0,4.0,0.07834020755936115,0.1,3.0,3.2,6.22,3.22,3.02,107.33333,94.375,0.06881,0.05689649718977024,0.00044443728408314736,374.9457248545535,23.424779239991732,-1072.8358753328741
2025-12-12,PE,26046.95,26100.0,4.0,0.07834020755936115,0.1,99.3,95.8,108.52,9.22,12.72,9.28499,13.27766,0.06862,-0.5161080616920638,0.0015505455879433235,1308.1045632586347,-215.10407444919846,-1872.87559531346
2025-12-12,CE,26046.95,25150.0,4.0,0.07834020755936115,0.1,910.65,913.45,936.85,26.2,23.4,2.87707,2.56172,,0.9998988843699822,1.5559073341361302e-06,1.3126279547128312,398.5312862679437,-2513.986297200289
2025-12-12,CE,26046.95,26000.0,4.0,0.07834020755936115,0.1,112.45,112.6,152.47,40.02,39.87,35.58915,35.40853,0.04452,0.6362857750629912,0.0014603549098497546,1232.0159667704283,260.64822031351247,-4682.349964402262
2025-12-12,PE,26046.95,26800.0,4.0,0.07834020755936115,0.1,738.5,737.45,710.8,-27.7,-26.65,-3.75085,-3.6138,0.16781,-0.9967548237877778,3.819669301174423e-05,32.224314343654235,-423.3844450260463,2587.8015302286826
2025-12-12,PE,26046.95,26950.0,4.0,0.07834020755936115,0.1,892.25,892.25,860.34,-31.91,-31.91,-3.57635,-3.57635,0.20154,-0.9994944460990135,6.983991125627616e-06,5.891984558357422,-426.89082938336435,2674.8724773781896
2025-12-12,CE,26046.95,27800.0,4.0,0.07834020755936115,0.1,0.65,0.6,0.0,-0.65,-0.6,-100.0,-100.0,0.18472,6.230425608246375e-11,1.5952346246257277e-12,1.3458060879777018e-06,2.572154806525512e-08,-3.483113693216095e-06
2025-12-12,CE,26046.95,27200.0,4.0,0.07834020755936115,0.1,0.9,0.85,0.0,-0.9,-0.85,-100.0,-100.0,0.1318,1.2056111270122815e-05,2.0815175837175362e-07,0.17560545597215443,0.004973936079049428,-0.46468028518457866
2025-12-12,PE,26046.95,26500.0,4.0,0.07834020755936115,0.1,441.95,439.75,417.24,-24.71,-22.51,-5.59113,-5.11882,0.11717,-0.9431035028102298,0.00044443728408314736,374.9457248545535,-396.5429965378499,1572.9611120675286
2025-12-12,CE,26046.95,25950.0,4.0,0.07834020755936115,0.1,146.8,148.0,185.83,39.03,37.83,26.58719,25.56081,0.04011,0.706633952653087,0.0013386800395213997,1129.3659999793574,289.20360084964085,-4608.937841092089
2025-12-12,CE,26046.95,24000.0,4.0,0.07834020755936115,0.1,2055.6,2065.75,2085.02,29.42,19.27,1.43121,0.93283,,1.0,4.524018791746204e-19,3.816649875867654e-13,380.34817428936606,-2396.193498023007
2025-12-12,CE,26046.95,25600.0,4.0,0.07834020755936115,0.1,464.55,467.65,490.26,25.71,22.61,5.53439,4.83481,,0.9725329868500184,0.00024595141939910643,207.49481766779851,394.30562389840344,-2996.1638236929366
2025-12-12,PE,26046.95,24400.0,4.0,0.07834020755936115,0.1,1.55,1.6,0.0,-1.55,-1.6,-100.0,-100.0,0.21663,-5.8615306902368e-12,1.5789620917708133e-13,1.3320779043958672e-07,-2.4268044763750907e-09,-3.1343019927301174e-07
2025-12-12,PE,26046.95,24000.0,4.0,0.07834020755936115,0.1,1.3,1.2,0.0,-1.3,-1.2,-100.0,-100.0,0.25532,-1.3565669564926177e-17,4.524018791746204e-19,3.816649875867654e-13,-5.615020458858146e-15,-9.064663729983718e-13
2025-12-12,PE,26046.95,25400.0,4.0,0.07834020755936115,0.1,3.8,3.85,0.26,-3.54,-3.59,-93.15789,-93.24675,0.111,-0.003323298703871981,3.9022635442118656e-05,32.92111363195817,-1.3781396649419695,-72.55769667377247
2025-12-12,CE,26046.95,27450.0,4.0,0.07834020755936115,0.1,0.85,0.8,0.0,-0.85,-0.8,-100.0,-100.0,0.15607,1.3029271074624494e-07,2.7021558193803024e-09,0.002279650714853055,5.3772244646803805e-05,-0.0059642969114545455
2025-12-12,PE,26046.95,27900.0,4.0,0.07834020755936115,0.1,1839.0,1839.0,1808.8,-30.2,-30.2,-1.6422,-1.6422,0.34313,-0.9999999999946741,1.4374836348144236e-13,1.21272081061772e-07,-442.1547526091892,2785.574941138627
2025-12-12,PE,26046.95,24700.0,4.0,0.07834020755936115,0.1,2.0,2.0,0.0,-2.0,-2.0,-100.0,-100.0,0.18636,-1.4658303904364283e-08,3.258936528223254e-10,0.0002749374012017063,-6.070577125889689e-06,-0.000640222936000045
2025-12-12,CE,26046.95,24600.0,4.0,0.07834020755936115,0.1,1462.0,1462.0,1485.97,23.97,23.97,1.63953,1.63953,,0.9999999987114802,3.065415018961013e-11,2.5861112409492256e-05,389.8568781130298,-2456.0983959299824
2025-12-12,CE,26046.95,27400.0,4.0,0.07834020755936115,0.1,0.85,0.8,0.0,-0.85,-0.8,-100.0,-100.0,0.15109,3.4313238171884985e-07,6.87762722494701e-09,0.005802251560548026,0.0001416036294167016,-0.015210414999621441
2025-12-12,CE,26046.95,25300.0,4.0,0.07834020755936115,0.1,760.9,764.65,787.14,26.24,22.49,3.44855,2.94121,,0.9990762979129737,1.2176772079565622e-05,10.272829929604335,400.56742804427256,-2548.925228989495
2025-12-12,CE,26046.95,27350.0,4.0,0.07834020755936115,0.1,0.85,0.75,0.0,-0.85,-0.75,-100.0,-100.0,0.14506,8.757982263793374e-07,1.6945284824692415e-08,0.014295745044361553,0.00036140130581717173,-0.03755467469736445
2025-12-12,PE,26046.95,26300.0,4.0,0.07834020755936115,0.1,251.2,247.1,241.35,-9.85,-5.75,-3.92118,-2.32699,0.08431,-0.7921229915026302,0.0011143590480973396,940.1195084229674,-331.32922308491686,-232.57435330950784
2025-12-12,PE,26046.95,26400.0,4.0,0.07834020755936115,0.1,344.6,342.4,325.59,-19.01,-16.81,-5.51654,-4.90946,0.10068,-0.8846033208223687,0.0007568727004096951,638.5291995993846,-370.90173198141804,760.9718455590853
2025-12-12,PE,26046.95,25450.0,4.0,0.07834020755936115,0.1,4.05,4.05,0.49,-3.56,-3.56,-87.90123,-87.90123,0.10505,-0.005954955049273921,6.569757868550112e-05,55.425202033265556,-2.4698722658344767,-121.21349241136755
2025-12-12,CE,26046.95,27700.0,4.0,0.07834020755936115,0.1,0.75,0.75,0.0,-0.75,-0.75,-100.0,-100.0,0.17937,6.455505993569101e-10,1.563231000647323e-11,1.3188065035136974e-05,2.6648622048572395e-07,-3.422326938206805e-05
2025-12-12,PE,26046.95,26000.0,4.0,0.07834020755936115,0.1,52.75,49.3,64.28,11.53,14.98,21.85782,30.3854,0.06605,-0.3637142249370088,0.0014603549098497546,1232.0159667704283,-151.3956351666341,-2086.473674877339
2025-12-12,PE,26046.95,25600.0,4.0,0.07834020755936115,0.1,5.75,5.7,2.71,-3.04,-2.99,-52.86957,-52.45614,0.08968,-0.02746701314998159,0.00024595141939910643,207.49481766779851,-11.399095343587033,-440.22409246839635
2025-12-12,PE,26046.95,24450.0,4.0,0.07834020755936115,0.1,1.6,1.55,0.0,-1.6,-1.55,-100.0,-100.0,0.20996,-2.4134726539516023e-11,6.310497814503115e-13,5.323797669525148e-07,-9.992722031035297e-09,-1.2508082066736039e-06
2025-12-12,PE,26046.95,27000.0,4.0,0.07834020755936115,0.1,939.85,936.0,910.24,-29.61,-25.76,-3.1505,-2.75214,0.19854,-0.9997447798679786,3.7010299400152025e-06,3.1223423490001125,-427.7864396025448,2687.349513643733
2025-12-12,CE,26046.95,25000.0,4.0,0.07834020755936115,0.1,1060.8,1063.0,1086.6,25.8,23.6,2.43213,2.22013,,0.9999922795494437,1.3615335635529764e-07,0.11486461806491173,396.19281623871296,-2496.298195621536
2025-12-12,PE,26046.95,23950.0,4.0,0.07834020755936115,0.1,1.3,1.3,0.0,-1.3,-1.3,-100.0,-100.0,0.26331,-2.16830898033792e-18,7.407064255833986e-20,6.248906596972966e-14,-8.974697588765696e-16,-1.4855124206424347e-13
2025-12-12,PE,26046.95,26550.0,4.0,0.07834020755936115,0.1,490.85,489.95,464.86,-25.99,-25.09,-5.2949,-5.12093,0.12693,-0.9618323845313271,0.00032264484481703997,272.19657203169646,-405.0422196256403,1880.0620012193788
2025-12-12,PE,26046.95,25000.0,4.0,0.07834020755936115,0.1,2.55,2.6,0.0,-2.55,-2.6,-100.0,-100.0,0.15533,-7.72045055633754e-06,1.3615335635529764e-07,0.11486461806491173,-0.0031986460433606353,-0.2633018475704337
2025-12-12,CE,26046.95,26800.0,4.0,0.07834020755936115,0.1,1.15,1.1,0.25,-0.9,-0.85,-78.26087,-77.27273,0.09255,0.0032451762122222057,3.819669301174423e-05,32.224314343654235,1.3376829304124505,-87.9478758970075
2025-12-12,PE,26046.95,25800.0,4.0,0.07834020755936115,0.1,13.7,12.2,16.66,2.96,4.46,21.60584,36.55738,0.07148,-0.1290425579552475,0.000818667407355017,690.6617771701128,-53.61627087574096,-1366.5749832527838
2025-12-12,PE,26046.95,26250.0,4.0,0.07834020755936115,0.1,207.3,204.6,203.11,-4.19,-1.49,-2.02123,-0.72825,0.07972,-0.7327024895132609,0.0012796640835212795,1079.5776919482298,-306.155112930052,-735.314513146604
2025-12-12,PE,26046.95,25200.0,4.0,0.07834020755936115,0.1,2.95,3.05,0.01,-2.94,-3.04,-99.66102,-99.67213,0.13311,-0.00021988872425934914,3.2207525039541613e-06,2.717160385550116,-0.09113693476320096,-6.131018931138033
2025-12-12,PE,26046.95,26700.0,4.0,0.07834020755936115,0.1,639.8,637.75,611.53,-28.27,-26.22,-4.41857,-4.11133,0.15093,-0.9904394931623784,9.968056086264044e-05,84.09465516299686,-419.1977297656724,2433.423926210521
2025-12-12,CE,26046.95,27050.0,4.0,0.07834020755936115,0.1,0.95,0.95,0.01,-0.94,-0.94,-98.94737,-98.94737,0.11778,0.00012480050890281737,1.895733418958533e-06,1.5993193333649947,0.05147479611961424,-4.270957984233222
2025-12-12,PE,26046.95,26450.0,4.0,0.07834020755936115,0.1,393.8,389.35,370.7,-23.1,-18.65,-5.86592,-4.79003,0.10696,-0.9177394940674718,0.000590572099032296,498.231115347003,-385.31764241546614,1198.0079840697256
2025-12-12,CE,26046.95,27600.0,4.0,0.07834020755936115,0.1,0.85,0.8,0.0,-0.85,-0.8,-100.0,-100.0,0.17085,5.918043466750943e-09,1.3508232786577447e-10,0.00011396105401273602,2.4427762462083453e-06,-0.00029661306803991364
2025-12-12,PE,26046.95,25150.0,4.0,0.07834020755936115,0.1,2.8,2.85,0.01,-2.79,-2.84,-99.64286,-99.64912,0.1382,-0.00010111563001777718,1.5559073341361302e-06,1.3126279547128312,-0.04190470612111804,-2.975194063680277
2025-12-12,CE,26046.95,26600.0,4.0,0.07834020755936115,0.1,2.0,2.0,2.4,0.4,0.4,20.0,20.0,0.07612,0.02482403812261746,0.0002259978229934453,190.66113621101027,10.225231163928377,-534.9165953373852
2025-12-12,PE,26046.95,25850.0,4.0,0.07834020755936115,0.1,18.55,16.65,24.33,5.78,7.68,31.15903,46.12613,0.0687,-0.1749543369592369,0.0010025314946117009,845.77714651496,-72.71987943462248,-1629.0030115806824
2025-12-12,CE,26046.95,27900.0,4.0,0.07834020755936115,0.1,0.65,0.65,0.0,-0.65,-0.65,-100.0,-100.0,0.19562,5.325898035261475e-12,1.4374836348144236e-13,1.21272081061772e-07,2.1988910714456016e-09,-3.131181337984562e-07
2025-12-12,PE,26046.95,24350.0,4.0,0.07834020755936115,0.1,1.55,1.6,0.0,-1.55,-1.6,-100.0,-100.0,0.22251,-1.3606342773342371e-12,3.7731657535226295e-14,3.18319911293996e-08,-5.633111900163848e-10,-7.500347045420136e-08
2025-12-12,PE,26046.95,27200.0,4.0,0.07834020755936115,0.1,1139.95,1141.65,1109.91,-30.04,-31.74,-2.6352,-2.78019,0.2418,-0.9999879438887299,2.0815175837175362e-07,0.17560545597215443,-431.0562902585358,2715.221284140889
2025-12-12,PE,26046.95,27500.0,4.0,0.07834020755936115,0.1,1437.55,1440.25,1409.43,-28.12,-30.82,-1.95611,-2.13991,0.28617,-0.9999999520458634,1.0278801835295108e-09,0.0008671623517639029,-435.8155965813099,2745.6361185513756
2025-12-12,CE,26046.95,27500.0,4.0,0.07834020755936115,0.1,0.8,0.8,0.0,-0.8,-0.8,-100.0,-100.0,0.16102,4.7954136589446765e-08,1.0278801835295108e-09,0.0008671623517639029,1.9791922043892867e-05,-0.002264599985559234
2025-12-12,PE,26046.95,24600.0,4.0,0.07834020755936115,0.1,1.8,1.85,0.0,-1.8,-1.85,-100.0,-100.0,0.19652,-1.2885198217882768e-09,3.065415018961013e-11,2.5861112409492256e-05,-5.33570457853625e-07,-6.045640090260334e-05
2025-12-12,CE,26046.95,24900.0,4.0,0.07834020755936115,0.1,1162.2,1153.25,1186.44,24.24,33.19,2.0857,2.87795,,0.999998868445284,2.1673991608982937e-08,0.018285078199697713,394.61076208529767,-2486.0929235272492
2025-12-12,CE,26046.95,26200.0,4.0,0.07834020755936115,0.1,27.25,28.65,56.51,29.26,27.86,107.37615,97.24258,0.05403,0.33438498397454564,0.0014160910636083607,1194.6731503411816,137.3523741159544,-3813.43464767522
2025-12-12,CE,26046.95,26750.0,4.0,0.07834020755936115,0.1,1.25,1.2,0.46,-0.79,-0.74,-63.2,-61.66667,0.08794,0.005659074789957864,6.279301254871685e-05,52.97478958015367,2.3323437489429244,-145.4205299687061
2025-12-12,CE,26046.95,27000.0,4.0,0.07834020755936115,0.1,1.0,0.95,0.02,-0.98,-0.93,-98.0,-97.89474,0.11247,0.0002552201320214082,3.7010299400152025e-06,3.1223423490001125,0.1052564729919601,-8.368171632148988
2025-12-12,PE,26046.95,24500.0,4.0,0.07834020755936115,0.1,1.7,1.75,0.0,-1.7,-1.75,-100.0,-100.0,0.20707,-9.5010928098669e-11,2.4093584193958074e-12,2.0326346851354035e-06,-3.9339935604194354e-08,-4.768124634158297e-06
2025-12-12,PE,26046.95,24900.0,4.0,0.07834020755936115,0.1,2.2,2.3,0.0,-2.2,-2.3,-100.0,-100.0,0.16512,-1.1315547160257855e-06,2.1673991608982937e-08,0.018285078199697713,-0.0004687399196999868,-0.04216932838009933
2025-12-12,PE,26046.95,26600.0,4.0,0.07834020755936115,0.1,540.7,536.95,513.26,-27.44,-23.69,-5.0749,-4.41196,0.13184,-0.9751759618773825,0.0002259978229934453,190.66113621101027,-411.3273286734523,2120.8645316381135
2025-12-12,CE,26046.95,25350.0,4.0,0.07834020755936115,0.1,713.6,715.6,737.29,23.69,21.69,3.31979,3.03102,,0.9982140880131907,2.2250798808856452e-05,18.771696675247213,401.0022710689968,-2572.6375340687578
2025-12-12,PE,26046.95,25050.0,4.0,0.07834020755936115,0.1,2.55,2.65,0.0,-2.55,-2.65,-100.0,-100.0,0.14943,-1.8954331935662403e-05,3.1998356784617316e-07,0.2699514084088045,-0.007853610642043953,-0.6166858079742829
2025-12-12,PE,26046.95,24150.0,4.0,0.07834020755936115,0.1,1.45,1.55,0.0,-1.45,-1.55,-100.0,-100.0,0.2451,-2.4976415417541776e-15,7.724609406474124e-17,6.51680085549908e-11,-1.0338983145602168e-12,-1.54302613085759e-10
2025-12-12,PE,26046.95,25750.0,4.0,0.07834020755936115,0.1,10.3,9.2,11.08,0.78,1.88,7.57282,20.43478,0.07472,-0.09217639467646815,0.0006429632390064378,542.4304538297886,-38.285649821450086,-1097.3650078205035
2025-12-12,CE,26046.95,25050.0,4.0,0.07834020755936115,0.1,941.0,941.0,1036.68,95.68,95.68,10.16791,10.16791,,0.9999810456680643,3.1998356784617316e-07,0.2699514084088045,396.98055330388377,-2501.643649369487
2025-12-12,PE,26046.95,25700.0,4.0,0.07834020755936115,0.1,8.25,7.65,7.15,-1.1,-0.5,-13.33333,-6.53595,0.07953,-0.06370488800122073,0.000485551757279105,409.6315995697527,-26.451910765798786,-844.2076349702451
2025-12-12,CE,26046.95,27850.0,4.0,0.07834020755936115,0.1,0.6,0.7,0.0,-0.6,-0.7,-100.0,-100.0,0.19237,1.8493346123490887e-11,4.863281669206817e-13,4.1028661094316964e-07,7.63503486961444e-09,-1.060571774872186e-06
2025-12-12,PE,26046.95,25900.0,4.0,0.07834020755936115,0.1,25.85,23.7,34.53,8.68,10.83,33.57834,45.6962,0.06696,-0.22995857307956785,0.0011810150769640208,996.353298778567,-95.62307577192604,-1856.2921358430299
2025-12-12,CE,26046.95,25500.0,4.0,0.07834020755936115,0.1,561.1,568.65,588.3,27.2,19.65,4.84762,3.45555,,0.9897193683097624,0.00010620559054502876,89.5994408134799,399.85517065960386,-2740.1935970572213
2025-12-12,PE,26046.95,24250.0,4.0,0.07834020755936115,0.1,1.45,1.55,0.0,-1.45,-1.55,-100.0,-100.0,0.23339,-6.393472493150721e-14,1.874860445775562e-15,1.5817100275298557e-09,-2.6467485829656305e-11,-3.736466832718634e-09
2025-12-12,CE,26046.95,26850.0,4.0,0.07834020755936115,0.1,1.1,1.15,0.13,-0.97,-1.02,-88.18182,-88.69565,0.09866,0.0018026895036364168,2.2440854967943056e-05,18.932035933189542,0.7431864506907224,-51.40097281196315
2025-12-12,CE,26046.95,25700.0,4.0,0.07834020755936115,0.1,367.65,369.75,394.86,27.21,25.11,7.40106,6.79108,,0.9362951119987792,0.000485551757279105,409.6315995697527,380.83759253573066,-3410.131505769881
2025-12-12,CE,26046.95,25800.0,4.0,0.07834020755936115,0.1,273.55,275.0,304.53,30.98,29.53,11.32517,10.73818,,0.8709574420447526,0.000818667407355017,690.6617771701128,355.2580164853275,-3942.4829936275155
2025-12-12,PE,26046.95,24550.0,4.0,0.07834020755936115,0.1,1.75,1.7,0.0,-1.75,-1.7,-100.0,-100.0,0.20042,-3.577200688753322e-10,8.790305359264085e-12,7.4158661585321195e-06,-1.4812320811233014e-07,-1.7367079352785544e-05
2025-12-12,PE,26046.95,24200.0,4.0,0.07834020755936115,0.1,1.5,1.45,0.0,-1.5,-1.45,-100.0,-100.0,0.23743,-1.2933833714665195e-14,3.896312333350269e-16,3.287090674900354e-10,-5.354127852866966e-12,-7.774297966020609e-10
2025-12-12,PE,26046.95,26650.0,4.0,0.07834020755936115,0.1,589.05,588.9,562.21,-26.84,-26.69,-4.55649,-4.53218,0.1438,-0.9843505514787259,0.00015276963606381186,128.88280074854387,-415.89747186650675,2302.107853872602
2025-12-12,CE,26046.95,27300.0,4.0,0.07834020755936115,0.1,0.85,0.8,0.0,-0.85,-0.8,-100.0,-100.0,0.14105,2.1662216058469826e-06,4.040752293234257e-08,0.03408946215369665,0.00089383982143401,-0.08975432040732309
2025-12-12,PE,26046.95,24050.0,4.0,0.07834020755936115,0.1,1.35,1.4,0.0,-1.35,-1.4,-100.0,-100.0,0.25388,-8.091413096841752e-17,2.632919624936007e-18,2.221240189809818e-12,-3.3492414253580744e-14,-5.27038894173266e-12
2025-12-12,CE,26046.95,26100.0,4.0,0.07834020755936115,0.1,59.35,60.4,96.86,37.51,36.46,63.20135,60.36424,0.05045,0.4838919383079362,0.0015505455879433235,1308.1045632586347,198.52456509048713,-4478.73602441348
2025-12-12,PE,26046.95,24800.0,4.0,0.07834020755936115,0.1,2.1,2.15,0.0,-2.1,-2.15,-100.0,-100.0,0.17589,-1.4024587047614965e-07,2.901269301088673e-09,0.0024476311057904905,-5.808819192811772e-05,-0.00567410414982869
2025-12-12,PE,26046.95,25650.0,4.0,0.07834020755936115,0.1,6.7,6.45,4.47,-2.23,-1.98,-33.28358,-30.69767,0.08431,-0.0425615379630677,0.0003524979030415056,297.381850035968,-17.667822819279817,-622.5468257089801
2025-12-12,CE,26046.95,24800.0,4.0,0.07834020755936115,0.1,1262.0,1262.0,1286.28,24.28,24.28,1.92393,1.92393,,0.9999998597541295,2.901269301088673e-09,0.0024476311057904905,393.02638867748635,-2476.072288727923
2025-12-12,PE,26046.95,25550.0,4.0,0.07834020755936115,0.1,5.1,5.05,1.59,-3.51,-3.46,-68.82353,-68.51485,0.09486,-0.017109675501862355,0.0001648972334713889,139.11414488545356,-7.0991167226716,-298.56984066740716
2025-12-12,CE,26046.95,25550.0,4.0,0.07834020755936115,0.1,516.55,519.25,539.06,22.51,19.81,4.35776,3.81512,,0.9828903244981376,0.0001648972334713889,139.11414488545356,397.81321048954936,-2849.5175021043992
2025-12-12,PE,26046.95,26350.0,4.0,0.07834020755936115,0.1,296.7,293.4,282.33,-14.37,-11.07,-4.84328,-3.77301,0.09137,-0.8428513920993139,0.0009353419224399856,789.0932368997668,-352.9529728890977,276.34529838521553
2025-12-12,PE,26046.95,24300.0,4.0,0.07834020755936115,0.1,1.55,1.5,0.0,-1.55,-1.5,-100.0,-100.0,0.22668,-3.0178370464425974e-13,8.608856933765616e-15,7.262788741630452e-09,-1.249357776563579e-10,-1.7135408491357253e-08
2025-12-12,CE,26046.95,27950.0,4.0,0.07834020755936115,0.1,0.6,0.6,0.0,-0.6,-0.6,-100.0,-100.0,0.1987,1.4883609890943849e-12,4.120204812956617e-14,3.475975656115792e-08,6.145167811472795e-10,-8.964868184821812e-08
2025-12-12,CE,26046.95,25450.0,4.0,0.07834020755936115,0.1,612.9,616.35,637.81,24.91,21.46,4.06428,3.48179,,0.9940450449507261,6.569757868550112e-05,55.425202033265556,400.8576708868474,-2662.1770142732644
2025-12-12,CE,26046.95,25250.0,4.0,0.07834020755936115,0.1,811.7,813.75,837.03,25.33,23.28,3.12061,2.86083,,0.9995404017717185,6.393980926911878e-06,5.394227485420975,399.967463746696,-2533.1064459803397
2025-12-12,CE,26046.95,27100.0,4.0,0.07834020755936115,0.1,0.95,0.95,0.0,-0.95,-0.95,-100.0,-100.0,0.12305,5.9113251585098926e-05,9.387509612217058e-07,0.7919692433979755,0.024383959216869623,-2.107974542681748
2025-12-12,PE,26046.95,26050.0,4.0,0.07834020755936115,0.1,73.2,70.05,84.49,11.29,14.44,15.4235,20.61385,0.06716,-0.438846827778849,0.001533543142143822,1293.7605948453056,-182.77949390803377,-2041.1236046469558
2025-12-12,CE,26046.95,25750.0,4.0,0.07834020755936115,0.1,320.95,322.4,348.87,27.92,26.47,8.69917,8.2103,,0.9078236053235318,0.0006429632390064378,542.4304538297886,369.7962455098489,-3668.280948407687
2025-12-12,PE,26046.95,25250.0,4.0,0.07834020755936115,0.1,3.05,3.25,0.03,-3.02,-3.22,-99.01639,-99.07692,0.12783,-0.00045959822828144976,6.393980926911878e-06,5.394227485420975,-0.1905112869078375,-12.111203268634757
2025-12-12,CE,26046.95,26550.0,4.0,0.07834020755936115,0.1,2.35,2.4,3.92,1.57,1.52,66.80851,63.33333,0.07194,0.03816761546867289,0.00032264484481703997,272.19657203169646,15.717948181970879,-770.7270559685719
2025-12-12,PE,26046.95,24850.0,4.0,0.07834020755936115,0.1,2.15,2.25,0.0,-2.15,-2.25,-100.0,-100.0,0.17079,-4.068752629904811e-07,8.104515934491483e-09,0.00683730575827361,-0.00016853394878042107,-0.015810768618557392
2025-12-12,CE,26046.95,25650.0,4.0,0.07834020755936115,0.1,415.25,420.2,442.11,26.86,21.91,6.46839,5.21418,,0.9574384620369323,0.0003524979030415056,297.381850035968,388.8292884524801,-3183.478626721068
2025-12-12,PE,26046.95,27300.0,4.0,0.07834020755936115,0.1,1234.0,1235.85,1209.75,-24.25,-26.1,-1.96515,-2.11191,0.24576,-0.9999978337783941,4.040752293234257e-08,0.03408946215369665,-432.64515441433247,2725.5803496807625
2025-12-12,PE,26046.95,25100.0,4.0,0.07834020755936115,0.1,2.65,2.8,0.0,-2.65,-2.8,-100.0,-100.0,0.14424,-4.467293973890903e-05,7.206811907248249e-07,0.6079965410705931,-0.018511671497773573,-1.3837395890836095
2025-12-12,PE,26046.95,24100.0,4.0,0.07834020755936115,0.1,1.55,1.4,0.0,-1.55,-1.4,-100.0,-100.0,0.24808,-4.602652727094348e-16,1.4605381370732497e-17,1.2321705448550917e-11,-1.9052098240309953e-13,-2.9206194124091356e-11
2025-12-15,CE,26027.3,27300.0,1.0,0.07614094468202723,0.1,0.7,0.6,0.0,-0.7,-0.6,-100.0,-100.0,0.28392,2.8574740445564506e-23,2.281530081909877e-24,4.669841659920644e-19,2.9498773593186126e-21,-4.554470468778062e-18
2025-12-15,CE,26027.3,25150.0,1.0,0.07614094468202723,0.1,880.35,878.35,887.28,6.93,8.93,0.78719,1.01668,,0.9999999999997652,1.3858090510968224e-14,2.8364775423384796e-09,99.76199135393668,-2514.002182146417
2025-12-15,CE,26027.3,26050.0,1.0,0.07614094468202723,0.1,47.15,46.4,43.88,-3.27,-2.52,-6.93531,-5.43103,0.08002,0.4615122782051292,0.0031807944483119104,651.0458285931118,47.49222971700232,-7442.7809858354185
2025-12-15,PE,26027.3,27900.0,1.0,0.07614094468202723,0.1,1852.8,1852.8,1861.63,8.83,8.83,0.47658,0.47658,,-1.0,2.9645282744781737e-48,6.067804123179511e-43,-110.67036018988114,2788.8930767850047
2025-12-15,PE,26027.3,25400.0,1.0,0.07614094468202723,0.1,2.3,2.1,0.0,-2.3,-2.1,-100.0,-100.0,0.1893,-1.160579558916541e-07,4.9761721711739704e-09,0.001018524204267051,-1.1997224480062018e-05,-0.009469145724997255
2025-12-15,CE,26027.3,26200.0,1.0,0.07614094468202723,0.1,9.7,9.75,5.75,-3.95,-4.0,-40.72165,-41.02564,0.08866,0.09788613289046982,0.0013840047389543709,283.2784471588666,10.087154231033356,-2971.901447038503
2025-12-15,PE,26027.3,26500.0,1.0,0.07614094468202723,0.1,474.1,476.0,462.19,-11.91,-13.81,-2.51213,-2.90126,0.20627,-0.9998774848423857,3.836831201961603e-06,0.7853236006428184,-105.10436973954796,2641.0959120515204
2025-12-15,CE,26027.3,24900.0,1.0,0.07614094468202723,0.1,1129.9,1131.3,1137.18,7.28,5.88,0.6443,0.51976,,1.0,4.532143419699659e-22,9.276402848185062e-17,98.7703214597864,-2489.0121007866173
2025-12-15,CE,26027.3,27150.0,1.0,0.07614094468202723,0.1,0.75,0.65,0.0,-0.75,-0.65,-100.0,-100.0,0.25646,1.3964675638244753e-18,9.879013482548784e-20,2.0220390292248776e-14,1.4415393506503028e-16,-1.9762223111871918e-13
2025-12-15,CE,26027.3,24800.0,1.0,0.07614094468202723,0.1,1224.45,1229.95,1237.14,12.69,7.19,1.03638,0.58458,,1.0,1.2846124094134356e-25,2.629347994968431e-20,98.37365350211657,-2479.016068253338
2025-12-15,CE,26027.3,26950.0,1.0,0.07614094468202723,0.1,0.8,0.7,0.0,-0.8,-0.7,-100.0,-100.0,0.21761,3.5357584819553783e-13,2.0710765057870052e-14,4.239084737165028e-09,3.6494831398401634e-11,-4.1588427227078166e-08
2025-12-15,CE,26027.3,26450.0,1.0,0.07614094468202723,0.1,1.45,1.2,0.02,-1.43,-1.18,-98.62069,-98.33333,0.11781,0.0005308345755546544,1.5046608159429339e-05,3.0797436413630668,0.05475657497514668,-30.92618405858684
2025-12-15,CE,26027.3,26600.0,1.0,0.07614094468202723,0.1,1.05,0.95,0.0,-1.05,-0.95,-100.0,-100.0,0.14863,4.240508653913358e-06,1.5825178516632892e-07,0.03239101623012158,0.0004375394914303678,-0.3217775996305593
2025-12-15,CE,26027.3,24650.0,1.0,0.07614094468202723,0.1,1370.0,1370.0,1387.08,17.08,17.08,1.24672,1.24672,,1.0,1.523095501058713e-31,3.117475802435043e-26,97.77865156561184,-2464.022019453418
2025-12-15,CE,26027.3,24250.0,1.0,0.07614094468202723,0.1,1779.0,1779.0,1786.92,7.92,7.92,0.44519,0.44519,,1.0,5.478537191360739e-51,1.1213484062513277e-45,96.19197973493253,-2424.0378893203
2025-12-15,PE,26027.3,24350.0,1.0,0.07614094468202723,0.1,1.25,1.25,0.0,-1.25,-1.25,-100.0,-100.0,0.42173,-1.132575054556529e-44,1.2741446657894195e-45,2.607922590303208e-40,-1.1701544213586466e-42,-2.472490198591162e-39
2025-12-15,PE,26027.3,24900.0,1.0,0.07614094468202723,0.1,1.5,1.45,0.0,-1.5,-1.45,-100.0,-100.0,0.2998,-6.005171178295362e-21,4.532143419699659e-22,9.276402848185062e-17,-6.205442137295022e-19,-8.743180217149584e-16
2025-12-15,CE,26027.3,24950.0,1.0,0.07614094468202723,0.1,1090.0,1090.0,1087.2,-2.8,-2.8,-0.25688,-0.25688,0.31434,1.0,2.044335687233474e-20,4.184351560735846e-15,98.96865543862131,-2494.010117053257
2025-12-15,CE,26027.3,24150.0,1.0,0.07614094468202723,0.1,1797.3,1797.3,1886.88,89.58,89.58,4.98414,4.98414,,1.0,1.067221099688726e-56,2.184390901171383e-51,95.79531177726271,-2414.04185678702
2025-12-15,PE,26027.3,24050.0,1.0,0.07614094468202723,0.1,0.95,0.9,0.0,-0.95,-0.9,-100.0,-100.0,0.47381,-7.007547563669382e-62,9.328181107563949e-63,1.9092945165518766e-57,-7.239683021672293e-60,-1.8134871496829623e-56
2025-12-15,CE,26027.3,27250.0,1.0,0.07614094468202723,0.1,0.7,0.6,0.0,-0.7,-0.6,-100.0,-100.0,0.27409,1.1996705412461942e-21,9.215093098496782e-23,1.8861476336697862e-17,1.238441969834645e-19,-1.8407333268709182e-16
2025-12-15,CE,26027.3,25950.0,1.0,0.07614094468202723,0.1,105.55,104.65,105.32,-0.23,0.67,-0.21791,0.64023,0.07483,0.7596742529734372,0.002492052736083426,510.0739971808665,78.04346579874753,-6860.222354517635
2025-12-15,PE,26027.3,24450.0,1.0,0.07614094468202723,0.1,1.25,1.15,0.0,-1.25,-1.15,-100.0,-100.0,0.39494,-1.2823479178062048e-39,1.3553315149848903e-40,2.7740960427668874e-35,-1.3249255195571422e-37,-2.6280127729274567e-34
2025-12-15,CE,26027.3,26100.0,1.0,0.07614094468202723,0.1,28.35,28.25,24.77,-3.58,-3.48,-12.62787,-12.31858,0.08211,0.3098023095472051,0.002825223034586228,578.2673798643932,31.89900645682342,-6351.612860003073
2025-12-15,PE,26027.3,26100.0,1.0,0.07614094468202723,0.1,101.4,103.35,87.11,-14.29,-16.24,-14.0927,-15.71359,0.10331,-0.6901976904527949,0.002825223034586228,578.2673798643932,-71.63133049500088,-3742.648368817101
2025-12-15,CE,26027.3,23950.0,1.0,0.07614094468202723,0.1,1990.55,1990.55,2086.8,96.25,96.25,4.83535,4.83535,,1.0,3.6227437611470243e-69,7.415041280043155e-64,95.00197586192306,-2394.049791720461
2025-12-15,PE,26027.3,25450.0,1.0,0.07614094468202723,0.1,2.35,2.1,0.0,-2.35,-2.1,-100.0,-100.0,0.17644,-9.604219854025348e-07,3.812971965522389e-08,0.007804400859707493,-9.928788306113451e-05,-0.072371486567914
2025-12-15,CE,26027.3,27600.0,1.0,0.07614094468202723,0.1,0.7,0.6,0.0,-0.7,-0.6,-100.0,-100.0,0.34186,2.9812532763830323e-34,2.92018450768391e-35,5.977041186860778e-30,3.077926486055269e-32,-5.811793033322749e-29
2025-12-15,PE,26027.3,25550.0,1.0,0.07614094468202723,0.1,2.8,2.7,0.0,-2.8,-2.7,-100.0,-100.0,0.15666,-4.007086894736793e-05,1.339212475462688e-06,0.2741103551072157,-0.004143172690708653,-2.5253407427027996
2025-12-15,PE,26027.3,27600.0,1.0,0.07614094468202723,0.1,1580.0,1580.0,1561.75,-18.25,-18.25,-1.15506,-1.15506,0.5531,-1.0,2.92018450768391e-35,5.977041186860778e-30,-109.48035631687166,2758.904979185166
2025-12-15,PE,26027.3,25600.0,1.0,0.07614094468202723,0.1,3.1,3.0,0.01,-3.09,-2.99,-99.67742,-99.66667,0.14567,-0.00020283025348865737,6.150818450316259e-06,1.2589511078394802,-0.020973985967116828,-11.549529112710882
2025-12-15,PE,26027.3,24000.0,1.0,0.07614094468202723,0.1,1.0,1.0,0.0,-1.0,-1.0,-100.0,-100.0,0.49035,-4.713429321609798e-65,6.437592274543301e-66,1.31764804819405e-60,-4.869533409736051e-63,-1.2518485618713113e-59
2025-12-15,CE,26027.3,27850.0,1.0,0.07614094468202723,0.1,0.45,0.4,0.0,-0.45,-0.4,-100.0,-100.0,0.37407,5.341640544379236e-45,6.032075788230411e-46,1.23464682911815e-40,5.515136025543648e-43,-1.1983885593477097e-39
2025-12-15,PE,26027.3,27500.0,1.0,0.07614094468202723,0.1,1492.0,1492.0,1461.79,-30.21,-30.21,-2.0248,-2.0248,0.58578,-1.0,2.1538587290824983e-31,4.40852360545404e-26,-109.08368835920184,2748.9089466518867
2025-12-15,CE,26027.3,25550.0,1.0,0.07614094468202723,0.1,480.25,478.0,487.44,7.19,9.44,1.49714,1.9749,,0.9999599291310526,1.339212475462688e-06,0.2741103551072157,101.34452001194956,-2556.511652995637
2025-12-15,CE,26027.3,24400.0,1.0,0.07614094468202723,0.1,1629.7,1629.7,1636.98,7.28,7.28,0.44671,0.44671,,1.0,4.579756764288943e-43,9.373857964772904e-38,96.78698167143727,-2439.0319381202194
2025-12-15,PE,26027.3,25950.0,1.0,0.07614094468202723,0.1,28.65,30.05,17.72,-10.93,-12.33,-38.15009,-41.03161,0.09896,-0.24032574702656284,0.002492052736083426,510.0739971808665,-24.891869216572026,-4266.251912131582
2025-12-15,PE,26027.3,23950.0,1.0,0.07614094468202723,0.1,0.9,0.9,0.0,-0.9,-0.9,-100.0,-100.0,0.49614,-2.5867278912881697e-68,3.6227437611470243e-69,7.415041280043155e-64,-2.6723792891899237e-66,-7.046467965688212e-63
2025-12-15,CE,26027.3,24300.0,1.0,0.07614094468202723,0.1,1718.0,1718.0,1736.94,18.94,18.94,1.10244,1.10244,,1.0,2.915172055889934e-48,5.966781687592524e-43,96.39031371376744,-2429.03590558694
2025-12-15,PE,26027.3,27200.0,1.0,0.07614094468202723,0.1,1177.75,1177.75,1161.91,-15.84,-15.84,-1.34494,-1.34494,0.42766,-1.0,3.2367487068887874e-21,6.624985606795341e-16,-107.89368448619237,2718.9208490520477
2025-12-15,PE,26027.3,24650.0,1.0,0.07614094468202723,0.1,1.35,1.25,0.0,-1.35,-1.25,-100.0,-100.0,0.35249,-1.6524276090922292e-30,1.523095501058713e-31,3.117475802435043e-26,-1.7073822356621575e-28,-2.9478051306829534e-25
2025-12-15,CE,26027.3,27750.0,1.0,0.07614094468202723,0.1,0.55,0.5,0.0,-0.55,-0.5,-100.0,-100.0,0.36364,1.576656551910114e-40,1.686223683254403e-41,3.451366986761164e-36,1.6278355993908718e-38,-3.3521797765907455e-35
2025-12-15,PE,26027.3,25900.0,1.0,0.07614094468202723,0.1,17.9,18.95,8.46,-9.44,-10.49,-52.73743,-55.3562,0.10149,-0.1340703521272334,0.0017309704192691293,354.2954721520339,-13.880752113054692,-3049.230431974833
2025-12-15,PE,26027.3,26650.0,1.0,0.07614094468202723,0.1,621.5,624.5,612.13,-9.37,-12.37,-1.50764,-1.98078,0.24793,-0.999999364369431,2.56411300637304e-08,0.005248233119013583,-105.71194512953664,2663.8906669804464
2025-12-15,CE,26027.3,25700.0,1.0,0.07614094468202723,0.1,330.9,329.0,337.62,6.72,8.62,2.03083,2.62006,,0.9967707988697052,7.831086276213548e-05,16.028687600946306,101.60965696774805,-2714.3387219968436
2025-12-15,CE,26027.3,27950.0,1.0,0.07614094468202723,0.1,0.4,0.35,0.0,-0.4,-0.35,-100.0,-100.0,0.38727,1.0761726971004734e-49,1.2793903856611707e-50,2.61865954327508e-45,1.1111452602805002e-47,-2.5402797245212574e-44
2025-12-15,PE,26027.3,24200.0,1.0,0.07614094468202723,0.1,1.15,1.25,0.0,-1.15,-1.25,-100.0,-100.0,0.45625,-6.880199962027088e-53,8.446990185263567e-54,1.7289321311540248e-48,-7.108287755603644e-51,-1.640782939396322e-47
2025-12-15,PE,26027.3,26800.0,1.0,0.07614094468202723,0.1,776.4,776.65,762.07,-14.33,-14.58,-1.8457,-1.87729,0.30399,-0.9999999990971495,4.4640753704392774e-11,9.137080989286067e-06,-106.30701256233469,2678.9366289118807
2025-12-15,CE,26027.3,25750.0,1.0,0.07614094468202723,0.1,281.95,280.45,287.95,6.0,7.5,2.12804,2.67427,,0.9897842118420742,0.00021750791633630865,44.519576451061255,101.0851610452546,-2974.456146926685
2025-12-15,CE,26027.3,26000.0,1.0,0.07614094468202723,0.1,72.8,71.1,70.82,-1.98,-0.28,-2.71978,-0.39381,0.07659,0.6194092963120513,0.0030514365996519577,624.5688307441824,63.69337802232203,-7597.035985930727
2025-12-15,PE,26027.3,25700.0,1.0,0.07614094468202723,0.1,4.45,4.7,0.12,-4.33,-4.58,-97.30337,-97.44681,0.12836,-0.0032292011302947673,7.831086276213548e-05,16.028687600946306,-0.33400815339693807,-145.35836094398982
2025-12-15,CE,26027.3,25600.0,1.0,0.07614094468202723,0.1,430.95,427.45,437.46,6.51,10.01,1.51062,2.34179,,0.9997971697465113,6.150818450316259e-06,1.2589511078394802,101.52602317750805,-2570.5338576322856
2025-12-15,CE,26027.3,26150.0,1.0,0.07614094468202723,0.1,16.6,16.6,12.61,-3.99,-3.99,-24.03614,-24.03614,0.08487,0.1852781353309192,0.002140201594809845,438.05701477778746,19.086011635779272,-4683.580934372594
2025-12-15,PE,26027.3,26750.0,1.0,0.07614094468202723,0.1,724.7,726.85,712.09,-12.61,-14.76,-1.74003,-2.03068,0.28955,-0.9999999907273639,4.3029164704819025e-10,8.807220536927735e-05,-106.10867771974414,2673.937833594037
2025-12-15,PE,26027.3,25200.0,1.0,0.07614094468202723,0.1,1.75,1.65,0.0,-1.75,-1.65,-100.0,-100.0,0.23213,-4.5607714076066044e-12,2.542964912747595e-13,5.2049471464011444e-08,-4.713684540791923e-10,-4.874716018184305e-07
2025-12-15,CE,26027.3,27700.0,1.0,0.07614094468202723,0.1,0.65,0.6,0.0,-0.65,-0.6,-100.0,-100.0,0.36082,2.225250739293554e-38,2.313247821730213e-39,4.734761611643367e-34,2.297460100283291e-36,-4.6003121911566564e-33
2025-12-15,PE,26027.3,25050.0,1.0,0.07614094468202723,0.1,1.65,1.6,0.0,-1.65,-1.6,-100.0,-100.0,0.26751,-3.678763000229058e-16,2.4119449405413726e-17,4.936775129147668e-12,-3.8017308440322654e-14,-4.6404194801324957e-11
2025-12-15,CE,26027.3,25450.0,1.0,0.07614094468202723,0.1,580.05,578.15,587.4,7.35,9.25,1.26713,1.59993,,0.9999990395780146,3.812971965522389e-08,0.007804400859707493,100.95189593908736,-2544.062651206223
2025-12-15,CE,26027.3,25050.0,1.0,0.07614094468202723,0.1,982.4,983.0,987.24,4.84,4.24,0.49267,0.43133,,0.9999999999999997,2.4119449405413726e-17,4.936775129147668e-12,99.3653233962911,-2504.006149586583
2025-12-15,PE,26027.3,25150.0,1.0,0.07614094468202723,0.1,1.75,1.55,0.0,-1.75,-1.55,-100.0,-100.0,0.24231,-2.3482690465079356e-13,1.3858090510968224e-14,2.8364775423384796e-09,-2.4269140627166933e-11,-2.6600899691214237e-08
2025-12-15,CE,26027.3,26300.0,1.0,0.07614094468202723,0.1,3.25,3.0,0.83,-2.42,-2.17,-74.46154,-72.33333,0.09476,0.018401920071060743,0.0003613407505421577,73.95931807728913,1.897296889597311,-757.3597572697115
2025-12-15,CE,26027.3,27000.0,1.0,0.07614094468202723,0.1,0.8,0.7,0.0,-0.8,-0.7,-100.0,-100.0,0.22794,1.946903167470994e-14,1.19966687924179e-15,2.4554812645821583e-10,2.0095856080246645e-12,-2.4063711128144564e-09
2025-12-15,PE,26027.3,25100.0,1.0,0.07614094468202723,0.1,1.7,1.55,0.0,-1.7,-1.55,-100.0,-100.0,0.25438,-1.0150646901761408e-14,6.322148904482183e-16,1.2940190694158364e-10,-1.0490256706717471e-12,-1.215015266310754e-09
2025-12-15,CE,26027.3,25850.0,1.0,0.07614094468202723,0.1,187.75,185.25,191.14,3.39,5.89,1.80559,3.17949,,0.9345077329987985,0.0010216311957689389,209.10773681680467,95.76022390322143,-4419.286880676762
2025-12-15,CE,26027.3,26700.0,1.0,0.07614094468202723,0.1,0.9,0.8,0.0,-0.9,-0.8,-100.0,-100.0,0.16746,8.249747039440281e-08,3.5778292389007024e-09,0.000732311011999212,8.51326721604246e-06,-0.007240149717932863
2025-12-15,PE,26027.3,26000.0,1.0,0.07614094468202723,0.1,46.0,46.8,33.2,-12.8,-13.6,-27.82609,-29.05983,0.09769,-0.3805907036879486,0.0030514365996519577,624.5688307441824,-39.44029097183244,-4998.0675272780345
2025-12-15,PE,26027.3,26550.0,1.0,0.07614094468202723,0.1,524.1,525.0,512.17,-11.93,-12.83,-2.27628,-2.44381,0.21859,-0.9999755059327391,8.403969762471811e-07,0.1720126699914119,-105.31281564309747,2652.2327061000633
2025-12-15,CE,26027.3,27900.0,1.0,0.07614094468202723,0.1,0.4,0.35,0.0,-0.4,-0.35,-100.0,-100.0,0.3784,2.557683565370728e-47,2.9645282744781737e-48,6.067804123179511e-43,2.6407794200058508e-45,-5.887852701247433e-42
2025-12-15,PE,26027.3,25300.0,1.0,0.07614094468202723,0.1,1.95,1.6,0.0,-1.95,-1.6,-100.0,-100.0,0.2067,-1.0235411173790948e-09,5.0445282790271867e-11,1.0325153500640752e-05,-1.0579482362480379e-07,-9.639100507689655e-05
2025-12-15,CE,26027.3,26750.0,1.0,0.07614094468202723,0.1,0.95,0.9,0.0,-0.95,-0.9,-100.0,-100.0,0.18093,9.272636077277641e-09,4.3029164704819025e-10,8.807220536927735e-05,9.56934005510845e-07,-0.0008690582524867055
2025-12-15,CE,26027.3,27450.0,1.0,0.07614094468202723,0.1,0.65,0.6,0.0,-0.65,-0.6,-100.0,-100.0,0.3131,1.6975087563542363e-28,1.5093486132646582e-29,3.089338637019634e-24,1.7524855804547872e-26,-3.007999681171013e-23
2025-12-15,PE,26027.3,25000.0,1.0,0.07614094468202723,0.1,1.6,1.45,0.0,-1.6,-1.45,-100.0,-100.0,0.27607,-1.1163751271147138e-17,7.686897785189394e-19,1.5733562225390427e-13,-1.1536604665281506e-15,-1.4803678029723942e-12
2025-12-15,PE,26027.3,24100.0,1.0,0.07614094468202723,0.1,1.05,1.15,0.0,-1.05,-1.15,-100.0,-100.0,0.47489,-8.511155784556008e-59,1.1035601354651787e-59,2.2587697333839177e-54,-8.793167431459986e-57,-2.1448504706924014e-53
2025-12-15,PE,26027.3,27100.0,1.0,0.07614094468202723,0.1,1075.65,1075.65,1061.95,-13.7,-13.7,-1.27365,-1.27365,0.38719,-1.0,2.6180070295399673e-18,5.358543544723582e-13,-107.49701652852254,2708.9248165187632
2025-12-15,PE,26027.3,24500.0,1.0,0.07614094468202723,0.1,1.25,1.15,0.0,-1.25,-1.15,-100.0,-100.0,0.3835,-3.231927196599379e-37,3.30624207936908e-38,6.767224820939383e-33,-3.339275955021289e-35,-6.408162669282502e-32
2025-12-15,CE,26027.3,25300.0,1.0,0.07614094468202723,0.1,730.0,726.0,737.34,7.34,11.34,1.00548,1.56198,,0.9999999989764589,5.0445282790271867e-11,1.0325153500640752e-05,100.35699318467087,-2528.996327310741
2025-12-15,CE,26027.3,25000.0,1.0,0.07614094468202723,0.1,1032.25,1025.15,1037.22,4.97,12.07,0.48147,1.17739,,1.0,7.686897785189394e-19,1.5733562225390427e-13,99.16698941745622,-2499.008133319898
2025-12-15,CE,26027.3,26500.0,1.0,0.07614094468202723,0.1,1.35,1.2,0.0,-1.35,-1.2,-100.0,-100.0,0.12981,0.00012251515761431362,3.836831201961603e-06,0.7853236006428184,0.01263904295562959,-7.85270926757031
2025-12-15,CE,26027.3,26400.0,1.0,0.07614094468202723,0.1,1.7,1.45,0.07,-1.63,-1.38,-95.88235,-95.17241,0.1087,0.0019936678448594226,5.0641316377358026e-05,10.365277705838709,0.20562399378134402,-104.62370123146837
2025-12-15,PE,26027.3,24300.0,1.0,0.07614094468202723,0.1,1.3,1.3,0.0,-1.3,-1.3,-100.0,-100.0,0.43516,-2.5148992024745597e-47,2.915172055889934e-48,5.966781687592524e-43,-2.5983189397065374e-45,-5.6589089322188086e-42
2025-12-15,CE,26027.3,27650.0,1.0,0.07614094468202723,0.1,0.65,0.55,0.0,-0.65,-0.55,-100.0,-100.0,0.34831,2.7523181381469686e-36,2.7786083226853155e-37,5.687262686019961e-32,2.8416001898444033e-34,-5.5278310997459625e-31
2025-12-15,CE,26027.3,24000.0,1.0,0.07614094468202723,0.1,2030.55,2022.65,2036.82,6.27,14.17,0.30878,0.70057,,1.0,6.437592274543301e-66,1.31764804819405e-60,95.20030984075797,-2399.047807987101
2025-12-15,CE,26027.3,27200.0,1.0,0.07614094468202723,0.1,0.7,0.6,0.0,-0.7,-0.6,-100.0,-100.0,0.2642,4.3870492814307615e-20,3.2367487068887874e-21,6.624985606795341e-16,4.5287415243038556e-18,-6.469975835250963e-15
2025-12-15,CE,26027.3,27550.0,1.0,0.07614094468202723,0.1,0.55,0.5,0.0,-0.55,-0.5,-100.0,-100.0,0.32629,2.826066800548524e-32,2.6831718699652596e-33,5.491923108286194e-28,2.9176722473749307e-30,-5.342344031817021e-27
2025-12-15,CE,26027.3,24200.0,1.0,0.07614094468202723,0.1,1738.3,1738.3,1836.9,98.6,98.6,5.67221,5.67221,,1.0,8.446990185263567e-54,1.7289321311540248e-48,95.99364575609762,-2419.0398730536604
2025-12-15,PE,26027.3,24550.0,1.0,0.07614094468202723,0.1,1.3,1.3,0.0,-1.3,-1.3,-100.0,-100.0,0.37732,-6.728954835975454e-35,6.655987974743392e-36,1.362349336475473e-30,-6.952545414206315e-33,-1.289484710430011e-29
2025-12-15,PE,26027.3,26050.0,1.0,0.07614094468202723,0.1,70.0,71.45,56.24,-13.76,-15.21,-19.65714,-21.28761,0.09947,-0.5384877217948708,0.0031807944483119104,651.0458285931118,-55.83977325598707,-4838.814510916086
2025-12-15,CE,26027.3,27050.0,1.0,0.07614094468202723,0.1,0.75,0.65,0.0,-0.75,-0.65,-100.0,-100.0,0.23626,9.30861073825926e-16,6.019156507679513e-17,1.2320025074407307e-11,9.608579947029648e-14,-1.2061671395327747e-10
2025-12-15,PE,26027.3,26400.0,1.0,0.07614094468202723,0.1,375.3,376.0,362.3,-13.0,-13.7,-3.4639,-3.64362,0.17255,-0.9980063321551406,5.0641316377358026e-05,10.365277705838709,-104.51471683105243,2534.3288875543426
2025-12-15,CE,26027.3,27350.0,1.0,0.07614094468202723,0.1,0.75,0.6,0.0,-0.75,-0.6,-100.0,-100.0,0.2937,5.932262090170382e-25,4.916165484154473e-26,1.0062420200811254e-20,6.124200752490063e-23,-9.807973325416514e-20
2025-12-15,PE,26027.3,26600.0,1.0,0.07614094468202723,0.1,568.95,576.25,562.15,-6.8,-14.1,-1.19518,-2.44685,0.23977,-0.9999957594913461,1.5825178516632892e-07,0.03239101623012158,-105.51323920068198,2658.6228762527394
2025-12-15,CE,26027.3,26850.0,1.0,0.07614094468202723,0.1,0.85,0.8,0.0,-0.85,-0.8,-100.0,-100.0,0.19982,7.617943218314043e-11,3.998410300559055e-12,8.183956522447491e-07,7.862403156598929e-09,-8.049623238329252e-06
2025-12-15,CE,26027.3,25900.0,1.0,0.07614094468202723,0.1,144.85,143.25,146.04,1.19,2.79,0.82154,1.94764,0.06766,0.8659296478727666,0.0017309704192691293,354.2954721520339,88.85624892342994,-5638.202858094246
2025-12-15,PE,26027.3,26950.0,1.0,0.07614094468202723,0.1,909.85,909.85,912.01,2.16,2.16,0.2374,0.2374,,-0.9999999999996464,2.0710765057870052e-14,4.239084737165028e-09,-106.90201459198131,2693.9307676772605
2025-12-15,PE,26027.3,25250.0,1.0,0.07614094468202723,0.1,1.9,1.7,0.0,-1.9,-1.7,-100.0,-100.0,0.22078,-7.446539771435043e-11,3.910473054398916e-12,8.003966340054826e-07,-7.696515508235609e-09,-7.484860244212484e-06
2025-12-15,CE,26027.3,24700.0,1.0,0.07614094468202723,0.1,1331.9,1331.9,1337.1,5.2,5.2,0.39042,0.39042,,1.0,1.7352056345920686e-29,3.55162337117375e-24,97.97698554444675,-2469.020035720058
2025-12-15,PE,26027.3,26300.0,1.0,0.07614094468202723,0.1,276.4,278.0,263.1,-13.3,-14.9,-4.81187,-5.35971,0.14293,-0.9815980799289392,0.0003613407505421577,73.95931807728913,-102.42637597756662,1871.59679898282
2025-12-15,CE,26027.3,26550.0,1.0,0.07614094468202723,0.1,1.15,1.0,0.0,-1.15,-1.0,-100.0,-100.0,0.13817,2.4494067260851273e-05,8.403969762471811e-07,0.1720126699914119,0.002527118241033209,-1.7139314856674477
2025-12-15,CE,26027.3,24600.0,1.0,0.07614094468202723,0.1,1427.05,1427.05,1437.06,10.01,10.01,0.70145,0.70145,,1.0,1.1070780343494139e-33,2.2659701778993096e-28,97.58031758677693,-2459.0240031867784
2025-12-15,CE,26027.3,25350.0,1.0,0.07614094468202723,0.1,677.05,678.05,687.36,10.31,9.31,1.52278,1.37306,,0.9999999881389273,5.464636639395053e-10,0.00011185032376874788,100.55532604325954,-2533.9952893551945
2025-12-15,CE,26027.3,25650.0,1.0,0.07614094468202723,0.1,380.4,379.45,387.51,7.11,8.06,1.86909,2.12413,,0.9991246786019411,2.3866130729955983e-05,4.884925797277441,101.6548063242823,-2608.565920350109
2025-12-15,PE,26027.3,25350.0,1.0,0.07614094468202723,0.1,2.05,1.75,0.0,-2.05,-1.75,-100.0,-100.0,0.19684,-1.1861072644245116e-08,5.464636639395053e-10,0.00011185032376874788,-1.2260410602492086e-06,-0.0010421688189393462
2025-12-15,PE,26027.3,24700.0,1.0,0.07614094468202723,0.1,1.4,1.35,0.0,-1.4,-1.35,-100.0,-100.0,0.34403,-1.9537346920829907e-28,1.7352056345920686e-29,3.55162337117375e-24,-2.0187409793967706e-26,-3.356469606131989e-23
2025-12-15,PE,26027.3,27300.0,1.0,0.07614094468202723,0.1,1285.85,1285.85,1261.87,-23.98,-23.98,-1.86491,-1.86491,0.49794,-1.0,2.281530081909877e-24,4.669841659920644e-19,-108.29035244386219,2728.9168815853272
2025-12-15,PE,26027.3,26450.0,1.0,0.07614094468202723,0.1,425.05,425.1,412.22,-12.83,-12.88,-3.01847,-3.02988,0.18629,-0.9994691654244453,1.5046608159429339e-05,3.0797436413630668,-104.86391822869354,2613.024420993864
2025-12-15,CE,26027.3,27400.0,1.0,0.07614094468202723,0.1,0.7,0.65,0.0,-0.7,-0.65,-100.0,-100.0,0.30597,1.0741529050811886e-26,9.226488119364402e-28,1.8884799694818447e-22,1.108924809171344e-24,-1.8397070811979808e-21
2025-12-15,PE,26027.3,24150.0,1.0,0.07614094468202723,0.1,1.05,0.9,0.0,-1.05,-0.9,-100.0,-100.0,0.45148,-8.455747494499848e-56,1.067221099688726e-56,2.184390901171383e-51,-8.735993150938676e-54,-2.0736372905618088e-50
2025-12-15,PE,26027.3,25850.0,1.0,0.07614094468202723,0.1,10.85,11.85,3.58,-7.27,-8.27,-67.00461,-69.78903,0.10479,-0.06549226700120153,0.0010216311957689389,209.10773681680467,-6.778443154428292,-1835.3124708239882
2025-12-15,PE,26027.3,26700.0,1.0,0.07614094468202723,0.1,675.4,674.7,662.11,-13.29,-12.59,-1.96772,-1.86601,0.26425,-0.9999999175025296,3.5778292389007024e-09,0.000732311011999212,-105.91033618457602,2668.933446235932
2025-12-15,PE,26027.3,25500.0,1.0,0.07614094468202723,0.1,2.6,2.3,0.0,-2.6,-2.3,-100.0,-100.0,0.16582,-6.733487926812185e-06,2.460954006846899e-07,0.05037087012546451,-0.0006961562639125061,-0.46570285226128477
2025-12-15,CE,26027.3,25800.0,1.0,0.07614094468202723,0.1,233.85,232.0,238.87,5.02,6.87,2.14668,2.96121,,0.9721827155320696,0.0005118708240282849,104.76985236785563,99.46199167835725,-3511.578907513719
2025-12-15,PE,26027.3,26150.0,1.0,0.07614094468202723,0.1,139.7,142.15,124.94,-14.76,-17.21,-10.5655,-12.10693,0.11072,-0.8147218646690808,0.002140201594809845,438.05701477778746,-84.64265929487995,-2069.618426919982
2025-12-15,CE,26027.3,27500.0,1.0,0.07614094468202723,0.1,0.6,0.5,0.0,-0.6,-0.5,-100.0,-100.0,0.31685,2.342892086380864e-30,2.1538587290824983e-31,4.40852360545404e-26,2.4188042997072593e-28,-4.290385183203442e-25
2025-12-15,CE,26027.3,27800.0,1.0,0.07614094468202723,0.1,0.45,0.45,0.0,-0.45,-0.45,-100.0,-100.0,0.36912,9.79648140714338e-43,1.0770222460136945e-43,2.2044519127645336e-38,1.0114577252530018e-40,-2.140386779090693e-37
2025-12-15,PE,26027.3,25650.0,1.0,0.07614094468202723,0.1,3.75,3.85,0.03,-3.72,-3.82,-99.2,-99.22078,0.13794,-0.0008753213980589014,2.3866130729955983e-05,4.884925797277441,-0.0905248180277798,-44.583575563894925
2025-12-15,CE,26027.3,25100.0,1.0,0.07614094468202723,0.1,929.25,928.3,937.26,8.01,8.96,0.86199,0.96521,,0.9999999999999899,6.322148904482183e-16,1.2940190694158364e-10,99.56365737512499,-2509.0041658543914
2025-12-15,PE,26027.3,25800.0,1.0,0.07614094468202723,0.1,7.3,8.1,1.33,-5.97,-6.77,-81.78082,-83.58025,0.11117,-0.02781728446793046,0.0005118708240282849,104.76985236785563,-2.878341400457579,-932.602513927586
2025-12-15,PE,26027.3,26350.0,1.0,0.07614094468202723,0.1,325.95,326.95,312.51,-13.44,-14.44,-4.12333,-4.41658,0.15809,-0.9935028051639743,0.00014614768480871988,29.913545845049725,-103.85199940433131,2330.087034420816
2025-12-15,PE,26027.3,24250.0,1.0,0.07614094468202723,0.1,1.1,1.1,0.0,-1.1,-1.1,-100.0,-100.0,0.43851,-4.590685302163785e-50,5.478537191360739e-51,1.1213484062513277e-45,-4.7429147896856667e-48,-1.0638424945477298e-44
2025-12-15,CE,26027.3,26250.0,1.0,0.07614094468202723,0.1,5.35,5.25,2.33,-3.02,-2.92,-56.4486,-55.61905,0.09083,0.0454002320006829,0.0007647065126534421,156.52032636853647,4.679829764142886,-1619.5500045229878
2025-12-15,PE,26027.3,26900.0,1.0,0.07614094468202723,0.1,875.65,874.7,862.03,-13.62,-12.67,-1.55542,-1.4485,0.3241,-0.9999999999944275,3.094495789485281e-13,6.333821968321612e-08,-106.70368061260774,2688.9327508300635
2025-12-15,CE,26027.3,24500.0,1.0,0.07614094468202723,0.1,1526.85,1528.45,1537.02,10.17,8.57,0.66608,0.5607,,1.0,3.30624207936908e-38,6.767224820939383e-33,97.1836496291071,-2449.027970653499
2025-12-15,PE,26027.3,26250.0,1.0,0.07614094468202723,0.1,228.45,229.7,214.61,-13.84,-15.09,-6.05822,-6.56944,0.12827,-0.9545997679993171,0.0007647065126534421,156.52032636853647,-99.44550912418615,1004.4085354629037
2025-12-15,PE,26027.3,24750.0,1.0,0.07614094468202723,0.1,1.4,1.4,0.0,-1.4,-1.4,-100.0,-100.0,0.3338,-1.9175589938595814e-26,1.6388445912388413e-27,3.354391338945785e-22,-1.981394413526656e-24,-3.1681910805739606e-21
2025-12-15,CE,26027.3,26650.0,1.0,0.07614094468202723,0.1,0.95,0.9,0.0,-0.95,-0.9,-100.0,-100.0,0.15882,6.356305689280989e-07,2.56411300637304e-08,0.005248233119013583,6.558947168711749e-05,-0.05200313856325811
2025-12-15,PE,26027.3,26200.0,1.0,0.07614094468202723,0.1,182.6,184.7,168.05,-14.55,-16.65,-7.96824,-9.01462,0.11913,-0.9021138671095301,0.0013840047389543709,283.2784471588666,-93.83985067846076,-352.9409233192514
2025-12-15,PE,26027.3,25750.0,1.0,0.07614094468202723,0.1,5.25,5.8,0.43,-4.82,-5.37,-91.80952,-92.58621,0.11842,-0.010215788157925745,0.00021750791633630865,44.519576451061255,-1.0568380547253242,-400.4777696071914
2025-12-15,PE,26027.3,24850.0,1.0,0.07614094468202723,0.1,1.45,1.4,0.0,-1.45,-1.4,-100.0,-100.0,0.31029,-1.0618132846706753e-22,8.366328758836924e-24,1.712422329575584e-18,-1.0972016431395285e-20,-1.615207237335766e-17
2025-12-15,PE,26027.3,24950.0,1.0,0.07614094468202723,0.1,1.5,1.45,0.0,-1.5,-1.45,-100.0,-100.0,0.28795,-2.833128867497613e-19,2.044335687233474e-20,4.184351560735846e-15,-2.92767921048928e-17,-3.940588540919063e-14
2025-12-15,PE,26027.3,24800.0,1.0,0.07614094468202723,0.1,1.45,1.45,0.0,-1.45,-1.45,-100.0,-100.0,0.32344,-1.5642270915520149e-24,1.2846124094134356e-25,2.629347994968431e-20,-1.6163289194278694e-22,-2.4818016181875177e-19
2025-12-15,CE,26027.3,25200.0,1.0,0.07614094468202723,0.1,828.25,828.3,837.3,9.05,9.0,1.09267,1.08656,,0.9999999999954392,2.542964912747595e-13,5.2049471464011444e-08,99.9603253323245,-2519.0001988739273
2025-12-15,CE,26027.3,26900.0,1.0,0.07614094468202723,0.1,0.85,0.8,0.0,-0.85,-0.8,-100.0,-100.0,0.21044,5.572582934679071e-12,3.094495789485281e-13,6.333821968321612e-08,5.751624482356118e-10,-6.22145710721426e-07
2025-12-15,PE,26027.3,24600.0,1.0,0.07614094468202723,0.1,1.3,1.3,0.0,-1.3,-1.3,-100.0,-100.0,0.36572,-1.1587563353134273e-32,1.1070780343494139e-33,2.2659701778993096e-28,-1.1972757558705023e-30,-2.1437458365306527e-27
2025-12-15,CE,26027.3,26800.0,1.0,0.07614094468202723,0.1,0.8,0.75,0.0,-0.8,-0.75,-100.0,-100.0,0.18768,9.028504990017362e-10,4.4640753704392774e-11,9.137080989286067e-06,9.317837387997789e-08,-9.000704826998998e-05
2025-12-15,CE,26027.3,27100.0,1.0,0.07614094468202723,0.1,0.75,0.65,0.0,-0.75,-0.65,-100.0,-100.0,0.24639,3.8668644146556906e-17,2.6180070295399673e-18,5.358543544723582e-13,3.99157600136411e-15,-5.241445267183783e-12
2025-12-15,CE,26027.3,26350.0,1.0,0.07614094468202723,0.1,2.15,1.85,0.26,-1.89,-1.59,-87.90698,-85.94595,0.09994,0.006497194836025788,0.00014614768480871988,29.913545845049725,0.6700074416675508,-303.86753809835557
2025-12-15,PE,26027.3,24400.0,1.0,0.07614094468202723,0.1,1.35,1.35,0.0,-1.35,-1.35,-100.0,-100.0,0.41383,-4.1980852794594895e-42,4.579756764288943e-43,9.373857964772904e-38,-4.337425293404898e-40,-8.883750332093415e-37
2025-12-15,PE,26027.3,27000.0,1.0,0.07614094468202723,0.1,975.05,976.0,961.99,-13.06,-14.01,-1.33942,-1.43545,0.36031,-0.9999999999999806,1.19966687924179e-15,2.4554812645821583e-10,-107.10034857085071,2698.9287839830827
2025-12-15,CE,26027.3,25500.0,1.0,0.07614094468202723,0.1,529.1,527.2,537.42,8.32,10.22,1.57248,1.93854,,0.9999932665120732,2.460954006846899e-07,0.05037087012546451,101.14963304954144,-2549.453998838556
2025-12-15,CE,26027.3,25250.0,1.0,0.07614094468202723,0.1,778.9,773.6,787.32,8.42,13.72,1.08101,1.77353,,0.9999999999255346,3.910473054398916e-12,8.003966340054826e-07,100.15865930393427,-2523.998222137956
2025-12-15,CE,26027.3,25400.0,1.0,0.07614094468202723,0.1,629.45,627.9,637.38,7.93,9.48,1.25983,1.50979,,0.9999998839420441,4.9761721711739704e-09,0.001018524204267051,100.75364925091104,-2539.00173259874
2025-12-15,CE,26027.3,24550.0,1.0,0.07614094468202723,0.1,1456.4,1456.4,1487.04,30.64,30.64,2.10382,2.10382,,1.0,6.655987974743392e-36,1.362349336475473e-30,97.381983607942,-2454.0259869201386
2025-12-15,PE,26027.3,26850.0,1.0,0.07614094468202723,0.1,835.35,835.35,812.05,-23.3,-23.3,-2.78925,-2.78925,0.35635,-0.9999999999238206,3.998410300559055e-12,8.183956522447491e-07,-106.50534662648556,2683.9347271359456
2025-12-15,PE,26027.3,27950.0,1.0,0.07614094468202723,0.1,1994.15,1994.15,1911.61,-82.54,-82.54,-4.13911,-4.13911,0.91665,-1.0,1.2793903856611707e-50,2.61865954327508e-45,-110.86869416871605,2793.8910930516445
2025-12-16,CE,25860.1,27450.0,0.0,0.07856389061903515,0.1,0.1,0.05,0.0,-0.1,-0.05,-100.0,-100.0,1.78105,0.0,0.0,0.0,0.0,-0.0
2025-12-16,CE,25860.1,25000.0,0.0,0.07856389061903515,0.1,872.3,859.95,860.35,-11.95,0.4,-1.36994,0.04651,,1.0,0.0,0.0,2.4999750001249996,-2499.9750001249995
2025-12-16,CE,25860.1,26050.0,0.0,0.07856389061903515,0.1,0.15,0.05,0.0,-0.15,-0.05,-100.0,-100.0,0.26019,7.041018268853923e-21,3.2593885920060897e-21,1.71245640170555e-17,1.8206639229095574e-20,-6.7450685109021635e-15
2025-12-16,PE,25860.1,25200.0,0.0,0.07856389061903515,0.1,0.05,0.05,0.0,-0.05,-0.05,-100.0,-100.0,0.82569,-4.743832792958646e-238,7.694993686769313e-238,4.042887439782535e-234,-1.2267891228815381e-237,-1.586898043897849e-231
2025-12-16,CE,25860.1,26300.0,0.0,0.07856389061903515,0.1,0.1,0.05,0.0,-0.1,-0.05,-100.0,-100.0,0.5565,1.967670056472544e-102,2.082594343660488e-102,1.0941782224752009e-98,5.088228939350232e-102,-4.30323313835295e-96
2025-12-16,PE,25860.1,25650.0,0.0,0.07856389061903515,0.1,0.1,0.05,0.0,-0.1,-0.05,-100.0,-100.0,0.288,-1.284623744171702e-25,6.633508263821731e-26,3.485191584706561e-22,-3.322296460073661e-25,-1.3657287557762668e-19
2025-12-16,CE,25860.1,27150.0,0.0,0.07856389061903515,0.1,0.1,0.05,0.0,-0.1,-0.05,-100.0,-100.0,1.47531,0.0,0.0,0.0,0.0,-0.0
2025-12-16,CE,25860.1,27100.0,0.0,0.07856389061903515,0.1,0.05,0.05,0.0,-0.05,-0.05,-100.0,-100.0,1.4236,0.0,0.0,0.0,0.0,-0.0
2025-12-16,CE,25860.1,27850.0,0.0,0.07856389061903515,0.1,0.1,0.05,0.0,-0.1,-0.05,-100.0,-100.0,2.17793,0.0,0.0,0.0,0.0,-0.0
2025-12-16,CE,25860.1,27200.0,0.0,0.07856389061903515,0.1,0.1,0.05,0.0,-0.1,-0.05,-100.0,-100.0,1.5268,0.0,0.0,0.0,0.0,-0.0
2025-12-16,PE,25860.1,25050.0,0.0,0.07856389061903515,0.1,0.1,0.05,0.0,-0.1,-0.05,-100.0,-100.0,0.99989,-0.0,0.0,0.0,-0.0,0.0
2025-12-16,CE,25860.1,25300.0,0.0,0.07856389061903515,0.1,569.7,561.2,560.35,-9.35,-0.85,-1.64121,-0.15146,0.94614,1.0,2.825873484739877e-171,1.4846910709638183e-167,2.5299747001264996,-2529.9747001264996
2025-12-16,PE,25860.1,26600.0,0.0,0.07856389061903515,0.1,730.35,740.65,739.63,9.28,-1.02,1.27062,-0.13772,1.20325,-1.0,3.3587090069904617e-282,1.7646385443556097e-278,-2.6599734001329995,2659.9734001329994
2025-12-16,PE,25860.1,26400.0,0.0,0.07856389061903515,0.1,530.75,539.1,539.64,8.89,0.54,1.67499,0.10017,,-1.0,1.7279648329453798e-152,9.078587460717995e-149,-2.6399736001319996,2639.9736001319993
2025-12-16,PE,25860.1,26550.0,0.0,0.07856389061903515,0.1,685.6,690.95,689.63,4.03,-1.32,0.58781,-0.19104,1.17182,-1.0,4.0983931844953336e-246,2.1532626280611087e-242,-2.6549734501327498,2654.9734501327493
2025-12-16,CE,25860.1,24300.0,0.0,0.07856389061903515,0.1,1595.25,1595.25,1560.34,-34.91,-34.91,-2.18837,-2.18837,4.28082,1.0,0.0,0.0,2.4299757001214997,-2429.9757001214994
2025-12-16,CE,25860.1,25750.0,0.0,0.07856389061903515,0.1,119.45,109.95,110.36,-9.09,0.41,-7.60988,0.3729,,0.9999999739334331,7.206504124603999e-09,3.786238975114051e-05,2.574974182711185,-2574.9890557944195
2025-12-16,PE,25860.1,25450.0,0.0,0.07856389061903515,0.1,0.1,0.05,0.0,-0.1,-0.05,-100.0,-100.0,0.53115,-1.8832169724946237e-92,1.8917847991119243e-92,9.939284311891613e-89,-4.870204953184944e-92,-3.899474022601539e-86
2025-12-16,CE,25860.1,27800.0,0.0,0.07856389061903515,0.1,0.05,0.05,0.0,-0.05,-0.05,-100.0,-100.0,2.12893,0.0,0.0,0.0,0.0,-0.0
2025-12-16,PE,25860.1,24100.0,0.0,0.07856389061903515,0.1,0.1,0.05,0.0,-0.1,-0.05,-100.0,-100.0,2.0895,-0.0,0.0,0.0,-0.0,0.0
2025-12-16,CE,25860.1,26950.0,0.0,0.07856389061903515,0.1,0.05,0.05,0.0,-0.05,-0.05,-100.0,-100.0,1.26701,0.0,0.0,0.0,0.0,-0.0
2025-12-16,CE,25860.1,24500.0,0.0,0.07856389061903515,0.1,1369.7,1359.3,1360.34,-9.36,1.04,-0.68336,0.07651,,1.0,0.0,0.0,2.4499755001224996,-2449.9755001224994
2025-12-16,CE,25860.1,27300.0,0.0,0.07856389061903515,0.1,0.05,0.05,0.0,-0.05,-0.05,-100.0,-100.0,1.62912,0.0,0.0,0.0,0.0,-0.0
2025-12-16,CE,25860.1,25450.0,0.0,0.07856389061903515,0.1,422.4,410.9,410.35,-12.05,-0.55,-2.85275,-0.13385,0.6797,1.0,1.8917847991119243e-92,9.939284311891613e-89,2.5449745501272494,-2544.9745501272496
2025-12-16,PE,25860.1,27050.0,0.0,0.07856389061903515,0.1,1191.5,1191.5,1189.63,-1.87,-1.87,-0.15695,-0.15695,1.95236,-1.0,0.0,0.0,-2.7049729501352497,2704.9729501352494
2025-12-16,PE,25860.1,24450.0,0.0,0.07856389061903515,0.1,0.1,0.1,0.0,-0.1,-0.1,-100.0,-100.0,1.78076,-0.0,0.0,0.0,-0.0,0.0
2025-12-16,PE,25860.1,27500.0,0.0,0.07856389061903515,0.1,1640.2,1643.0,1639.63,-0.57,-3.37,-0.03475,-0.20511,2.76543,-1.0,0.0,0.0,-2.7499725001374995,2749.9725001374995
2025-12-16,CE,25860.1,26600.0,0.0,0.07856389061903515,0.1,0.1,0.05,0.0,-0.1,-0.05,-100.0,-100.0,0.89204,1.8996261092830883e-282,3.3587090069904617e-282,1.7646385443556097e-278,4.912344760742055e-282,-6.936755823805118e-276
2025-12-16,CE,25860.1,27500.0,0.0,0.07856389061903515,0.1,0.05,0.05,0.0,-0.05,-0.05,-100.0,-100.0,1.8313,0.0,0.0,0.0,0.0,-0.0
2025-12-16,CE,25860.1,25650.0,0.0,0.07856389061903515,0.1,216.85,209.7,210.36,-6.49,0.66,-2.99285,0.31474,,1.0,6.633508263821731e-26,3.485191584706561e-22,2.5649743501282494,-2564.9743501282496
2025-12-16,PE,25860.1,26500.0,0.0,0.07856389061903515,0.1,632.7,641.15,639.64,6.94,-1.51,1.09689,-0.23551,1.12054,-1.0,1.8589606573321051e-212,9.766828926058818e-209,-2.6499735001324995,2649.9735001324993
2025-12-16,PE,25860.1,24800.0,0.0,0.07856389061903515,0.1,0.1,0.1,0.0,-0.1,-0.1,-100.0,-100.0,1.36059,-0.0,0.0,0.0,-0.0,0.0
2025-12-16,CE,25860.1,25200.0,0.0,0.07856389061903515,0.1,672.85,661.4,660.35,-12.5,-1.05,-1.85777,-0.15875,1.12422,1.0,7.694993686769313e-238,4.042887439782535e-234,2.5199748001259996,-2519.9748001259995
2025-12-16,PE,25860.1,25350.0,0.0,0.07856389061903515,0.1,0.1,0.05,0.0,-0.1,-0.05,-100.0,-100.0,0.64981,-2.6040469867131184e-142,3.2569676450188196e-142,1.711184455740988e-138,-6.734299435714862e-142,-6.715131121055694e-136
2025-12-16,CE,25860.1,24800.0,0.0,0.07856389061903515,0.1,1060.2,1060.2,1060.35,0.15,0.15,0.01415,0.01415,,1.0,0.0,0.0,2.4799752001239996,-2479.9752001239995
2025-12-16,CE,25860.1,27050.0,0.0,0.07856389061903515,0.1,0.1,0.05,0.0,-0.1,-0.05,-100.0,-100.0,1.37165,0.0,0.0,0.0,0.0,-0.0
2025-12-16,CE,25860.1,26750.0,0.0,0.07856389061903515,0.1,0.1,0.05,0.0,-0.1,-0.05,-100.0,-100.0,1.05456,0.0,0.0,0.0,0.0,-0.0
2025-12-16,PE,25860.1,24700.0,0.0,0.07856389061903515,0.1,0.1,0.05,0.0,-0.1,-0.05,-100.0,-100.0,1.40269,-0.0,0.0,0.0,-0.0,0.0
2025-12-16,PE,25860.1,26300.0,0.0,0.07856389061903515,0.1,428.85,440.65,439.64,10.79,-1.01,2.51603,-0.22921,0.77015,-1.0,2.082594343660488e-102,1.0941782224752009e-98,-2.6299737001315,2629.9737001314998
2025-12-16,PE,25860.1,25600.0,0.0,0.07856389061903515,0.1,0.1,0.05,0.0,-0.1,-0.05,-100.0,-100.0,0.34981,-2.9086919967386857e-38,1.8550137268548156e-38,9.746092072590355e-35,-7.522360050898722e-38,-3.820932197719273e-32
2025-12-16,CE,25860.1,25500.0,0.0,0.07856389061903515,0.1,367.9,359.55,360.35,-7.55,0.8,-2.05219,0.2225,,1.0,1.0276816483906183e-71,5.399356253556336e-68,2.5499745001275,-2549.9745001274996
2025-12-16,CE,25860.1,26250.0,0.0,0.07856389061903515,0.1,0.1,0.05,0.0,-0.1,-0.05,-100.0,-100.0,0.49881,4.3955567184874e-81,4.129508503992854e-81,2.1696103652395854e-77,1.1366487044555646e-80,-8.534018058074941e-75
2025-12-16,CE,25860.1,24450.0,0.0,0.07856389061903515,0.1,1438.0,1438.0,1410.34,-27.66,-27.66,-1.9235,-1.9235,3.74203,1.0,0.0,0.0,2.44497555012225,-2444.9755501222494
2025-12-16,CE,25860.1,24400.0,0.0,0.07856389061903515,0.1,1496.0,1496.0,1460.34,-35.66,-35.66,-2.38369,-2.38369,4.0822,1.0,0.0,0.0,2.4399756001219997,-2439.9756001219994
2025-12-16,PE,25860.1,24750.0,0.0,0.07856389061903515,0.1,0.1,0.05,0.0,-0.1,-0.05,-100.0,-100.0,1.34534,-0.0,0.0,0.0,-0.0,0.0
2025-12-16,PE,25860.1,25400.0,0.0,0.07856389061903515,0.1,0.1,0.05,0.0,-0.1,-0.05,-100.0,-100.0,0.59065,-5.376350044822248e-116,6.061805601330825e-116,3.1848236302209333e-112,-1.3903770934204728e-115,-1.2496702995345586e-109
2025-12-16,PE,25860.1,24600.0,0.0,0.07856389061903515,0.1,0.05,0.05,0.0,-0.05,-0.05,-100.0,-100.0,1.51727,-0.0,0.0,0.0,-0.0,0.0
2025-12-16,PE,25860.1,24350.0,0.0,0.07856389061903515,0.1,0.1,0.05,0.0,-0.1,-0.05,-100.0,-100.0,1.80337,-0.0,0.0,0.0,-0.0,0.0
2025-12-16,CE,25860.1,24100.0,0.0,0.07856389061903515,0.1,1790.95,1790.95,1760.34,-30.61,-30.61,-1.70915,-1.70915,4.57985,1.0,0.0,0.0,2.4099759001204997,-2409.9759001205
2025-12-16,CE,25860.1,25050.0,0.0,0.07856389061903515,0.1,835.7,822.45,810.35,-25.35,-12.1,-3.03339,-1.47121,2.00141,1.0,0.0,0.0,2.50497495012525,-2504.9749501252495
2025-12-16,PE,25860.1,25750.0,0.0,0.07856389061903515,0.1,0.1,0.05,0.0,-0.1,-0.05,-100.0,-100.0,0.16074,-2.6066566933267107e-08,7.206504124603999e-09,3.786238975114051e-05,-6.741756516390983e-08,-0.014805665669755493
2025-12-16,CE,25860.1,23950.0,0.0,0.07856389061903515,0.1,1942.7,1942.7,1910.34,-32.36,-32.36,-1.66572,-1.66572,4.95711,1.0,0.0,0.0,2.3949760501197495,-2394.9760501197497
2025-12-16,CE,25860.1,26650.0,0.0,0.07856389061903515,0.1,0.05,0.05,0.0,-0.05,-0.05,-100.0,-100.0,0.94655,0.0,1.0563e-320,5.549255e-317,0.0,-2.1798553267e-314
2025-12-16,PE,25860.1,26450.0,0.0,0.07856389061903515,0.1,579.95,588.95,589.64,9.69,0.69,1.67083,0.11716,,-1.0,3.0355870609611004e-181,1.594872887579788e-177,-2.6449735501322498,2644.9735501322493
2025-12-16,CE,25860.1,26350.0,0.0,0.07856389061903515,0.1,0.1,0.05,0.0,-0.1,-0.05,-100.0,-100.0,0.6136,2.8197688179877426e-126,3.319349583856943e-126,1.7439594218116644e-122,7.291711246943711e-126,-6.857903574209312e-120
2025-12-16,CE,25860.1,25100.0,0.0,0.07856389061903515,0.1,771.9,761.65,760.35,-11.55,-1.3,-1.49631,-0.17068,1.30952,1.0,9.0064664e-316,4.731924575424e-312,2.5099749001254996,-2509.9749001254995
2025-12-16,PE,25860.1,25100.0,0.0,0.07856389061903515,0.1,0.1,0.05,0.0,-0.1,-0.05,-100.0,-100.0,0.94197,-0.0,9.0064664e-316,4.731924575424e-312,-0.0,-1.85879202380654e-309
2025-12-16,PE,25860.1,25900.0,0.0,0.07856389061903515,0.1,27.95,39.8,39.84,11.89,0.04,42.54025,0.1005,0.07591,-0.9743682100143881,0.0029374830777152325,15.433298483256682,-2.5237097708389036,-3538.790098808592
2025-12-16,CE,25860.1,25700.0,0.0,0.07856389061903515,0.1,169.55,160.0,160.36,-9.19,0.36,-5.42023,0.225,,0.9999999999999988,4.782418480213131e-16,2.512643985489105e-12,2.569974300128497,-2569.9743001294833
2025-12-16,CE,25860.1,24600.0,0.0,0.07856389061903515,0.1,1280.0,1280.0,1260.35,-19.65,-19.65,-1.53516,-1.53516,3.17013,1.0,0.0,0.0,2.4599754001229996,-2459.9754001229994
2025-12-16,CE,25860.1,26900.0,0.0,0.07856389061903515,0.1,0.05,0.05,0.0,-0.05,-0.05,-100.0,-100.0,1.21432,0.0,0.0,0.0,0.0,-0.0
2025-12-16,PE,25860.1,27300.0,0.0,0.07856389061903515,0.1,1400.0,1400.0,1439.63,39.63,39.63,2.83071,2.83071,,-1.0,0.0,0.0,-2.7299727001364995,2729.9727001364995
2025-12-16,PE,25860.1,25700.0,0.0,0.07856389061903515,0.1,0.1,0.05,0.0,-0.1,-0.05,-100.0,-100.0,0.22513,-1.208436183938282e-15,4.782418480213131e-16,2.512643985489105e-12,-3.125328978090324e-15,-9.838901072246226e-10
2025-12-16,PE,25860.1,26650.0,0.0,0.07856389061903515,0.1,787.35,792.55,789.63,2.28,-2.92,0.28958,-0.36843,1.4718,-1.0,1.0563e-320,5.549255e-317,-2.6649733501332498,2664.9733501332494
2025-12-16,PE,25860.1,24200.0,0.0,0.07856389061903515,0.1,0.1,0.05,0.0,-0.1,-0.05,-100.0,-100.0,1.97501,-0.0,0.0,0.0,-0.0,0.0
2025-12-16,CE,25860.1,26700.0,0.0,0.07856389061903515,0.1,0.1,0.05,0.0,-0.1,-0.05,-100.0,-100.0,1.00071,0.0,0.0,0.0,0.0,-0.0
2025-12-16,PE,25860.1,25500.0,0.0,0.07856389061903515,0.1,0.1,0.05,0.0,-0.1,-0.05,-100.0,-100.0,0.47124,-1.165280681728573e-71,1.0276816483906183e-71,5.399356253556336e-68,-3.0135592252757273e-71,-2.1179586113627413e-65
2025-12-16,PE,25860.1,26800.0,0.0,0.07856389061903515,0.1,926.9,926.9,939.63,12.73,12.73,1.3734,1.3734,,-1.0,0.0,0.0,-2.6799732001339995,2679.9732001339994
2025-12-16,PE,25860.1,23950.0,0.0,0.07856389061903515,0.1,0.05,0.05,0.0,-0.05,-0.05,-100.0,-100.0,2.26141,-0.0,0.0,0.0,-0.0,0.0
2025-12-16,PE,25860.1,27200.0,0.0,0.07856389061903515,0.1,1341.9,1341.9,1339.63,-2.27,-2.27,-0.16916,-0.16916,2.21409,-1.0,0.0,0.0,-2.7199728001359995,2719.9728001359995
2025-12-16,CE,25860.1,24000.0,0.0,0.07856389061903515,0.1,1868.85,1864.0,1860.34,-8.51,-3.66,-0.45536,-0.19635,3.33804,1.0,0.0,0.0,2.3999760001199997,-2399.9760001199998
2025-12-16,PE,25860.1,26000.0,0.0,0.07856389061903515,0.1,128.0,139.5,139.64,11.64,0.14,9.09375,0.10036,,-0.9999999999964164,1.2337542040925937e-12,6.482044792422683e-09,-2.599974000120733,2599.97399757446
2025-12-16,CE,25860.1,27650.0,0.0,0.07856389061903515,0.1,0.1,0.05,0.0,-0.1,-0.05,-100.0,-100.0,1.98092,0.0,0.0,0.0,0.0,-0.0
2025-12-16,PE,25860.1,26200.0,0.0,0.07856389061903515,0.1,331.5,339.4,339.64,8.14,0.24,2.45551,0.07071,,-1.0,2.50346916002155e-62,1.3153024466201204e-58,-2.6199738001309996,2619.9738001309997
2025-12-16,CE,25860.1,25800.0,0.0,0.07856389061903515,0.1,69.2,60.1,60.37,-8.83,0.27,-12.76012,0.44925,,0.998533727050693,0.00023524901225924894,1.2359792815937594,2.576181554751305,-3061.6982601839336
2025-12-16,PE,25860.1,24500.0,0.0,0.07856389061903515,0.1,0.1,0.05,0.0,-0.1,-0.05,-100.0,-100.0,1.63175,-0.0,0.0,0.0,-0.0,0.0
2025-12-16,CE,25860.1,27700.0,0.0,0.07856389061903515,0.1,0.1,0.05,0.0,-0.1,-0.05,-100.0,-100.0,2.03043,0.0,0.0,0.0,0.0,-0.0
2025-12-16,PE,25860.1,25150.0,0.0,0.07856389061903515,0.1,0.1,0.05,0.0,-0.1,-0.05,-100.0,-100.0,0.88391,-1.2807687370000596e-275,2.236771056817787e-275,1.1751814204638264e-271,-3.312154041574325e-275,-4.613029074700546e-269
2025-12-16,CE,25860.1,25900.0,0.0,0.07856389061903515,0.1,1.05,0.05,0.2,-0.85,0.15,-80.95238,300.0,0.06466,0.02563178998561193,0.0029374830777152325,15.433298483256682,0.06626432929059664,-6128.764198938092
2025-12-16,CE,25860.1,25350.0,0.0,0.07856389061903515,0.1,521.9,507.35,510.35,-11.55,3.0,-2.21307,0.59131,,1.0,3.2569676450188196e-142,1.711184455740988e-138,2.53497465012675,-2534.9746501267496
2025-12-16,CE,25860.1,27250.0,0.0,0.07856389061903515,0.1,0.05,0.05,0.0,-0.05,-0.05,-100.0,-100.0,1.57807,0.0,0.0,0.0,0.0,-0.0
2025-12-16,CE,25860.1,25950.0,0.0,0.07856389061903515,0.1,0.2,0.05,0.0,-0.2,-0.05,-100.0,-100.0,0.13296,5.310312178822264e-06,1.205532398755202e-06,0.006333769709984725,1.373027554614946e-05,-2.501758229053139
2025-12-16,CE,25860.1,26000.0,0.0,0.07856389061903515,0.1,0.15,0.05,0.0,-0.15,-0.05,-100.0,-100.0,0.19761,3.583627204777361e-12,1.2337542040925937e-12,6.482044792422683e-09,9.266274719266396e-12,-2.5555395650171768e-06
2025-12-16,PE,25860.1,25000.0,0.0,0.07856389061903515,0.1,0.1,0.05,0.0,-0.1,-0.05,-100.0,-100.0,1.05768,-0.0,0.0,0.0,-0.0,0.0
2025-12-16,PE,25860.1,27400.0,0.0,0.07856389061903515,0.1,1508.3,1508.3,1539.63,31.33,31.33,2.07717,2.07717,,-1.0,0.0,0.0,-2.739972600137,2739.9726001369995
2025-12-16,CE,25860.1,25250.0,0.0,0.07856389061903515,0.1,618.45,613.2,610.35,-8.1,-2.85,-1.30973,-0.46477,1.21229,1.0,3.8119576361367894e-203,2.0027717078726905e-199,2.5249747501262494,-2524.9747501262495
2025-12-16,CE,25860.1,26200.0,0.0,0.07856389061903515,0.1,0.1,0.05,0.0,-0.1,-0.05,-100.0,-100.0,0.44046,3.0515363725702025e-62,2.50346916002155e-62,1.3153024466201204e-58,7.890932953415445e-62,-5.174654810314039e-56
2025-12-16,CE,25860.1,27550.0,0.0,0.07856389061903515,0.1,0.1,0.05,0.0,-0.1,-0.05,-100.0,-100.0,1.88136,0.0,0.0,0.0,0.0,-0.0
2025-12-16,PE,25860.1,24300.0,0.0,0.07856389061903515,0.1,0.1,0.05,0.0,-0.1,-0.05,-100.0,-100.0,1.86058,-0.0,0.0,0.0,-0.0,0.0
2025-12-16,PE,25860.1,24900.0,0.0,0.07856389061903515,0.1,0.05,0.05,0.0,-0.05,-0.05,-100.0,-100.0,1.17297,-0.0,0.0,0.0,-0.0,0.0
2025-12-16,CE,25860.1,25600.0,0.0,0.07856389061903515,0.1,267.95,259.6,260.36,-7.59,0.76,-2.83262,0.29276,,1.0,1.8550137268548156e-38,9.746092072590355e-35,2.5599744001279996,-2559.9744001279996
2025-12-16,CE,25860.1,26400.0,0.0,0.07856389061903515,0.1,0.1,0.05,0.0,-0.1,-0.05,-100.0,-100.0,0.67018,1.3335614521276215e-152,1.7279648329453798e-152,9.078587460717995e-149,3.448500483571311e-152,-3.569694261679535e-146
2025-12-16,PE,25860.1,24650.0,0.0,0.07856389061903515,0.1,0.1,0.1,0.0,-0.1,-0.1,-100.0,-100.0,1.54093,-0.0,0.0,0.0,-0.0,0.0
2025-12-16,CE,25860.1,26450.0,0.0,0.07856389061903515,0.1,0.1,0.05,0.0,-0.1,-0.05,-100.0,-100.0,0.72628,2.1465960639862953e-181,3.0355870609611004e-181,1.594872887579788e-177,5.550967279400789e-181,-6.270521921833561e-175
2025-12-16,CE,25860.1,26150.0,0.0,0.07856389061903515,0.1,0.1,0.05,0.0,-0.1,-0.05,-100.0,-100.0,0.38134,6.400172978189068e-46,4.4879032635015675e-46,2.357908072902812e-42,1.6550003059220294e-45,-9.278871599523046e-40
2025-12-16,CE,25860.1,24900.0,0.0,0.07856389061903515,0.1,973.65,967.25,960.35,-13.3,-6.9,-1.36599,-0.71336,2.0657,1.0,0.0,0.0,2.4899751001244996,-2489.9751001244995
2025-12-16,PE,25860.1,26250.0,0.0,0.07856389061903515,0.1,379.45,390.65,389.64,10.19,-1.01,2.68547,-0.25854,0.69484,-1.0,4.129508503992854e-81,2.1696103652395854e-77,-2.6249737501312493,2624.9737501312497
2025-12-16,CE,25860.1,24700.0,0.0,0.07856389061903515,0.1,1180.2,1162.75,1160.35,-19.85,-2.4,-1.68192,-0.20641,2.06684,1.0,0.0,0.0,2.4699753001234996,-2469.9753001234994
2025-12-16,CE,25860.1,27350.0,0.0,0.07856389061903515,0.1,0.05,0.05,0.0,-0.05,-0.05,-100.0,-100.0,1.67997,0.0,0.0,0.0,0.0,-0.0
2025-12-16,PE,25860.1,26850.0,0.0,0.07856389061903515,0.1,983.75,983.75,989.63,5.88,5.88,0.59771,0.59771,,-1.0,0.0,0.0,-2.6849731501342498,2684.9731501342494
2025-12-16,PE,25860.1,26350.0,0.0,0.07856389061903515,0.1,484.65,490.45,489.64,4.99,-0.81,1.02961,-0.16515,0.82006,-1.0,3.319349583856943e-126,1.7439594218116644e-122,-2.63497365013175,2634.9736501317498
2025-12-16,CE,25860.1,24750.0,0.0,0.07856389061903515,0.1,1116.2,1116.2,1110.35,-5.85,-5.85,-0.5241,-0.5241,2.27212,1.0,0.0,0.0,2.47497525012375,-2474.9752501237494
2025-12-16,PE,25860.1,27900.0,0.0,0.07856389061903515,0.1,2034.8,2034.8,2039.62,4.82,4.82,0.23688,0.23688,,-1.0,0.0,0.0,-2.7899721001394995,2789.9721001394996
2025-12-16,CE,25860.1,24850.0,0.0,0.07856389061903515,0.1,1016.4,1016.4,1010.35,-6.05,-6.05,-0.59524,-0.59524,2.10791,1.0,0.0,0.0,2.48497515012425,-2484.9751501242495
2025-12-16,CE,25860.1,26100.0,0.0,0.07856389061903515,0.1,0.15,0.05,0.0,-0.15,-0.05,-100.0,-100.0,0.32132,3.9525710381616753e-32,2.300420964920448e-32,1.2086225673297439e-28,1.022071387052923e-31,-4.7579252728401014e-26
2025-12-16,PE,25860.1,24550.0,0.0,0.07856389061903515,0.1,0.1,0.05,0.0,-0.1,-0.05,-100.0,-100.0,1.57452,-0.0,0.0,0.0,-0.0,0.0
2025-12-16,PE,25860.1,24150.0,0.0,0.07856389061903515,0.1,0.1,0.05,0.0,-0.1,-0.05,-100.0,-100.0,2.03225,-0.0,0.0,0.0,-0.0,0.0
2025-12-16,PE,25860.1,26100.0,0.0,0.07856389061903515,0.1,228.1,239.5,239.64,11.54,0.14,5.05918,0.05846,,-1.0,2.300420964920448e-32,1.2086225673297439e-28,-2.6099739001305,2609.9739001304997
2025-12-16,CE,25860.1,27900.0,0.0,0.07856389061903515,0.1,0.1,0.05,0.0,-0.1,-0.05,-100.0,-100.0,2.22676,0.0,0.0,0.0,0.0,-0.0
2025-12-16,PE,25860.1,25300.0,0.0,0.07856389061903515,0.1,0.1,0.05,0.0,-0.1,-0.05,-100.0,-100.0,0.70867,-2.056298568200687e-171,2.825873484739877e-171,1.4846910709638183e-167,-5.317758103906388e-171,-5.826837587009072e-165
2025-12-16,PE,25860.1,25950.0,0.0,0.07856389061903515,0.1,77.45,89.55,89.64,12.19,0.09,15.73919,0.1005,,-0.9999946896878211,1.205532398755202e-06,0.006333769709984725,-2.5949603198542035,2592.4722919006967
2025-12-16,CE,25860.1,27950.0,0.0,0.07856389061903515,0.1,0.1,0.05,0.0,-0.1,-0.05,-100.0,-100.0,2.27542,0.0,0.0,0.0,0.0,-0.0
2025-12-16,PE,25860.1,26050.0,0.0,0.07856389061903515,0.1,179.05,189.45,189.64,10.59,0.19,5.91455,0.10029,,-1.0,3.2593885920060897e-21,1.71245640170555e-17,-2.6049739501302493,2604.9739501302497
2025-12-16,PE,25860.1,25550.0,0.0,0.07856389061903515,0.1,0.1,0.05,0.0,-0.1,-0.05,-100.0,-100.0,0.41083,-1.3276367890130693e-53,1.0085147967590356e-53,5.298655165451826e-50,-3.4334560735348254e-53,-2.0779813681591793e-47
2025-12-16,PE,25860.1,26700.0,0.0,0.07856389061903515,0.1,827.35,840.6,839.63,12.28,-0.97,1.48426,-0.11539,1.33394,-1.0,0.0,0.0,-2.6699733001334995,2669.9733001334994
2025-12-16,PE,25860.1,24000.0,0.0,0.07856389061903515,0.1,0.1,0.05,0.0,-0.1,-0.05,-100.0,-100.0,2.20408,-0.0,0.0,0.0,-0.0,0.0
2025-12-16,PE,25860.1,26900.0,0.0,0.07856389061903515,0.1,1040.0,1040.0,1039.63,-0.37,-0.37,-0.03558,-0.03558,1.44503,-1.0,0.0,0.0,-2.6899731001344995,2689.9731001344994
2025-12-16,CE,25860.1,27750.0,0.0,0.07856389061903515,0.1,0.1,0.05,0.0,-0.1,-0.05,-100.0,-100.0,2.07977,0.0,0.0,0.0,0.0,-0.0
2025-12-16,CE,25860.1,27000.0,0.0,0.07856389061903515,0.1,0.1,0.05,0.0,-0.1,-0.05,-100.0,-100.0,1.31945,0.0,0.0,0.0,0.0,-0.0
2025-12-16,PE,25860.1,25250.0,0.0,0.07856389061903515,0.1,0.05,0.05,0.0,-0.05,-0.05,-100.0,-100.0,0.76729,-2.5446217930732332e-203,3.8119576361367894e-203,2.0027717078726905e-199,-6.580587087740958e-203,-7.860696282522673e-197
2025-12-16,CE,25860.1,25150.0,0.0,0.07856389061903515,0.1,728.5,710.45,710.35,-18.15,-0.1,-2.49142,-0.01408,0.93531,1.0,2.236771056817787e-275,1.1751814204638264e-271,2.51497485012575,-2514.9748501257495
2025-12-16,PE,25860.1,26750.0,0.0,0.07856389061903515,0.1,891.2,891.2,889.63,-1.57,-1.57,-0.17617,-0.17617,1.49019,-1.0,0.0,0.0,-2.6749732501337498,2674.9732501337494
2025-12-16,PE,25860.1,25800.0,0.0,0.07856389061903515,0.1,0.15,0.05,0.01,-0.14,-0.04,-93.33333,-80.0,0.09382,-0.0014662729493070217,0.00023524901225924894,1.2359792815937594,-0.003792645377694807,-481.724060054934
2025-12-16,CE,25860.1,25550.0,0.0,0.07856389061903515,0.1,317.3,309.7,310.36,-6.94,0.66,-2.1872,0.21311,,1.0,1.0085147967590356e-53,5.298655165451826e-50,2.55497445012775,-2554.9744501277496
2025-12-16,CE,25860.1,26550.0,0.0,0.07856389061903515,0.1,0.05,0.05,0.0,-0.05,-0.05,-100.0,-100.0,0.83718,2.4834045639280553e-246,4.0983931844953336e-246,2.1532626280611087e-242,6.421958692382711e-246,-8.464856437944837e-240
2025-12-16,CE,25860.1,24950.0,0.0,0.07856389061903515,0.1,911.0,907.75,910.35,-0.65,2.6,-0.07135,0.28642,,1.0,0.0,0.0,2.49497505012475,-2494.9750501247495
2025-12-16,CE,25860.1,25850.0,0.0,0.07856389061903515,0.1,18.1,10.2,14.31,-3.79,4.11,-20.93923,40.29412,,0.6950955926206017,0.01723852647806001,90.56982372622029,1.7960927295027629,-37373.68135256309
2025-12-16,CE,25860.1,27400.0,0.0,0.07856389061903515,0.1,0.05,0.05,0.0,-0.05,-0.05,-100.0,-100.0,1.73061,0.0,0.0,0.0,0.0,-0.0
2025-12-16,CE,25860.1,24650.0,0.0,0.07856389061903515,0.1,1224.3,1224.45,1210.35,-13.95,-14.1,-1.13943,-1.15154,2.86436,1.0,0.0,0.0,2.46497535012325,-2464.9753501232494
2025-12-16,PE,25860.1,24400.0,0.0,0.07856389061903515,0.1,0.1,0.1,0.0,-0.1,-0.1,-100.0,-100.0,1.84065,-0.0,0.0,0.0,-0.0,0.0
2025-12-16,PE,25860.1,24050.0,0.0,0.07856389061903515,0.1,0.1,0.05,0.0,-0.1,-0.05,-100.0,-100.0,2.14678,-0.0,0.0,0.0,-0.0,0.0
2025-12-16,PE,25860.1,27000.0,0.0,0.07856389061903515,0.1,1133.15,1140.25,1139.63,6.48,-0.62,0.57186,-0.05437,1.65259,-1.0,0.0,0.0,-2.6999730001349995,2699.9730001349994
2025-12-16,PE,25860.1,24950.0,0.0,0.07856389061903515,0.1,0.1,0.05,0.0,-0.1,-0.05,-100.0,-100.0,1.11537,-0.0,0.0,0.0,-0.0,0.0
2025-12-16,CE,25860.1,26850.0,0.0,0.07856389061903515,0.1,0.05,0.05,0.0,-0.05,-0.05,-100.0,-100.0,1.16135,0.0,0.0,0.0,0.0,-0.0
2025-12-16,CE,25860.1,26500.0,0.0,0.07856389061903515,0.1,0.1,0.05,0.0,-0.1,-0.05,-100.0,-100.0,0.78193,1.2131609612992167e-212,1.8589606573321051e-212,9.766828926058818e-209,3.137167289778503e-212,-3.8397375644983465e-206
2025-12-16,PE,25860.1,26150.0,0.0,0.07856389061903515,0.1,281.35,289.55,289.64,8.29,0.09,2.94651,0.03108,,-1.0,4.4879032635015675e-46,2.357908072902812e-42,-2.61497385013075,2614.9738501307497
2025-12-16,CE,25860.1,27600.0,0.0,0.07856389061903515,0.1,0.1,0.05,0.0,-0.1,-0.05,-100.0,-100.0,1.93123,0.0,0.0,0.0,0.0,-0.0
2025-12-16,PE,25860.1,24850.0,0.0,0.07856389061903515,0.1,0.1,0.05,0.0,-0.1,-0.05,-100.0,-100.0,1.23049,-0.0,0.0,0.0,-0.0,0.0
2025-12-16,CE,25860.1,24550.0,0.0,0.07856389061903515,0.1,1342.0,1342.0,1310.35,-31.65,-31.65,-2.35842,-2.35842,3.64242,1.0,0.0,0.0,2.45497545012275,-2454.9754501227494
2025-12-16,PE,25860.1,24250.0,0.0,0.07856389061903515,0.1,0.1,0.05,0.0,-0.1,-0.05,-100.0,-100.0,1.91779,-0.0,0.0,0.0,-0.0,0.0
2025-12-16,CE,25860.1,25400.0,0.0,0.07856389061903515,0.1,471.05,460.5,460.35,-10.7,-0.15,-2.27152,-0.03257,0.6512,1.0,6.061805601330825e-116,3.1848236302209333e-112,2.5399746001269996,-2539.9746001269996
2025-12-16,CE,25860.1,26800.0,0.0,0.07856389061903515,0.1,0.05,0.05,0.0,-0.05,-0.05,-100.0,-100.0,1.1081,0.0,0.0,0.0,0.0,-0.0
