Date,Type,S0,K,T,r,sigma,Close Price,LTP,MC Price,MC StdErr,Error vs Close,Error vs LTP,Percent Error vs Close,Percent Error vs LTP
2025-11-12,PE,25875.8,26500.0,34.0,0.1,0.074744859001316,533.05,533.05,423.71127099595384,15.192222839672255,-109.33872900404612,-109.33872900404612,-20.5119086397235,-20.5119086397235
2025-11-12,CE,25875.8,25900.0,34.0,0.1,0.074744859001316,468.9,468.9,448.94136308654396,16.107575645169643,-19.95863691345602,-19.95863691345602,-4.256480467787592,-4.256480467787592
2025-11-12,CE,25875.8,27450.0,34.0,0.1,0.074744859001316,21.0,20.0,14.572274256325185,2.7071862527564745,-6.427725743674815,-5.427725743674815,-30.608217827022926,-27.138628718374076
2025-11-12,CE,25875.8,26200.0,34.0,0.1,0.074744859001316,286.75,286.75,298.9056090999798,13.357726336013066,12.155609099979813,12.155609099979813,4.239096460324259,4.239096460324259
2025-11-12,CE,25875.8,25800.0,34.0,0.1,0.074744859001316,505.5,504.8,514.5966577390291,17.509435463622985,9.09665773902907,9.796657739029058,1.7995366447139602,1.9407008199344409
2025-11-12,CE,25875.8,26500.0,34.0,0.1,0.074744859001316,160.8,158.35,179.23246127593134,10.486215719927367,18.43246127593133,20.882461275931348,11.462973430305553,13.18753474956195
2025-11-12,CE,25875.8,26350.0,34.0,0.1,0.074744859001316,222.35,222.35,221.14262610532273,11.649836283093656,-1.2073738946772608,-1.2073738946772608,-0.5430060241408864,-0.5430060241408864
2025-11-12,PE,25875.8,25600.0,34.0,0.1,0.074744859001316,151.85,155.5,82.02607646407722,7.062570222008817,-69.82392353592277,-73.47392353592278,-45.98216894035086,-47.25011159866417
2025-11-12,PE,25875.8,25000.0,34.0,0.1,0.074744859001316,60.4,63.05,8.538619813325294,1.8867603574463436,-51.86138018667471,-54.5113801866747,-85.86321222959388,-86.45738332541586
2025-11-12,PE,25875.8,25700.0,34.0,0.1,0.074744859001316,182.95,185.0,98.80532100583427,7.454974449342103,-84.14467899416572,-86.19467899416573,-45.99326536986374,-46.591718375224715
2025-11-12,CE,25875.8,26100.0,34.0,0.1,0.074744859001316,334.35,334.35,351.5805236417903,14.928101126130823,17.230523641790285,17.230523641790285,5.153439103272105,5.153439103272105
2025-11-12,CE,25875.8,25850.0,34.0,0.1,0.074744859001316,451.6,451.6,531.1961131925287,17.711251868162265,79.59611319252872,79.59611319252872,17.625357217123277,17.625357217123277
2025-11-12,PE,25875.8,25900.0,34.0,0.1,0.074744859001316,242.65,250.0,156.53043648561777,9.648366281906846,-86.11956351438224,-93.46956351438223,-35.49126870570049,-37.38782540575289
2025-11-12,PE,25875.8,24000.0,34.0,0.1,0.074744859001316,25.55,25.55,0.0,0.0,-25.55,-25.55,-100.0,-100.0
2025-11-12,PE,25875.8,26000.0,34.0,0.1,0.074744859001316,292.25,288.6,188.64169062702865,10.975729280781719,-103.60830937297135,-99.95830937297137,-35.45194503780029,-34.63558883332341
2025-11-12,PE,25875.8,25850.0,34.0,0.1,0.074744859001316,230.15,233.0,146.60188035245076,9.638376992504373,-83.54811964754924,-86.39811964754924,-36.30159445906984,-37.08073804615847
2025-11-12,CE,25875.8,26000.0,34.0,0.1,0.074744859001316,396.55,390.7,412.7308967262982,15.308480384765184,16.180896726298215,22.030896726298238,4.080417784969919,5.638826907166173
2025-11-13,PE,25879.15,25400.0,33.0,0.1,0.0745315652220664,121.3,118.75,39.72615518486576,4.527790614970815,-81.57384481513424,-79.02384481513424,-67.24966596466136,-66.54639563379725
2025-11-13,PE,25879.15,25300.0,33.0,0.1,0.0745315652220664,106.0,106.0,32.574913303747,3.9984552801246083,-73.425086696253,-73.425086696253,-69.26894971344623,-69.26894971344623
2025-11-13,PE,25879.15,26050.0,33.0,0.1,0.0745315652220664,307.4,308.45,204.6088864631763,10.779050383137712,-102.79111353682367,-103.84111353682368,-33.43887883436034,-33.66546070248782
2025-11-13,PE,25879.15,25750.0,33.0,0.1,0.0745315652220664,214.9,214.9,97.96117599014609,7.105954981979051,-116.93882400985392,-116.93882400985392,-54.4154602186384,-54.4154602186384
2025-11-13,CE,25879.15,26500.0,33.0,0.1,0.0745315652220664,157.65,152.8,156.9684782883853,9.888721235460185,-0.6815217116146925,4.168478288385302,-0.43230048310478436,2.728061707058443
2025-11-13,PE,25879.15,25000.0,33.0,0.1,0.0745315652220664,66.2,65.75,10.57641878447289,2.3829935345925426,-55.62358121552711,-55.17358121552711,-84.02353657934609,-83.91419196277887
2025-11-13,CE,25879.15,27000.0,33.0,0.1,0.0745315652220664,54.8,53.15,55.60074880976464,6.187233545514137,0.8007488097646416,2.45074880976464,1.4612204557748933,4.611004345747206
2025-11-13,CE,25879.15,25850.0,33.0,0.1,0.0745315652220664,465.6,470.9,504.0434901780337,16.79170588788228,38.4434901780337,33.143490178033744,8.256763354388681,7.038328770022032
2025-11-13,CE,25879.15,26000.0,33.0,0.1,0.0745315652220664,376.7,367.5,409.20186066784987,15.652570385900908,32.50186066784988,41.70186066784987,8.628049022524523,11.34744507968704
2025-11-13,PE,25879.15,25350.0,33.0,0.1,0.0745315652220664,111.3,111.3,30.983490660850585,3.8012990599073406,-80.3165093391494,-80.3165093391494,-72.16218269465355,-72.16218269465355
2025-11-13,PE,25879.15,25950.0,33.0,0.1,0.0745315652220664,282.55,282.55,174.0030621014934,10.165663186495465,-108.5469378985066,-108.5469378985066,-38.41689538081989,-38.41689538081989
2025-11-13,CE,25879.15,27450.0,33.0,0.1,0.0745315652220664,23.0,22.95,16.610703773651117,2.9995475142473214,-6.389296226348883,-6.339296226348882,-27.779548810212535,-27.62220577929796
2025-11-13,CE,25879.15,26200.0,33.0,0.1,0.0745315652220664,276.05,281.2,279.11316596985944,13.495941902357668,3.0631659698594262,-2.086834030140551,1.1096417206518479,-0.7421173649148475
2025-11-13,CE,25879.15,26400.0,33.0,0.1,0.0745315652220664,189.3,189.3,197.16288003321145,11.13956799850883,7.8628800332114395,7.8628800332114395,4.1536608733288105,4.1536608733288105
2025-11-13,PE,25879.15,25800.0,33.0,0.1,0.0745315652220664,223.35,222.3,117.74192016089127,7.9047304720250375,-105.60807983910873,-104.55807983910874,-47.283671295772876,-47.034673791771816
2025-11-13,CE,25879.15,25900.0,33.0,0.1,0.0745315652220664,437.3,447.45,473.896312120865,16.595626842042062,36.59631212086498,26.446312120865002,8.368697031983759,5.910450803635044
2025-11-13,PE,25879.15,25700.0,33.0,0.1,0.0745315652220664,193.75,191.35,95.17084090063558,7.6034826785390095,-98.57915909936442,-96.17915909936441,-50.879565986768725,-50.26347483635454
2025-11-13,CE,25879.15,26050.0,33.0,0.1,0.0745315652220664,327.7,327.7,372.2064170689635,15.471899938636765,44.506417068963515,44.506417068963515,13.581451653635495,13.581451653635495
2025-11-13,PE,25879.15,25850.0,33.0,0.1,0.0745315652220664,224.35,224.35,136.76730850563558,8.499552777869956,-87.58269149436441,-87.58269149436441,-39.03841831707797,-39.03841831707797
2025-11-13,CE,25879.15,26100.0,33.0,0.1,0.0745315652220664,327.25,327.35,344.55027853445733,14.8210172394231,17.300278534457334,17.20027853445731,5.286563341316222,5.25440004107448
2025-11-13,CE,25879.15,25950.0,33.0,0.1,0.0745315652220664,404.85,404.85,413.2210988076862,15.769015997231794,8.371098807686167,8.371098807686167,2.067703793426248,2.067703793426248
2025-11-13,PE,25879.15,26100.0,33.0,0.1,0.0745315652220664,360.6,360.6,230.9653281012291,11.628846639674817,-129.63467189877093,-129.63467189877093,-35.949714891506076,-35.949714891506076
2025-11-13,PE,25879.15,26500.0,33.0,0.1,0.0745315652220664,555.95,555.95,451.2520264153423,15.486762737211366,-104.69797358465775,-104.69797358465775,-18.832264337558726,-18.832264337558726
2025-11-13,PE,25879.15,25600.0,33.0,0.1,0.0745315652220664,163.15,161.0,69.65260231521998,6.127412598992259,-93.49739768478003,-91.34739768478002,-57.307629595329466,-56.737514089925476
2025-11-13,PE,25879.15,24000.0,33.0,0.1,0.0745315652220664,19.95,19.95,0.3589680357336351,0.35896803573363517,-19.591031964266364,-19.591031964266364,-98.20066147501937,-98.20066147501937
2025-11-13,PE,25879.15,26000.0,33.0,0.1,0.0745315652220664,299.15,297.9,191.93756371949195,10.084731855006755,-107.21243628050803,-105.96243628050803,-35.839022657699495,-35.56980069839142
2025-11-13,PE,25879.15,24650.0,33.0,0.1,0.0745315652220664,56.95,56.95,2.916751109922547,1.1680376619322226,-54.03324889007746,-54.03324889007746,-94.87840015816937,-94.87840015816937
2025-11-13,CE,25879.15,26350.0,33.0,0.1,0.0745315652220664,215.0,215.0,222.00382603937618,11.957055948622767,7.003826039376179,7.003826039376179,3.257593506686595,3.257593506686595
2025-11-13,PE,25879.15,26150.0,33.0,0.1,0.0745315652220664,353.0,353.0,223.90869291899983,11.460590277505842,-129.09130708100017,-129.09130708100017,-36.56977537705387,-36.56977537705387
2025-11-13,CE,25879.15,25800.0,33.0,0.1,0.0745315652220664,494.55,491.0,504.16451756235546,16.247539650747203,9.614517562355445,13.164517562355456,1.9440941385816288,2.6811644729848183
2025-11-13,PE,25879.15,25900.0,33.0,0.1,0.0745315652220664,255.95,258.65,144.0039615044708,9.269345388399216,-111.9460384955292,-114.64603849552918,-43.73746376070686,-44.32477807675592
2025-11-14,CE,25910.05,26800.0,32.0,0.1,0.0741363970063935,83.2,86.9,87.73646017351464,7.009938706957688,4.536460173514641,0.836460173514638,5.452476170089712,0.9625548602009643
2025-11-14,CE,25910.05,26400.0,32.0,0.1,0.0741363970063935,178.75,196.8,200.2284345668839,11.406507877298218,21.47843456688389,3.4284345668838796,12.015907450004974,1.7420907352052235
2025-11-14,PE,25910.05,26000.0,32.0,0.1,0.0741363970063935,299.4,290.0,175.7443355043926,10.359731286181068,-123.65566449560737,-114.25566449560739,-41.30115714616145,-39.39850499848531
2025-11-14,PE,25910.05,25900.0,32.0,0.1,0.0741363970063935,259.45,256.05,150.27140134930812,9.532830817840644,-109.17859865069187,-105.77859865069189,-42.08078575860161,-41.31169640722198
2025-11-14,PE,25910.05,25200.0,32.0,0.1,0.0741363970063935,86.0,86.0,18.285096051955264,2.8161021921893434,-67.71490394804474,-67.71490394804474,-78.73826040470318,-78.73826040470318
2025-11-14,CE,25910.05,26350.0,32.0,0.1,0.0741363970063935,198.75,223.55,211.29007374626036,11.31410544910375,12.540073746260362,-12.25992625373965,6.3094710673008105,-5.48419872679027
2025-11-14,PE,25910.05,26400.0,32.0,0.1,0.0741363970063935,497.8,498.0,315.25824295098386,13.12637773689339,-182.54175704901616,-182.74175704901614,-36.66969808136122,-36.69513193755344
2025-11-14,CE,25910.05,25850.0,32.0,0.1,0.0741363970063935,435.7,467.95,495.5274964083698,16.608706414923635,59.827496408369825,27.577496408369825,13.731351023265969,5.89325705916654
2025-11-14,CE,25910.05,26200.0,32.0,0.1,0.0741363970063935,272.65,282.3,284.00700357196223,12.985645711293179,11.357003571962252,1.7070035719622183,4.165414843925272,0.6046771420340837
2025-11-14,PE,25910.05,25300.0,32.0,0.1,0.0741363970063935,99.05,97.1,24.001281398062414,3.6065151735418044,-75.04871860193758,-73.09871860193758,-75.76851953754425,-75.28189351383891
2025-11-14,PE,25910.05,25950.0,32.0,0.1,0.0741363970063935,292.8,292.8,140.2412766707109,9.106622849778201,-152.5587233292891,-152.5587233292891,-52.10338911519437,-52.10338911519437
2025-11-14,PE,25910.05,25450.0,32.0,0.1,0.0741363970063935,120.8,120.0,42.97314581816996,4.84564890423527,-77.82685418183004,-77.02685418183003,-64.42620379290567,-64.18904515152502
2025-11-14,CE,25910.05,26100.0,32.0,0.1,0.0741363970063935,319.15,337.2,323.48211634481225,13.504652172516666,4.3321163448122775,-13.717883655187734,1.3573919300680801,-4.068174274966706
2025-11-14,CE,25910.05,26050.0,32.0,0.1,0.0741363970063935,349.9,349.9,370.5313396711362,14.000663040503753,20.63133967113623,20.63133967113623,5.896353149796008,5.896353149796008
2025-11-14,PE,25910.05,25600.0,32.0,0.1,0.0741363970063935,164.35,158.15,58.71190493519558,5.699895107313774,-105.63809506480442,-99.43809506480443,-64.27629757517762,-62.87581097995854
2025-11-14,CE,25910.05,27150.0,32.0,0.1,0.0741363970063935,34.9,34.9,27.49592397765673,3.889223288229143,-7.4040760223432684,-7.4040760223432684,-21.215117542530855,-21.215117542530855
2025-11-14,PE,25910.05,25000.0,32.0,0.1,0.0741363970063935,57.9,59.4,12.69072677959452,2.47167573726449,-45.20927322040548,-46.70927322040548,-78.08164632194384,-78.63514010169273
2025-11-14,CE,25910.05,27000.0,32.0,0.1,0.0741363970063935,51.35,49.25,53.947642653595175,5.768957797211256,2.597642653595173,4.6976426535951745,5.058700396485245,9.538360717959746
2025-11-14,PE,25910.05,25850.0,32.0,0.1,0.0741363970063935,242.15,223.55,121.85552910175271,8.296856132289374,-120.2944708982473,-101.6944708982473,-49.67766710644117,-45.49070494218175
2025-11-14,CE,25910.05,26500.0,32.0,0.1,0.0741363970063935,153.2,160.25,158.68353573247515,9.659530185658705,5.483535732475161,-1.5664642675248501,3.5793314180647267,-0.9775128034476444
2025-11-14,PE,25910.05,24000.0,32.0,0.1,0.0741363970063935,17.5,15.0,0.0,0.0,-17.5,-15.0,-100.0,-100.0
2025-11-14,PE,25910.05,25400.0,32.0,0.1,0.0741363970063935,114.3,109.65,33.77890196311488,4.4605116870599275,-80.52109803688512,-75.87109803688512,-70.4471548879135,-69.19388785853636
2025-11-14,CE,25910.05,27450.0,32.0,0.1,0.0741363970063935,21.65,22.0,13.830806307659564,2.5174604323306364,-7.819193692340434,-8.169193692340436,-36.1163680939512,-37.13269860154744
2025-11-14,PE,25910.05,25800.0,32.0,0.1,0.0741363970063935,225.4,213.55,94.37528037548672,7.116475254636665,-131.0247196245133,-119.17471962451329,-58.12986673669622,-55.80647137649885
2025-11-14,CE,25910.05,25950.0,32.0,0.1,0.0741363970063935,393.0,393.0,434.69321979077284,15.97620019210348,41.693219790772844,41.693219790772844,10.608961778822607,10.608961778822607
2025-11-14,CE,25910.05,25900.0,32.0,0.1,0.0741363970063935,420.5,433.8,453.1551058783224,15.86536646207353,32.65510587832239,19.355105878322377,7.76578023265693,4.461757924924476
2025-11-14,CE,25910.05,26000.0,32.0,0.1,0.0741363970063935,378.35,389.5,406.26116333124855,15.37188529756993,27.91116333124853,16.761163331248554,7.3770750181706175,4.303251176187048
2025-11-14,PE,25910.05,26150.0,32.0,0.1,0.0741363970063935,391.0,391.0,230.72096219739305,11.35966128741964,-160.27903780260695,-160.27903780260695,-40.99208127943912,-40.99208127943912
2025-11-14,CE,25910.05,25800.0,32.0,0.1,0.0741363970063935,501.8,511.0,562.9084320518825,17.260906450032852,61.10843205188252,51.90843205188253,12.177846164185436,10.158205880994624
2025-11-14,PE,25910.05,25350.0,32.0,0.1,0.0741363970063935,102.4,103.0,29.412930504021624,3.5636497187831253,-72.98706949597837,-73.58706949597837,-71.27643505466638,-71.44375679221201
2025-11-14,PE,25910.05,26500.0,32.0,0.1,0.0741363970063935,565.2,565.0,450.7557191940313,15.354786559627458,-114.44428080596873,-114.24428080596869,-20.2484573258968,-20.22022669132189
2025-11-14,PE,25910.05,24650.0,32.0,0.1,0.0741363970063935,40.0,40.0,4.901181672906166,1.5024137423521335,-35.09881832709384,-35.09881832709384,-87.74704581773459,-87.74704581773459
2025-11-14,PE,25910.05,25500.0,32.0,0.1,0.0741363970063935,136.65,127.45,47.10648440241358,5.039173356942562,-89.54351559758643,-80.34351559758642,-65.52763673442111,-63.03924330920865
2025-11-14,CE,25910.05,27600.0,32.0,0.1,0.0741363970063935,12.95,12.95,4.567054983153936,1.2615423066099904,-8.382945016846064,-8.382945016846064,-64.73316615325146,-64.73316615325146
2025-11-14,PE,25910.05,25700.0,32.0,0.1,0.0741363970063935,195.85,184.3,83.24360337924814,6.730859400124937,-112.60639662075185,-101.05639662075187,-57.49624540247733,-54.83255378228533
2025-11-14,PE,25910.05,26050.0,32.0,0.1,0.0741363970063935,315.85,315.85,192.70698973203363,10.253491491272069,-123.14301026796639,-123.14301026796639,-38.987813920521255,-38.987813920521255
2025-11-14,PE,25910.05,26100.0,32.0,0.1,0.0741363970063935,347.6,346.0,205.0980219450356,10.713259871504636,-142.5019780549644,-140.9019780549644,-40.99596606874695,-40.72311504478739
2025-11-17,PE,26013.45,26150.0,29.0,0.1,0.0711209892948721,305.0,305.0,182.48597815272018,9.767222972891496,-122.51402184727982,-122.51402184727982,-40.1685317532065,-40.1685317532065
2025-11-17,PE,26013.45,26000.0,29.0,0.1,0.0711209892948721,235.25,234.9,130.53134504848282,8.542580791647303,-104.71865495151718,-104.36865495151719,-44.51377468714865,-44.4311004476446
2025-11-17,CE,26013.45,26350.0,29.0,0.1,0.0711209892948721,244.15,244.15,235.05354777453113,11.272891461868408,-9.09645222546888,-9.09645222546888,-3.7257637622235835,-3.7257637622235835
2025-11-17,CE,26013.45,25700.0,29.0,0.1,0.0711209892948721,619.2,619.2,664.0164698609884,16.94082479867586,44.81646986098838,44.81646986098838,7.237801980133781,7.237801980133781
2025-11-17,CE,26013.45,26450.0,29.0,0.1,0.0711209892948721,185.5,185.5,207.2495669126234,10.764668469188488,21.749566912623408,21.749566912623408,11.724833915160866,11.724833915160866
2025-11-17,PE,26013.45,24500.0,29.0,0.1,0.0711209892948721,22.95,23.35,0.0003360035728889943,0.0003360035728889942,-22.94966399642711,-23.34966399642711,-99.99853593214428,-99.9985610125358
2025-11-17,PE,26013.45,25450.0,29.0,0.1,0.0711209892948721,90.6,90.05,29.044532443706423,3.564036243857237,-61.55546755629357,-61.005467556293574,-67.94201717030197,-67.74621605362974
2025-11-17,CE,26013.45,26400.0,29.0,0.1,0.0711209892948721,218.55,221.35,212.43558554079277,10.879382562990365,-6.114414459207239,-8.914414459207222,-2.7977188099781465,-4.027293634157317
2025-11-17,CE,26013.45,26550.0,29.0,0.1,0.0711209892948721,149.45,149.45,165.5150358042292,9.50188539254419,16.06503580422921,16.06503580422921,10.749438477236007,10.749438477236007
2025-11-17,PE,26013.45,25550.0,29.0,0.1,0.0711209892948721,107.3,107.3,35.46447139708536,4.4514354443444955,-71.83552860291464,-71.83552860291464,-66.94830251902576,-66.94830251902576
2025-11-17,PE,26013.45,25800.0,29.0,0.1,0.0711209892948721,168.75,169.0,64.72957822496198,5.47553976867626,-104.02042177503802,-104.27042177503802,-61.64173142224475,-61.69847442309941
2025-11-17,CE,26013.45,26600.0,29.0,0.1,0.0711209892948721,144.75,143.0,127.76529875436295,8.100086955076165,-16.984701245637055,-15.234701245637055,-11.73381778627776,-10.653637234711228
2025-11-17,CE,26013.45,26500.0,29.0,0.1,0.0711209892948721,175.3,177.0,169.60204897362047,9.533125033359331,-5.697951026379542,-7.3979510263795305,-3.2503999009580955,-4.179633348237023
2025-11-17,PE,26013.45,25700.0,29.0,0.1,0.0711209892948721,141.2,140.0,54.333393050248645,4.95313987172055,-86.86660694975134,-85.66660694975135,-61.5202598794273,-61.190433535536684
2025-11-17,CE,26013.45,26050.0,29.0,0.1,0.0711209892948721,392.85,392.85,383.78723366223625,14.042556005265443,-9.062766337763776,-9.062766337763776,-2.3069279210293434,-2.3069279210293434
2025-11-17,CE,26013.45,26300.0,29.0,0.1,0.0711209892948721,255.0,255.0,263.7303970885449,12.215076981572688,8.730397088544919,8.730397088544919,3.423685132762713,3.423685132762713
2025-11-17,PE,26013.45,25600.0,29.0,0.1,0.0711209892948721,115.8,116.0,38.38647421455385,4.157301002475235,-77.41352578544615,-77.61352578544614,-66.85105853665472,-66.9082118840053
2025-11-17,PE,26013.45,26100.0,29.0,0.1,0.0711209892948721,272.0,275.85,146.0124675788341,8.497864581866173,-125.9875324211659,-129.83753242116592,-46.318945743075695,-47.068164734879794
2025-11-17,PE,26013.45,24000.0,29.0,0.1,0.0711209892948721,14.1,14.1,0.0,0.0,-14.1,-14.1,-100.0,-100.0
2025-11-17,PE,26013.45,25750.0,29.0,0.1,0.0711209892948721,162.65,162.65,63.76052817028299,5.561352852643682,-98.88947182971702,-98.88947182971702,-60.798937491372286,-60.798937491372286
2025-11-17,CE,26013.45,27600.0,29.0,0.1,0.0711209892948721,12.45,12.95,5.308451407725046,1.2072789405294027,-7.141548592274953,-7.641548592274953,-57.36183608252975,-59.00809723764443
2025-11-17,PE,26013.45,26050.0,29.0,0.1,0.0711209892948721,259.05,259.05,148.76891825705562,8.875610174160673,-110.2810817429444,-110.2810817429444,-42.57134983321536,-42.57134983321536
2025-11-17,PE,26013.45,25350.0,29.0,0.1,0.0711209892948721,83.4,83.4,15.056753136066778,2.400804798437403,-68.34324686393323,-68.34324686393323,-81.94633916538756,-81.94633916538756
2025-11-17,CE,26013.45,27150.0,29.0,0.1,0.0711209892948721,35.05,33.9,26.667603320494198,4.115318773527262,-8.3823966795058,-7.232396679505801,-23.91553974181398,-21.334503479368145
2025-11-17,PE,26013.45,25400.0,29.0,0.1,0.0711209892948721,81.85,79.55,19.447289820293808,2.9368584341472816,-62.40271017970619,-60.10271017970619,-76.24033009127209,-75.55337546160426
2025-11-17,CE,26013.45,26150.0,29.0,0.1,0.0711209892948721,337.85,337.85,353.01154778906084,14.13044797571336,15.161547789060819,15.161547789060819,4.4876565899247645,4.4876565899247645
2025-11-17,CE,26013.45,26100.0,29.0,0.1,0.0711209892948721,361.0,363.0,388.90878580384924,14.248927097344575,27.90878580384924,25.90878580384924,7.730965596634139,7.137406557534226
2025-11-17,CE,26013.45,27000.0,29.0,0.1,0.0711209892948721,52.4,53.0,41.65851558476006,4.519275514283018,-10.741484415239938,-11.34148441523994,-20.499016059618203,-21.399027198565925
2025-11-17,PE,26013.45,26400.0,29.0,0.1,0.0711209892948721,429.15,428.15,273.0440882206198,11.373819492741564,-156.10591177938016,-155.10591177938016,-36.37560568085289,-36.22700263444591
2025-11-17,CE,26013.45,26000.0,29.0,0.1,0.0711209892948721,420.75,421.95,424.9159557132515,14.862906168155549,4.165955713251492,2.9659557132515033,0.9901261350568014,0.7029163913381925
2025-11-17,CE,26013.45,25900.0,29.0,0.1,0.0711209892948721,484.6,487.35,502.4042828503986,15.152388958851292,17.80428285039858,15.054282850398579,3.674016271233714,3.089008484743732
2025-11-17,PE,26013.45,25000.0,29.0,0.1,0.0711209892948721,40.85,40.6,2.5193439449563155,0.9022455076934609,-38.33065605504368,-38.08065605504368,-93.83269536118404,-93.79471934739823
2025-11-17,CE,26013.45,27450.0,29.0,0.1,0.0711209892948721,17.25,17.65,8.899797615697151,2.307090512859294,-8.350202384302849,-8.750202384302847,-48.40697034378463,-49.57621747480367
2025-11-17,PE,26013.45,25500.0,29.0,0.1,0.0711209892948721,98.7,98.9,29.015074873692086,3.8820552548514575,-69.68492512630792,-69.88492512630792,-70.60276101956222,-70.66220943003833
2025-11-17,CE,26013.45,26250.0,29.0,0.1,0.0711209892948721,259.45,259.45,299.4121479748187,12.743136279126281,39.96214797481872,39.96214797481872,15.402639419856898,15.402639419856898
2025-11-17,PE,26013.45,25300.0,29.0,0.1,0.0711209892948721,65.0,64.95,13.279111408685552,2.8002820869402028,-51.72088859131445,-51.67088859131445,-79.57059783279146,-79.55487081033787
2025-11-17,PE,26013.45,25850.0,29.0,0.1,0.0711209892948721,186.5,186.5,95.56580944139297,6.978784600399165,-90.93419055860703,-90.93419055860703,-48.75827911989653,-48.75827911989653
2025-11-17,CE,26013.45,26800.0,29.0,0.1,0.0711209892948721,90.3,86.4,75.07952440976506,5.970917085806832,-15.22047559023494,-11.320475590234949,-16.855454695719757,-13.102402303512672
2025-11-17,PE,26013.45,25650.0,29.0,0.1,0.0711209892948721,144.9,144.9,40.77603707112506,4.266074433096216,-104.12396292887495,-104.12396292887495,-71.85918766658035,-71.85918766658035
2025-11-17,PE,26013.45,25950.0,29.0,0.1,0.0711209892948721,220.0,220.0,111.47101729803254,7.804167047872325,-108.52898270196746,-108.52898270196746,-49.331355773621574,-49.331355773621574
2025-11-17,CE,26013.45,26200.0,29.0,0.1,0.0711209892948721,309.35,311.85,327.1221369414297,12.981135965041648,17.772136941429665,15.272136941429665,5.744993354268519,4.897270143155255
2025-11-17,CE,26013.45,25950.0,29.0,0.1,0.0711209892948721,440.0,440.0,480.01138355851816,15.395119861150377,40.01138355851816,40.01138355851816,9.093496263299581,9.093496263299581
2025-11-17,PE,26013.45,25050.0,29.0,0.1,0.0711209892948721,62.9,62.9,4.692688765014226,1.388608687723228,-58.207311234985774,-58.207311234985774,-92.53944552461968,-92.53944552461968
2025-11-17,CE,26013.45,25850.0,29.0,0.1,0.0711209892948721,515.0,515.0,559.1081382283554,16.434434893517096,44.108138228355415,44.108138228355415,8.564687034632119,8.564687034632119
2025-11-17,PE,26013.45,25900.0,29.0,0.1,0.0711209892948721,200.0,201.9,91.29005638590377,6.961243643748304,-108.70994361409623,-110.60994361409624,-54.354971807048116,-54.78451887770988
2025-11-17,CE,26013.45,25800.0,29.0,0.1,0.0711209892948721,552.8,558.0,575.5048211340919,16.229116959837313,22.704821134091958,17.504821134091912,4.107239713113596,3.13706471937131
2025-11-17,CE,26013.45,26700.0,29.0,0.1,0.0711209892948721,109.75,110.45,106.43965361491703,7.947054340107016,-3.3103463850829655,-4.010346385082968,-3.0162609431279868,-3.6309156949596813
2025-11-17,PE,26013.45,26500.0,29.0,0.1,0.0711209892948721,495.0,495.0,353.0586784542476,12.913106765704546,-141.94132154575237,-141.94132154575237,-28.675014453687346,-28.675014453687346
2025-11-17,PE,26013.45,25200.0,29.0,0.1,0.0711209892948721,56.85,56.8,11.022788552263654,2.2799912896446317,-45.827211447736346,-45.77721144773634,-80.61075012794431,-80.59368212629639
2025-11-18,PE,25910.05,24650.0,28.0,0.1,0.0728468027028103,38.8,38.8,1.6782544634449508,0.8040213576448909,-37.121745536555046,-37.121745536555046,-95.67460189833776,-95.67460189833776
2025-11-18,CE,25910.05,26100.0,28.0,0.1,0.0728468027028103,303.6,298.35,304.36326584770904,12.852735713150892,0.7632658477090217,6.013265847709022,0.2514050881782021,2.0155072390511215
2025-11-18,PE,25910.05,25350.0,28.0,0.1,0.0728468027028103,87.9,91.85,28.50694119984142,3.8421489036766654,-59.393058800158585,-63.34305880015857,-67.56889510825778,-68.96359150806596
2025-11-18,PE,25910.05,26150.0,28.0,0.1,0.0728468027028103,339.6,362.4,238.61675413362974,11.077662060866986,-100.98324586637028,-123.78324586637024,-29.735938123195016,-34.156524797563534
2025-11-18,PE,25910.05,24000.0,28.0,0.1,0.0728468027028103,14.0,14.0,0.0,0.0,-14.0,-14.0,-100.0,-100.0
2025-11-18,CE,25910.05,25900.0,28.0,0.1,0.0728468027028103,411.7,408.4,415.1698636122963,14.671116421867422,3.469863612296308,6.769863612296319,0.8428136051241943,1.6576551450284818
2025-11-18,PE,25910.05,25000.0,28.0,0.1,0.0728468027028103,48.4,49.95,6.896456398573405,1.486760675504875,-41.50354360142659,-43.0535436014266,-85.75112314344338,-86.19328048333652
2025-11-18,PE,25910.05,26050.0,28.0,0.1,0.0728468027028103,294.55,294.4,168.6373176299411,9.287597551868085,-125.91268237005892,-125.76268237005888,-42.74747322018636,-42.71830243548196
2025-11-18,PE,25910.05,26000.0,28.0,0.1,0.0728468027028103,277.8,283.55,150.13799305430916,9.16807141058564,-127.66200694569085,-133.41200694569085,-45.954646128758405,-47.05061080786134
2025-11-18,CE,25910.05,25950.0,28.0,0.1,0.0728468027028103,381.1,367.95,390.77664323991854,14.53185387609242,9.67664323991852,22.826643239918553,2.5391349356910307,6.203735083549002
2025-11-18,CE,25910.05,26600.0,28.0,0.1,0.0728468027028103,110.65,107.0,114.81157157181777,8.31780171575282,4.16157157181776,7.811571571817765,3.761022658669462,7.30053417926894
2025-11-18,CE,25910.05,26250.0,28.0,0.1,0.0728468027028103,222.85,227.0,218.64899009837933,11.086575820507608,-4.201009901620665,-8.351009901620671,-1.8851289663992215,-3.678858987498093
2025-11-18,PE,25910.05,26400.0,28.0,0.1,0.0728468027028103,496.0,496.0,333.5437625637411,13.174326052078046,-162.4562374362589,-162.4562374362589,-32.7532736766651,-32.7532736766651
2025-11-18,CE,25910.05,26700.0,28.0,0.1,0.0728468027028103,86.0,83.65,76.49834481349826,6.298888526704909,-9.501655186501736,-7.151655186501742,-11.048436263374112,-8.549498130904652
2025-11-18,PE,25910.05,26200.0,28.0,0.1,0.0728468027028103,361.85,361.85,251.79860316761565,11.522252540027106,-110.05139683238437,-110.05139683238437,-30.413540647335736,-30.413540647335736
2025-11-18,PE,25910.05,25850.0,28.0,0.1,0.0728468027028103,218.7,218.7,114.06162386592858,7.618355105556398,-104.63837613407141,-104.63837613407141,-47.8456223749755,-47.8456223749755
2025-11-18,PE,25910.05,25750.0,28.0,0.1,0.0728468027028103,177.7,177.7,87.4382852622595,6.67338344754393,-90.26171473774049,-90.26171473774049,-50.794437106212996,-50.794437106212996
2025-11-18,CE,25910.05,26400.0,28.0,0.1,0.0728468027028103,170.95,169.8,158.90480310575447,9.18092617801835,-12.045196894245521,-10.895196894245544,-7.046035036119054,-6.416488159155207
2025-11-18,CE,25910.05,26200.0,28.0,0.1,0.0728468027028103,253.35,244.0,260.8710731236305,12.347646810942726,7.521073123630487,16.87107312363048,2.9686493481864957,6.914374230996098
2025-11-18,PE,25910.05,25800.0,28.0,0.1,0.0728468027028103,201.9,206.1,82.71383784555283,6.356640769176942,-119.18616215444717,-123.38616215444716,-59.03227446976086,-59.86713350531158
2025-11-18,CE,25910.05,26050.0,28.0,0.1,0.0728468027028103,362.15,362.15,345.8356019116688,13.89962068859786,-16.31439808833119,-16.31439808833119,-4.504873143264169,-4.504873143264169
2025-11-18,CE,25910.05,27000.0,28.0,0.1,0.0728468027028103,38.35,37.75,35.78929909342803,4.816865799237162,-2.5607009065719737,-1.9607009065719723,-6.677186197058601,-5.19390968628337
2025-11-18,CE,25910.05,26000.0,28.0,0.1,0.0728468027028103,353.15,346.05,375.78476629462165,14.433449658080432,22.63476629462167,29.734766294621636,6.4093915601363936,8.59262138263882
2025-11-18,CE,25910.05,26500.0,28.0,0.1,0.0728468027028103,138.75,134.0,134.13280138057564,8.748019857106481,-4.617198619424357,0.13280138057564272,-3.3277107167022395,0.0991055078922707
2025-11-18,CE,25910.05,26800.0,28.0,0.1,0.0728468027028103,64.65,62.65,57.98965857718172,5.36660048558112,-6.660341422818284,-4.660341422818277,-10.302152239471436,-7.438693412319676
2025-11-18,CE,25910.05,27250.0,28.0,0.1,0.0728468027028103,22.65,22.65,17.656728766877198,2.9657953582021634,-4.993271233122801,-4.993271233122801,-22.045347607606185,-22.045347607606185
2025-11-18,PE,25910.05,26500.0,28.0,0.1,0.0728468027028103,527.2,527.2,460.34422295984405,15.059118518473941,-66.855777040156,-66.855777040156,-12.68129306527997,-12.68129306527997
2025-11-18,PE,25910.05,25900.0,28.0,0.1,0.0728468027028103,235.5,246.85,136.4585721163587,8.362193033379887,-99.04142788364129,-110.39142788364128,-42.05580801853133,-44.720043704128535
2025-11-18,PE,25910.05,25650.0,28.0,0.1,0.0728468027028103,147.45,147.45,64.12173206992111,5.352479541876186,-83.32826793007888,-83.32826793007888,-56.51289788408198,-56.51289788408198
2025-11-18,PE,25910.05,25400.0,28.0,0.1,0.0728468027028103,97.25,100.0,25.604105684228532,3.1732718345086997,-71.64589431577147,-74.39589431577147,-73.67187076171874,-74.39589431577147
2025-11-18,CE,25910.05,26150.0,28.0,0.1,0.0728468027028103,284.65,282.8,282.7328015437358,12.355888232564249,-1.9171984562642024,-0.06719845626423648,-0.6735283528066758,-0.023761830362176974
2025-11-18,PE,25910.05,25450.0,28.0,0.1,0.0728468027028103,105.2,109.4,36.23588675392433,4.042028217714404,-68.96411324607567,-73.16411324607567,-65.5552407282088,-66.87761722676021
2025-11-18,PE,25910.05,25950.0,28.0,0.1,0.0728468027028103,236.55,236.55,140.6532214725043,8.732740472602064,-95.89677852749571,-95.89677852749571,-40.53974995878068,-40.53974995878068
2025-11-18,PE,25910.05,26100.0,28.0,0.1,0.0728468027028103,316.75,325.2,207.08170826701792,10.483375234267857,-109.66829173298208,-118.11829173298207,-34.622980815463954,-36.32173792527124
2025-11-18,CE,25910.05,26300.0,28.0,0.1,0.0728468027028103,209.7,206.0,197.64147911008033,9.925670750403766,-12.058520889919663,-8.358520889919674,-5.750367615603082,-4.057534412582366
2025-11-18,PE,25910.05,25600.0,28.0,0.1,0.0728468027028103,142.55,146.9,54.65372474008035,5.450205690942956,-87.89627525991966,-92.24627525991966,-61.65996159938243,-62.79528608571794
2025-11-18,PE,25910.05,25300.0,28.0,0.1,0.0728468027028103,65.1,65.1,21.588773774776502,3.1438181511808994,-43.511226225223496,-43.511226225223496,-66.83752108329263,-66.83752108329263
2025-11-18,CE,25910.05,27450.0,28.0,0.1,0.0728468027028103,12.6,11.6,8.269444046321464,1.8692025371261154,-4.330555953678536,-3.3305559536785356,-34.36949169586139,-28.71168925584945
2025-11-18,CE,25910.05,25700.0,28.0,0.1,0.0728468027028103,544.15,541.0,586.0912988566748,16.431958510925522,41.94129885667485,45.091298856674825,7.707672306657145,8.334805703636752
2025-11-18,CE,25910.05,27200.0,28.0,0.1,0.0728468027028103,26.95,26.95,16.154237331815544,3.1659652098244058,-10.795762668184455,-10.795762668184455,-40.05848856469186,-40.05848856469186
2025-11-18,PE,25910.05,25550.0,28.0,0.1,0.0728468027028103,127.05,132.65,50.1710642083554,4.945065293093969,-76.8789357916446,-82.4789357916446,-60.51077197295914,-62.17786339362578
2025-11-18,CE,25910.05,25850.0,28.0,0.1,0.0728468027028103,442.8,442.8,483.7728664815618,15.90936571520891,40.972866481561766,40.972866481561766,9.25313154506815,9.25313154506815
2025-11-18,CE,25910.05,25800.0,28.0,0.1,0.0728468027028103,500.0,500.0,508.8562261178972,15.961192420323435,8.856226117897222,8.856226117897222,1.7712452235794443,1.7712452235794443
2025-11-18,PE,25910.05,25500.0,28.0,0.1,0.0728468027028103,118.25,123.0,48.25904553858331,4.833207346678568,-69.99095446141669,-74.74095446141669,-59.188967832064854,-60.76500362716805
2025-11-18,PE,25910.05,24500.0,28.0,0.1,0.0728468027028103,22.75,22.75,0.5312158403288975,0.5312158403288977,-22.218784159671102,-22.218784159671102,-97.66498531723562,-97.66498531723562
2025-11-18,CE,25910.05,26450.0,28.0,0.1,0.0728468027028103,169.0,169.0,140.53976252688614,9.094942942674125,-28.460237473113864,-28.460237473113864,-16.840377203025955,-16.840377203025955
2025-11-18,CE,25910.05,27150.0,28.0,0.1,0.0728468027028103,34.9,34.9,21.7043328101166,3.342100613767131,-13.195667189883398,-13.195667189883398,-37.80993464149971,-37.80993464149971
2025-11-18,CE,25910.05,27600.0,28.0,0.1,0.0728468027028103,8.1,8.1,2.443218908731872,0.8942643534608047,-5.656781091268128,-5.656781091268128,-69.83680359590282,-69.83680359590282
2025-11-18,CE,25910.05,26350.0,28.0,0.1,0.0728468027028103,189.75,184.7,181.99034593647218,10.35028646402255,-7.759654063527819,-2.7096540635278075,-4.089409256141143,-1.4670568833393653
2025-11-18,PE,25910.05,25700.0,28.0,0.1,0.0728468027028103,170.2,171.85,71.21322107351844,6.069223210325737,-98.98677892648155,-100.63677892648155,-58.15909455139927,-58.56082567732416
2025-11-18,PE,25910.05,25200.0,28.0,0.1,0.0728468027028103,68.95,73.25,17.018180787119164,2.691692434893463,-51.93181921288084,-56.231819212880836,-75.31808442767344,-76.76698868652674
2025-11-19,CE,26052.65,27000.0,27.0,0.1,0.0717088058671652,48.75,50.0,45.551063514163616,4.625522811861341,-3.1989364858363842,-4.448936485836384,-6.561920996587454,-8.897872971672768
2025-11-19,CE,26052.65,25750.0,27.0,0.1,0.0717088058671652,575.0,575.0,610.5258829644222,16.003589700113274,35.52588296442218,35.52588296442218,6.178414428595161,6.178414428595161
2025-11-19,CE,26052.65,26700.0,27.0,0.1,0.0717088058671652,106.4,110.2,107.69614464025477,7.803314142447317,1.2961446402547665,-2.5038553597452307,1.218181052871021,-2.2721010524003904
2025-11-19,PE,26052.65,26050.0,27.0,0.1,0.0717088058671652,243.3,242.75,119.62737844180039,7.707048421330235,-123.67262155819962,-123.12262155819961,-50.83132821956416,-50.71992649153434
2025-11-19,CE,26052.65,26450.0,27.0,0.1,0.0717088058671652,190.45,190.45,200.38657675303838,10.75073731730505,9.936576753038395,9.936576753038395,5.217420190621367,5.217420190621367
2025-11-19,CE,26052.65,26800.0,27.0,0.1,0.0717088058671652,82.35,82.85,82.07496977304974,6.623998967834183,-0.2750302269502498,-0.7750302269502498,-0.3339772033397084,-0.9354619516599274
2025-11-19,CE,26052.65,27200.0,27.0,0.1,0.0717088058671652,27.85,26.1,19.211044588831225,2.8483523985603862,-8.638955411168777,-6.8889554111687765,-31.01958854997765,-26.394465176891863
2025-11-19,PE,26052.65,24850.0,27.0,0.1,0.0717088058671652,35.1,35.1,0.7065221805063575,0.5474868266135633,-34.39347781949365,-34.39347781949365,-97.98711629485369,-97.98711629485369
2025-11-19,PE,26052.65,25750.0,27.0,0.1,0.0717088058671652,147.35,147.35,54.515012765883164,5.310441087483548,-92.83498723411682,-92.83498723411682,-63.003045289526185,-63.003045289526185
2025-11-19,PE,26052.65,26250.0,27.0,0.1,0.0717088058671652,332.95,332.95,207.06981741742365,10.52296151049987,-125.88018258257634,-125.88018258257634,-37.80753343822686,-37.80753343822686
2025-11-19,CE,26052.65,25500.0,27.0,0.1,0.0717088058671652,668.05,668.05,832.3480946787844,17.46486954668387,164.29809467878442,164.29809467878442,24.593682311022295,24.593682311022295
2025-11-19,PE,26052.65,24600.0,27.0,0.1,0.0717088058671652,21.8,21.8,0.6396774202297167,0.3297997357400513,-21.160322579770284,-21.160322579770284,-97.06569990720314,-97.06569990720314
2025-11-19,CE,26052.65,26050.0,27.0,0.1,0.0717088058671652,390.4,389.75,405.57440373901636,14.034578203055002,15.174403739016384,15.824403739016361,3.8868862036414917,4.0601420754371675
2025-11-19,CE,26052.65,25800.0,27.0,0.1,0.0717088058671652,555.0,555.0,591.7355687065134,16.29290831711094,36.73556870651339,36.73556870651339,6.619021388560971,6.619021388560971
2025-11-19,CE,26052.65,25600.0,27.0,0.1,0.0717088058671652,604.9,604.9,744.0084688333718,17.353033657137523,139.10846883337183,139.10846883337183,22.996936490886398,22.996936490886398
2025-11-19,CE,26052.65,26600.0,27.0,0.1,0.0717088058671652,136.25,139.3,144.6624515766366,8.58571701522128,8.412451576636613,5.362451576636602,6.174276386522285,3.8495704067743013
2025-11-19,CE,26052.65,25950.0,27.0,0.1,0.0717088058671652,457.0,457.0,463.7953477658349,15.056601648010037,6.79534776583489,6.79534776583489,1.4869469947122298,1.4869469947122298
2025-11-19,PE,26052.65,24700.0,27.0,0.1,0.0717088058671652,24.75,25.5,0.3156346386028065,0.30493844562205086,-24.434365361397195,-25.184365361397195,-98.72470853089776,-98.76221710351841
2025-11-19,PE,26052.65,25600.0,27.0,0.1,0.0717088058671652,111.5,112.7,37.98330646791139,4.12519353871609,-73.51669353208861,-74.71669353208861,-65.93425428886871,-66.2969774020307
2025-11-19,PE,26052.65,25350.0,27.0,0.1,0.0717088058671652,73.0,73.0,10.644548591901493,1.869001208024198,-62.3554514080985,-62.3554514080985,-85.4184265864363,-85.4184265864363
2025-11-19,PE,26052.65,25300.0,27.0,0.1,0.0717088058671652,65.1,66.75,14.253220026027781,2.4605029266036524,-50.84677997397221,-52.49677997397222,-78.10565280180064,-78.64686138422805
2025-11-19,CE,26052.65,26200.0,27.0,0.1,0.0717088058671652,302.2,302.7,319.9419650995395,12.969084960481137,17.741965099539527,17.241965099539527,5.870934844321485,5.696057185179891
2025-11-19,CE,26052.65,26550.0,27.0,0.1,0.0717088058671652,153.5,153.45,147.5979974296223,9.088738787196316,-5.902002570377704,-5.852002570377692,-3.8449528145783085,-3.813621746743365
2025-11-19,PE,26052.65,26000.0,27.0,0.1,0.0717088058671652,224.1,221.0,109.68493639874647,7.369477443237502,-114.41506360125352,-111.31506360125353,-51.055360821621385,-50.36880705939074
2025-11-19,PE,26052.65,24650.0,27.0,0.1,0.0717088058671652,23.75,24.75,0.10834288114308113,0.07904983636980002,-23.64165711885692,-24.64165711885692,-99.5438194478186,-99.56225098528049
2025-11-19,CE,26052.65,26300.0,27.0,0.1,0.0717088058671652,252.7,256.95,268.78249016888276,12.283387086422909,16.08249016888277,11.83249016888277,6.364262037547595,4.604977687831395
2025-11-19,CE,26052.65,26400.0,27.0,0.1,0.0717088058671652,211.6,214.65,209.99842631359428,10.220585128749597,-1.6015736864057146,-4.651573686405726,-0.7568873754280314,-2.1670504013071166
2025-11-19,CE,26052.65,25700.0,27.0,0.1,0.0717088058671652,635.95,635.35,738.5567679632678,17.466404342914355,102.60676796326777,103.2067679632678,16.13440804517144,16.244080894509764
2025-11-19,PE,26052.65,25900.0,27.0,0.1,0.0717088058671652,189.25,188.8,68.95905299766778,5.668684076234007,-120.29094700233222,-119.84094700233223,-63.561927081813586,-63.475077861404785
2025-11-19,CE,26052.65,27700.0,27.0,0.1,0.0717088058671652,10.1,10.0,2.7428740045098823,0.8682562096935901,-7.357125995490117,-7.257125995490117,-72.84283163851602,-72.57125995490117
2025-11-19,CE,26052.65,27450.0,27.0,0.1,0.0717088058671652,15.3,15.0,9.673938855426295,2.0376596660684685,-5.626061144573706,-5.326061144573705,-36.771641467802,-35.507074297158034
2025-11-19,CE,26052.65,25900.0,27.0,0.1,0.0717088058671652,486.8,488.75,502.61173278317443,15.421872082074326,15.81173278317442,13.861732783174432,3.248096298926545,2.836160160240293
2025-11-19,CE,26052.65,26500.0,27.0,0.1,0.0717088058671652,168.95,169.85,188.11726506947366,9.898373625600136,19.16726506947367,18.267265069473666,11.344933453372994,10.754939693537631
2025-11-19,CE,26052.65,26000.0,27.0,0.1,0.0717088058671652,418.1,423.0,449.3849595759507,14.994624009542102,31.284959575950666,26.38495957595069,7.482649982289084,6.23757909596943
2025-11-19,PE,26052.65,25700.0,27.0,0.1,0.0717088058671652,134.0,133.4,47.69199616761829,4.796395456046517,-86.3080038323817,-85.7080038323817,-64.40895808386693,-64.24887843506875
2025-11-19,CE,26052.65,26350.0,27.0,0.1,0.0717088058671652,226.9,226.85,225.06203366410918,11.137934070486633,-1.837966335890826,-1.7879663358908147,-0.8100336429664283,-0.7881711861982874
2025-11-19,CE,26052.65,26950.0,27.0,0.1,0.0717088058671652,56.8,56.6,60.028611826321274,5.712498535196765,3.228611826321277,3.428611826321273,5.684175750565629,6.0576180677054285
2025-11-19,PE,26052.65,25800.0,27.0,0.1,0.0717088058671652,160.0,159.9,54.88098999935,5.1002036760691505,-105.11901000065001,-105.01901000065001,-65.69938125040625,-65.67792995662914
2025-11-19,PE,26052.65,26500.0,27.0,0.1,0.0717088058671652,465.0,473.0,335.73441888398435,12.963736475719198,-129.26558111601565,-137.26558111601565,-27.799049702368954,-29.02020742410479
2025-11-19,PE,26052.65,24000.0,27.0,0.1,0.0717088058671652,11.35,11.35,0.0,0.0,-11.35,-11.35,-100.0,-100.0
2025-11-19,PE,26052.65,25950.0,27.0,0.1,0.0717088058671652,203.2,203.2,103.52139083355257,7.189973914698437,-99.67860916644742,-99.67860916644742,-49.054433644905224,-49.054433644905224
2025-11-19,CE,26052.65,26100.0,27.0,0.1,0.0717088058671652,360.25,362.05,369.39813747019934,13.672038070271178,9.148137470199345,7.348137470199333,2.539385834892254,2.029591898964047
2025-11-19,CE,26052.65,27600.0,27.0,0.1,0.0717088058671652,10.9,9.6,5.824640075680399,1.6959070997499217,-5.075359924319601,-3.7753599243196003,-46.562935085500925,-39.32666587832917
2025-11-19,PE,26052.65,26200.0,27.0,0.1,0.0717088058671652,305.15,302.15,172.069301474002,9.679686433556832,-133.08069852599797,-130.08069852599797,-43.61156759822972,-43.0516956895575
2025-11-19,PE,26052.65,26100.0,27.0,0.1,0.0717088058671652,262.3,263.3,139.76366208686142,8.328805968884982,-122.5363379131386,-123.5363379131386,-46.716102902454665,-46.91847243187945
2025-11-19,PE,26052.65,25850.0,27.0,0.1,0.0717088058671652,177.3,177.3,66.60691347968293,5.6173764403893225,-110.69308652031708,-110.69308652031708,-62.432648911628355,-62.432648911628355
2025-11-19,PE,26052.65,25650.0,27.0,0.1,0.0717088058671652,121.9,124.95,39.95976184574304,4.198302783576254,-81.94023815425697,-84.99023815425696,-67.21922736198275,-68.01939828271865
2025-11-19,PE,26052.65,25200.0,27.0,0.1,0.0717088058671652,53.65,53.0,6.7865813547186775,1.6786597945919548,-46.86341864528132,-46.21341864528132,-87.35026774516555,-87.19512951939872
2025-11-19,PE,26052.65,26300.0,27.0,0.1,0.0717088058671652,351.0,351.0,227.50175212480366,10.563617678340185,-123.49824787519634,-123.49824787519634,-35.18468600432944,-35.18468600432944
2025-11-19,CE,26052.65,27300.0,27.0,0.1,0.0717088058671652,21.35,21.35,18.223920464504786,2.9368134776214423,-3.126079535495215,-3.126079535495215,-14.642058714263301,-14.642058714263301
2025-11-19,CE,26052.65,27150.0,27.0,0.1,0.0717088058671652,30.0,30.0,30.80377891123409,4.1017468897194025,0.8037789112340903,0.8037789112340903,2.6792630374469675,2.6792630374469675
2025-11-19,PE,26052.65,25450.0,27.0,0.1,0.0717088058671652,82.1,83.05,20.741863068713204,3.2716713223641842,-61.35813693128679,-62.308136931286796,-74.7358549711167,-75.02484880347598
2025-11-19,PE,26052.65,26150.0,27.0,0.1,0.0717088058671652,281.05,281.05,167.5564330751189,9.083092263383206,-113.49356692488112,-113.49356692488112,-40.38198431769476,-40.38198431769476
2025-11-19,CE,26052.65,26250.0,27.0,0.1,0.0717088058671652,277.9,277.9,276.93543569681975,11.880860492950347,-0.9645643031802251,-0.9645643031802251,-0.34709042935596446,-0.34709042935596446
2025-11-19,PE,26052.65,25000.0,27.0,0.1,0.0717088058671652,38.1,39.0,2.488732729283625,0.8445349243078084,-35.611267270716375,-36.511267270716374,-93.4678930989931,-93.61863402747788
2025-11-19,PE,26052.65,25550.0,27.0,0.1,0.0717088058671652,101.3,100.4,31.378786461807668,4.072345304772065,-69.92121353819233,-69.02121353819234,-69.02390280176934,-68.74622862369755
2025-11-19,PE,26052.65,24950.0,27.0,0.1,0.0717088058671652,46.35,46.35,1.7652935520374262,0.7904182810814289,-44.584706447962574,-44.584706447962574,-96.19138392224936,-96.19138392224936
2025-11-19,CE,26052.65,25850.0,27.0,0.1,0.0717088058671652,505.1,505.1,520.5547567605826,15.083223637388231,15.45475676058254,15.45475676058254,3.0597419838809223,3.0597419838809223
2025-11-19,PE,26052.65,24800.0,27.0,0.1,0.0717088058671652,28.55,29.0,2.284057415072022,0.9957080549900585,-26.265942584927977,-26.71594258492798,-91.99979889642023,-92.12393994802753
2025-11-19,PE,26052.65,24900.0,27.0,0.1,0.0717088058671652,31.85,31.85,0.5884960661540158,0.31493104757034973,-31.261503933845987,-31.261503933845987,-98.15228864629823,-98.15228864629823
2025-11-19,PE,26052.65,25500.0,27.0,0.1,0.0717088058671652,91.35,92.0,22.584597153173146,3.1420676308473436,-68.76540284682685,-69.41540284682685,-75.27685040703541,-75.45152483350745
2025-11-19,CE,26052.65,26150.0,27.0,0.1,0.0717088058671652,330.3,332.65,344.6954083690738,13.409313574039665,14.395408369073778,12.045408369073812,4.358282884975409,3.6210456543134866
2025-11-19,CE,26052.65,27500.0,27.0,0.1,0.0717088058671652,11.85,11.85,10.003118018523255,2.1687088247725566,-1.846881981476745,-1.846881981476745,-15.585501953390255,-15.585501953390255
2025-11-19,PE,26052.65,24750.0,27.0,0.1,0.0717088058671652,26.85,26.85,1.5504209723647637,0.8842488379347763,-25.29957902763524,-25.29957902763524,-94.22562021465637,-94.22562021465637
2025-11-19,PE,26052.65,24500.0,27.0,0.1,0.0717088058671652,19.1,19.25,0.31049844456873965,0.30711978356593284,-18.78950155543126,-18.93950155543126,-98.37435369335739,-98.38702106717537
2025-11-19,PE,26052.65,26400.0,27.0,0.1,0.0717088058671652,428.85,428.85,265.3090920589533,11.323889830944726,-163.54090794104673,-163.54090794104673,-38.13475759380826,-38.13475759380826
2025-11-19,PE,26052.65,25400.0,27.0,0.1,0.0717088058671652,76.25,73.75,11.71596074342624,2.259903692854119,-64.53403925657376,-62.03403925657376,-84.63480558239182,-84.1139515343373
2025-11-20,CE,26192.15,27500.0,26.0,0.1,0.072671029994454,15.55,17.0,10.815077633159877,1.924189092076107,-4.734922366840124,-6.184922366840123,-30.449661523087613,-36.38189627553013
2025-11-20,PE,26192.15,25000.0,26.0,0.1,0.072671029994454,29.95,29.0,1.4756450578384492,0.6593684830197021,-28.47435494216155,-27.52435494216155,-95.07297142624893,-94.91156876607431
2025-11-20,PE,26192.15,24500.0,26.0,0.1,0.072671029994454,15.3,15.0,0.0,0.0,-15.3,-15.0,-100.0,-100.0
2025-11-20,CE,26192.15,27800.0,26.0,0.1,0.072671029994454,9.4,9.25,4.668179475349388,1.463595705567103,-4.731820524650613,-4.581820524650612,-50.33851621968737,-49.5331948610877
2025-11-20,PE,26192.15,26500.0,26.0,0.1,0.072671029994454,363.55,360.0,263.5211790814845,11.550173779108498,-100.02882091851552,-96.47882091851551,-27.51446043694554,-26.799672477365423
2025-11-20,CE,26192.15,25750.0,26.0,0.1,0.072671029994454,710.0,710.0,735.3556261379848,17.393679534606793,25.355626137984814,25.355626137984814,3.571214949011946,3.571214949011946
2025-11-20,CE,26192.15,26250.0,26.0,0.1,0.072671029994454,355.15,365.2,383.9135622336553,13.981129770842896,28.763562233655307,18.713562233655296,8.098989788442998,5.124195573290059
2025-11-20,PE,26192.15,26000.0,26.0,0.1,0.072671029994454,162.1,157.2,79.4363420165684,6.316554404892638,-82.66365798343159,-77.76365798343159,-50.99547068687945,-49.46797581643231
2025-11-20,PE,26192.15,25350.0,26.0,0.1,0.072671029994454,52.0,52.0,9.084876626842059,2.128076644961193,-42.91512337315794,-42.91512337315794,-82.52908340991911,-82.52908340991911
2025-11-20,CE,26192.15,26350.0,26.0,0.1,0.072671029994454,295.1,296.05,299.21567036527813,12.234231864986752,4.115670365278106,3.1656703652781175,1.394669727305356,1.0693026060726625
2025-11-20,CE,26192.15,26400.0,26.0,0.1,0.072671029994454,270.15,277.0,288.0543064806598,12.30213717964638,17.90430648065984,11.054306480659818,6.627542654325317,3.9907243612490317
2025-11-20,CE,26192.15,26500.0,26.0,0.1,0.072671029994454,221.6,229.85,233.3999914581122,11.59227510606534,11.799991458112203,3.5499914581122027,5.324905892649911,1.544481817756016
2025-11-20,PE,26192.15,26250.0,26.0,0.1,0.072671029994454,247.25,246.35,154.50616218900203,9.030051247332167,-92.74383781099797,-91.84383781099797,-37.51014673852294,-37.28185013639049
2025-11-20,CE,26192.15,26000.0,26.0,0.1,0.072671029994454,514.5,525.1,549.6374602473023,15.624378614728796,35.13746024730233,24.537460247302306,6.8294383376680905,4.672911873415027
2025-11-20,PE,26192.15,24600.0,26.0,0.1,0.072671029994454,18.0,18.0,0.05771058380001208,0.05771058380001209,-17.942289416199987,-17.942289416199987,-99.67938564555548,-99.67938564555548
2025-11-20,CE,26192.15,26050.0,26.0,0.1,0.072671029994454,491.55,491.55,512.7318501806839,15.772998887389258,21.181850180683853,21.181850180683853,4.309195439056831,4.309195439056831
2025-11-20,PE,26192.15,25050.0,26.0,0.1,0.072671029994454,31.15,31.65,1.2844422173953718,0.5101206861896506,-29.865557782604625,-30.365557782604625,-95.8765899923102,-95.94173075072551
2025-11-20,CE,26192.15,26550.0,26.0,0.1,0.072671029994454,200.0,200.0,202.60766066447655,10.39490330415793,2.6076606644765548,2.6076606644765548,1.3038303322382774,1.3038303322382774
2025-11-20,PE,26192.15,25600.0,26.0,0.1,0.072671029994454,77.75,76.0,26.90365088944663,3.8089437960156323,-50.84634911055337,-49.09634911055337,-65.3972335827053,-64.60045935599128
2025-11-20,PE,26192.15,26350.0,26.0,0.1,0.072671029994454,289.8,289.8,185.61108627098005,10.0321073242936,-104.18891372901996,-104.18891372901996,-35.95200611767424,-35.95200611767424
2025-11-20,PE,26192.15,24800.0,26.0,0.1,0.072671029994454,21.8,21.1,0.4228194297340587,0.2633536245712109,-21.377180570265942,-20.677180570265943,-98.06046133149515,-97.99611644675802
2025-11-20,CE,26192.15,25700.0,26.0,0.1,0.072671029994454,770.0,770.0,755.3814150386715,17.81725306756766,-14.618584961328452,-14.618584961328452,-1.8985175274452533,-1.8985175274452533
2025-11-20,PE,26192.15,25700.0,26.0,0.1,0.072671029994454,97.2,93.55,31.10507569432551,3.851459398569419,-66.0949243056745,-62.44492430567449,-67.99889331859515,-66.75031994192891
2025-11-20,CE,26192.15,26800.0,26.0,0.1,0.072671029994454,111.5,117.85,95.93803798563548,7.623819952344793,-15.561962014364525,-21.91196201436452,-13.956916604811234,-18.593094623983472
2025-11-20,CE,26192.15,27300.0,26.0,0.1,0.072671029994454,29.4,29.4,24.778770769246943,3.737336327495844,-4.621229230753055,-4.621229230753055,-15.718466771268897,-15.718466771268897
2025-11-20,PE,26192.15,26300.0,26.0,0.1,0.072671029994454,265.15,258.9,157.79927788134367,8.958029335438054,-107.35072211865631,-101.10072211865631,-40.48678940926129,-39.050105105699615
2025-11-20,PE,26192.15,25650.0,26.0,0.1,0.072671029994454,89.25,89.25,31.81210306230679,3.9706623902495344,-57.43789693769321,-57.43789693769321,-64.3561870450344,-64.3561870450344
2025-11-20,PE,26192.15,24700.0,26.0,0.1,0.072671029994454,20.8,20.8,0.9995758048185732,0.8637902628660237,-19.800424195181428,-19.800424195181428,-95.19434709221841,-95.19434709221841
2025-11-20,CE,26192.15,25900.0,26.0,0.1,0.072671029994454,588.35,588.35,638.8935806699735,17.207536813394068,50.543580669973494,50.543580669973494,8.590733520858926,8.590733520858926
2025-11-20,PE,26192.15,24650.0,26.0,0.1,0.072671029994454,19.0,19.0,0.07448301347068026,0.07448301347068025,-18.92551698652932,-18.92551698652932,-99.607984139628,-99.607984139628
2025-11-20,CE,26192.15,26700.0,26.0,0.1,0.072671029994454,142.9,149.0,135.5995286764825,8.467436163759448,-7.300471323517513,-13.400471323517507,-5.108797287276076,-8.99360491511242
2025-11-20,CE,26192.15,26450.0,26.0,0.1,0.072671029994454,255.0,255.0,250.48906485956672,11.604458149091174,-4.510935140433276,-4.510935140433276,-1.7689941727189316,-1.7689941727189316
2025-11-20,CE,26192.15,27200.0,26.0,0.1,0.072671029994454,37.7,39.95,37.62318386548964,4.2844339612482205,-0.07681613451035929,-2.3268161345103593,-0.20375632496116522,-5.824320737197394
2025-11-20,CE,26192.15,26150.0,26.0,0.1,0.072671029994454,420.3,420.25,419.2323678347438,14.419976861783177,-1.0676321652562137,-1.0176321652562024,-0.25401669408903493,-0.24214923622991133
2025-11-20,PE,26192.15,24000.0,26.0,0.1,0.072671029994454,10.55,10.45,0.0,0.0,-10.55,-10.45,-100.0,-100.0
2025-11-20,PE,26192.15,26200.0,26.0,0.1,0.072671029994454,228.3,223.15,130.257205771593,8.245633246045369,-98.04279422840702,-92.89279422840701,-42.944719329131416,-41.62796066699844
2025-11-20,CE,26192.15,25850.0,26.0,0.1,0.072671029994454,646.55,646.55,649.2009864747158,16.50962991541706,2.6509864747158645,2.6509864747158645,0.41002033481027983,0.41002033481027983
2025-11-20,PE,26192.15,25550.0,26.0,0.1,0.072671029994454,73.75,72.3,20.787451968249158,2.920860495680505,-52.96254803175084,-51.51254803175084,-71.81362444983165,-71.24833752662634
2025-11-20,PE,26192.15,26100.0,26.0,0.1,0.072671029994454,193.7,189.4,103.83382994111898,7.340391694829366,-89.86617005888101,-85.56617005888103,-46.394512162561185,-45.177492111341614
2025-11-20,CE,26192.15,27000.0,26.0,0.1,0.072671029994454,68.55,69.15,76.50593799092383,6.456594022930305,7.955937990923829,7.35593799092382,11.606036456489905,10.637654361422733
2025-11-20,PE,26192.15,25500.0,26.0,0.1,0.072671029994454,65.35,62.1,11.56701672248799,2.163640122119515,-53.782983277512,-50.53298327751201,-82.29989789978885,-81.37356405396459
2025-11-20,PE,26192.15,25450.0,26.0,0.1,0.072671029994454,59.95,58.8,12.935817614531338,2.303320050128885,-47.014182385468665,-45.86418238546866,-78.42232257792938,-78.00031017936847
2025-11-20,PE,26192.15,25800.0,26.0,0.1,0.072671029994454,113.0,111.65,45.52168988662448,4.728513819630711,-67.47831011337553,-66.12831011337553,-59.715318684403115,-59.22822222425036
2025-11-20,CE,26192.15,25950.0,26.0,0.1,0.072671029994454,548.4,549.4,590.3728060938237,16.37579850203599,41.97280609382369,40.97280609382369,7.653684553943052,7.457736820863432
2025-11-20,PE,26192.15,25950.0,26.0,0.1,0.072671029994454,147.6,147.6,66.18255825098159,5.667902457135436,-81.41744174901841,-81.41744174901841,-55.160868393643916,-55.160868393643916
2025-11-20,PE,26192.15,25300.0,26.0,0.1,0.072671029994454,47.95,47.95,7.030851837304151,1.8881647708404352,-40.919148162695855,-40.919148162695855,-85.33711817037717,-85.33711817037717
2025-11-20,CE,26192.15,26100.0,26.0,0.1,0.072671029994454,445.4,446.35,459.77795530402636,15.283631489940039,14.377955304026386,13.42795530402634,3.228099529417689,3.00839146499974
2025-11-20,PE,26192.15,25400.0,26.0,0.1,0.072671029994454,56.85,55.95,9.28720749217206,2.0895994821447204,-47.56279250782794,-46.662792507827945,-83.66366316240624,-83.40088026421438
2025-11-20,CE,26192.15,27700.0,26.0,0.1,0.072671029994454,11.55,11.5,5.909070797535066,1.552672341058538,-5.6409292024649345,-5.590929202464934,-48.83921387415528,-48.61677567360812
2025-11-20,CE,26192.15,26200.0,26.0,0.1,0.072671029994454,385.2,393.65,427.7755626790227,14.323109888985385,42.57556267902271,34.12556267902272,11.052845970670486,8.66901122291953
2025-11-20,CE,26192.15,27450.0,26.0,0.1,0.072671029994454,19.3,19.05,15.229843869283846,2.702184730413932,-4.070156130716155,-3.820156130716155,-21.08889186899562,-20.053313022132045
2025-11-20,PE,26192.15,26400.0,26.0,0.1,0.072671029994454,318.1,313.55,208.08646588314895,10.727075861786243,-110.01353411685108,-105.46353411685106,-34.584575327523126,-33.63531625477629
2025-11-20,CE,26192.15,26600.0,26.0,0.1,0.072671029994454,181.4,185.1,171.33321693490518,9.377292424579116,-10.066783065094825,-13.766783065094813,-5.549494523205526,-7.4374840978362045
2025-11-20,CE,26192.15,25800.0,26.0,0.1,0.072671029994454,666.2,666.2,726.8948974081678,17.841283876243704,60.694897408167776,60.694897408167776,9.110612039652922,9.110612039652922
2025-11-20,CE,26192.15,27600.0,26.0,0.1,0.072671029994454,12.9,13.25,8.954688906472809,1.9470886654835837,-3.9453110935271916,-4.295311093527191,-30.583806926567377,-32.41744221529956
2025-11-20,CE,26192.15,27150.0,26.0,0.1,0.072671029994454,42.45,42.4,56.941727926440365,5.588681453566216,14.491727926440362,14.541727926440366,34.13834611646728,34.29652812839709
2025-11-20,PE,26192.15,25900.0,26.0,0.1,0.072671029994454,136.0,133.0,53.83529521856951,4.878178557800274,-82.16470478143049,-79.16470478143049,-60.415224103993005,-59.52233442212819
2025-11-20,CE,26192.15,26950.0,26.0,0.1,0.072671029994454,74.15,75.0,82.39522012760935,6.707711878419182,8.245220127609343,7.395220127609349,11.119649531502821,9.860293503479133
2025-11-20,PE,26192.15,25850.0,26.0,0.1,0.072671029994454,123.5,123.5,46.75383329468084,4.647409447513805,-76.74616670531915,-76.74616670531915,-62.14264510552159,-62.14264510552159
2025-11-20,PE,26192.15,26050.0,26.0,0.1,0.072671029994454,174.9,173.0,83.0552942733604,6.487010487059378,-91.8447057266396,-89.9447057266396,-52.51269624164643,-51.99115937956046
2025-11-20,PE,26192.15,24900.0,26.0,0.1,0.072671029994454,25.05,22.15,1.3046784993811884,0.5423024938275219,-23.74532150061881,-20.84532150061881,-94.79170259728068,-94.10980361453187
2025-11-20,CE,26192.15,26300.0,26.0,0.1,0.072671029994454,328.15,332.0,325.1181498594031,12.819198296540145,-3.031850140596873,-6.881850140596896,-0.923922029741543,-2.072846427890631
2025-11-20,PE,26192.15,25200.0,26.0,0.1,0.072671029994454,39.4,37.8,5.051141890017883,1.403799756788413,-34.34885810998212,-32.748858109982116,-87.17984291873634,-86.63719076714847
2025-11-20,PE,26192.15,26150.0,26.0,0.1,0.072671029994454,208.55,207.15,107.65916771423436,7.40710685264286,-100.89083228576565,-99.49083228576565,-48.377287118564205,-48.02840081378984
2025-11-20,PE,26192.15,25750.0,26.0,0.1,0.072671029994454,105.75,106.95,40.125885938533415,4.573196415734201,-65.62411406146659,-66.82411406146659,-62.05589982171781,-62.481640076172596
2025-11-21,PE,26068.15,25400.0,25.0,0.1,0.0740095197600378,73.4,74.85,16.986195611781955,2.7915630319787157,-56.413804388218054,-57.86380438821804,-76.85804412563768,-77.30635188806686
2025-11-21,PE,26068.15,26250.0,25.0,0.1,0.0740095197600378,317.75,330.1,214.64477615764602,10.914009832212733,-103.10522384235398,-115.455223842354,-32.4485362210398,-34.97583273018903
2025-11-21,CE,26068.15,26050.0,25.0,0.1,0.0740095197600378,399.55,391.9,387.0497102017638,14.036877053726025,-12.500289798236224,-4.85028979823619,-3.1285921156892065,-1.2376345491799414
2025-11-21,CE,26068.15,27700.0,25.0,0.1,0.0740095197600378,9.25,9.3,1.287165442532181,0.7820126363471682,-7.9628345574678185,-8.01283455746782,-86.08469791857101,-86.15951137062171
2025-11-21,CE,26068.15,27500.0,25.0,0.1,0.0740095197600378,12.9,11.7,6.31945852291251,1.6981759006580568,-6.580541477087491,-5.3805414770874895,-51.01194943478675,-45.98753399220077
2025-11-21,PE,26068.15,25850.0,25.0,0.1,0.0740095197600378,166.1,169.1,76.2957016082923,6.224054784674533,-89.80429839170769,-92.80429839170769,-54.066404811383315,-54.88131188155393
2025-11-21,PE,26068.15,25900.0,25.0,0.1,0.0740095197600378,179.0,181.5,100.01895206399975,7.302369213046309,-78.98104793600025,-81.48104793600025,-44.12349046703925,-44.89313935867783
2025-11-21,PE,26068.15,26200.0,25.0,0.1,0.0740095197600378,294.55,296.2,190.1202629807801,9.97626717071249,-104.42973701921991,-106.07973701921989,-35.453993216506504,-35.813550647947295
2025-11-21,CE,26068.15,26850.0,25.0,0.1,0.0740095197600378,78.0,78.0,67.24520243693978,6.051687801329713,-10.754797563060222,-10.754797563060222,-13.788202003923361,-13.788202003923361
2025-11-21,CE,26068.15,26200.0,25.0,0.1,0.0740095197600378,309.55,306.0,325.74444878272294,12.620755282067744,16.19444878272293,19.74444878272294,5.231610008955881,6.452434242719915
2025-11-21,CE,26068.15,25900.0,25.0,0.1,0.0740095197600378,491.1,491.35,496.07959644474937,15.67948985791266,4.9795964447493475,4.7295964447493475,1.0139679178882808,0.9625717807569649
2025-11-21,PE,26068.15,25000.0,25.0,0.1,0.0740095197600378,37.15,37.95,1.6564050964771144,0.7047551783131775,-35.49359490352288,-36.29359490352289,-95.54130525847344,-95.6352961884661
2025-11-21,PE,26068.15,24600.0,25.0,0.1,0.0740095197600378,18.0,18.0,0.41741218267096875,0.3679261997281141,-17.58258781732903,-17.58258781732903,-97.68104342960572,-97.68104342960572
2025-11-21,PE,26068.15,25750.0,25.0,0.1,0.0740095197600378,138.85,136.5,50.44567580786524,4.706636923153779,-88.40432419213475,-86.05432419213476,-63.66894072173911,-63.043460946618865
2025-11-21,CE,26068.15,26300.0,25.0,0.1,0.0740095197600378,255.7,249.55,248.63488907891,11.437406438116406,-7.065110921089996,-0.9151109210900188,-2.7630468991357042,-0.3667044364215663
2025-11-21,PE,26068.15,24500.0,25.0,0.1,0.0740095197600378,17.0,17.0,0.0,0.0,-17.0,-17.0,-100.0,-100.0
2025-11-21,CE,26068.15,26750.0,25.0,0.1,0.0740095197600378,102.5,102.5,87.20483267129906,6.788088687433529,-15.295167328700941,-15.295167328700941,-14.922114467025308,-14.922114467025308
2025-11-21,PE,26068.15,26300.0,25.0,0.1,0.0740095197600378,343.7,350.7,215.9762995762412,10.547193356614745,-127.7237004237588,-134.7237004237588,-37.16139087103835,-38.415654526307044
2025-11-21,PE,26068.15,26150.0,25.0,0.1,0.0740095197600378,275.45,278.6,160.43499141457065,9.066922759917693,-115.01500858542934,-118.16500858542938,-41.75531261042997,-42.41385807086481
2025-11-21,CE,26068.15,27200.0,25.0,0.1,0.0740095197600378,28.0,27.5,19.69316985354686,3.229526298713579,-8.30683014645314,-7.806830146453141,-29.667250523046935,-28.388473259829606
2025-11-21,CE,26068.15,27800.0,25.0,0.1,0.0740095197600378,8.4,9.55,1.6031285435927312,0.6346073413723301,-6.796871456407269,-7.946871456407269,-80.9151363858008,-83.21331367965726
2025-11-21,PE,26068.15,25800.0,25.0,0.1,0.0740095197600378,150.4,152.85,70.93658311177659,5.800270077249376,-79.46341688822342,-81.91341688822341,-52.834718675680456,-53.59072089514125
2025-11-21,CE,26068.15,26000.0,25.0,0.1,0.0740095197600378,422.4,416.65,448.4570144301947,14.898418285343995,26.057014430194727,31.807014430194727,6.16880076472413,7.633988822799647
2025-11-21,CE,26068.15,26700.0,25.0,0.1,0.0740095197600378,104.95,102.0,106.29168341733934,7.3625673812958645,1.3416834173393397,4.2916834173393426,1.2784024938917005,4.207532762097395
2025-11-21,CE,26068.15,27300.0,25.0,0.1,0.0740095197600378,21.35,22.25,14.148192316883883,2.449308209138939,-7.201807683116119,-8.101807683116117,-33.73212029562585,-36.41261880052188
2025-11-21,PE,26068.15,26400.0,25.0,0.1,0.0740095197600378,392.45,387.9,278.5282572855535,11.932492068359064,-113.92174271444651,-109.3717427144465,-29.02834570377029,-28.195860457449474
2025-11-21,CE,26068.15,27150.0,25.0,0.1,0.0740095197600378,32.1,32.0,22.162684227952195,3.1478110069075544,-9.937315772047807,-9.837315772047805,-30.95737000637946,-30.741611787649394
2025-11-21,PE,26068.15,25350.0,25.0,0.1,0.0740095197600378,58.65,58.65,15.52580590235526,2.6548706139211244,-43.12419409764474,-43.12419409764474,-73.52803767714363,-73.52803767714363
2025-11-21,CE,26068.15,26500.0,25.0,0.1,0.0740095197600378,169.9,165.85,168.01783722958598,9.826204753010645,-1.882162770414027,2.1678372295859845,-1.1078062215503397,1.3071071628495534
2025-11-21,CE,26068.15,26550.0,25.0,0.1,0.0740095197600378,139.3,137.55,137.03410924416949,8.3349725220623,-2.265890755830526,-0.5158907558305259,-1.6266265296701548,-0.3750568926430577
2025-11-21,CE,26068.15,27100.0,25.0,0.1,0.0740095197600378,37.2,35.95,29.739304272368884,3.9833821212637055,-7.460695727631119,-6.210695727631119,-20.05563367642774,-17.27592691969713
2025-11-21,PE,26068.15,25450.0,25.0,0.1,0.0740095197600378,81.95,81.95,17.038097192867,2.6400614632610178,-64.911902807133,-64.911902807133,-79.2091553473252,-79.2091553473252
2025-11-21,PE,26068.15,24000.0,25.0,0.1,0.0740095197600378,9.95,9.95,0.0,0.0,-9.95,-9.95,-100.0,-100.0
2025-11-21,CE,26068.15,26150.0,25.0,0.1,0.0740095197600378,328.1,328.05,355.7657084378755,13.604180901495459,27.66570843787548,27.71570843787549,8.432096445557903,8.448623209228925
2025-11-21,PE,26068.15,24750.0,25.0,0.1,0.0740095197600378,26.3,25.95,0.007749730528337706,0.006750173004643827,-26.292250269471662,-25.94225026947166,-99.97053334399871,-99.97013591318559
2025-11-21,PE,26068.15,25550.0,25.0,0.1,0.0740095197600378,95.6,96.6,28.005217760733036,3.84849926397333,-67.59478223926696,-68.59478223926696,-70.70583916241314,-71.00909134499686
2025-11-21,CE,26068.15,25800.0,25.0,0.1,0.0740095197600378,561.95,556.15,578.7119210466172,16.21520489812474,16.761921046617204,22.56192104661727,2.982813603811229,4.056805007033583
2025-11-21,CE,26068.15,26600.0,25.0,0.1,0.0740095197600378,132.5,130.2,137.4846824207957,8.315205759100515,4.984682420795707,7.284682420795718,3.7620244685250617,5.594994178798555
2025-11-21,PE,26068.15,25950.0,25.0,0.1,0.0740095197600378,192.55,197.85,92.74946988727423,6.411239837457572,-99.80053011272578,-105.10053011272576,-51.830968638133356,-53.12131923817325
2025-11-21,PE,26068.15,26050.0,25.0,0.1,0.0740095197600378,235.7,233.0,127.05246919905812,8.115059978455387,-108.64753080094187,-105.94753080094188,-46.095685532856116,-45.47104326220681
2025-11-21,PE,26068.15,26000.0,25.0,0.1,0.0740095197600378,214.6,213.6,104.16667847750666,7.260625942222394,-110.43332152249333,-109.43332152249333,-51.460075266772286,-51.23282842813358
2025-11-21,CE,26068.15,26400.0,25.0,0.1,0.0740095197600378,207.9,204.1,197.77166855924952,10.76861056609314,-10.128331440750486,-6.328331440750475,-4.871732294733278,-3.100603351666083
2025-11-21,PE,26068.15,24900.0,25.0,0.1,0.0740095197600378,29.95,29.6,1.682684340236277,0.6149580144653892,-28.26731565976372,-27.917315659763723,-94.3816883464565,-94.31525560730987
2025-11-21,CE,26068.15,27600.0,25.0,0.1,0.0740095197600378,10.35,10.8,5.07293007146433,1.3772331453959243,-5.27706992853567,-5.727069928535671,-50.98618288440261,-53.02842526421917
2025-11-21,PE,26068.15,26100.0,25.0,0.1,0.0740095197600378,251.6,247.65,143.7334117735715,8.422424324222998,-107.86658822642849,-103.9165882264285,-42.872252872189385,-41.96106934238986
2025-11-21,PE,26068.15,24700.0,25.0,0.1,0.0740095197600378,22.55,22.55,0.5368782651392228,0.32159743520989037,-22.01312173486078,-22.01312173486078,-97.61916512133382,-97.61916512133382
2025-11-21,CE,26068.15,26250.0,25.0,0.1,0.0740095197600378,281.45,280.0,287.6752499931132,12.27130783542105,6.225249993113209,7.675249993113198,2.211849349125319,2.7411607118261423
2025-11-21,CE,26068.15,26800.0,25.0,0.1,0.0740095197600378,81.45,81.1,94.24574372218872,7.04314804702174,12.795743722188718,13.145743722188726,15.70993704381672,16.209301753623585
2025-11-21,CE,26068.15,27000.0,25.0,0.1,0.0740095197600378,49.85,50.05,48.28149393105351,4.837521843208321,-1.5685060689464905,-1.7685060689464862,-3.1464514923700913,-3.533478659233739
2025-11-21,PE,26068.15,25300.0,25.0,0.1,0.0740095197600378,62.15,61.75,8.80719461383181,2.0115325041976844,-53.34280538616819,-52.94280538616819,-85.82913175570103,-85.73733665776226
2025-11-21,PE,26068.15,24800.0,25.0,0.1,0.0740095197600378,26.35,27.5,1.7897706448652584,1.0227615698137948,-24.560229355134744,-25.710229355134743,-93.20770153751326,-93.49174310958088
2025-11-21,CE,26068.15,27850.0,25.0,0.1,0.0740095197600378,9.4,9.4,1.5759555631328561,0.7259434487899401,-7.824044436867144,-7.824044436867144,-83.23451528582068,-83.23451528582068
2025-11-21,CE,26068.15,26950.0,25.0,0.1,0.0740095197600378,53.8,52.65,48.59622619159402,4.928382307879551,-5.203773808405977,-4.053773808405978,-9.672442023059437,-7.699475419574507
2025-11-21,PE,26068.15,25700.0,25.0,0.1,0.0740095197600378,126.55,127.85,47.31282732614336,4.687861648211989,-79.23717267385663,-80.53717267385663,-62.61333281221386,-62.99348664361097
2025-11-21,PE,26068.15,24650.0,25.0,0.1,0.0740095197600378,20.95,20.4,0.0,0.0,-20.95,-20.4,-100.0,-100.0
2025-11-21,CE,26068.15,25600.0,25.0,0.1,0.0740095197600378,715.95,720.05,769.6463603990267,17.17921638102691,53.69636039902662,49.59636039902671,7.500015419935277,6.887905062013293
2025-11-21,PE,26068.15,25600.0,25.0,0.1,0.0740095197600378,104.75,104.8,30.22549597479855,3.4652566911161804,-74.52450402520145,-74.57450402520145,-71.14511124124243,-71.1588778866426
2025-11-21,CE,26068.15,26100.0,25.0,0.1,0.0740095197600378,364.35,358.1,355.8327085847797,13.64934906533015,-8.517291415220313,-2.2672914152203134,-2.3376674667820265,-0.6331447682826902
2025-11-21,CE,26068.15,26350.0,25.0,0.1,0.0740095197600378,252.45,252.45,223.42770754399768,11.156394038051893,-29.022292456002305,-29.022292456002305,-11.496253696178375,-11.496253696178375
2025-11-21,PE,26068.15,25200.0,25.0,0.1,0.0740095197600378,51.55,51.0,6.232158694965265,1.5026706358467985,-45.31784130503473,-44.767841305034736,-87.91045839967941,-87.78008099026418
2025-11-21,CE,26068.15,25950.0,25.0,0.1,0.0740095197600378,512.0,512.0,480.6881524375212,14.762126162434393,-31.311847562478818,-31.311847562478818,-6.115595227046644,-6.115595227046644
2025-11-21,PE,26068.15,27800.0,25.0,0.1,0.0740095197600378,1458.0,1458.0,1479.9429128854745,19.137389405640977,21.94291288547447,21.94291288547447,1.5050008837773985,1.5050008837773985
2025-11-21,PE,26068.15,25500.0,25.0,0.1,0.0740095197600378,86.45,90.0,23.0169147295074,3.0032816122622386,-63.433085270492604,-66.98308527049261,-73.3754601162436,-74.42565030054735
2025-11-21,CE,26068.15,26450.0,25.0,0.1,0.0740095197600378,193.4,192.2,179.3373626755673,9.69284286497862,-14.0626373244327,-12.862637324432683,-7.271270591743899,-6.692319107405142
2025-11-21,PE,26068.15,25650.0,25.0,0.1,0.0740095197600378,116.4,117.05,36.83420423016751,3.981583884089773,-79.5657957698325,-80.21579576983248,-68.35549464762242,-68.53122235782357
2025-11-21,CE,26068.15,27450.0,25.0,0.1,0.0740095197600378,14.35,14.5,11.657234846319795,2.1216956856900286,-2.692765153680204,-2.8427651536802045,-18.764913962928254,-19.605276921932447
2025-11-21,PE,26068.15,26500.0,25.0,0.1,0.0740095197600378,453.35,456.0,345.7270844812533,12.688475859665068,-107.62291551874671,-110.27291551874669,-23.739476236626604,-24.18265691200585
2025-11-21,CE,26068.15,27950.0,25.0,0.1,0.0740095197600378,5.4,5.4,0.42247759552211356,0.4224775955221135,-4.977522404477887,-4.977522404477887,-92.17634082366457,-92.17634082366457
2025-11-24,CE,25959.5,27200.0,22.0,0.1,0.0746378836765238,17.45,17.2,10.321370912192066,2.0530941517611274,-7.1286290878079335,-6.8786290878079335,-40.85174262354116,-39.99202958027869
2025-11-24,CE,25959.5,26550.0,22.0,0.1,0.0746378836765238,120.9,120.9,78.1061342598233,5.704035540999013,-42.7938657401767,-42.7938657401767,-35.39608415233805,-35.39608415233805
2025-11-24,PE,25959.5,26050.0,22.0,0.1,0.0746378836765238,251.4,260.0,175.5166601625504,9.318803612635278,-75.8833398374496,-84.48333983744959,-30.18430383351217,-32.49359224517292
2025-11-24,CE,25959.5,26150.0,22.0,0.1,0.0746378836765238,262.3,250.0,260.58535251633697,11.526179476297374,-1.7146474836630432,10.585352516336968,-0.653697096325979,4.234141006534788
2025-11-24,CE,25959.5,26400.0,22.0,0.1,0.0746378836765238,158.8,147.05,149.15766735452166,8.845528809801607,-9.642332645478348,2.107667354521652,-6.071997887580824,1.433299799062667
2025-11-24,CE,25959.5,27000.0,22.0,0.1,0.0746378836765238,30.35,29.0,22.503313682688997,3.329437047689852,-7.846686317311004,-6.496686317311003,-25.853991160827032,-22.40236661141725
2025-11-24,PE,25959.5,26250.0,22.0,0.1,0.0746378836765238,339.65,345.0,258.90868003894263,11.223671454039653,-80.74131996105734,-86.09131996105737,-23.77191813957231,-24.95400578581373
2025-11-24,CE,25959.5,27300.0,22.0,0.1,0.0746378836765238,13.15,16.95,7.556250538848357,1.605528275975369,-5.593749461151643,-9.393749461151643,-42.538018715982076,-55.420350803254536
2025-11-24,PE,25959.5,24650.0,22.0,0.1,0.0746378836765238,17.75,17.75,0.22362932579290176,0.11969131673639948,-17.526370674207097,-17.526370674207097,-98.74011647440618,-98.74011647440618
2025-11-24,PE,25959.5,25600.0,22.0,0.1,0.0746378836765238,106.95,109.8,42.83537876312945,4.454804533549167,-64.11462123687056,-66.96462123687056,-59.9482199503231,-60.987815334126196
2025-11-24,CE,25959.5,26700.0,22.0,0.1,0.0746378836765238,72.75,68.65,68.65001048743562,5.970231235409035,-4.0999895125643775,1.048743561682386e-05,-5.6357244158960516,1.5276672420719387e-05
2025-11-24,PE,25959.5,25850.0,22.0,0.1,0.0746378836765238,173.15,173.95,101.48760030418063,6.786536051164943,-71.66239969581937,-72.46239969581936,-41.387467338041795,-41.657027706708455
2025-11-24,CE,25959.5,26200.0,22.0,0.1,0.0746378836765238,245.95,230.0,218.99477268566693,10.291562271401013,-26.955227314333058,-11.00522731433307,-10.959637045876422,-4.784881441014378
2025-11-24,PE,25959.5,25400.0,22.0,0.1,0.0746378836765238,71.75,74.4,18.96493606354196,2.6910420747212416,-52.785063936458045,-55.43506393645805,-73.56803336091714,-74.50949453825007
2025-11-24,CE,25959.5,25800.0,22.0,0.1,0.0746378836765238,482.15,458.55,467.73573164119523,14.535728426871378,-14.414268358804748,9.185731641195218,-2.989581739874468,2.003212657549933
2025-11-24,PE,25959.5,25350.0,22.0,0.1,0.0746378836765238,55.75,55.75,16.823920258380046,2.5833399483244373,-38.92607974161996,-38.92607974161996,-69.82256455895957,-69.82256455895957
2025-11-24,CE,25959.5,26950.0,22.0,0.1,0.0746378836765238,35.3,36.0,29.028839827459212,3.9106752479151163,-6.271160172540785,-6.971160172540788,-17.76532626782092,-19.3643338126133
2025-11-24,PE,25959.5,25750.0,22.0,0.1,0.0746378836765238,139.95,139.95,66.7162457659219,5.351823764874753,-73.23375423407809,-73.23375423407809,-52.32851320762993,-52.32851320762993
2025-11-24,CE,25959.5,25950.0,22.0,0.1,0.0746378836765238,373.6,369.25,373.9945749974288,12.97358837035831,0.39457499742877644,4.744574997428799,0.10561429267365535,1.2849221387755718
2025-11-24,PE,25959.5,24600.0,22.0,0.1,0.0746378836765238,17.2,20.2,0.5327678525457693,0.4121691125697431,-16.66723214745423,-19.66723214745423,-96.90251248519901,-97.36253538343678
2025-11-24,PE,25959.5,25200.0,22.0,0.1,0.0746378836765238,47.6,53.05,10.404792215016647,2.1117382706901227,-37.19520778498335,-42.64520778498335,-78.14119282559527,-80.38681957584043
2025-11-24,CE,25959.5,26100.0,22.0,0.1,0.0746378836765238,295.35,280.0,258.1247939179437,11.463339346352276,-37.22520608205633,-21.87520608205631,-12.60376031219107,-7.812573600734396
2025-11-24,CE,25959.5,27850.0,22.0,0.1,0.0746378836765238,7.1,6.6,1.3254588011471031,0.8240364216282372,-5.774541198852896,-5.274541198852896,-81.3315661810267,-79.91729089171055
2025-11-24,CE,25959.5,26800.0,22.0,0.1,0.0746378836765238,55.45,52.0,37.249996172460555,4.239528150247205,-18.200003827539447,-14.750003827539445,-32.82236939141469,-28.36539197603739
2025-11-24,CE,25959.5,27800.0,22.0,0.1,0.0746378836765238,6.65,5.6,0.4606932192073231,0.4065393562347032,-6.189306780792677,-5.139306780792676,-93.07228241793499,-91.77333537129779
2025-11-24,CE,25959.5,25850.0,22.0,0.1,0.0746378836765238,468.35,425.55,457.5385115113514,14.85521951777749,-10.81148848864865,31.988511511351362,-2.3084207299345896,7.516980733486396
2025-11-24,PE,25959.5,24950.0,22.0,0.1,0.0746378836765238,31.2,31.0,2.4221475530269245,0.9516601137171022,-28.777852446973075,-28.577852446973075,-92.23670656081114,-92.18662079668734
2025-11-24,CE,25959.5,25700.0,22.0,0.1,0.0746378836765238,543.1,531.8,540.0544664925925,14.67685906690855,-3.0455335074075265,8.254466492592542,-0.5607684602112919,1.5521749704010046
2025-11-24,CE,25959.5,26000.0,22.0,0.1,0.0746378836765238,350.75,330.0,342.70840712906676,12.746128444138543,-8.041592870933243,12.708407129066757,-2.2926850665526,3.8510324633535626
2025-11-24,PE,25959.5,26350.0,22.0,0.1,0.0746378836765238,428.5,428.5,312.74718777923533,11.744454816639056,-115.75281222076467,-115.75281222076467,-27.013491766806226,-27.013491766806226
2025-11-24,CE,25959.5,26500.0,22.0,0.1,0.0746378836765238,125.65,117.35,109.28529388824673,7.118771804604906,-16.36470611175328,-8.064706111753267,-13.024039882016138,-6.872352886027497
2025-11-24,CE,25959.5,27650.0,22.0,0.1,0.0746378836765238,9.65,8.5,1.140425832903002,0.6269016889102388,-8.509574167096998,-7.359574167096998,-88.18211572121241,-86.5832254952588
2025-11-24,PE,25959.5,24500.0,22.0,0.1,0.0746378836765238,13.95,14.5,0.5836090904022896,0.46793751570204534,-13.36639090959771,-13.91639090959771,-95.81642229102302,-95.97510972136352
2025-11-24,PE,25959.5,25900.0,22.0,0.1,0.0746378836765238,195.55,202.0,100.22094792449342,6.651387855408933,-95.3290520755066,-101.77905207550658,-48.74919564076021,-50.38566934431019
2025-11-24,CE,25959.5,27100.0,22.0,0.1,0.0746378836765238,22.1,22.05,16.971093446909368,2.9713035330980824,-5.1289065530906335,-5.078906553090633,-23.207721959686122,-23.033589809934842
2025-11-24,PE,25959.5,26300.0,22.0,0.1,0.0746378836765238,375.35,395.5,296.4695420844227,11.299861427304712,-78.88045791557732,-99.0304579155773,-21.01517461451374,-25.03930667903345
2025-11-24,CE,25959.5,27500.0,22.0,0.1,0.0746378836765238,9.0,9.95,1.7970024929164885,0.6505852382518431,-7.202997507083511,-8.15299750708351,-80.03330563426123,-81.93967343802524
2025-11-24,PE,25959.5,25300.0,22.0,0.1,0.0746378836765238,60.5,63.55,16.321565363535843,2.8857490675957314,-44.17843463646416,-47.22843463646416,-73.02220601068457,-74.31697031701677
2025-11-24,PE,25959.5,25650.0,22.0,0.1,0.0746378836765238,122.35,129.15,53.97073327315243,4.749701656107829,-68.37926672684756,-75.17926672684757,-55.88824415761958,-58.21081434521685
2025-11-24,CE,25959.5,27700.0,22.0,0.1,0.0746378836765238,9.05,8.7,1.0118658546141583,0.4842204545342147,-8.038134145385843,-7.688134145385841,-88.81916182746788,-88.3693579929407
2025-11-24,CE,25959.5,26300.0,22.0,0.1,0.0746378836765238,201.5,185.85,190.57842691812962,10.051472367473934,-10.921573081870378,4.728426918129628,-5.420135524501428,2.544216797487021
2025-11-24,CE,25959.5,27950.0,22.0,0.1,0.0746378836765238,5.05,3.3,0.4697391221627642,0.46973912216276414,-4.580260877837236,-2.830260877837236,-90.69823520469774,-85.76548114658291
2025-11-24,CE,25959.5,27150.0,22.0,0.1,0.0746378836765238,21.3,19.95,13.333246469509906,2.453523746891123,-7.966753530490095,-6.616753530490094,-37.40259873469528,-33.16668436335887
2025-11-24,PE,25959.5,26000.0,22.0,0.1,0.0746378836765238,230.75,241.2,162.86905620856163,8.83305750474973,-67.88094379143837,-78.33094379143836,-29.41752710354859,-32.47551566809219
2025-11-24,PE,25959.5,24900.0,22.0,0.1,0.0746378836765238,28.1,25.85,2.072639494066263,0.9238385554799041,-26.02736050593374,-23.77736050593374,-92.62405873997771,-91.98205224732587
2025-11-24,CE,25959.5,26250.0,22.0,0.1,0.0746378836765238,213.05,212.95,194.70272747287282,10.278686696652008,-18.34727252712719,-18.247272527127166,-8.611721439627875,-8.568806070498788
2025-11-24,CE,25959.5,27450.0,22.0,0.1,0.0746378836765238,10.0,10.1,1.9150677675507728,0.8096677062899538,-8.084932232449226,-8.184932232449228,-80.84932232449226,-81.03893299454681
2025-11-24,CE,25959.5,25600.0,22.0,0.1,0.0746378836765238,625.3,625.3,642.3484655475414,15.988933915356316,17.04846554754147,17.04846554754147,2.726445793625695,2.726445793625695
2025-11-24,CE,25959.5,26350.0,22.0,0.1,0.0746378836765238,175.0,175.0,156.0590949350919,9.013629581396602,-18.940905064908094,-18.940905064908094,-10.823374322804625,-10.823374322804625
2025-11-24,CE,25959.5,26850.0,22.0,0.1,0.0746378836765238,59.5,59.5,41.6886295750049,4.711004058796408,-17.811370424995097,-17.811370424995097,-29.935076344529577,-29.935076344529577
2025-11-24,PE,25959.5,25000.0,22.0,0.1,0.0746378836765238,34.25,34.6,4.044838439518924,1.0459568077761296,-30.205161560481077,-30.55516156048108,-88.19025273133161,-88.30971549271987
2025-11-24,PE,25959.5,26150.0,22.0,0.1,0.0746378836765238,295.45,286.35,214.060765309983,10.066486971706977,-81.38923469001699,-72.28923469001703,-27.547549395842612,-25.24506187882557
2025-11-24,CE,25959.5,26750.0,22.0,0.1,0.0746378836765238,59.15,59.85,42.73166966651773,4.331324785386145,-16.418330333482267,-17.11833033348227,-27.757109608592167,-28.602055695041383
2025-11-24,PE,25959.5,24700.0,22.0,0.1,0.0746378836765238,19.65,20.75,0.966586013725074,0.6972360285700816,-18.683413986274925,-19.783413986274926,-95.08098720750598,-95.34175415072254
2025-11-24,CE,25959.5,27250.0,22.0,0.1,0.0746378836765238,19.1,19.1,7.406146343600251,1.5144527882148342,-11.69385365639975,-11.69385365639975,-61.2243646931924,-61.2243646931924
2025-11-24,CE,25959.5,26050.0,22.0,0.1,0.0746378836765238,336.6,305.0,315.4552290994606,12.31879606478291,-21.144770900539413,10.45522909946061,-6.281868954408619,3.4279439670362657
2025-11-24,PE,25959.5,25800.0,22.0,0.1,0.0746378836765238,159.9,166.0,88.94323696805488,6.406190230838827,-70.95676303194513,-77.05676303194512,-44.37571171478745,-46.419736766232
2025-11-24,PE,25959.5,26400.0,22.0,0.1,0.0746378836765238,434.9,432.95,349.774777973674,12.165481447968533,-85.12522202632596,-83.17522202632597,-19.573516216676467,-19.211276596910952
2025-11-24,CE,25959.5,27900.0,22.0,0.1,0.0746378836765238,7.9,7.9,0.3206862647224712,0.2597884838394525,-7.5793137352775295,-7.5793137352775295,-95.94068019338644,-95.94068019338644
2025-11-24,CE,25959.5,25900.0,22.0,0.1,0.0746378836765238,413.5,399.55,385.2677340630812,13.413536839242315,-28.232265936918793,-14.282265936918805,-6.827633842060167,-3.574587895612265
2025-11-24,PE,25959.5,26100.0,22.0,0.1,0.0746378836765238,273.65,286.0,191.06238996633334,9.779672675658789,-82.58761003366664,-94.93761003366666,-30.180014629514577,-33.19496854324009
2025-11-24,PE,25959.5,25450.0,22.0,0.1,0.0746378836765238,79.95,80.8,23.484216418658235,3.028387975469594,-56.46578358134177,-57.31578358134176,-70.62637095852628,-70.93537571948238
2025-11-24,PE,25959.5,25700.0,22.0,0.1,0.0746378836765238,133.9,139.4,57.61878972432523,4.868837292638985,-76.28121027567477,-81.78121027567477,-56.96879034777802,-58.66657839001059
2025-11-24,PE,25959.5,26500.0,22.0,0.1,0.0746378836765238,501.9,511.6,398.85095488043737,13.55049291099971,-103.0490451195626,-112.74904511956265,-20.531788228643677,-22.038515465121705
2025-11-24,PE,25959.5,25550.0,22.0,0.1,0.0746378836765238,98.95,102.3,42.460739110275654,4.4243948078674995,-56.48926088972435,-59.83926088972434,-57.088692157376805,-58.4939011629759
2025-11-24,PE,25959.5,24800.0,22.0,0.1,0.0746378836765238,23.0,23.5,0.28177004672399364,0.1787597751871647,-22.718229953276005,-23.218229953276005,-98.77491284033046,-98.80097852457874
2025-11-24,PE,25959.5,25100.0,22.0,0.1,0.0746378836765238,41.1,42.6,3.222470620072044,1.001800451894944,-37.87752937992796,-39.37752937992796,-92.15943888060329,-92.4355149763567
2025-11-24,PE,25959.5,25950.0,22.0,0.1,0.0746378836765238,216.0,226.25,120.86408266279055,7.635456424839167,-95.13591733720945,-105.38591733720945,-44.044406174634005,-46.579410977772135
2025-11-24,CE,25959.5,26600.0,22.0,0.1,0.0746378836765238,96.85,89.0,85.73464485039399,6.595684037049298,-11.115355149606003,-3.265355149606009,-11.476876767791435,-3.66893837034383
2025-11-24,CE,25959.5,27600.0,22.0,0.1,0.0746378836765238,8.8,6.65,1.813495964767652,0.9345559426266282,-6.986504035232349,-4.836504035232348,-79.39209130945851,-72.72938398845636
2025-11-24,PE,25959.5,24000.0,22.0,0.1,0.0746378836765238,8.15,8.05,0.0,0.0,-8.15,-8.05,-100.0,-100.0
2025-11-24,PE,25959.5,25500.0,22.0,0.1,0.0746378836765238,86.75,91.0,31.57492089407,3.6585513579147193,-55.175079105929996,-59.425079105929996,-63.60239666389624,-65.3022847317912
2025-11-24,CE,25959.5,25650.0,22.0,0.1,0.0746378836765238,581.9,581.9,604.9651177831583,15.789263705554255,23.06511778315837,23.06511778315837,3.963759715270385,3.963759715270385
2025-11-24,PE,25959.5,26200.0,22.0,0.1,0.0746378836765238,314.75,323.6,223.23383781065792,10.462604792076132,-91.51616218934208,-100.3661621893421,-29.07582595372266,-31.015501294605098
2025-11-24,CE,25959.5,26450.0,22.0,0.1,0.0746378836765238,132.55,130.15,127.59839371510348,8.364298616919768,-4.951606284896528,-2.551606284896522,-3.735651667217297,-1.9605119361479229
2025-11-25,CE,25884.8,26350.0,21.0,0.1,0.0748704966832828,117.4,107.9,114.6336569769463,7.514968017682896,-2.7663430230537074,6.733656976946293,-2.356339883350688,6.240645947123533
2025-11-25,PE,25884.8,25000.0,21.0,0.1,0.0748704966832828,30.0,29.7,3.0351918399550257,1.0011309693465062,-26.964808160044974,-26.664808160044974,-89.88269386681658,-89.78049885537028
2025-11-25,CE,25884.8,26450.0,21.0,0.1,0.0748704966832828,88.5,80.0,105.21000766678353,7.787592807898805,16.710007666783525,25.210007666783525,18.881364595235624,31.51250958347941
2025-11-25,PE,25884.8,25200.0,21.0,0.1,0.0748704966832828,44.6,45.95,13.228186086272013,2.1033333343955913,-31.37181391372799,-32.72181391372799,-70.34038994109414,-71.21178218439171
2025-11-25,CE,25884.8,27850.0,21.0,0.1,0.0748704966832828,3.8,3.8,0.5007957444112656,0.3369270670934199,-3.299204255588734,-3.299204255588734,-86.82116462075616,-86.82116462075616
2025-11-25,CE,25884.8,26050.0,21.0,0.1,0.0748704966832828,237.3,230.0,246.9217079116261,10.478258640108194,9.621707911626089,16.9217079116261,4.05465988690522,7.357264309402653
2025-11-25,CE,25884.8,25000.0,21.0,0.1,0.0748704966832828,1050.05,1050.05,1077.4107812905186,17.580860734560787,27.360781290518617,27.360781290518617,2.6056646150677225,2.6056646150677225
2025-11-25,CE,25884.8,26700.0,21.0,0.1,0.0748704966832828,42.9,37.05,38.03323749734659,4.123916709825953,-4.866762502653408,0.9832374973465932,-11.344434738119833,2.653812408492829
2025-11-25,CE,25884.8,26800.0,21.0,0.1,0.0748704966832828,30.45,27.0,21.870120536961924,2.988152733009306,-8.579879463038075,-5.129879463038076,-28.176944049386126,-18.999553566807688
2025-11-25,PE,25884.8,25450.0,21.0,0.1,0.0748704966832828,80.75,85.4,35.533729457361346,4.056707369745514,-45.216270542638654,-49.86627054263866,-55.99538147695189,-58.39141749723497
2025-11-25,PE,25884.8,26150.0,21.0,0.1,0.0748704966832828,328.25,326.75,258.127926684156,10.880980778150953,-70.12207331584398,-68.62207331584398,-21.36239857299131,-21.001399637595707
2025-11-25,PE,25884.8,25350.0,21.0,0.1,0.0748704966832828,64.0,62.75,23.536368170448288,2.952813599001369,-40.463631829551716,-39.213631829551716,-63.22442473367455,-62.49184355307046
2025-11-25,CE,25884.8,27100.0,21.0,0.1,0.0748704966832828,13.6,12.0,10.238693363848691,2.162832668557086,-3.3613066361513084,-1.7613066361513088,-24.715489971700798,-14.677555301260906
2025-11-25,CE,25884.8,26100.0,21.0,0.1,0.0748704966832828,213.95,206.0,207.19228288166346,10.14776958171888,-6.757717118336529,1.1922828816634592,-3.1585497164461462,0.5787780978948831
2025-11-25,CE,25884.8,25700.0,21.0,0.1,0.0748704966832828,446.05,436.1,480.8499984137524,13.69379438310313,34.799998413752405,44.749998413752394,7.801815584296022,10.261407570225266
2025-11-25,PE,25884.8,27800.0,21.0,0.1,0.0748704966832828,1600.0,1600.0,1684.5644012088183,17.601744489489633,84.56440120881825,84.56440120881825,5.285275075551141,5.285275075551141
2025-11-25,PE,25884.8,25900.0,21.0,0.1,0.0748704966832828,213.55,211.0,125.78605642283367,7.530352587702274,-87.76394357716634,-85.21394357716633,-41.09760879286647,-40.385755249841864
2025-11-25,CE,25884.8,25900.0,21.0,0.1,0.0748704966832828,319.2,310.0,354.272574905533,13.243977300660768,35.07257490553303,44.27257490553302,10.987648779928895,14.281475775978395
2025-11-25,CE,25884.8,26250.0,21.0,0.1,0.0748704966832828,149.65,143.7,165.8414724188418,9.13398510358314,16.191472418841784,22.1414724188418,10.819560587264807,15.408122768853028
2025-11-25,CE,25884.8,26850.0,21.0,0.1,0.0748704966832828,26.3,26.2,23.12905111598879,3.2541247348472813,-3.17094888401121,-3.0709488840112087,-12.056839863160494,-11.721178946607667
2025-11-25,PE,25884.8,24650.0,21.0,0.1,0.0748704966832828,15.65,15.95,1.0594871021188266,0.45808182006954173,-14.590512897881174,-14.890512897881173,-93.23011436345799,-93.35744763561864
2025-11-25,PE,25884.8,25850.0,21.0,0.1,0.0748704966832828,192.7,195.95,134.77373468355987,8.271187336627227,-57.92626531644012,-61.17626531644012,-30.060334881390826,-31.220344637121777
2025-11-25,PE,25884.8,26250.0,21.0,0.1,0.0748704966832828,387.25,394.0,307.10416351821635,11.915592466500298,-80.14583648178365,-86.89583648178365,-20.696148865534838,-22.05478083294001
2025-11-25,CE,25884.8,26200.0,21.0,0.1,0.0748704966832828,171.9,169.15,176.87803721812506,9.108290600987594,4.978037218125053,7.728037218125053,2.895891342713818,4.56874798588534
2025-11-25,CE,25884.8,27700.0,21.0,0.1,0.0748704966832828,3.25,2.85,0.6715997189918866,0.40126869592157915,-2.5784002810081135,-2.1784002810081136,-79.33539326178811,-76.43509757923205
2025-11-25,PE,25884.8,26200.0,21.0,0.1,0.0748704966832828,366.6,372.05,281.04426537739766,11.03070461254362,-85.55573462260236,-91.00573462260235,-23.337625374414174,-24.46061943894701
2025-11-25,CE,25884.8,26600.0,21.0,0.1,0.0748704966832828,56.25,51.35,67.98415103225803,5.867670484495365,11.734151032258026,16.634151032258025,20.86071294623649,32.39367289631553
2025-11-25,CE,25884.8,25950.0,21.0,0.1,0.0748704966832828,290.9,289.0,318.5159330603281,11.972138986613633,27.615933060328132,29.51593306032811,9.493273654289492,10.21312562641111
2025-11-25,PE,25884.8,25600.0,21.0,0.1,0.0748704966832828,111.45,113.85,55.93121784245492,4.983092179857552,-55.51878215754508,-57.918782157545074,-49.81496828851061,-50.872887270571
2025-11-25,PE,25884.8,26050.0,21.0,0.1,0.0748704966832828,281.95,283.0,195.86732950690163,9.504133160794193,-86.08267049309836,-87.13267049309837,-30.531183008724373,-30.788929502861617
2025-11-25,CE,25884.8,25650.0,21.0,0.1,0.0748704966832828,570.2,570.2,502.49263570452797,14.628530492735065,-67.70736429547208,-67.70736429547208,-11.87431853656122,-11.87431853656122
2025-11-25,CE,25884.8,25800.0,21.0,0.1,0.0748704966832828,377.5,371.0,402.8594971035754,13.158033981849092,25.359497103575393,31.859497103575393,6.717747577106064,8.587465526570186
2025-11-25,PE,25884.8,26500.0,21.0,0.1,0.0748704966832828,563.8,566.75,472.3439907021853,14.32602029780392,-91.45600929781466,-94.4060092978147,-16.22135673959111,-16.657434371030387
2025-11-25,CE,25884.8,27150.0,21.0,0.1,0.0748704966832828,13.7,13.5,6.9740200050875725,1.513390527698879,-6.725979994912427,-6.5259799949124275,-49.09474448841188,-48.34059255490687
2025-11-25,CE,25884.8,27600.0,21.0,0.1,0.0748704966832828,5.95,4.4,1.7513309752240223,0.7783298718815147,-4.1986690247759775,-2.648669024775978,-70.56586596262147,-60.19702329036314
2025-11-25,PE,25884.8,25800.0,21.0,0.1,0.0748704966832828,173.05,175.0,111.84433267614628,7.21503655741393,-61.20566732385373,-63.15566732385372,-35.36877626342313,-36.08895275648784
2025-11-25,PE,25884.8,25300.0,21.0,0.1,0.0748704966832828,57.05,58.05,21.302367703739467,2.9822109101170065,-35.747632296260534,-36.747632296260534,-62.66017930983442,-63.30341480837301
2025-11-25,PE,25884.8,26000.0,21.0,0.1,0.0748704966832828,257.25,255.5,160.9526431636909,8.47015498617026,-96.29735683630909,-94.54735683630909,-37.43337486348264,-37.00483633515033
2025-11-25,CE,25884.8,25600.0,21.0,0.1,0.0748704966832828,601.55,601.55,557.7927435809821,14.765919508578442,-43.757256419017835,-43.757256419017835,-7.274084684401602,-7.274084684401602
2025-11-25,CE,25884.8,26150.0,21.0,0.1,0.0748704966832828,193.7,188.9,214.89760529273852,10.165030301795573,21.19760529273853,25.997605292738513,10.943523641062741,13.762628529771579
2025-11-25,CE,25884.8,26300.0,21.0,0.1,0.0748704966832828,133.8,122.9,136.69397680592257,8.013028388260725,2.893976805922563,13.793976805922568,2.16291241100341,11.223740281466695
2025-11-25,CE,25884.8,26750.0,21.0,0.1,0.0748704966832828,37.35,36.6,40.29034296787015,4.622052702556327,2.9403429678701514,3.6903429678701514,7.872404197778183,10.082904283798227
2025-11-25,CE,25884.8,27950.0,21.0,0.1,0.0748704966832828,4.4,4.4,0.0,0.0,-4.4,-4.4,-100.0,-100.0
2025-11-25,PE,25884.8,24900.0,21.0,0.1,0.0748704966832828,23.6,23.15,2.8232917486288907,1.114902380015015,-20.77670825137111,-20.32670825137111,-88.03689937021657,-87.8043552974994
2025-11-25,PE,25884.8,26400.0,21.0,0.1,0.0748704966832828,494.3,505.0,382.6820417109991,12.659662708653537,-111.61795828900091,-122.3179582890009,-22.58101523143858,-24.221377879010078
2025-11-25,PE,25884.8,25950.0,21.0,0.1,0.0748704966832828,233.55,235.0,151.6457914100079,8.419358190971284,-81.90420858999212,-83.35420858999211,-35.06923938770804,-35.469875995741326
2025-11-25,PE,25884.8,25550.0,21.0,0.1,0.0748704966832828,99.8,102.45,42.83924641694991,4.419255817410925,-56.960753583050085,-59.61075358305009,-57.07490338982974,-58.18521579604694
2025-11-25,PE,25884.8,25500.0,21.0,0.1,0.0748704966832828,90.05,89.05,36.13303995222546,3.8045128519717397,-53.91696004777454,-52.91696004777454,-59.87446979208721,-59.423874281610935
2025-11-25,PE,25884.8,24500.0,21.0,0.1,0.0748704966832828,11.8,12.75,0.3082611900881635,0.30826119008816344,-11.491738809911837,-12.441738809911836,-97.38761703315116,-97.5822651757791
2025-11-25,PE,25884.8,24700.0,21.0,0.1,0.0748704966832828,16.75,15.3,1.2185063214676437,0.6013618071127252,-15.531493678532357,-14.081493678532357,-92.72533539422302,-92.03590639563632
2025-11-25,CE,25884.8,27300.0,21.0,0.1,0.0748704966832828,8.0,7.2,2.8990356945827718,1.1114644027678247,-5.100964305417229,-4.300964305417228,-63.762053817715355,-59.73561535301706
2025-11-25,CE,25884.8,26000.0,21.0,0.1,0.0748704966832828,262.6,260.1,290.1188575744493,11.933060268448479,27.51885757444927,30.01885757444927,10.479382168487916,11.541275499596027
2025-11-25,PE,25884.8,25700.0,21.0,0.1,0.0748704966832828,141.2,142.8,74.94230554562289,5.718971545340664,-66.2576944543771,-67.85769445437712,-46.92471278638605,-47.51939387561423
2025-11-25,CE,25884.8,27000.0,21.0,0.1,0.0748704966832828,18.15,16.45,11.807269462205422,2.179932640268044,-6.342730537794576,-4.642730537794577,-34.94617376195359,-28.223285944039983
2025-11-25,CE,25884.8,27900.0,21.0,0.1,0.0748704966832828,3.0,2.65,0.010162388341168713,0.010162388341168713,-2.989837611658831,-2.639837611658831,-99.66125372196105,-99.61651364750307
2025-11-25,CE,25884.8,25750.0,21.0,0.1,0.0748704966832828,413.3,405.0,435.85982639448287,13.526219329797042,22.559826394482855,30.859826394482866,5.458462713400158,7.619710220859967
2025-11-25,PE,25884.8,24750.0,21.0,0.1,0.0748704966832828,17.65,17.65,1.162977603586977,0.6874922983266163,-16.48702239641302,-16.48702239641302,-93.41089176437973,-93.41089176437973
2025-11-25,CE,25884.8,26550.0,21.0,0.1,0.0748704966832828,65.5,59.65,60.041923912195394,5.124809171243032,-5.458076087804606,0.391923912195395,-8.332940592068102,0.6570392492797905
2025-11-25,CE,25884.8,27200.0,21.0,0.1,0.0748704966832828,10.15,8.6,9.250097882133504,2.445878143821394,-0.8999021178664961,0.6500978821335046,-8.866030717896512,7.559277699226798
2025-11-25,PE,25884.8,24000.0,21.0,0.1,0.0748704966832828,7.05,6.75,0.0,0.0,-7.05,-6.75,-100.0,-100.0
2025-11-25,PE,25884.8,24800.0,21.0,0.1,0.0748704966832828,18.9,18.3,1.8300363950031837,0.8407612891266291,-17.069963604996815,-16.469963604996817,-90.3172677513059,-89.99980112020118
2025-11-25,PE,25884.8,25750.0,21.0,0.1,0.0748704966832828,159.05,161.0,83.93639826524567,6.2066532853377,-75.11360173475434,-77.06360173475433,-47.226407881014985,-47.86559113959896
2025-11-25,PE,25884.8,24950.0,21.0,0.1,0.0748704966832828,25.4,25.45,3.7565924902022227,1.1937716503808806,-21.643407509797775,-21.693407509797776,-85.21026578660542,-85.23932223889106
2025-11-25,PE,25884.8,24850.0,21.0,0.1,0.0748704966832828,20.7,20.7,1.6903113120301196,0.5595058388739421,-19.00968868796988,-19.00968868796988,-91.8342448694197,-91.8342448694197
2025-11-25,CE,25884.8,27500.0,21.0,0.1,0.0748704966832828,6.65,4.85,0.8549434174815611,0.4982089308884495,-5.7950565825184395,-3.9950565825184388,-87.14370800779608,-82.37230067048328
2025-11-25,PE,25884.8,25400.0,21.0,0.1,0.0748704966832828,71.9,73.45,23.509760823648953,3.1410134534175493,-48.39023917635105,-49.94023917635105,-67.30214071815168,-67.99215680919136
2025-11-25,CE,25884.8,26400.0,21.0,0.1,0.0748704966832828,99.25,93.0,107.24646530464207,7.1659057601123,7.996465304642072,14.246465304642072,8.056891994601584,15.318779897464593
2025-11-25,CE,25884.8,26500.0,21.0,0.1,0.0748704966832828,76.25,72.5,88.89163042848057,6.461150050138211,12.641630428480568,16.391630428480568,16.57918744718763,22.609145418593886
2025-11-25,PE,25884.8,26100.0,21.0,0.1,0.0748704966832828,305.55,307.6,222.08943889757,10.268815468635891,-83.46056110243,-85.51056110243002,-27.314862085560463,-27.799272139931734
2025-11-25,PE,25884.8,25100.0,21.0,0.1,0.0748704966832828,36.95,36.9,7.99131101380094,1.8456828222814496,-28.958688986199064,-28.90868898619906,-78.37263595723697,-78.3433305859053
2025-11-25,PE,25884.8,26300.0,21.0,0.1,0.0748704966832828,422.05,425.0,334.533160904253,12.167201870688276,-87.516839095747,-90.46683909574699,-20.73613057593816,-21.28631508135223
2025-11-25,CE,25884.8,27450.0,21.0,0.1,0.0748704966832828,6.65,5.55,1.6703278022123214,0.717900728477835,-4.9796721977876786,-3.8796721977876785,-74.88228868853652,-69.90400356374195
2025-11-25,CE,25884.8,27750.0,21.0,0.1,0.0748704966832828,3.9,3.9,0.31291874392126606,0.31291874392126606,-3.5870812560787337,-3.5870812560787337,-91.97644246355728,-91.97644246355728
2025-11-25,CE,25884.8,26950.0,21.0,0.1,0.0748704966832828,20.65,17.05,14.407351812110665,2.3638551912698653,-6.242648187889333,-2.6426481878893355,-30.230741829972562,-15.499402861521027
2025-11-25,CE,25884.8,27800.0,21.0,0.1,0.0748704966832828,3.1,3.1,0.49160538587094854,0.32288149959891643,-2.6083946141290517,-2.6083946141290517,-84.14176174609844,-84.14176174609844
2025-11-25,CE,25884.8,25500.0,21.0,0.1,0.0748704966832828,593.2,590.0,606.3017296076522,15.195929319367368,13.101729607652146,16.30172960765219,2.208653001964286,2.763005018246134
2025-11-25,PE,25884.8,25650.0,21.0,0.1,0.0748704966832828,125.95,125.95,61.49104917495834,5.178492151245251,-64.45895082504165,-64.45895082504165,-51.1782062922125,-51.1782062922125
2025-11-25,CE,25884.8,27050.0,21.0,0.1,0.0748704966832828,15.9,15.95,14.027561629227403,2.596697948560681,-1.8724383707725973,-1.9224383707725963,-11.776341954544638,-12.052905145909696
2025-11-25,CE,25884.8,25850.0,21.0,0.1,0.0748704966832828,351.45,345.2,357.81785199648607,12.680437041471395,6.367851996486081,12.617851996486081,1.8118799250209365,3.6552294311952727
2025-11-26,PE,26205.3,24800.0,20.0,0.1,0.0813368686805446,12.8,13.85,0.6205213366612237,0.4037747685121302,-12.179478663338777,-13.229478663338776,-95.1521770573342,-95.51970154035217
2025-11-26,PE,26205.3,24900.0,20.0,0.1,0.0813368686805446,14.15,14.0,0.0949772174696724,0.07189910009866723,-14.055022782530328,-13.905022782530327,-99.32878291540868,-99.32159130378805
2025-11-26,PE,26205.3,26250.0,20.0,0.1,0.0813368686805446,225.55,220.5,166.3340938837261,9.24183585170287,-59.21590611627391,-54.1659061162739,-26.254004041797348,-24.565036787425807
2025-11-26,CE,26205.3,26250.0,20.0,0.1,0.0813368686805446,284.6,290.0,325.07028256108435,12.89425323662156,40.47028256108433,35.070282561084355,14.220057119144178,12.093200883132535
2025-11-26,CE,26205.3,26600.0,20.0,0.1,0.0813368686805446,123.2,126.75,161.91756459806922,9.330053885558595,38.71756459806922,35.16756459806922,31.426594641289945,27.745613095123645
2025-11-26,CE,26205.3,25750.0,20.0,0.1,0.0813368686805446,613.1,613.1,704.3122589550287,16.817195792614438,91.21225895502869,91.21225895502869,14.877223773451098,14.877223773451098
2025-11-26,PE,26205.3,26950.0,20.0,0.1,0.0813368686805446,690.4,690.4,592.060894565272,15.983856526033728,-98.33910543472803,-98.33910543472803,-14.24378699807764,-14.24378699807764
2025-11-26,CE,26205.3,26350.0,20.0,0.1,0.0813368686805446,229.25,240.0,266.1645557217383,11.805428165789401,36.91455572173828,26.16455572173828,16.102314382437637,10.90189821739095
2025-11-26,PE,26205.3,27550.0,20.0,0.1,0.0813368686805446,1230.95,1224.45,1130.4743773848718,18.4240979483222,-100.47562261512826,-93.97562261512826,-8.162445478299546,-7.674925281973804
2025-11-26,CE,26205.3,25100.0,20.0,0.1,0.0813368686805446,1213.7,1210.95,1303.4919164944315,19.68916645543413,89.79191649443146,92.54191649443146,7.3981969592511705,7.6420922824585205
2025-11-26,CE,26205.3,27600.0,20.0,0.1,0.0813368686805446,5.2,5.7,5.201607697174938,1.463846559801048,0.0016076971749381386,-0.49839230282506186,0.03091725336419497,-8.743724610965998
2025-11-26,CE,26205.3,25900.0,20.0,0.1,0.0813368686805446,521.35,523.15,593.9513557622674,16.106614637286434,72.60135576226742,70.80135576226746,13.925646065458409,13.53366257522077
2025-11-26,CE,26205.3,27950.0,20.0,0.1,0.0813368686805446,4.5,4.65,1.0921581176392925,0.615107763215764,-3.4078418823607075,-3.557841882360708,-75.72981960801573,-76.51272865291844
2025-11-26,PE,26205.3,26400.0,20.0,0.1,0.0813368686805446,293.45,285.0,235.9254763515207,10.797670934872682,-57.52452364847929,-49.0745236484793,-19.60283647929095,-17.21913110472958
2025-11-26,CE,26205.3,27300.0,20.0,0.1,0.0813368686805446,13.0,13.35,18.425266429531955,2.865267057454832,5.4252664295319555,5.075266429531956,41.732818688707354,38.01697700023937
2025-11-26,CE,26205.3,25200.0,20.0,0.1,0.0813368686805446,1118.35,1115.8,1219.0771622035465,19.263012323635895,100.72716220354664,103.2771622035466,9.006765520950207,9.25588476461253
2025-11-26,CE,26205.3,26550.0,20.0,0.1,0.0813368686805446,141.9,146.4,186.9892251089113,10.000930255824056,45.08922510891131,40.58922510891131,31.77535243756963,27.72488053887384
2025-11-26,CE,26205.3,26750.0,20.0,0.1,0.0813368686805446,80.6,80.95,110.34428912265996,7.73528174574579,29.744289122659964,29.394289122659956,36.90358451942924,36.31166043565158
2025-11-26,PE,26205.3,24000.0,20.0,0.1,0.0813368686805446,6.9,6.65,0.0,0.0,-6.9,-6.65,-100.0,-100.0
2025-11-26,CE,26205.3,26200.0,20.0,0.1,0.0813368686805446,316.5,323.0,364.3262494833354,13.445106144259094,47.8262494833354,41.3262494833354,15.110979299632039,12.794504484004769
2025-11-26,PE,26205.3,27500.0,20.0,0.1,0.0813368686805446,1189.5,1189.5,1064.314314583437,18.53687779584118,-125.18568541656305,-125.18568541656305,-10.524227441493322,-10.524227441493322
2025-11-26,PE,26205.3,27700.0,20.0,0.1,0.0813368686805446,1380.0,1385.65,1274.107261122196,18.90167947192514,-105.89273887780405,-111.54273887780414,-7.673386875203192,-8.049849448114902
2025-11-26,PE,26205.3,25000.0,20.0,0.1,0.0813368686805446,17.4,17.7,1.8402097000179012,0.918345593542146,-15.559790299982097,-15.859790299982098,-89.42408218380517,-89.60333502814744
2025-11-26,CE,26205.3,26800.0,20.0,0.1,0.0813368686805446,69.2,71.9,94.66401223195749,7.134050951420191,25.464012231957483,22.76401223195748,36.79770553751081,31.66065678992695
2025-11-26,PE,26205.3,26800.0,20.0,0.1,0.0813368686805446,572.6,572.6,479.4674976649829,14.87909932494554,-93.13250233501714,-93.13250233501714,-16.264844976426325,-16.264844976426325
2025-11-26,CE,26205.3,27750.0,20.0,0.1,0.0813368686805446,4.5,4.5,2.179285327698708,0.8281411089110957,-2.320714672301292,-2.320714672301292,-51.57143716225093,-51.57143716225093
2025-11-26,PE,26205.3,25300.0,20.0,0.1,0.0813368686805446,29.65,28.85,4.2434906771238845,1.071873919314698,-25.406509322876115,-24.606509322876118,-85.68805842454003,-85.29119349350474
2025-11-26,CE,26205.3,26850.0,20.0,0.1,0.0813368686805446,58.5,59.95,86.19175952065035,6.6639671060834145,27.69175952065035,26.241759520650348,47.33634106094077,43.772743153712
2025-11-26,CE,26205.3,27450.0,20.0,0.1,0.0813368686805446,8.25,8.6,13.78034461724973,2.5178086099635926,5.53034461724973,5.18034461724973,67.03448020908763,60.23656531685732
2025-11-26,CE,26205.3,24950.0,20.0,0.1,0.0813368686805446,1360.4,1357.6,1479.9444617024667,18.945680132951203,119.5444617024666,122.34446170246679,8.787449404768202,9.011819512556482
2025-11-26,PE,26205.3,27200.0,20.0,0.1,0.0813368686805446,906.05,903.3,801.2036017781852,17.21227835212681,-104.84639822181475,-102.09639822181475,-11.571811513913664,-11.302601375159389
2025-11-26,PE,26205.3,26200.0,20.0,0.1,0.0813368686805446,204.0,195.25,151.36380499080622,8.360566632146817,-52.636195009193784,-43.886195009193784,-25.802056377055777,-22.47692446053459
2025-11-26,CE,26205.3,25000.0,20.0,0.1,0.0813368686805446,1312.15,1309.45,1412.5773675612547,19.26454862933565,100.42736756125464,103.12736756125469,7.653649930362735,7.875624694433135
2025-11-26,PE,26205.3,26750.0,20.0,0.1,0.0813368686805446,512.8,512.8,439.7193427612387,14.266885773555073,-73.08065723876126,-73.08065723876126,-14.251298213486988,-14.251298213486988
2025-11-26,PE,26205.3,24400.0,20.0,0.1,0.0813368686805446,11.75,11.75,0.13615602416526024,0.1361560241652602,-11.61384397583474,-11.61384397583474,-98.84122532625311,-98.84122532625311
2025-11-26,PE,26205.3,25400.0,20.0,0.1,0.0813368686805446,36.1,34.85,10.319939685605506,1.8074887423666948,-25.780060314394497,-24.530060314394497,-71.41290945815649,-70.38754753054374
2025-11-26,CE,26205.3,23950.0,20.0,0.1,0.0813368686805446,2367.45,2377.9,2436.733189864839,19.078387761837547,69.28318986483919,58.833189864838914,2.926490099678523,2.474165854949279
2025-11-26,PE,26205.3,27450.0,20.0,0.1,0.0813368686805446,1149.7,1146.25,1035.3163151715523,18.052795097920065,-114.38368482844771,-110.93368482844767,-9.9490027684133,-9.677965961042327
2025-11-26,PE,26205.3,26000.0,20.0,0.1,0.0813368686805446,135.85,132.0,81.05966355288116,6.44095843265142,-54.79033644711883,-50.94033644711884,-40.33149536041136,-38.59116397509003
2025-11-26,CE,26205.3,27400.0,20.0,0.1,0.0813368686805446,10.0,10.0,13.285629550639047,2.2181148884432145,3.2856295506390474,3.2856295506390474,32.856295506390474,32.856295506390474
2025-11-26,CE,26205.3,27000.0,20.0,0.1,0.0813368686805446,35.8,37.0,51.172032141142644,4.916893993730697,15.372032141142647,14.172032141142644,42.938637265761585,38.30278957065579
2025-11-26,PE,26205.3,27800.0,20.0,0.1,0.0813368686805446,1560.0,1560.0,1347.202877664322,18.481612084696327,-212.79712233567807,-212.79712233567807,-13.64084117536398,-13.64084117536398
2025-11-26,PE,26205.3,26900.0,20.0,0.1,0.0813368686805446,651.05,651.05,562.6470441315751,15.447246406867484,-88.4029558684249,-88.4029558684249,-13.578520216331297,-13.578520216331297
2025-11-26,CE,26205.3,26950.0,20.0,0.1,0.0813368686805446,42.9,43.05,71.8670716810132,5.675598856165292,28.967071681013202,28.817071681013203,67.52231161075338,66.93861017656958
2025-11-26,CE,26205.3,26050.0,20.0,0.1,0.0813368686805446,409.05,415.9,459.9027286504151,15.041021980729441,50.85272865041509,44.00272865041512,12.431910194454245,10.580122301133715
2025-11-26,CE,26205.3,24000.0,20.0,0.1,0.0813368686805446,2317.9,2328.35,2390.8090467434617,19.210316189336837,72.90904674346166,62.45904674346184,3.1454785255387057,2.682545439622988
2025-11-26,PE,26205.3,26550.0,20.0,0.1,0.0813368686805446,383.4,383.85,348.9826048229704,13.363245024911809,-34.41739517702956,-34.86739517702961,-8.976889717535098,-9.083599108253122
2025-11-26,PE,26205.3,24700.0,20.0,0.1,0.0813368686805446,11.55,11.75,0.07852525090809595,0.07852525090809595,-11.471474749091906,-11.671474749091905,-99.32012769776541,-99.33169999227152
2025-11-26,PE,26205.3,27100.0,20.0,0.1,0.0813368686805446,830.65,830.65,729.8417050218371,17.309315009553895,-100.80829497816285,-100.80829497816285,-12.136073554224144,-12.136073554224144
2025-11-26,CE,26205.3,27150.0,20.0,0.1,0.0813368686805446,21.25,21.35,30.79109725361588,3.9646629052614757,9.541097253615881,9.44109725361588,44.8992811934865,44.22059603567156
2025-11-26,CE,26205.3,26650.0,20.0,0.1,0.0813368686805446,108.1,111.5,129.5034840533739,8.406650166452007,21.403484053373916,18.00348405337391,19.799707727450432,16.14662246939364
2025-11-26,CE,26205.3,25050.0,20.0,0.1,0.0813368686805446,1263.7,1260.95,1343.154329031915,18.946910609243993,79.454329031915,82.204329031915,6.287436023733085,6.519237799430192
2025-11-26,CE,26205.3,25950.0,20.0,0.1,0.0813368686805446,478.1,486.0,550.5419662510124,15.646292429967644,72.44196625101233,64.54196625101235,15.152053179462943,13.280239969344107
2025-11-26,CE,26205.3,26100.0,20.0,0.1,0.0813368686805446,378.05,383.8,419.231800306487,14.095334488201969,41.18180030648699,35.43180030648699,10.893215264247319,9.23183957959536
2025-11-26,PE,26205.3,24650.0,20.0,0.1,0.0813368686805446,11.95,10.9,0.06741720885009357,0.06741720885009356,-11.882582791149906,-10.832582791149907,-99.43583925648457,-99.38149349678812
2025-11-26,CE,26205.3,26300.0,20.0,0.1,0.0813368686805446,257.4,264.0,278.25044290449574,11.734855813458948,20.850442904495765,14.250442904495742,8.100405168801775,5.39789503958172
2025-11-26,PE,26205.3,26350.0,20.0,0.1,0.0813368686805446,274.55,264.2,203.82598536606656,9.866742271704576,-70.72401463393345,-60.37401463393343,-25.75997619156199,-22.851633093843084
2025-11-26,PE,26205.3,25800.0,20.0,0.1,0.0813368686805446,87.95,84.0,47.592154052355326,4.758364261348709,-40.35784594764468,-36.407845947644674,-45.887260884189516,-43.342673747196045
2025-11-26,PE,26205.3,25900.0,20.0,0.1,0.0813368686805446,109.75,105.6,58.83155140757396,5.483965052135611,-50.91844859242604,-46.76844859242603,-46.394941769864275,-44.288303591312534
2025-11-26,CE,26205.3,27500.0,20.0,0.1,0.0813368686805446,7.45,7.6,11.57767907334265,2.2248971341825805,4.127679073342649,3.9776790733426495,55.405088232787236,52.337882543982225
2025-11-26,CE,26205.3,27100.0,20.0,0.1,0.0813368686805446,25.4,26.55,36.37074571168526,4.243824568523799,10.970745711685261,9.820745711685259,43.191912250729374,36.989626032712835
2025-11-26,CE,26205.3,27800.0,20.0,0.1,0.0813368686805446,3.95,4.9,3.1655004875677575,1.0482609400902934,-0.7844995124322427,-1.7344995124322429,-19.860747150183357,-35.397949233311074
2025-11-26,PE,26205.3,25650.0,20.0,0.1,0.0813368686805446,63.0,62.7,30.04112824809291,3.548282303572806,-32.95887175190709,-32.65887175190709,-52.31566944747157,-52.08751475583268
2025-11-26,PE,26205.3,25050.0,20.0,0.1,0.0813368686805446,18.25,18.25,1.9907243147483664,0.7954220137140763,-16.259275685251634,-16.259275685251634,-89.09192156302265,-89.09192156302265
2025-11-26,PE,26205.3,26650.0,20.0,0.1,0.0813368686805446,449.05,448.55,364.17470084392875,13.118569378671982,-84.87529915607126,-84.37529915607126,-18.901079869963535,-18.810678665939417
2025-11-26,PE,26205.3,25950.0,20.0,0.1,0.0813368686805446,120.95,118.6,81.06603084899446,6.189932603606226,-39.883969151005545,-37.533969151005536,-32.97558425052133,-31.647528795114283
2025-11-26,CE,26205.3,26450.0,20.0,0.1,0.0813368686805446,183.85,184.05,241.24701554329232,11.24203445262875,57.397015543292326,57.19701554329231,31.219480850308585,31.076889727406847
2025-11-26,PE,26205.3,26700.0,20.0,0.1,0.0813368686805446,476.1,476.1,413.9961452975335,14.05109317371361,-62.10385470246655,-62.10385470246655,-13.044287902219395,-13.044287902219395
2025-11-26,CE,26205.3,25500.0,20.0,0.1,0.0813368686805446,852.75,852.75,941.5534563129768,18.454342052349762,88.80345631297678,88.80345631297678,10.413773827379275,10.413773827379275
2025-11-26,PE,26205.3,26050.0,20.0,0.1,0.0813368686805446,151.5,147.0,110.95268692738213,7.624567159825655,-40.54731307261787,-36.04731307261787,-26.76390301822962,-24.52198168205297
2025-11-26,PE,26205.3,24600.0,20.0,0.1,0.0813368686805446,10.2,10.05,0.08661829269647141,0.08661829269647142,-10.113381707303528,-9.96338170730353,-99.15080105199539,-99.13812644083113
2025-11-26,PE,26205.3,27750.0,20.0,0.1,0.0813368686805446,1429.4,1435.05,1318.7581354572367,18.62477665719715,-110.64186454276341,-116.29186454276328,-7.740441062177375,-8.103680327707277
2025-11-26,PE,26205.3,26300.0,20.0,0.1,0.0813368686805446,246.3,240.0,191.1472977451748,9.66352511691648,-55.152702254825215,-48.8527022548252,-22.39248975023354,-20.35529260617717
2025-11-26,CE,26205.3,27050.0,20.0,0.1,0.0813368686805446,29.75,30.35,50.05139306201026,5.210295980907281,20.301393062010263,19.70139306201026,68.2399766790261,64.91398043495967
2025-11-26,PE,26205.3,25550.0,20.0,0.1,0.0813368686805446,49.8,48.8,24.062331252170093,3.266761617946145,-25.737668747829904,-24.737668747829904,-51.682065758694584,-50.691944155389145
2025-11-26,PE,26205.3,24950.0,20.0,0.1,0.0813368686805446,16.25,16.35,1.2417991027678055,0.8766730595215023,-15.008200897232195,-15.108200897232196,-92.35815936758274,-92.40489845401953
2025-11-26,CE,26205.3,25400.0,20.0,0.1,0.0813368686805446,931.65,929.15,1027.2120042555841,18.82860605994724,95.56200425558416,98.06200425558416,10.257285918057658,10.553947614011102
2025-11-26,PE,26205.3,25850.0,20.0,0.1,0.0813368686805446,97.7,94.55,54.4211416818231,5.0145027905862305,-43.2788583181769,-40.128858318176896,-44.29770554572866,-42.441944281519724
2025-11-26,CE,26205.3,27200.0,20.0,0.1,0.0813368686805446,17.45,18.15,27.268548417063155,3.5163169835584642,9.818548417063155,9.118548417063156,56.26675310637912,50.239936182166154
2025-11-26,PE,26205.3,25700.0,20.0,0.1,0.0813368686805446,69.7,66.8,36.11042298512524,4.154565971913136,-33.58957701487476,-30.689577014874757,-48.19164564544442,-45.94248056118976
2025-11-26,PE,26205.3,25150.0,20.0,0.1,0.0813368686805446,22.3,22.3,3.1078566033185027,1.0053405532850122,-19.192143396681498,-19.192143396681498,-86.06342330350446,-86.06342330350446
2025-11-26,PE,26205.3,25600.0,20.0,0.1,0.0813368686805446,56.15,54.2,23.963853080440508,3.3334190497695158,-32.18614691955949,-30.236146919559495,-57.321722029491525,-55.78624892907656
2025-11-26,PE,26205.3,25750.0,20.0,0.1,0.0813368686805446,79.65,76.7,40.35296113517605,4.395363807380075,-39.29703886482395,-36.34703886482395,-49.337148606181984,-47.38857739872744
2025-11-26,PE,26205.3,26450.0,20.0,0.1,0.0813368686805446,328.0,328.0,270.2025856653537,11.6753274205109,-57.797414334646305,-57.797414334646305,-17.62116290690436,-17.62116290690436
2025-11-26,CE,26205.3,25850.0,20.0,0.1,0.0813368686805446,556.35,560.85,607.1244287259077,16.522010724080964,50.77442872590768,46.27442872590768,9.126346495175282,8.250767357744081
2025-11-26,CE,26205.3,27700.0,20.0,0.1,0.0813368686805446,3.7,3.7,6.216014727330581,1.7159717871013829,2.516014727330581,2.516014727330581,68.00039803596164,68.00039803596164
2025-11-26,CE,26205.3,26150.0,20.0,0.1,0.0813368686805446,343.45,346.4,366.93605299765244,12.928859429380417,23.48605299765245,20.53605299765246,6.838274275048027,5.928421766065953
2025-11-26,PE,26205.3,26850.0,20.0,0.1,0.0813368686805446,619.0,619.0,526.4437524315073,14.80188693452301,-92.55624756849272,-92.55624756849272,-14.952544033682186,-14.952544033682186
2025-11-26,CE,26205.3,25350.0,20.0,0.1,0.0813368686805446,978.0,975.8,1051.1178902127472,17.73540765105579,73.11789021274717,75.31789021274722,7.476266892918934,7.718578623974914
2025-11-26,CE,26205.3,25450.0,20.0,0.1,0.0813368686805446,886.25,883.8,985.7256424560354,18.173735116720138,99.47564245603542,101.92564245603546,11.224332011964504,11.532659250513177
2025-11-26,CE,26205.3,25700.0,20.0,0.1,0.0813368686805446,675.05,672.95,771.0578510132485,17.866803032949043,96.00785101324857,98.10785101324848,14.22233182923466,14.578772719109661
2025-11-26,PE,26205.3,27000.0,20.0,0.1,0.0813368686805446,733.8,733.8,624.2924362102456,15.630467407583497,-109.50756378975439,-109.50756378975439,-14.923352928557426,-14.923352928557426
2025-11-26,PE,26205.3,27950.0,20.0,0.1,0.0813368686805446,1627.4,1620.2,1523.6510697002857,18.781563959868105,-103.7489302997144,-96.54893029971436,-6.375133974420204,-5.959074824078161
2025-11-26,CE,26205.3,25300.0,20.0,0.1,0.0813368686805446,1024.2,1021.7,1136.6347417247248,18.939499299149887,112.43474172472474,114.93474172472474,10.97781114281632,11.24936299547076
2025-11-26,PE,26205.3,27650.0,20.0,0.1,0.0813368686805446,1337.65,1337.65,1234.5293722326633,18.51024915251004,-103.12062776733683,-103.12062776733683,-7.709088907213159,-7.709088907213159
2025-11-26,CE,26205.3,26000.0,20.0,0.1,0.0813368686805446,443.5,453.5,487.31176009423405,15.71289869080232,43.811760094234046,33.811760094234046,9.87863812722301,7.455735412179503
2025-11-26,PE,26205.3,26150.0,20.0,0.1,0.0813368686805446,183.95,183.2,133.48070684022255,8.26618487598667,-50.469293159777436,-49.719293159777436,-27.436419222493853,-27.13935216145057
2025-11-26,PE,26205.3,25200.0,20.0,0.1,0.0813368686805446,23.8,22.7,4.2465328738977846,1.0753167339739738,-19.553467126102216,-18.453467126102215,-82.15742489958913,-81.29280672291725
2025-11-26,PE,26205.3,25450.0,20.0,0.1,0.0813368686805446,40.5,39.8,15.999618002482269,2.71147265905107,-24.50038199751773,-23.80038199751773,-60.49477036424131,-59.79995476763249
2025-11-26,CE,26205.3,25650.0,20.0,0.1,0.0813368686805446,689.5,689.5,824.2068865661479,17.558543770471637,134.7068865661479,134.7068865661479,19.536894353320942,19.536894353320942
2025-11-26,PE,26205.3,25500.0,20.0,0.1,0.0813368686805446,44.65,42.6,17.686050471136713,2.765558783134838,-26.963949528863285,-24.913949528863288,-60.389584611115986,-58.48344959827063
2025-11-26,CE,26205.3,26700.0,20.0,0.1,0.0813368686805446,93.3,96.9,128.88314229227177,8.44169320928013,35.58314229227177,31.983142292271765,38.138416176068354,33.0063387949141
2025-11-26,PE,26205.3,27300.0,20.0,0.1,0.0813368686805446,1007.0,1004.95,907.5838193132299,17.71359819053071,-99.41618068677008,-97.36618068677012,-9.872510495210534,-9.688659205609246
2025-11-26,PE,26205.3,27350.0,20.0,0.1,0.0813368686805446,1047.85,1045.2,932.542538552762,17.54911841087648,-115.30746144723787,-112.657461447238,-11.004195395069702,-10.778555438886146
2025-11-26,CE,26205.3,26400.0,20.0,0.1,0.0813368686805446,205.25,214.75,237.68068236572847,11.200119573744912,32.43068236572847,22.930682365728472,15.80057606125626,10.677849762853771
2025-11-26,PE,26205.3,24850.0,20.0,0.1,0.0813368686805446,14.0,14.0,0.17529576283002177,0.1752957628300218,-13.824704237169978,-13.824704237169978,-98.74788740835699,-98.74788740835699
2025-11-26,PE,26205.3,27150.0,20.0,0.1,0.0813368686805446,876.7,876.7,772.8927424847246,16.96760629138276,-103.80725751527541,-103.80725751527541,-11.840681819924194,-11.840681819924194
2025-11-26,PE,26205.3,24500.0,20.0,0.1,0.0813368686805446,9.4,9.05,0.00567483707599107,0.005674837075991068,-9.394325162924009,-9.04432516292401,-99.9396293928086,-99.93729461794484
2025-11-26,CE,26205.3,24900.0,20.0,0.1,0.0813368686805446,1409.85,1406.4,1492.6493534665974,18.544178084587248,82.7993534665975,86.24935346659731,5.872919350753449,6.132633210082289
2025-11-26,PE,26205.3,26100.0,20.0,0.1,0.0813368686805446,167.2,161.5,124.30627027914726,7.887017683305175,-42.89372972085273,-37.193729720852744,-25.654144569888,-23.030173201766406
2025-11-26,PE,26205.3,27050.0,20.0,0.1,0.0813368686805446,775.0,773.25,675.5274975033738,15.682429407347719,-99.47250249662625,-97.72250249662625,-12.835161612467902,-12.637892337100066
2025-11-26,PE,26205.3,25350.0,20.0,0.1,0.0813368686805446,32.25,31.8,6.482939177079977,1.4000414433648993,-25.767060822920023,-25.317060822920023,-79.89786301680627,-79.61339881421391
2025-11-26,PE,26205.3,27600.0,20.0,0.1,0.0813368686805446,1281.0,1273.85,1179.6008311812088,17.888192425239573,-101.39916881879117,-94.24916881879108,-7.915625981170271,-7.398765068005737
2025-11-26,CE,26205.3,24850.0,20.0,0.1,0.0813368686805446,1457.75,1454.55,1557.7821375785568,18.949291993436137,100.03213757855679,103.23213757855683,6.862091413380675,7.097187279815532
2025-11-26,CE,26205.3,25550.0,20.0,0.1,0.0813368686805446,780.85,780.85,867.5481912506087,17.782388637303395,86.69819125060872,86.69819125060872,11.103053243338506,11.103053243338506
2025-11-26,PE,26205.3,27900.0,20.0,0.1,0.0813368686805446,1576.5,1568.8,1476.6574863020523,18.4805581571013,-99.84251369794765,-92.1425136979476,-6.333175623085801,-5.873439169935468
2025-11-26,PE,26205.3,25100.0,20.0,0.1,0.0813368686805446,19.9,19.75,2.2777195433955177,0.8218888914573809,-17.622280456604482,-17.472280456604484,-88.55417314876625,-88.46724281825054
2025-11-26,PE,26205.3,27250.0,20.0,0.1,0.0813368686805446,959.5,957.45,851.9037171666964,18.157695396942444,-107.59628283330358,-105.54628283330362,-11.213786642345344,-11.023686128080174
2025-11-26,PE,26205.3,27850.0,20.0,0.1,0.0813368686805446,1526.75,1519.0,1423.0352862770553,18.41742520703633,-103.71471372294468,-95.96471372294468,-6.793169394003254,-6.317624339891026
2025-11-26,CE,26205.3,25150.0,20.0,0.1,0.0813368686805446,1166.05,1163.5,1249.5834940725806,18.57152273409948,83.53349407258065,86.0834940725806,7.163800357838913,7.398667303186988
2025-11-26,PE,26205.3,26500.0,20.0,0.1,0.0813368686805446,351.1,342.3,289.3739154670364,11.793337982629122,-61.726084532963625,-52.926084532963614,-17.580770302752384,-15.461900243343152
2025-11-26,CE,26205.3,26500.0,20.0,0.1,0.0813368686805446,162.0,169.0,204.11998719489583,10.36074153091125,42.11998719489583,35.11998719489583,25.99999209561471,20.78105751177268
2025-11-26,CE,26205.3,25800.0,20.0,0.1,0.0813368686805446,598.05,598.5,658.2769708052442,16.616134757641916,60.226970805244264,59.77697080524422,10.070557780326773,9.98779796244682
2025-11-26,PE,26205.3,27400.0,20.0,0.1,0.0813368686805446,1093.3,1090.35,1003.5657816111296,18.851654345283034,-89.73421838887032,-86.78421838887027,-8.207648256550838,-7.959299159799173
2025-11-26,PE,26205.3,26600.0,20.0,0.1,0.0813368686805446,413.65,404.7,357.6675160765852,12.823158751496836,-55.982483923414804,-47.032483923414816,-13.533780713988833,-11.621567562000202
2025-11-26,CE,26205.3,25250.0,20.0,0.1,0.0813368686805446,1071.15,1068.65,1164.5084910812357,18.25279600841003,93.35849108123557,95.85849108123557,8.715725256148584,8.970054843141867
2025-11-26,CE,26205.3,25600.0,20.0,0.1,0.0813368686805446,754.0,754.0,808.7060306599312,16.586814940283755,54.70603065993123,54.70603065993123,7.25544173208637,7.25544173208637
2025-11-26,CE,26205.3,27900.0,20.0,0.1,0.0813368686805446,4.35,4.4,1.0772026686481986,0.7062998433785579,-3.272797331351801,-3.3227973313518016,-75.23672026096094,-75.51812116708639
2025-11-27,CE,26215.55,25650.0,19.0,0.1,0.0802569997066304,695.7,695.7,770.8148597441061,16.386185153572875,75.11485974410607,75.11485974410607,10.797018793173216,10.797018793173216
2025-11-27,PE,26215.55,25450.0,19.0,0.1,0.0802569997066304,28.7,28.75,11.489613056150683,2.215990262198857,-17.210386943849315,-17.26038694384932,-59.96650503083385,-60.036128500345455
2025-11-27,PE,26215.55,24200.0,19.0,0.1,0.0802569997066304,5.25,5.0,0.0,0.0,-5.25,-5.0,-100.0,-100.0
2025-11-27,PE,26215.55,24800.0,19.0,0.1,0.0802569997066304,9.4,9.1,0.15343167667076008,0.12065090076897131,-9.24656832332924,-8.94656832332924,-98.36774812052383,-98.31393761900264
2025-11-27,CE,26215.55,26000.0,19.0,0.1,0.0802569997066304,439.65,441.7,494.07673372580007,14.568179873937611,54.42673372580009,52.37673372580008,12.379559587353597,11.857988165225285
2025-11-27,PE,26215.55,25750.0,19.0,0.1,0.0802569997066304,60.9,60.5,33.139479333657384,3.6426347784255975,-27.760520666342615,-27.360520666342616,-45.58377777724567,-45.22400110139275
2025-11-27,CE,26215.55,24750.0,19.0,0.1,0.0802569997066304,1550.9,1550.9,1663.7466554471519,18.63787635122026,112.84665544715176,112.84665544715176,7.2762044907570935,7.2762044907570935
2025-11-27,PE,26215.55,25350.0,19.0,0.1,0.0802569997066304,24.35,22.8,6.179643513683412,1.5122962928756916,-18.17035648631659,-16.620356486316588,-74.62158721279913,-72.89630037858153
2025-11-27,CE,26215.55,24950.0,19.0,0.1,0.0802569997066304,1353.75,1353.75,1490.6132931991756,18.300559155643736,136.8632931991756,136.8632931991756,10.109938555802444,10.109938555802444
2025-11-27,CE,26215.55,26650.0,19.0,0.1,0.0802569997066304,100.4,99.65,121.74412155406431,7.696043282876513,21.3441215540643,22.0941215540643,21.259085213211453,22.17172258310517
2025-11-27,CE,26215.55,25000.0,19.0,0.1,0.0802569997066304,1326.75,1346.35,1403.6364234463233,18.242379225246186,76.8864234463233,57.2864234463234,5.79509504023541,4.25494287862171
2025-11-27,CE,26215.55,27050.0,19.0,0.1,0.0802569997066304,26.75,26.9,39.33458998674479,4.297565170457657,12.584589986744788,12.43458998674479,47.04519621213005,46.225241586411855
2025-11-27,CE,26215.55,25700.0,19.0,0.1,0.0802569997066304,683.95,680.8,726.9208445468349,16.618945053979672,42.97084454683488,46.120844546834974,6.282746479543078,6.774507130851201
2025-11-27,CE,26215.55,25800.0,19.0,0.1,0.0802569997066304,586.5,595.0,649.9482798348181,16.361099007022005,63.448279834818095,54.948279834818095,10.818121028954492,9.235005014255142
2025-11-27,CE,26215.55,27650.0,19.0,0.1,0.0802569997066304,6.15,4.9,3.7550493021622433,1.2111319239085103,-2.394950697837757,-1.144950697837757,-38.94228776971963,-23.36634077219912
2025-11-27,CE,26215.55,24000.0,19.0,0.1,0.0802569997066304,2315.25,2319.0,2405.588314366909,17.073675024218545,90.33831436690889,86.58831436690889,3.901881626904606,3.7338643538986154
2025-11-27,PE,26215.55,25550.0,19.0,0.1,0.0802569997066304,37.55,36.05,14.508591048136243,2.4442769165516887,-23.041408951863755,-21.541408951863755,-61.361941283259,-59.75425506758324
2025-11-27,PE,26215.55,25150.0,19.0,0.1,0.0802569997066304,15.65,15.9,1.8649062054578294,0.6764099007887698,-13.78509379454217,-14.03509379454217,-88.08366641879981,-88.27103015435327
2025-11-27,CE,26215.55,26800.0,19.0,0.1,0.0802569997066304,62.7,62.8,89.47273563941867,6.327297942519069,26.77273563941867,26.672735639418676,42.69973786191175,42.472508979966044
2025-11-27,CE,26215.55,27450.0,19.0,0.1,0.0802569997066304,6.6,6.6,12.346953930113289,2.407670423662231,5.746953930113289,5.746953930113289,87.07505954717105,87.07505954717105
2025-11-27,PE,26215.55,25850.0,19.0,0.1,0.0802569997066304,77.9,79.4,50.57326376417452,5.105352887703334,-27.326736235825486,-28.826736235825486,-35.07925062365274,-36.30571314335703
2025-11-27,PE,26215.55,27000.0,19.0,0.1,0.0802569997066304,705.25,712.9,650.991010353857,15.955500914657861,-54.25898964614305,-61.90898964614303,-7.693582367407735,-8.684105715548188
2025-11-27,CE,26215.55,27800.0,19.0,0.1,0.0802569997066304,2.8,2.75,1.3275007416236406,0.5671616842653184,-1.4724992583763592,-1.4224992583763594,-52.58925922772711,-51.72724575914034
2025-11-27,PE,26215.55,26250.0,19.0,0.1,0.0802569997066304,198.3,195.3,152.9594822408299,8.639760775077233,-45.3405177591701,-42.3405177591701,-22.864608047992988,-21.679732595581207
2025-11-27,PE,26215.55,24650.0,19.0,0.1,0.0802569997066304,9.25,9.25,0.08039961712746206,0.08039961712746209,-9.169600382872538,-9.169600382872538,-99.13081494997338,-99.13081494997338
2025-11-27,CE,26215.55,27900.0,19.0,0.1,0.0802569997066304,3.45,3.35,1.161293319638476,0.6133150798194703,-2.288706680361524,-2.1887066803615243,-66.33932406844997,-65.33452777198579
2025-11-27,CE,26215.55,27700.0,19.0,0.1,0.0802569997066304,4.1,4.1,3.2985727004108183,1.1387521998427115,-0.8014272995891814,-0.8014272995891814,-19.547007307053203,-19.547007307053203
2025-11-27,PE,26215.55,24950.0,19.0,0.1,0.0802569997066304,14.1,14.1,0.5985464003378843,0.3294808494735636,-13.501453599662115,-13.501453599662115,-95.75499006852564,-95.75499006852564
2025-11-27,CE,26215.55,25400.0,19.0,0.1,0.0802569997066304,942.95,942.95,1042.4220594628455,17.63146708459083,99.47205946284544,99.47205946284544,10.549027993302449,10.549027993302449
2025-11-27,CE,26215.55,25600.0,19.0,0.1,0.0802569997066304,723.0,723.0,860.0854568117027,17.466082182916022,137.08545681170267,137.08545681170267,18.960644095671185,18.960644095671185
2025-11-27,PE,26215.55,26300.0,19.0,0.1,0.0802569997066304,221.55,215.0,169.0453491900749,9.202228706651455,-52.504650809925124,-45.95465080992511,-23.698781679045418,-21.374256190662845
2025-11-27,CE,26215.55,26950.0,19.0,0.1,0.0802569997066304,37.85,37.85,58.52366170644596,5.143467602210343,20.673661706445955,20.673661706445955,54.619978088364476,54.619978088364476
2025-11-27,CE,26215.55,27500.0,19.0,0.1,0.0802569997066304,6.45,6.3,7.654578930143191,1.6797090032548856,1.2045789301431906,1.354578930143191,18.675642327801402,21.501252859415732
2025-11-27,CE,26215.55,27300.0,19.0,0.1,0.0802569997066304,10.8,10.7,20.02351526939957,3.2773243529935048,9.22351526939957,9.323515269399572,85.40291916110712,87.13565672336048
2025-11-27,PE,26215.55,24000.0,19.0,0.1,0.0802569997066304,5.7,5.6,0.0,0.0,-5.7,-5.6,-100.0,-100.0
2025-11-27,PE,26215.55,26400.0,19.0,0.1,0.0802569997066304,264.85,261.9,233.37149144060123,10.766817902993058,-31.47850855939879,-28.528508559398745,-11.885410065848136,-10.892901320885356
2025-11-27,PE,26215.55,27250.0,19.0,0.1,0.0802569997066304,939.9,936.0,862.8641580600914,17.607643206820825,-77.03584193990855,-73.13584193990857,-8.196174267465533,-7.813658326913309
2025-11-27,CE,26215.55,27750.0,19.0,0.1,0.0802569997066304,4.2,3.95,1.723194326773395,0.5980154923412064,-2.4768056732266053,-2.2268056732266053,-58.9715636482525,-56.374827170293806
2025-11-27,CE,26215.55,27100.0,19.0,0.1,0.0802569997066304,22.55,22.6,34.3026283232313,4.289401591334109,11.752628323231303,11.702628323231302,52.118085690604445,51.781541253235844
2025-11-27,CE,26215.55,27950.0,19.0,0.1,0.0802569997066304,3.35,3.45,1.608242081255337,0.7231995101306307,-1.741757918744663,-1.841757918744663,-51.99277369387053,-53.38428749984531
2025-11-27,PE,26215.55,25600.0,19.0,0.1,0.0802569997066304,41.6,41.05,22.36476960160159,3.1517585753385227,-19.23523039839841,-18.685230398398406,-46.23853461153464,-45.51822265139685
2025-11-27,PE,26215.55,27400.0,19.0,0.1,0.0802569997066304,1081.9,1077.75,993.9083612429075,16.99882285396631,-87.99163875709257,-83.84163875709248,-8.133065787696882,-7.779321619771977
2025-11-27,CE,26215.55,24700.0,19.0,0.1,0.0802569997066304,1604.45,1604.45,1696.9083355483476,18.21948260329913,92.45833554834758,92.45833554834758,5.76261868854421,5.76261868854421
2025-11-27,CE,26215.55,27550.0,19.0,0.1,0.0802569997066304,16.55,16.55,8.834137135392531,2.1316021719693894,-7.71586286460747,-7.71586286460747,-46.62152788282459,-46.62152788282459
2025-11-27,PE,26215.55,26100.0,19.0,0.1,0.0802569997066304,142.8,142.8,104.76360403478407,7.090317723485541,-38.036395965215945,-38.036395965215945,-26.63613162830248,-26.63613162830248
2025-11-27,CE,26215.55,27150.0,19.0,0.1,0.0802569997066304,18.4,18.55,30.36793141448815,4.1951547973786205,11.967931414488152,11.81793141448815,65.04310551352258,63.70852514548868
2025-11-27,CE,26215.55,26400.0,19.0,0.1,0.0802569997066304,197.15,197.5,252.0348797636075,11.192501380120813,54.8848797636075,54.534879763607506,27.83914773705681,27.612597348662028
2025-11-27,PE,26215.55,27200.0,19.0,0.1,0.0802569997066304,891.95,888.05,810.7115597702726,17.18091715725882,-81.23844022972742,-77.33844022972733,-9.107958992065408,-8.708793449662444
2025-11-27,PE,26215.55,27700.0,19.0,0.1,0.0802569997066304,1370.4,1353.05,1297.770404612402,18.410678742241664,-72.6295953875981,-55.279595387597965,-5.299882909194257,-4.085554516654814
2025-11-27,CE,26215.55,26850.0,19.0,0.1,0.0802569997066304,52.9,52.9,70.47375150135602,5.720479264469626,17.57375150135602,17.57375150135602,33.220702270994366,33.220702270994366
2025-11-27,CE,26215.55,26550.0,19.0,0.1,0.0802569997066304,133.45,133.6,172.8075357619262,9.830612701852544,39.357535761926215,39.20753576192621,29.492346018678322,29.346957905633392
2025-11-27,CE,26215.55,24800.0,19.0,0.1,0.0802569997066304,1498.05,1498.05,1602.8639629015177,18.27744479064065,104.8139629015177,104.8139629015177,6.9966932279642,6.9966932279642
2025-11-27,PE,26215.55,24700.0,19.0,0.1,0.0802569997066304,8.3,8.3,0.4535426247985562,0.34246840552387575,-7.846457375201444,-7.846457375201444,-94.53563102652342,-94.53563102652342
2025-11-27,CE,26215.55,24600.0,19.0,0.1,0.0802569997066304,1726.5,1716.6,1805.5255637335727,18.444544321218483,79.02556373357265,88.92556373357274,4.57721191622199,5.1803311041344955
2025-11-27,CE,26215.55,25050.0,19.0,0.1,0.0802569997066304,1256.4,1256.4,1347.7727628059652,18.493200111081592,91.37276280596507,91.37276280596507,7.272585387294258,7.272585387294258
2025-11-27,PE,26215.55,27950.0,19.0,0.1,0.0802569997066304,1610.7,1599.65,1548.40759952099,18.591755356088033,-62.292400479009984,-51.24240047901003,-3.8674117141000797,-3.2033507629175153
2025-11-27,PE,26215.55,27350.0,19.0,0.1,0.0802569997066304,1034.0,1030.0,951.9060589338577,17.285173495760958,-82.09394106614229,-78.09394106614229,-7.939452714327108,-7.581936025839058
2025-11-27,PE,26215.55,26050.0,19.0,0.1,0.0802569997066304,125.4,123.0,85.71800056095925,6.307003475450245,-39.68199943904075,-37.281999439040746,-31.6443376706864,-30.310568649626624
2025-11-27,CE,26215.55,26700.0,19.0,0.1,0.0802569997066304,85.65,86.2,121.36822767444212,7.671276321473498,35.71822767444212,35.16822767444212,41.70254252707778,40.79840797499086
2025-11-27,PE,26215.55,26500.0,19.0,0.1,0.0802569997066304,321.55,317.0,269.03624411118284,11.173833795915948,-52.51375588881717,-47.96375588881716,-16.33144328683476,-15.13052236240289
2025-11-27,PE,26215.55,26200.0,19.0,0.1,0.0802569997066304,180.4,175.3,143.4822015872308,8.487046008533122,-36.9177984127692,-31.817798412769207,-20.46441153701175,-18.15048397762077
2025-11-27,CE,26215.55,26750.0,19.0,0.1,0.0802569997066304,73.75,75.0,113.5207899421673,7.529869668059836,39.7707899421673,38.5207899421673,53.926494836837016,51.361053256223066
2025-11-27,PE,26215.55,26550.0,19.0,0.1,0.0802569997066304,343.05,342.75,306.05613799838903,11.805045842985663,-36.99386200161098,-36.69386200161097,-10.783810523716944,-10.705721955247546
2025-11-27,PE,26215.55,25000.0,19.0,0.1,0.0802569997066304,12.75,12.95,3.124327606446283,1.0306708814603227,-9.625672393553717,-9.825672393553717,-75.49546975336249,-75.8739180969399
2025-11-27,PE,26215.55,26600.0,19.0,0.1,0.0802569997066304,387.25,380.1,338.5386761174308,12.32143126238843,-48.71132388256922,-41.56132388256924,-12.578779569417486,-10.934313044611743
2025-11-27,CE,26215.55,24200.0,19.0,0.1,0.0802569997066304,2127.4,2116.95,2208.738886704436,18.8138539195699,81.33888670443594,91.78888670443621,3.82339412919225,4.335902440040446
2025-11-27,CE,26215.55,25750.0,19.0,0.1,0.0802569997066304,635.95,635.95,715.3308317571399,17.517818783185806,79.38083175713984,79.38083175713984,12.482244163399612,12.482244163399612
2025-11-27,PE,26215.55,24900.0,19.0,0.1,0.0802569997066304,10.4,9.65,0.4442519351175954,0.2666819029236883,-9.955748064882405,-9.205748064882405,-95.72834677771543,-95.39635300396274
2025-11-27,CE,26215.55,26150.0,19.0,0.1,0.0802569997066304,335.6,342.65,377.79031642697123,13.295620418134092,42.19031642697121,35.14031642697125,12.571607993733972,10.2554549619061
2025-11-27,PE,26215.55,24600.0,19.0,0.1,0.0802569997066304,7.8,8.0,0.2381253916249137,0.21658501773077013,-7.561874608375086,-7.761874608375086,-96.94711036378315,-97.02343260468858
2025-11-27,CE,26215.55,25250.0,19.0,0.1,0.0802569997066304,1055.0,1055.0,1175.951347553697,18.390758272059657,120.9513475536969,120.9513475536969,11.464582706511555,11.464582706511555
2025-11-27,PE,26215.55,27500.0,19.0,0.1,0.0802569997066304,1180.25,1166.95,1088.0471723615212,18.14750561707473,-92.20282763847877,-78.90282763847881,-7.812143837193711,-6.761457443633301
2025-11-27,CE,26215.55,26250.0,19.0,0.1,0.0802569997066304,278.2,279.45,317.00637366671873,12.633916548396133,38.80637366671874,37.55637366671874,13.949091900330245,13.439389395855697
2025-11-27,CE,26215.55,26600.0,19.0,0.1,0.0802569997066304,115.1,115.8,160.12326165332755,9.164914592405022,45.02326165332755,44.32326165332755,39.11664783086668,38.275700909609284
2025-11-27,PE,26215.55,25100.0,19.0,0.1,0.0802569997066304,14.75,13.6,2.0643099449804674,0.9248014992651384,-12.685690055019533,-11.535690055019533,-86.00467833911549,-84.8212504045554
2025-11-27,PE,26215.55,25300.0,19.0,0.1,0.0802569997066304,20.75,20.0,5.298751431771953,1.3199969889947287,-15.451248568228047,-14.701248568228047,-74.46384852158096,-73.50624284114024
2025-11-27,PE,26215.55,25700.0,19.0,0.1,0.0802569997066304,54.15,53.0,25.409522309609578,3.347717149042361,-28.74047769039042,-27.590477690390422,-53.07567440515313,-52.057505076208344
2025-11-27,PE,26215.55,27600.0,19.0,0.1,0.0802569997066304,1265.5,1253.75,1181.1249277865033,17.937111769579566,-84.37507221349665,-72.62507221349665,-6.667330874239166,-5.792627893399533
2025-11-27,PE,26215.55,27650.0,19.0,0.1,0.0802569997066304,1312.85,1303.35,1249.0611400904363,17.428820963705505,-63.7888599095636,-54.2888599095636,-4.858807930042549,-4.165332405690229
2025-11-27,CE,26215.55,26200.0,19.0,0.1,0.0802569997066304,307.3,306.75,351.5789334473288,13.501656535155266,44.27893344732877,44.82893344732878,14.409024877100151,14.614159233033016
2025-11-27,PE,26215.55,26150.0,19.0,0.1,0.0802569997066304,161.35,157.35,122.19689330476339,7.478813237109515,-39.1531066952366,-35.1531066952366,-24.265947750379055,-22.340709688742677
2025-11-27,PE,26215.55,25400.0,19.0,0.1,0.0802569997066304,25.4,24.65,8.539707281926496,2.0243154114275574,-16.860292718073502,-16.110292718073502,-66.37910518926576,-65.3561570712921
2025-11-27,CE,26215.55,25200.0,19.0,0.1,0.0802569997066304,1145.5,1145.5,1219.839539864292,18.51635235671027,74.33953986429196,74.33953986429196,6.489702301553205,6.489702301553205
2025-11-27,CE,26215.55,24050.0,19.0,0.1,0.0802569997066304,2285.0,2275.95,2324.378518022797,18.374988465020603,39.378518022796925,48.42851802279711,1.7233487099692308,2.127837519400563
2025-11-27,PE,26215.55,26350.0,19.0,0.1,0.0802569997066304,245.0,238.15,191.09449385543687,9.770692027067009,-53.905506144563134,-47.05550614456314,-22.002247405944136,-19.758768064061787
2025-11-27,CE,26215.55,26500.0,19.0,0.1,0.0802569997066304,154.3,151.65,178.02582589657575,9.469835700671364,23.725825896575742,26.375825896575748,15.376426374968075,17.392565708259642
2025-11-27,CE,26215.55,25300.0,19.0,0.1,0.0802569997066304,1036.85,1036.85,1109.1980505188246,17.868357785431648,72.34805051882472,72.34805051882472,6.97767763117372,6.97767763117372
2025-11-27,PE,26215.55,27100.0,19.0,0.1,0.0802569997066304,782.75,780.1,704.9048221823899,16.262776645803047,-77.84517781761008,-75.1951778176101,-9.945088191326743,-9.639171621280617
2025-11-27,PE,26215.55,26650.0,19.0,0.1,0.0802569997066304,404.2,404.9,376.71548310581477,13.061887488449555,-27.48451689418522,-28.184516894185208,-6.799732037156166,-6.960858704417191
2025-11-27,PE,26215.55,25650.0,19.0,0.1,0.0802569997066304,48.25,46.1,21.2988783716451,3.181752134358717,-26.9511216283549,-24.801121628354903,-55.85724689814487,-53.79852847799328
2025-11-27,CE,26215.55,25500.0,19.0,0.1,0.0802569997066304,870.0,870.0,953.4539071333825,17.149448703488893,83.45390713338247,83.45390713338247,9.592403118779593,9.592403118779593
2025-11-27,PE,26215.55,26750.0,19.0,0.1,0.0802569997066304,496.8,488.0,440.45202719739837,14.039607610148071,-56.347972802601646,-47.547972802601635,-11.342184541586482,-9.74343704971345
2025-11-27,PE,26215.55,25900.0,19.0,0.1,0.0802569997066304,89.6,87.5,59.95228858012135,5.4353549977779565,-29.647711419878647,-27.547711419878652,-33.08896363825742,-31.4830987655756
2025-11-27,PE,26215.55,27050.0,19.0,0.1,0.0802569997066304,754.85,752.3,657.3508823749681,16.188866769247838,-97.49911762503189,-94.94911762503182,-12.916356577469944,-12.621177405959303
2025-11-27,PE,26215.55,27450.0,19.0,0.1,0.0802569997066304,1116.6,1106.6,1033.3892385694617,18.322366827542584,-83.21076143053824,-73.21076143053824,-7.4521548836233436,-6.615828793650665
2025-11-27,PE,26215.55,26800.0,19.0,0.1,0.0802569997066304,515.5,524.5,468.5703729832271,14.329685201057185,-46.92962701677288,-55.92962701677288,-9.103710381527232,-10.663417925028195
2025-11-27,PE,26215.55,25050.0,19.0,0.1,0.0802569997066304,13.15,12.6,1.448008714308129,0.667758384690644,-11.701991285691872,-11.15199128569187,-88.98852688739065,-88.50786734676089
2025-11-27,CE,26215.55,27400.0,19.0,0.1,0.0802569997066304,7.65,8.0,9.823649678086891,1.786868060909258,2.173649678086891,1.8236496780868912,28.413721282181577,22.79562097608614
2025-11-27,PE,26215.55,27150.0,19.0,0.1,0.0802569997066304,845.9,842.25,759.6260933954652,16.698651581929568,-86.27390660453477,-82.6239066045348,-10.199066864231561,-9.809902832239215
2025-11-27,CE,26215.55,27000.0,19.0,0.1,0.0802569997066304,32.65,32.75,46.08413798593757,4.714362931586946,13.434137985937575,13.334137985937573,41.14590501052856,40.714925147900985
2025-11-27,PE,26215.55,26950.0,19.0,0.1,0.0802569997066304,677.3,677.3,583.6884991389998,15.463996508329327,-93.6115008610002,-93.6115008610002,-13.821275780451824,-13.821275780451824
2025-11-27,PE,26215.55,24500.0,19.0,0.1,0.0802569997066304,7.55,7.3,0.0,0.0,-7.55,-7.3,-100.0,-100.0
2025-11-27,PE,26215.55,26000.0,19.0,0.1,0.0802569997066304,114.6,111.75,83.55476602373307,6.501315143265838,-31.04523397626693,-28.195233976266934,-27.090082003723325,-25.230634430663923
2025-11-27,PE,26215.55,24850.0,19.0,0.1,0.0802569997066304,11.5,11.5,0.5102924853927665,0.24217803838401322,-10.989707514607234,-10.989707514607234,-95.56267404006292,-95.56267404006292
2025-11-27,CE,26215.55,27600.0,19.0,0.1,0.0802569997066304,5.0,5.0,5.5531551065527704,1.446403527367032,0.5531551065527704,0.5531551065527704,11.063102131055409,11.063102131055409
2025-11-27,PE,26215.55,25950.0,19.0,0.1,0.0802569997066304,101.55,98.0,63.48116792476785,5.527403315936979,-38.068832075232145,-34.51883207523215,-37.4877716151966,-35.223298035951174
2025-11-27,CE,26215.55,24900.0,19.0,0.1,0.0802569997066304,1429.4,1431.6,1465.6102407701485,18.911091967318466,36.2102407701484,34.010240770148584,2.5332475703196025,2.375680411438152
2025-11-27,CE,26215.55,25550.0,19.0,0.1,0.0802569997066304,781.75,781.75,845.5542099968891,16.922847405965417,63.804209996889085,63.804209996889085,8.161715381757478,8.161715381757478
2025-11-27,PE,26215.55,25500.0,19.0,0.1,0.0802569997066304,32.9,31.3,17.90491584975687,2.8049669954890115,-14.99508415024313,-13.395084150243132,-45.577763374599186,-42.79579600716656
2025-11-27,PE,26215.55,27550.0,19.0,0.1,0.0802569997066304,1216.75,1208.8,1128.2731768142785,17.148262297716933,-88.47682318572151,-80.52682318572147,-7.271569606387632,-6.661716014702305
2025-11-27,CE,26215.55,25850.0,19.0,0.1,0.0802569997066304,553.45,553.45,616.6430635195103,15.939130416860113,63.19306351951025,63.19306351951025,11.418025751108544,11.418025751108544
2025-11-27,PE,26215.55,27750.0,19.0,0.1,0.0802569997066304,1411.9,1401.05,1334.4986464233898,18.539719653913846,-77.40135357661029,-66.55135357661015,-5.482070513252375,-4.750105533464912
2025-11-27,CE,26215.55,26450.0,19.0,0.1,0.0802569997066304,175.35,174.8,201.43775705374526,10.17045468683099,26.087757053745264,26.637757053745247,14.877534675646004,15.23899144951101
2025-11-27,CE,26215.55,25100.0,19.0,0.1,0.0802569997066304,1201.35,1201.35,1313.4356912317999,19.083675762028896,112.08569123179996,112.08569123179996,9.329978044017144,9.329978044017144
2025-11-27,CE,26215.55,27200.0,19.0,0.1,0.0802569997066304,15.1,14.65,27.14712578607707,3.138466030476384,12.04712578607707,12.497125786077069,79.78228997402033,85.3046128742462
2025-11-27,PE,26215.55,26700.0,19.0,0.1,0.0802569997066304,453.4,449.0,399.1774451128927,13.341229504390018,-54.222554887107265,-49.82255488710729,-11.95909900465533,-11.096337391337926
2025-11-27,CE,26215.55,25150.0,19.0,0.1,0.0802569997066304,1163.45,1163.45,1247.900314446259,18.52332689601925,84.45031444625897,84.45031444625897,7.2586114097089665,7.2586114097089665
2025-11-27,CE,26215.55,25900.0,19.0,0.1,0.0802569997066304,520.3,522.35,575.9104784878656,15.324197309240288,55.610478487865635,53.560478487865566,10.68815654196918,10.253752941105688
2025-11-27,PE,26215.55,25800.0,19.0,0.1,0.0802569997066304,69.75,66.7,40.77577508667031,4.079988006124662,-28.974224913329692,-25.924224913329695,-41.540107402623214,-38.866903918035526
2025-11-27,CE,26215.55,26350.0,19.0,0.1,0.0802569997066304,223.15,223.5,269.9335877650124,11.740499045763261,46.78358776501241,46.43358776501242,20.965085263281384,20.775654480989896
2025-11-27,PE,26215.55,25200.0,19.0,0.1,0.0802569997066304,16.45,16.15,3.002606337530874,0.8591501570785727,-13.447393662469125,-13.147393662469124,-81.74707393598253,-81.40801029392647
2025-11-27,CE,26215.55,26050.0,19.0,0.1,0.0802569997066304,401.9,412.85,434.9116112710273,14.377053109663247,33.011611271027334,22.06161127102729,8.213886855194659,5.34373532058309
2025-11-27,PE,26215.55,24750.0,19.0,0.1,0.0802569997066304,9.4,9.4,0.16347769427905715,0.16347769427905715,-9.236522305720943,-9.236522305720943,-98.26087559277599,-98.26087559277599
2025-11-27,CE,26215.55,24500.0,19.0,0.1,0.0802569997066304,1793.55,1793.55,1893.969192664514,18.0107204875121,100.41919266451396,100.41919266451396,5.598906786234783,5.598906786234783
2025-11-27,PE,26215.55,26450.0,19.0,0.1,0.0802569997066304,291.25,288.6,238.02996620346863,10.529983959359194,-53.22003379653137,-50.57003379653139,-18.272972977349824,-17.522534233032356
2025-11-27,CE,26215.55,27850.0,19.0,0.1,0.0802569997066304,4.0,4.0,2.411472901887071,0.8159593843886276,-1.588527098112929,-1.588527098112929,-39.713177452823224,-39.713177452823224
2025-11-27,CE,26215.55,25450.0,19.0,0.1,0.0802569997066304,878.85,876.4,985.7223759619515,17.4292604851806,106.87237596195143,109.32237596195148,12.160479713483692,12.474027380414364
2025-11-27,CE,26215.55,25350.0,19.0,0.1,0.0802569997066304,970.8,968.15,1070.2044654026074,17.754768475623877,99.40446540260746,102.05446540260743,10.239438133766734,10.541183226009135
2025-11-27,PE,26215.55,27850.0,19.0,0.1,0.0802569997066304,1511.55,1500.35,1423.604254932221,18.583263414491803,-87.94574506777894,-76.7457450677789,-5.818249152709401,-5.115189460311187
2025-11-27,PE,26215.55,27300.0,19.0,0.1,0.0802569997066304,987.3,983.15,900.9728410182088,17.29088741642837,-86.32715898179117,-82.1771589817912,-8.743761671405974,-8.358557593631815
2025-11-27,PE,26215.55,27900.0,19.0,0.1,0.0802569997066304,1561.2,1550.0,1491.202678609056,18.252337313675678,-69.99732139094408,-58.797321390944035,-4.483558890016915,-3.7933755736092922
2025-11-27,PE,26215.55,27800.0,19.0,0.1,0.0802569997066304,1401.0,1401.0,1390.9185427352852,17.0946550069703,-10.0814572647148,-10.0814572647148,-0.71959009741005,-0.71959009741005
2025-11-27,CE,26215.55,23950.0,19.0,0.1,0.0802569997066304,2362.75,2366.85,2456.190101084194,18.491868093468156,93.44010108419388,89.34010108419398,3.9547180651441702,3.774641446825696
2025-11-27,CE,26215.55,24400.0,19.0,0.1,0.0802569997066304,1938.35,1928.9,2011.3687301605428,18.025885721197337,73.01873016054287,82.46873016054269,3.767056009520617,4.275427972447648
2025-11-27,PE,26215.55,26850.0,19.0,0.1,0.0802569997066304,601.9,601.9,497.6976819835991,14.358827658336455,-104.20231801640085,-104.20231801640085,-17.31223093809617,-17.31223093809617
2025-11-27,CE,26215.55,25950.0,19.0,0.1,0.0802569997066304,480.55,482.95,524.624097379719,15.066896487501902,44.074097379719035,41.67409737971906,9.171594502074505,8.629070789878675
2025-11-27,PE,26215.55,26900.0,19.0,0.1,0.0802569997066304,641.95,641.95,546.6301462942986,15.368956113023819,-95.31985370570146,-95.31985370570146,-14.848485661765162,-14.848485661765162
2025-11-27,CE,26215.55,26100.0,19.0,0.1,0.0802569997066304,369.85,375.0,399.0527741054543,13.493530014262065,29.202774105454296,24.05277410545432,7.895842667420385,6.414073094787819
2025-11-27,CE,26215.55,26300.0,19.0,0.1,0.0802569997066304,248.35,249.05,295.32091748131126,12.128867529212185,46.97091748131126,46.270917481311244,18.913194073409002,18.578967067380542
2025-11-28,PE,26202.95,27550.0,18.0,0.1,0.0785880225900766,1226.35,1226.35,1153.5854053633773,17.364289666018976,-72.76459463662263,-72.76459463662263,-5.93342802924309,-5.93342802924309
2025-11-28,CE,26202.95,25100.0,18.0,0.1,0.0785880225900766,1223.75,1220.25,1320.1235512564153,16.917019901307523,96.37355125641534,99.87355125641534,7.875264658338333,8.18467947194553
2025-11-28,CE,26202.95,24450.0,18.0,0.1,0.0785880225900766,1867.7,1867.7,1922.6402688393296,17.652226072809455,54.94026883932952,54.94026883932952,2.941600301939793,2.941600301939793
2025-11-28,CE,26202.95,27200.0,18.0,0.1,0.0785880225900766,12.4,12.55,13.413782903031914,2.3890654686021353,1.0137829030319132,0.8637829030319129,8.17566857283801,6.882732295075003
2025-11-28,PE,26202.95,27250.0,18.0,0.1,0.0785880225900766,936.9,932.2,876.5052901726933,16.59128625721546,-60.394709827306656,-55.694709827306724,-6.4462279674785625,-5.9745451434570604
2025-11-28,PE,26202.95,27500.0,18.0,0.1,0.0785880225900766,1175.55,1179.35,1097.1549814345753,16.44815265751643,-78.3950185654246,-82.19501856542456,-6.668794910078228,-6.969518681089122
2025-11-28,PE,26202.95,25050.0,18.0,0.1,0.0785880225900766,10.25,10.0,0.36690526965937703,0.1966564665147903,-9.883094730340623,-9.633094730340623,-96.42043639356706,-96.33094730340623
2025-11-28,PE,26202.95,26800.0,18.0,0.1,0.0785880225900766,534.6,534.6,459.48781159505876,13.830142509916145,-75.11218840494126,-75.11218840494126,-14.050166181246027,-14.050166181246027
2025-11-28,CE,26202.95,24550.0,18.0,0.1,0.0785880225900766,1769.2,1769.2,1805.7783896591716,16.717608414220297,36.578389659171535,36.578389659171535,2.0675101548254315,2.0675101548254315
2025-11-28,PE,26202.95,27350.0,18.0,0.1,0.0785880225900766,1029.35,1023.75,969.4914752958387,16.30642513154004,-59.858524704161255,-54.258524704161346,-5.815177024740007,-5.299977993080473
2025-11-28,PE,26202.95,25900.0,18.0,0.1,0.0785880225900766,80.25,75.05,55.04533250801827,4.878639058576006,-25.20466749198173,-20.004667491981728,-31.407685348263836,-26.65511990936939
2025-11-28,PE,26202.95,25500.0,18.0,0.1,0.0785880225900766,28.5,26.85,8.303821564906753,1.7777087027830858,-20.196178435093245,-18.546178435093246,-70.86378398278332,-69.07329026105492
2025-11-28,PE,26202.95,24600.0,18.0,0.1,0.0785880225900766,6.65,5.85,0.015258183585928823,0.015258183585928817,-6.6347418164140715,-5.834741816414071,-99.77055363028678,-99.73917634895848
2025-11-28,CE,26202.95,25050.0,18.0,0.1,0.0785880225900766,1272.65,1269.1,1334.190790982283,17.270374828625158,61.54079098228294,65.09079098228312,4.835641455410595,5.128893781599805
2025-11-28,PE,26202.95,26000.0,18.0,0.1,0.0785880225900766,103.7,100.55,82.8835846299984,5.834291452175804,-20.816415370001607,-17.6664153700016,-20.07368888139017,-17.569781571359126
2025-11-28,PE,26202.95,24000.0,18.0,0.1,0.0785880225900766,4.3,4.25,0.0,0.0,-4.3,-4.25,-100.0,-100.0
2025-11-28,CE,26202.95,26600.0,18.0,0.1,0.0785880225900766,102.6,105.95,139.71703812448814,8.337633648871245,37.11703812448815,33.76703812448814,36.17645041373114,31.87072970692604
2025-11-28,CE,26202.95,25750.0,18.0,0.1,0.0785880225900766,624.7,624.7,678.0206521302566,15.994491509848762,53.320652130256576,53.320652130256576,8.535401333481122,8.535401333481122
2025-11-28,PE,26202.95,24900.0,18.0,0.1,0.0785880225900766,8.85,7.9,0.5119125671260146,0.40400690729573346,-8.338087432873985,-7.388087432873986,-94.21567720761566,-93.52009408701247
2025-11-28,PE,26202.95,27100.0,18.0,0.1,0.0785880225900766,793.5,793.5,731.6317268601583,15.643043867682772,-61.868273139841676,-61.868273139841676,-7.796883823546525,-7.796883823546525
2025-11-28,PE,26202.95,24950.0,18.0,0.1,0.0785880225900766,8.7,8.35,0.43950338143184675,0.2919834139792496,-8.260496618568153,-7.910496618568153,-94.94823699503625,-94.736486449918
2025-11-28,PE,26202.95,26050.0,18.0,0.1,0.0785880225900766,115.45,113.7,90.18983664891503,6.472873165488677,-25.26016335108497,-23.51016335108497,-21.87974304987871,-20.677364424876842
2025-11-28,PE,26202.95,24500.0,18.0,0.1,0.0785880225900766,6.0,5.35,0.06107590938116941,0.05029585389730249,-5.938924090618831,-5.28892409061883,-98.9820681769805,-98.8583942171744
2025-11-28,CE,26202.95,25550.0,18.0,0.1,0.0785880225900766,798.85,800.0,845.4879388431112,16.40812157598465,46.637938843111215,45.48793884311124,5.8381346739827515,5.685992355388905
2025-11-28,CE,26202.95,24500.0,18.0,0.1,0.0785880225900766,1815.0,1815.0,1885.5007516033993,18.00412668601413,70.5007516033993,70.5007516033993,3.8843389313167656,3.8843389313167656
2025-11-28,CE,26202.95,25000.0,18.0,0.1,0.0785880225900766,1318.8,1317.75,1392.4089633878284,17.538416703261092,73.60896338782845,74.65896338782841,5.581510720945439,5.665639414746986
2025-11-28,PE,26202.95,25700.0,18.0,0.1,0.0785880225900766,48.8,45.35,24.14077691097711,3.483918742818799,-24.659223089022888,-21.209223089022892,-50.5311948545551,-46.76785686664364
2025-11-28,CE,26202.95,25650.0,18.0,0.1,0.0785880225900766,709.1,709.1,712.6497671188682,15.9933570972466,3.5497671188682034,3.5497671188682034,0.5006017654587792,0.5006017654587792
2025-11-28,CE,26202.95,24200.0,18.0,0.1,0.0785880225900766,2128.15,2115.6,2180.5862853848444,17.53039673172244,52.43628538484427,64.98628538484445,2.463937475499578,3.071766183817567
2025-11-28,PE,26202.95,25000.0,18.0,0.1,0.0785880225900766,9.2,8.7,0.4869874494403389,0.2161026078960603,-8.713012550559661,-8.213012550559661,-94.7066581582572,-94.40244310988118
2025-11-28,PE,26202.95,25100.0,18.0,0.1,0.0785880225900766,11.45,10.3,1.3034808657188863,0.594950924992489,-10.146519134281114,-8.996519134281115,-88.61588763564292,-87.34484596389431
2025-11-28,PE,26202.95,26450.0,18.0,0.1,0.0785880225900766,286.1,280.15,267.10814258515535,11.119615461907705,-18.991857414844674,-13.041857414844628,-6.638188540665737,-4.6553123022825735
2025-11-28,CE,26202.95,25800.0,18.0,0.1,0.0785880225900766,584.3,590.0,626.9077543606276,15.146003684448077,42.60775436062761,36.907754360627564,7.292102406405547,6.255551586547045
2025-11-28,PE,26202.95,24800.0,18.0,0.1,0.0785880225900766,8.55,7.2,0.5302171957446365,0.5302171957446363,-8.019782804255364,-6.669782804255363,-93.79862928953641,-92.63587228132448
2025-11-28,PE,26202.95,27750.0,18.0,0.1,0.0785880225900766,1417.05,1406.5,1340.159985136248,16.737997610474288,-76.89001486375196,-66.340014863752,-5.426062232366675,-4.716673648329328
2025-11-28,CE,26202.95,25950.0,18.0,0.1,0.0785880225900766,460.0,460.0,501.1711976672086,14.208949880920839,41.17119766720862,41.17119766720862,8.950260362436655,8.950260362436655
2025-11-28,CE,26202.95,26250.0,18.0,0.1,0.0785880225900766,258.5,264.0,294.14626561163504,11.319024269763819,35.646265611635044,30.146265611635044,13.78965787684141,11.419040004407213
2025-11-28,CE,26202.95,24400.0,18.0,0.1,0.0785880225900766,1920.65,1922.9,1979.7117086099042,17.310048431813712,59.061708609904144,56.811708609904144,3.07508961080385,2.95448065993573
2025-11-28,CE,26202.95,24900.0,18.0,0.1,0.0785880225900766,1421.1,1421.1,1486.4197058327186,18.375648605180043,65.31970583271868,65.31970583271868,4.596418677976123,4.596418677976123
2025-11-28,CE,26202.95,26950.0,18.0,0.1,0.0785880225900766,31.05,30.7,54.576885292005635,5.239444210729347,23.526885292005634,23.876885292005635,75.7709671240117,77.77487065799882
2025-11-28,CE,26202.95,25250.0,18.0,0.1,0.0785880225900766,1077.4,1074.95,1083.1272783810373,17.36918943552187,5.727278381037195,8.17727838103724,0.5315832913529974,0.7607124406751234
2025-11-28,CE,26202.95,27650.0,18.0,0.1,0.0785880225900766,4.5,4.5,3.082487143821675,0.9204337507549226,-1.417512856178325,-1.417512856178325,-31.500285692851666,-31.500285692851666
2025-11-28,CE,26202.95,24300.0,18.0,0.1,0.0785880225900766,2025.8,2015.3,2080.525422991248,18.254977826069805,54.725422991248024,65.22542299124802,2.7014227955004455,3.236511834032056
2025-11-28,PE,26202.95,26900.0,18.0,0.1,0.0785880225900766,614.55,614.55,574.9666543029022,14.829374077912533,-39.5833456970978,-39.5833456970978,-6.441029321796078,-6.441029321796078
2025-11-28,CE,26202.95,25450.0,18.0,0.1,0.0785880225900766,892.2,892.2,933.4825833413959,16.810652695553625,41.28258334139582,41.28258334139582,4.627054846603432,4.627054846603432
2025-11-28,PE,26202.95,27300.0,18.0,0.1,0.0785880225900766,991.6,991.6,926.0257992663626,17.162103351944516,-65.57420073363744,-65.57420073363744,-6.612969013073562,-6.612969013073562
2025-11-28,CE,26202.95,26100.0,18.0,0.1,0.0785880225900766,354.3,362.55,389.3135182436665,13.229279483306033,35.01351824366651,26.76351824366651,9.882449405494357,7.382021305658946
2025-11-28,PE,26202.95,26950.0,18.0,0.1,0.0785880225900766,656.65,656.65,619.7649905740274,14.762250278677783,-36.88500942597261,-36.88500942597261,-5.617149078804936,-5.617149078804936
2025-11-28,PE,26202.95,25850.0,18.0,0.1,0.0785880225900766,71.85,68.0,58.644042266826084,5.1563039172825365,-13.20595773317391,-9.355957733173916,-18.379899419866266,-13.758761372314583
2025-11-28,CE,26202.95,27600.0,18.0,0.1,0.0785880225900766,4.75,5.15,4.518619839012465,1.5298466639723898,-0.231380160987535,-0.6313801609875354,-4.871161283948106,-12.259808951214278
2025-11-28,PE,26202.95,25650.0,18.0,0.1,0.0785880225900766,42.45,38.75,21.443098661449287,2.876914385053826,-21.006901338550716,-17.306901338550713,-49.48622223451287,-44.6629711962599
2025-11-28,CE,26202.95,24000.0,18.0,0.1,0.0785880225900766,2310.3,2314.15,2386.9728594743824,17.40522850119743,76.67285947438222,72.82285947438231,3.3187404005705843,3.1468513049881084
2025-11-28,CE,26202.95,26000.0,18.0,0.1,0.0785880225900766,427.0,432.0,479.44501546421776,14.31013874918016,52.44501546421776,47.44501546421776,12.28220502674889,10.982642468568926
2025-11-28,CE,26202.95,27750.0,18.0,0.1,0.0785880225900766,3.05,3.05,2.438313181192171,0.8435506887195804,-0.6116868188078288,-0.6116868188078288,-20.055305534682912,-20.055305534682912
2025-11-28,CE,26202.95,27800.0,18.0,0.1,0.0785880225900766,3.35,3.75,0.9515321213023954,0.49991856342532087,-2.3984678786976046,-2.7984678786976045,-71.5960560805255,-74.62581009860278
2025-11-28,CE,26202.95,24700.0,18.0,0.1,0.0785880225900766,1613.0,1613.0,1679.184825312423,17.314654269805317,66.18482531242307,66.18482531242307,4.103212976591635,4.103212976591635
2025-11-28,PE,26202.95,24550.0,18.0,0.1,0.0785880225900766,5.5,5.5,0.0,0.0,-5.5,-5.5,-100.0,-100.0
2025-11-28,CE,26202.95,26550.0,18.0,0.1,0.0785880225900766,119.05,120.05,144.66049830096335,8.204555023518179,25.610498300963357,24.610498300963357,21.51238832504272,20.50020683128976
2025-11-28,PE,26202.95,26650.0,18.0,0.1,0.0785880225900766,419.85,419.85,366.62284384836573,12.698071283788916,-53.22715615163429,-53.22715615163429,-12.677660152824648,-12.677660152824648
2025-11-28,PE,26202.95,26350.0,18.0,0.1,0.0785880225900766,228.85,224.2,197.76816956605947,9.1946461131271,-31.081830433940524,-26.43183043394052,-13.581748059401585,-11.78939805260505
2025-11-28,CE,26202.95,27900.0,18.0,0.1,0.0785880225900766,2.75,3.1,0.98093723580456,0.38261595831442813,-1.76906276419544,-2.11906276419544,-64.32955506165237,-68.35686336114321
2025-11-28,PE,26202.95,26500.0,18.0,0.1,0.0785880225900766,312.1,306.2,253.9676487954644,10.596303300475844,-58.13235120453561,-52.232351204535576,-18.62619391366088,-17.058246637666745
2025-11-28,PE,26202.95,24400.0,18.0,0.1,0.0785880225900766,8.85,8.85,0.0,0.0,-8.85,-8.85,-100.0,-100.0
2025-11-28,CE,26202.95,27400.0,18.0,0.1,0.0785880225900766,6.3,6.3,6.409817769928629,1.4383246295861352,0.1098177699286289,0.1098177699286289,1.743139205216332,1.743139205216332
2025-11-28,PE,26202.95,24850.0,18.0,0.1,0.0785880225900766,7.45,7.3,0.05676620660063967,0.05676620660063967,-7.393233793399361,-7.2432337933993605,-99.23803749529343,-99.22238073149809
2025-11-28,PE,26202.95,26250.0,18.0,0.1,0.0785880225900766,183.4,178.7,150.6435168195263,8.105197425998407,-32.75648318047371,-28.05648318047369,-17.860677851948587,-15.70032634609608
2025-11-28,CE,26202.95,24850.0,18.0,0.1,0.0785880225900766,1481.0,1470.65,1521.7834985852935,16.992092341047538,40.7834985852935,51.13349858529341,2.7537811333756586,3.4769318726613
2025-11-28,CE,26202.95,26700.0,18.0,0.1,0.0785880225900766,72.7,75.0,86.76256646284732,6.309354467351348,14.062566462847315,11.762566462847317,19.343282617396582,15.683421950463089
2025-11-28,CE,26202.95,25400.0,18.0,0.1,0.0785880225900766,941.95,941.95,998.7025015780908,16.981872433296655,56.7525015780908,56.7525015780908,6.025001494568798,6.025001494568798
2025-11-28,CE,26202.95,26450.0,18.0,0.1,0.0785880225900766,157.75,161.85,200.95059754742383,9.850127607993127,43.200597547423826,39.10059754742383,27.385481805023026,24.15854034440768
2025-11-28,PE,26202.95,27000.0,18.0,0.1,0.0785880225900766,698.0,698.0,641.1021478406922,15.389258172754312,-56.89785215930783,-56.89785215930783,-8.151554750617167,-8.151554750617167
2025-11-28,PE,26202.95,27150.0,18.0,0.1,0.0785880225900766,845.1,842.55,758.9478057991307,15.892657259134356,-86.1521942008693,-83.60219420086923,-10.194319512586594,-9.922520230356566
2025-11-28,CE,26202.95,26050.0,18.0,0.1,0.0785880225900766,390.5,394.7,429.5762327958633,13.313717637239442,39.07623279586329,34.8762327958633,10.006717745419538,8.836137014406715
2025-11-28,CE,26202.95,26800.0,18.0,0.1,0.0785880225900766,52.15,53.0,68.61123173085333,5.761885761223197,16.461231730853335,15.611231730853333,31.565161516497287,29.45515420915723
2025-11-28,PE,26202.95,27900.0,18.0,0.1,0.0785880225900766,1566.4,1575.5,1496.666645107333,17.479244760073538,-69.7333548926672,-78.8333548926671,-4.451822963015014,-5.003703896710067
2025-11-28,CE,26202.95,26150.0,18.0,0.1,0.0785880225900766,321.95,325.0,352.6908404639436,12.598379564662425,30.740840463943584,27.690840463943573,9.54832752413219,8.52025860429033
2025-11-28,PE,26202.95,25600.0,18.0,0.1,0.0785880225900766,36.7,34.25,15.191211607251326,2.4323267459157334,-21.508788392748677,-19.058788392748674,-58.60705284127704,-55.64609749707642
2025-11-28,CE,26202.95,27150.0,18.0,0.1,0.0785880225900766,13.85,14.2,21.59672698512295,3.0479314058842095,7.746726985122949,7.39672698512295,55.93304682399241,52.08962665579542
2025-11-28,PE,26202.95,26700.0,18.0,0.1,0.0785880225900766,439.55,441.6,390.96773941523475,12.8480738393871,-48.582260584765265,-50.63226058476528,-11.052726785295249,-11.465638719376194
2025-11-28,PE,26202.95,25150.0,18.0,0.1,0.0785880225900766,12.6,11.55,4.04959087380967,1.559056523563085,-8.55040912619033,-7.5004091261903305,-67.86038989039945,-64.93860715316303
2025-11-28,PE,26202.95,24700.0,18.0,0.1,0.0785880225900766,7.45,6.3,0.0,0.0,-7.45,-6.3,-100.0,-100.0
2025-11-28,CE,26202.95,26400.0,18.0,0.1,0.0785880225900766,181.8,187.8,196.19330886576836,9.753544870956448,14.393308865768347,8.393308865768347,7.917111587331324,4.469280546202527
2025-11-28,CE,26202.95,27850.0,18.0,0.1,0.0785880225900766,3.4,3.4,0.9416046890786829,0.6557228066089713,-2.458395310921317,-2.458395310921317,-72.30574443886226,-72.30574443886226
2025-11-28,PE,26202.95,27200.0,18.0,0.1,0.0785880225900766,895.2,895.2,817.8576654037917,15.856459027916918,-77.34233459620839,-77.34233459620839,-8.639670978128729,-8.639670978128729
2025-11-28,PE,26202.95,25350.0,18.0,0.1,0.0785880225900766,19.45,18.1,5.444512965638067,1.5544197172060503,-14.005487034361932,-12.655487034361935,-72.00764542088397,-69.91981786940295
2025-11-28,CE,26202.95,24100.0,18.0,0.1,0.0785880225900766,2225.05,2212.75,2283.832959213184,17.024088490691764,58.78295921318386,71.08295921318404,2.6418713832580774,3.2124261309765694
2025-11-28,CE,26202.95,25900.0,18.0,0.1,0.0785880225900766,499.85,506.1,568.9164410335414,15.33542495945062,69.06644103354142,62.81644103354142,13.817433436739307,12.411863472345667
2025-11-28,PE,26202.95,25200.0,18.0,0.1,0.0785880225900766,13.85,12.4,1.6546248402499413,0.5842876659142282,-12.195375159750059,-10.74537515975006,-88.05325025090296,-86.65625128830693
2025-11-28,CE,26202.95,24650.0,18.0,0.1,0.0785880225900766,1670.9,1670.9,1714.426113908161,18.069980707371787,43.52611390816082,43.52611390816082,2.6049502608271484,2.6049502608271484
2025-11-28,CE,26202.95,24600.0,18.0,0.1,0.0785880225900766,1711.45,1711.45,1785.8842881377975,17.4158443994025,74.43428813779747,74.43428813779747,4.349194433830814,4.349194433830814
2025-11-28,CE,26202.95,24250.0,18.0,0.1,0.0785880225900766,2078.35,2065.85,2112.8415512211704,16.11662535036727,34.49155122117054,46.99155122117054,1.6595641360295688,2.2746836034160536
2025-11-28,PE,26202.95,27450.0,18.0,0.1,0.0785880225900766,1134.05,1134.05,1092.125521715953,17.10052674037506,-41.92447828404693,-41.92447828404693,-3.696880938587093,-3.696880938587093
2025-11-28,CE,26202.95,27300.0,18.0,0.1,0.0785880225900766,8.65,8.7,16.312592977234377,3.0871678877011504,7.662592977234377,7.612592977234378,88.584889910224,87.50106870384343
2025-11-28,CE,26202.95,26850.0,18.0,0.1,0.0785880225900766,44.2,44.8,75.25684870968412,6.330142815997283,31.056848709684118,30.456848709684124,70.2643635965704,67.98403729840207
2025-11-28,CE,26202.95,24750.0,18.0,0.1,0.0785880225900766,1580.15,1592.35,1623.3797406284245,16.893562864019394,43.22974062842445,31.029740628424634,2.7357998056149384,1.94867589590383
2025-11-28,CE,26202.95,25350.0,18.0,0.1,0.0785880225900766,987.8,983.8,1013.3890839472728,16.956450045164292,25.589083947272798,29.589083947272798,2.5905126490456367,3.007632033672779
2025-11-28,CE,26202.95,25300.0,18.0,0.1,0.0785880225900766,1030.0,1027.5,1110.294179661139,17.04666122340203,80.29417966113897,82.79417966113897,7.795551423411551,8.057827704247101
2025-11-28,PE,26202.95,27600.0,18.0,0.1,0.0785880225900766,1275.75,1275.75,1227.4645583839929,17.432320638778116,-48.28544161600712,-48.28544161600712,-3.7848670676862333,-3.7848670676862333
2025-11-28,CE,26202.95,27450.0,18.0,0.1,0.0785880225900766,6.4,6.4,5.3107997321319385,1.4590473156014465,-1.089200267868062,-1.089200267868062,-17.018754185438468,-17.018754185438468
2025-11-28,PE,26202.95,27400.0,18.0,0.1,0.0785880225900766,1072.0,1063.2,996.0121635489411,16.695028171930367,-75.98783645105891,-67.18783645105896,-7.088417579389823,-6.319397709843769
2025-11-28,CE,26202.95,27700.0,18.0,0.1,0.0785880225900766,4.5,4.45,1.7432106937970808,0.7083897213422168,-2.7567893062029194,-2.7067893062029196,-61.2619845822871,-60.82672598208808
2025-11-28,CE,26202.95,26750.0,18.0,0.1,0.0785880225900766,62.4,63.2,75.04152810848316,5.782953474254899,12.641528108483165,11.84152810848316,20.258859148210203,18.73659510835943
2025-11-28,CE,26202.95,27500.0,18.0,0.1,0.0785880225900766,5.8,5.95,2.9490268620126434,1.0240999070826122,-2.8509731379873564,-3.0009731379873568,-49.15470927564407,-50.4365233275186
2025-11-28,PE,26202.95,26550.0,18.0,0.1,0.0785880225900766,342.7,339.9,308.6169865610722,11.824245845896398,-34.083013438927765,-31.283013438927753,-9.945437245091265,-9.20359324475662
2025-11-28,PE,26202.95,27850.0,18.0,0.1,0.0785880225900766,1516.55,1505.55,1447.4860326151386,17.506986951648933,-69.06396738486137,-58.06396738486137,-4.5540184883361166,-3.8566615113985834
2025-11-28,CE,26202.95,24150.0,18.0,0.1,0.0785880225900766,2175.4,2163.1,2219.9610267852163,17.074541755048944,44.5610267852162,56.86102678521638,2.04840612233227,2.6286822978695565
2025-11-28,CE,26202.95,27000.0,18.0,0.1,0.0785880225900766,25.35,26.0,33.53257290887643,3.6391119891272066,8.18257290887643,7.532572908876432,32.27839411785574,28.97143426490935
2025-11-28,PE,26202.95,26750.0,18.0,0.1,0.0785880225900766,490.0,490.0,438.2457280481025,13.320940724405826,-51.75427195189752,-51.75427195189752,-10.562096316713781,-10.562096316713781
2025-11-28,PE,26202.95,26850.0,18.0,0.1,0.0785880225900766,575.65,575.65,537.0988015286189,14.294371447780595,-38.5511984713811,-38.5511984713811,-6.696985750261635,-6.696985750261635
2025-11-28,CE,26202.95,27950.0,18.0,0.1,0.0785880225900766,2.7,2.7,0.3506047845240735,0.34727246467258993,-2.349395215475927,-2.349395215475927,-87.01463761021951,-87.01463761021951
2025-11-28,PE,26202.95,26600.0,18.0,0.1,0.0785880225900766,375.1,373.8,370.2971282065323,12.995891770860188,-4.802871793467716,-3.5028717934677047,-1.2804243650940323,-0.937097858070547
2025-11-28,CE,26202.95,25600.0,18.0,0.1,0.0785880225900766,757.25,757.25,817.8264252379424,16.03161524024664,60.57642523794243,60.57642523794243,7.99952792841762,7.99952792841762
2025-11-28,CE,26202.95,24800.0,18.0,0.1,0.0785880225900766,1514.25,1514.25,1571.5240230547138,17.363645417623072,57.27402305471378,57.27402305471378,3.782336011537975,3.782336011537975
2025-11-28,CE,26202.95,26500.0,18.0,0.1,0.0785880225900766,138.8,142.5,174.6057880322576,9.081097682537111,35.805788032257595,32.10578803225761,25.796677256669735,22.530377566496565
2025-11-28,CE,26202.95,26300.0,18.0,0.1,0.0785880225900766,230.35,238.0,279.48154053520796,11.655099338144696,49.13154053520796,41.481540535207955,21.329082064340334,17.429218712272252
2025-11-28,CE,26202.95,26200.0,18.0,0.1,0.0785880225900766,289.55,295.0,320.951377069455,12.019165346447924,31.40137706945501,25.95137706945502,10.844889334987052,8.797076972696617
2025-11-28,PE,26202.95,24650.0,18.0,0.1,0.0785880225900766,7.8,7.8,0.24942638011811608,0.24942638011811613,-7.550573619881884,-7.550573619881884,-96.8022258959216,-96.8022258959216
2025-11-28,CE,26202.95,25500.0,18.0,0.1,0.0785880225900766,859.8,859.8,920.7953859275963,16.80022177836674,60.99538592759632,60.99538592759632,7.094136534961192,7.094136534961192
2025-11-28,PE,26202.95,25550.0,18.0,0.1,0.0785880225900766,32.1,30.7,13.56035205921164,2.5093411556780283,-18.539647940788363,-17.139647940788358,-57.75591258812574,-55.82947211983178
2025-11-28,PE,26202.95,25400.0,18.0,0.1,0.0785880225900766,22.55,19.6,8.599757035022515,1.762064804630315,-13.950242964977486,-11.000242964977486,-61.863605166197274,-56.123688596823904
2025-11-28,PE,26202.95,26400.0,18.0,0.1,0.0785880225900766,256.55,250.5,231.59403887735598,10.268264508419712,-24.955961122644027,-18.905961122644015,-9.727523337612173,-7.547289869318968
2025-11-28,CE,26202.95,27550.0,18.0,0.1,0.0785880225900766,4.4,4.4,5.993229897634014,1.6863602109239526,1.5932298976340133,1.5932298976340133,36.20977040077303,36.20977040077303
2025-11-28,CE,26202.95,26650.0,18.0,0.1,0.0785880225900766,87.0,89.1,130.36275537391532,7.6423313803209085,43.36275537391532,41.262755373915326,49.84224755622451,46.31061209193639
2025-11-28,PE,26202.95,24200.0,18.0,0.1,0.0785880225900766,5.25,5.25,0.0,0.0,-5.25,-5.25,-100.0,-100.0
2025-11-28,PE,26202.95,27950.0,18.0,0.1,0.0785880225900766,1614.85,1602.4,1533.7839225284135,16.726709063475766,-81.06607747158637,-68.61607747158655,-5.02003761783363,-4.282081719395067
2025-11-28,PE,26202.95,26200.0,18.0,0.1,0.0785880225900766,164.45,160.05,141.6041595307559,7.995384733568017,-22.84584046924408,-18.445840469244104,-13.892271492395308,-11.525048715553954
2025-11-28,PE,26202.95,25750.0,18.0,0.1,0.0785880225900766,53.8,50.9,39.76856265350892,4.007791270122934,-14.031437346491074,-11.131437346491076,-26.08073856225107,-21.869228578567927
2025-11-28,CE,26202.95,25700.0,18.0,0.1,0.0785880225900766,667.85,673.45,744.3147410535468,16.1060462347717,76.46474105354673,70.86474105354671,11.449388493456125,10.522643262832682
2025-11-28,PE,26202.95,26100.0,18.0,0.1,0.0785880225900766,128.6,129.0,106.90053792120086,7.027144066901644,-21.69946207879913,-22.099462078799135,-16.873609703576307,-17.13136595255747
2025-11-28,CE,26202.95,25850.0,18.0,0.1,0.0785880225900766,590.0,590.0,565.6665209966338,15.059169438813985,-24.333479003366165,-24.333479003366165,-4.124318475146808,-4.124318475146808
2025-11-28,CE,26202.95,24050.0,18.0,0.1,0.0785880225900766,2260.25,2256.5,2350.4410959630927,17.36911432372408,90.19109596309272,93.94109596309272,3.9903150520116233,4.163132991938521
2025-11-28,CE,26202.95,24950.0,18.0,0.1,0.0785880225900766,1382.35,1372.05,1457.969277702114,17.248249409421668,75.619277702114,85.91927770211396,5.470342366413282,6.2621098139363705
2025-11-28,CE,26202.95,25200.0,18.0,0.1,0.0785880225900766,1124.25,1124.25,1181.7648089096253,17.0320825011147,57.514808909625344,57.514808909625344,5.115838017311572,5.115838017311572
2025-11-28,CE,26202.95,23950.0,18.0,0.1,0.0785880225900766,2377.8,2398.05,2424.8853335348813,18.03188187341019,47.0853335348811,26.8353335348811,1.980205800945458,1.1190481238873708
2025-11-28,CE,26202.95,25150.0,18.0,0.1,0.0785880225900766,1174.15,1171.6,1258.331059128229,16.862334935914447,84.18105912822898,86.73105912822916,7.169531927626706,7.402787566424476
2025-11-28,PE,26202.95,26300.0,18.0,0.1,0.0785880225900766,206.4,204.25,181.15076894173276,8.929389168945262,-25.24923105826724,-23.099231058267236,-12.23315458249382,-11.309293051783225
2025-11-28,PE,26202.95,25450.0,18.0,0.1,0.0785880225900766,25.3,23.8,12.878020741736066,2.224142943474386,-12.421979258263935,-10.921979258263935,-49.098732246102514,-45.890669152369476
2025-11-28,CE,26202.95,27100.0,18.0,0.1,0.0785880225900766,17.55,17.8,27.86339574944869,3.6802950996056674,10.313395749448688,10.063395749448688,58.76578774614637,56.53593117667802
2025-11-28,PE,26202.95,26150.0,18.0,0.1,0.0785880225900766,147.65,141.5,105.79568461448629,6.7847298405700665,-41.854315385513715,-35.70431538551371,-28.34697960414068,-25.232731721211106
2025-11-28,CE,26202.95,27050.0,18.0,0.1,0.0785880225900766,20.7,20.55,35.114639286600614,4.3927804647455915,14.414639286600615,14.564639286600613,69.63593858261167,70.87415711241174
2025-11-28,PE,26202.95,24750.0,18.0,0.1,0.0785880225900766,7.25,7.3,0.0,0.0,-7.25,-7.3,-100.0,-100.0
2025-11-28,PE,26202.95,27650.0,18.0,0.1,0.0785880225900766,1318.15,1307.6,1234.041024744005,16.20050552310018,-84.10897525599512,-73.55897525599494,-6.380834901642082,-5.625495201590313
2025-11-28,PE,26202.95,25950.0,18.0,0.1,0.0785880225900766,90.65,87.65,62.67630288575911,5.229084130649519,-27.9736971142409,-24.9736971142409,-30.859015018467616,-28.492523804039816
2025-11-28,PE,26202.95,27050.0,18.0,0.1,0.0785880225900766,753.25,750.45,692.1138028601504,15.110278619273284,-61.13619713984963,-58.33619713984967,-8.116322222349769,-7.773495521333823
2025-11-28,PE,26202.95,25800.0,18.0,0.1,0.0785880225900766,61.45,58.6,35.958281897511434,4.032086669792752,-25.49171810248857,-22.641718102488568,-41.48367469892363,-38.63774420219892
2025-11-28,CE,26202.95,26350.0,18.0,0.1,0.0785880225900766,203.05,207.85,223.37414069847202,10.390691209256222,20.324140698472007,15.524140698472024,10.009426593682347,7.468915419038742
2025-11-28,PE,26202.95,25300.0,18.0,0.1,0.0785880225900766,17.4,16.0,3.441051691927715,1.0975137630709126,-13.958948308072284,-12.558948308072285,-80.22384085099014,-78.49342692545179
2025-12-01,PE,26175.75,26050.0,15.0,0.1,0.0738467693350182,122.25,120.4,82.74695627402302,5.674927136549606,-39.50304372597698,-37.653043725976985,-32.313328201208165,-31.273292131210116
2025-12-01,CE,26175.75,27300.0,15.0,0.1,0.0738467693350182,7.35,7.5,3.596215459679109,1.031622973713889,-3.7537845403208907,-3.903784540320891,-51.07189850776722,-52.050460537611876
2025-12-01,PE,26175.75,24600.0,15.0,0.1,0.0738467693350182,6.35,5.5,0.0,0.0,-6.35,-5.5,-100.0,-100.0
2025-12-01,CE,26175.75,27550.0,15.0,0.1,0.0738467693350182,5.35,5.05,0.7959542303143384,0.40518860125140477,-4.554045769685661,-4.2540457696856615,-85.12235083524601,-84.23853009278538
2025-12-01,PE,26175.75,27400.0,15.0,0.1,0.0738467693350182,1152.0,1152.0,1051.7562645279925,14.558210080044757,-100.24373547200753,-100.24373547200753,-8.701713148611764,-8.701713148611764
2025-12-01,CE,26175.75,25300.0,15.0,0.1,0.0738467693350182,979.5,989.6,1013.39591439305,14.296432607961558,33.89591439305002,23.795914393049998,3.460532352531906,2.4045992717310023
2025-12-01,CE,26175.75,26150.0,15.0,0.1,0.0738467693350182,280.8,275.05,300.77319027725446,10.625131025040279,19.973190277254446,25.723190277254446,7.11295950044674,9.352186975915085
2025-12-01,CE,26175.75,27000.0,15.0,0.1,0.0738467693350182,18.6,18.6,14.184678245168834,2.1801976938957903,-4.415321754831167,-4.415321754831167,-23.738289004468637,-23.738289004468637
2025-12-01,CE,26175.75,24800.0,15.0,0.1,0.0738467693350182,1453.2,1453.2,1535.9267106813857,15.036619068467232,82.72671068138561,82.72671068138561,5.692727131942307,5.692727131942307
2025-12-01,CE,26175.75,25450.0,15.0,0.1,0.0738467693350182,822.4,822.4,888.8555099575623,14.438156915300047,66.4555099575623,66.4555099575623,8.080679712738606,8.080679712738606
2025-12-01,PE,26175.75,24000.0,15.0,0.1,0.0738467693350182,3.9,3.6,0.0,0.0,-3.9,-3.6,-100.0,-100.0
2025-12-01,PE,26175.75,26300.0,15.0,0.1,0.0738467693350182,222.3,220.8,169.16672554426378,8.196310367212108,-53.13327445573623,-51.63327445573623,-23.901607942301496,-23.38463517017039
2025-12-01,PE,26175.75,27500.0,15.0,0.1,0.0738467693350182,1247.0,1247.0,1152.9612750226863,14.663664748561155,-94.03872497731368,-94.03872497731368,-7.541196870674713,-7.541196870674713
2025-12-01,PE,26175.75,27800.0,15.0,0.1,0.0738467693350182,1394.0,1394.0,1435.8817711949648,15.188731852133348,41.88177119496481,41.88177119496481,3.004431219150991,3.004431219150991
2025-12-01,CE,26175.75,24050.0,15.0,0.1,0.0738467693350182,2196.4,2196.4,2285.218602377948,14.784140841249082,88.81860237794808,88.81860237794808,4.043826369420328,4.043826369420328
2025-12-01,PE,26175.75,25700.0,15.0,0.1,0.0738467693350182,45.9,44.9,22.074221043016014,2.9534038392740976,-23.825778956983985,-22.825778956983985,-51.90801515682786,-50.83692418036523
2025-12-01,CE,26175.75,27850.0,15.0,0.1,0.0738467693350182,2.95,3.3,0.0,0.0,-2.95,-3.3,-100.0,-100.0
2025-12-01,CE,26175.75,27450.0,15.0,0.1,0.0738467693350182,5.65,6.0,1.2359032870940272,0.47413610953425106,-4.414096712905973,-4.764096712905973,-78.12560553815882,-79.40161188176621
2025-12-01,CE,26175.75,25150.0,15.0,0.1,0.0738467693350182,1115.25,1112.65,1171.6723653403394,14.421010732250405,56.42236534033941,59.02236534033932,5.059167481760987,5.304665918333646
2025-12-01,PE,26175.75,26850.0,15.0,0.1,0.0738467693350182,611.65,611.65,570.8398251809177,13.569133926598882,-40.81017481908225,-40.81017481908225,-6.672144987996771,-6.672144987996771
2025-12-01,PE,26175.75,24800.0,15.0,0.1,0.0738467693350182,8.0,7.55,0.16862416516417328,0.16862416516417328,-7.831375834835827,-7.3813758348358265,-97.89219793544784,-97.7665673488189
2025-12-01,PE,26175.75,27150.0,15.0,0.1,0.0738467693350182,898.6,898.6,792.2892048804832,14.485195384867215,-106.3107951195168,-106.3107951195168,-11.830713901570975,-11.830713901570975
2025-12-01,CE,26175.75,25050.0,15.0,0.1,0.0738467693350182,1197.95,1197.95,1297.2274413487467,14.56609605941781,99.2774413487466,99.2774413487466,8.287277544868033,8.287277544868033
2025-12-01,PE,26175.75,25200.0,15.0,0.1,0.0738467693350182,12.4,11.75,0.9117661424400179,0.47444454629618593,-11.488233857559983,-10.838233857559983,-92.64704723838696,-92.24028814944666
2025-12-01,CE,26175.75,25500.0,15.0,0.1,0.0738467693350182,795.25,800.15,862.0849241263622,14.084956611038242,66.83492412636224,61.93492412636226,8.404265844245487,7.7404141881350075
2025-12-01,PE,26175.75,26350.0,15.0,0.1,0.0738467693350182,248.4,248.15,199.23625417157444,8.542273115061933,-49.16374582842556,-48.91374582842556,-19.79216820790079,-19.711362413228112
2025-12-01,CE,26175.75,26500.0,15.0,0.1,0.0738467693350182,115.0,112.0,106.31196827937083,6.760539530619348,-8.68803172062917,-5.688031720629169,-7.554810191851452,-5.078599750561758
2025-12-01,PE,26175.75,26450.0,15.0,0.1,0.0738467693350182,307.05,307.95,237.80233314112596,9.715065772657116,-69.24766685887406,-70.14766685887403,-22.552570219467206,-22.77891438833383
2025-12-01,PE,26175.75,26000.0,15.0,0.1,0.0738467693350182,107.0,105.5,70.12420647289858,5.119611774749446,-36.87579352710142,-35.37579352710142,-34.46335843654339,-33.53155784559376
2025-12-01,CE,26175.75,26250.0,15.0,0.1,0.0738467693350182,223.75,220.55,220.06967093907744,9.139126613466072,-3.68032906092256,-0.4803290609225712,-1.6448398037642726,-0.21778692401839544
2025-12-01,PE,26175.75,24200.0,15.0,0.1,0.0738467693350182,4.45,4.45,0.0,0.0,-4.45,-4.45,-100.0,-100.0
2025-12-01,PE,26175.75,24900.0,15.0,0.1,0.0738467693350182,8.7,7.7,0.42466043548417554,0.3628260508943006,-8.275339564515823,-7.275339564515825,-95.1188455691474,-94.48492940929643
2025-12-01,PE,26175.75,26800.0,15.0,0.1,0.0738467693350182,565.3,564.25,524.785136316309,13.44889395284653,-40.51486368369092,-39.464863683690965,-7.166966864265155,-6.994215982931495
2025-12-01,CE,26175.75,26650.0,15.0,0.1,0.0738467693350182,69.25,68.0,74.00948436667187,5.4635723627304165,4.75948436667187,6.00948436667187,6.872901612522557,8.837477009811574
2025-12-01,CE,26175.75,27600.0,15.0,0.1,0.0738467693350182,4.05,4.5,0.0,0.0,-4.05,-4.5,-100.0,-100.0
2025-12-01,PE,26175.75,25900.0,15.0,0.1,0.0738467693350182,81.95,82.8,47.02136065262606,4.149134862411504,-34.928639347373945,-35.77863934737394,-42.62189060082238,-43.21091708620041
2025-12-01,PE,26175.75,26950.0,15.0,0.1,0.0738467693350182,711.9,711.9,643.7053921109664,13.183429251264982,-68.19460788903359,-68.19460788903359,-9.579239765280741,-9.579239765280741
2025-12-01,CE,26175.75,25650.0,15.0,0.1,0.0738467693350182,658.15,658.15,692.897913821126,14.319470119311472,34.747913821126076,34.747913821126076,5.27963440266293,5.27963440266293
2025-12-01,PE,26175.75,24650.0,15.0,0.1,0.0738467693350182,6.95,7.8,0.0,0.0,-6.95,-7.8,-100.0,-100.0
2025-12-01,CE,26175.75,25700.0,15.0,0.1,0.0738467693350182,600.5,617.65,658.6468448679922,13.6090180059558,58.14684486799217,40.996844867992195,9.683071585011186,6.6375527998044515
2025-12-01,PE,26175.75,26700.0,15.0,0.1,0.0738467693350182,481.75,478.7,433.6821727270555,12.203638577421042,-48.0678272729445,-45.01782727294449,-9.97775345572278,-9.404183679328282
2025-12-01,CE,26175.75,25850.0,15.0,0.1,0.0738467693350182,490.0,490.0,509.74640506798926,13.209148741234989,19.746405067989258,19.746405067989258,4.02987858530393,4.02987858530393
2025-12-01,PE,26175.75,26900.0,15.0,0.1,0.0738467693350182,654.8,654.8,596.2434384472014,13.536002949252108,-58.5565615527986,-58.5565615527986,-8.942663645815303,-8.942663645815303
2025-12-01,CE,26175.75,26800.0,15.0,0.1,0.0738467693350182,39.25,38.75,42.042710262726075,3.933512438052507,2.792710262726075,3.292710262726075,7.1151853827415925,8.497316807035032
2025-12-01,PE,26175.75,26400.0,15.0,0.1,0.0738467693350182,277.3,278.1,225.80626106187165,9.368562889484107,-51.49373893812836,-52.29373893812837,-18.569685877435397,-18.803933454918507
2025-12-01,CE,26175.75,27700.0,15.0,0.1,0.0738467693350182,4.05,3.75,0.28576766650254565,0.20134990855731327,-3.7642323334974543,-3.4642323334974545,-92.94400823450505,-92.37952889326544
2025-12-01,CE,26175.75,26750.0,15.0,0.1,0.0738467693350182,47.95,46.9,61.47027416229536,5.477927709011893,13.520274162295358,14.570274162295362,28.196609306142562,31.066682648817405
2025-12-01,CE,26175.75,27750.0,15.0,0.1,0.0738467693350182,3.05,3.05,0.4384796267492779,0.3163222343739204,-2.611520373250722,-2.611520373250722,-85.62361879510564,-85.62361879510564
2025-12-01,PE,26175.75,25450.0,15.0,0.1,0.0738467693350182,23.25,22.15,5.376424878249699,1.135156093680024,-17.8735751217503,-16.773575121750298,-76.87559192150665,-75.72720145259728
2025-12-01,PE,26175.75,27450.0,15.0,0.1,0.0738467693350182,1204.25,1204.25,1116.8170292813866,14.765929127764933,-87.43297071861343,-87.43297071861343,-7.260367093096402,-7.260367093096402
2025-12-01,PE,26175.75,26750.0,15.0,0.1,0.0738467693350182,525.4,525.4,462.94066662377577,12.362875252119412,-62.45933337622421,-62.45933337622421,-11.887958389079598,-11.887958389079598
2025-12-01,CE,26175.75,24100.0,15.0,0.1,0.0738467693350182,2146.35,2146.35,2233.3410624341127,15.290781393308773,86.99106243411279,86.99106243411279,4.052976561796203,4.052976561796203
2025-12-01,PE,26175.75,24750.0,15.0,0.1,0.0738467693350182,6.3,6.4,0.03132034707183227,0.03132034707183227,-6.268679652928167,-6.368679652928168,-99.50285163378044,-99.51061957700261
2025-12-01,PE,26175.75,26150.0,15.0,0.1,0.0738467693350182,159.5,156.75,121.98153302345855,7.008779835835306,-37.51846697654145,-34.76846697654145,-23.52254982855263,-22.180840176421977
2025-12-01,CE,26175.75,25200.0,15.0,0.1,0.0738467693350182,1075.35,1075.35,1134.0963547806623,14.877403294013472,58.74635478066239,58.74635478066239,5.462998538211967,5.462998538211967
2025-12-01,CE,26175.75,27150.0,15.0,0.1,0.0738467693350182,10.8,10.3,8.276667354042308,1.761405792071086,-2.5233326459576926,-2.0233326459576926,-23.36419116627493,-19.644006271433906
2025-12-01,CE,26175.75,26200.0,15.0,0.1,0.0738467693350182,251.1,248.95,246.40082130146857,10.208792504735795,-4.699178698531426,-2.5491786985314207,-1.871437155926494,-1.0239721624950475
2025-12-01,CE,26175.75,25000.0,15.0,0.1,0.0738467693350182,1246.6,1246.6,1313.7017744315374,15.24855656047028,67.10177443153748,67.10177443153748,5.38278312462197,5.38278312462197
2025-12-01,PE,26175.75,25850.0,15.0,0.1,0.0738467693350182,71.0,69.65,37.08904183770409,3.5801837289688154,-33.91095816229591,-32.56095816229592,-47.76191290464213,-46.74940152519155
2025-12-01,CE,26175.75,26900.0,15.0,0.1,0.0738467693350182,26.45,25.55,26.033900614096112,3.173007650441843,-0.4160993859038875,0.48390061409611107,-1.5731545780865313,1.8939358673037616
2025-12-01,CE,26175.75,26350.0,15.0,0.1,0.0738467693350182,174.65,172.7,162.2983905791604,8.263236307891486,-12.351609420839594,-10.401609420839577,-7.072206940074202,-6.0229353913373345
2025-12-01,CE,26175.75,24900.0,15.0,0.1,0.0738467693350182,1357.5,1357.5,1427.6894306101485,15.042039538736995,70.18943061014852,70.18943061014852,5.170492125977791,5.170492125977791
2025-12-01,CE,26175.75,24950.0,15.0,0.1,0.0738467693350182,1304.9,1304.9,1394.0690775883586,14.220595936731064,89.1690775883585,89.1690775883585,6.833403141111082,6.833403141111082
2025-12-01,CE,26175.75,26400.0,15.0,0.1,0.0738467693350182,152.7,150.0,160.2291990448757,8.218203793050183,7.529199044875725,10.229199044875713,4.9307131924529966,6.819466029917143
2025-12-01,PE,26175.75,26100.0,15.0,0.1,0.0738467693350182,138.45,138.4,84.13494302344976,5.8777310530014315,-54.315056976550224,-54.26505697655024,-39.23081038392938,-39.20885619692937
2025-12-01,PE,26175.75,26200.0,15.0,0.1,0.0738467693350182,177.75,175.85,124.4677859026311,7.138687101883881,-53.28221409736889,-51.38221409736889,-29.975929168702613,-29.21934267692288
2025-12-01,PE,26175.75,26550.0,15.0,0.1,0.0738467693350182,373.35,371.2,324.9457897129059,10.98526992491707,-48.404210287094145,-46.25421028709411,-12.964834682494747,-12.460724754066302
2025-12-01,CE,26175.75,26550.0,15.0,0.1,0.0738467693350182,97.85,95.9,107.43399412856256,6.988185615333029,9.583994128562566,11.533994128562554,9.794577545797207,12.027105452098596
2025-12-01,PE,26175.75,27100.0,15.0,0.1,0.0738467693350182,852.6,852.6,786.9000979482358,14.332788701664995,-65.69990205176418,-65.69990205176418,-7.705829468890943,-7.705829468890943
2025-12-01,CE,26175.75,27200.0,15.0,0.1,0.0738467693350182,9.85,10.55,8.163030683538285,1.75740181407732,-1.686969316461715,-2.386969316461716,-17.126592045296597,-22.625301577836172
2025-12-01,CE,26175.75,24250.0,15.0,0.1,0.0738467693350182,2005.6,2005.6,2074.8252651107045,14.869818812189434,69.22526511070464,69.22526511070464,3.4515987789541605,3.4515987789541605
2025-12-01,CE,26175.75,23950.0,15.0,0.1,0.0738467693350182,2292.4,2292.4,2352.0071628885717,14.537151233459959,59.607162888571565,59.607162888571565,2.6002077686517,2.6002077686517
2025-12-01,PE,26175.75,25350.0,15.0,0.1,0.0738467693350182,16.65,16.3,2.6929875607748963,0.8605552690067018,-13.957012439225103,-13.607012439225105,-83.8259005358865,-83.4786039216264
2025-12-01,PE,26175.75,24550.0,15.0,0.1,0.0738467693350182,5.4,5.5,0.0,0.0,-5.4,-5.5,-100.0,-100.0
2025-12-01,CE,26175.75,25600.0,15.0,0.1,0.0738467693350182,700.1,698.6,721.1400924799859,13.818262200334521,21.0400924799859,22.5400924799859,3.00529816883101,3.226466143713985
2025-12-01,CE,26175.75,26050.0,15.0,0.1,0.0738467693350182,345.1,343.0,358.4657443927036,11.425474881876081,13.365744392703562,15.465744392703584,3.873006198986833,4.508963379796963
2025-12-01,CE,26175.75,25400.0,15.0,0.1,0.0738467693350182,861.5,861.5,934.231743160316,14.73447362387901,72.731743160316,72.731743160316,8.44245422638607,8.44245422638607
2025-12-01,CE,26175.75,26450.0,15.0,0.1,0.0738467693350182,133.5,128.05,132.70916963283653,7.266751650690717,-0.7908303671634656,4.659169632836523,-0.5923822975007232,3.6385549651202833
2025-12-01,PE,26175.75,26500.0,15.0,0.1,0.0738467693350182,339.3,336.55,283.4068773920974,10.119271244606558,-55.893122607902626,-53.143122607902626,-16.473068849956565,-15.790557898648828
2025-12-01,CE,26175.75,26850.0,15.0,0.1,0.0738467693350182,32.4,31.95,30.69233724455684,3.322991829607729,-1.7076627554431596,-1.2576627554431603,-5.270564060009752,-3.936346652404258
2025-12-01,PE,26175.75,27550.0,15.0,0.1,0.0738467693350182,1269.3,1269.3,1208.1421091170357,15.399423177901717,-61.15789088296424,-61.15789088296424,-4.818237680844894,-4.818237680844894
2025-12-01,PE,26175.75,25750.0,15.0,0.1,0.0738467693350182,53.0,52.4,23.260489907248445,2.858146031120231,-29.739510092751555,-29.139510092751554,-56.11228319387086,-55.60975208540373
2025-12-01,PE,26175.75,25550.0,15.0,0.1,0.0738467693350182,29.6,30.05,7.436920820606509,1.5428609273341787,-22.163079179393492,-22.61307917939349,-74.87526749795099,-75.25151141229115
2025-12-01,CE,26175.75,26700.0,15.0,0.1,0.0738467693350182,57.6,56.85,59.27380704364098,4.707007059222913,1.673807043640977,2.423807043640977,2.9059150063211407,4.26351282962353
2025-12-01,PE,26175.75,25150.0,15.0,0.1,0.0738467693350182,10.4,10.3,0.6863327314561581,0.4484961032547056,-9.713667268543842,-9.613667268543843,-93.40064681292156,-93.33657542275576
2025-12-01,CE,26175.75,27100.0,15.0,0.1,0.0738467693350182,12.5,12.8,8.9277478413646,1.5781538182645463,-3.5722521586354006,-3.8722521586354013,-28.578017269083205,-30.251969989339074
2025-12-01,PE,26175.75,27200.0,15.0,0.1,0.0738467693350182,948.4,948.4,883.3341986997696,14.760201871875573,-65.06580130023042,-65.06580130023042,-6.860586387624465,-6.860586387624465
2025-12-01,CE,26175.75,24650.0,15.0,0.1,0.0738467693350182,1601.15,1601.15,1676.192695202693,14.99766809336747,75.04269520269281,75.04269520269281,4.686799812802849,4.686799812802849
2025-12-01,CE,26175.75,24400.0,15.0,0.1,0.0738467693350182,1845.15,1845.15,1925.7857776749045,15.144415439417275,80.63577767490438,80.63577767490438,4.370147558458899,4.370147558458899
2025-12-01,PE,26175.75,27000.0,15.0,0.1,0.0738467693350182,739.4,738.0,664.1802542249927,13.20750610066313,-75.21974577500725,-73.81974577500728,-10.17307895253006,-10.002675579269278
2025-12-01,CE,26175.75,24000.0,15.0,0.1,0.0738467693350182,2242.4,2242.4,2325.55507472589,14.546414150148381,83.15507472588979,83.15507472588979,3.708306935688985,3.708306935688985
2025-12-01,CE,26175.75,27650.0,15.0,0.1,0.0738467693350182,4.4,4.4,0.7182524333141636,0.3912386247304054,-3.6817475666858366,-3.6817475666858366,-83.67608106104173,-83.67608106104173
2025-12-01,PE,26175.75,25950.0,15.0,0.1,0.0738467693350182,94.6,92.1,52.4159506178836,4.383891711927354,-42.18404938211639,-39.68404938211639,-44.59201837433023,-43.088001500669264
2025-12-01,CE,26175.75,24500.0,15.0,0.1,0.0738467693350182,1749.8,1749.8,1801.0728044029634,14.587483217926904,51.2728044029634,51.2728044029634,2.9302094183885816,2.9302094183885816
2025-12-01,CE,26175.75,26000.0,15.0,0.1,0.0738467693350182,378.55,378.3,420.94027357891343,11.561271077316892,42.39027357891342,42.64027357891342,11.19806460940785,11.27154998120894
2025-12-01,PE,26175.75,25300.0,15.0,0.1,0.0738467693350182,15.6,15.4,1.680034014418938,0.6176290567321193,-13.919965985581062,-13.719965985581062,-89.23055118962219,-89.09068821805884
2025-12-01,PE,26175.75,27300.0,15.0,0.1,0.0738467693350182,925.5,925.5,947.1670837601368,14.865700007325938,21.667083760136848,21.667083760136848,2.3411219621973904,2.3411219621973904
2025-12-01,CE,26175.75,27400.0,15.0,0.1,0.0738467693350182,6.0,6.0,2.2540339318983533,0.7954189994002274,-3.7459660681016467,-3.7459660681016467,-62.43276780169411,-62.43276780169411
2025-12-01,CE,26175.75,26600.0,15.0,0.1,0.0738467693350182,82.75,79.5,93.65896141558537,6.286761319183321,10.908961415585367,14.158961415585367,13.18303494330558,17.810014359226876
2025-12-01,CE,26175.75,27500.0,15.0,0.1,0.0738467693350182,5.25,5.4,2.130855511746734,0.8209086922147578,-3.119144488253266,-3.2691444882532665,-59.41227596672888,-60.53971274543086
2025-12-01,PE,26175.75,24850.0,15.0,0.1,0.0738467693350182,8.4,8.4,0.18370128224091825,0.13199138397115484,-8.216298717759082,-8.216298717759082,-97.8130799733224,-97.8130799733224
2025-12-01,CE,26175.75,25350.0,15.0,0.1,0.0738467693350182,939.55,935.65,950.1528920265623,15.282772315963694,10.602892026562358,14.502892026562336,1.1285074798107986,1.55003388302916
2025-12-01,CE,26175.75,24700.0,15.0,0.1,0.0738467693350182,1551.85,1551.85,1607.2229634425444,14.872792981052163,55.37296344254446,55.37296344254446,3.5681904464055463,3.5681904464055463
2025-12-01,PE,26175.75,25000.0,15.0,0.1,0.0738467693350182,9.1,8.7,0.12031305238623782,0.12031305238623784,-8.979686947613763,-8.579686947613762,-98.67787854520618,-98.61709135188234
2025-12-01,CE,26175.75,24300.0,15.0,0.1,0.0738467693350182,1948.0,1948.0,2031.4177974627405,14.565066888018961,83.41779746274051,83.41779746274051,4.282227795828568,4.282227795828568
2025-12-01,PE,26175.75,26600.0,15.0,0.1,0.0738467693350182,415.5,412.4,334.79209061319824,10.961572834460801,-80.70790938680176,-77.60790938680174,-19.424286254344587,-18.818600724248725
2025-12-01,PE,26175.75,25050.0,15.0,0.1,0.0738467693350182,9.0,9.0,0.22158363755363117,0.14410083870491522,-8.778416362446368,-8.778416362446368,-97.53795958273741,-97.53795958273741
2025-12-01,PE,26175.75,27050.0,15.0,0.1,0.0738467693350182,805.0,805.0,728.3311183190314,14.244886196354344,-76.66888168096864,-76.66888168096864,-9.524084680865668,-9.524084680865668
2025-12-01,PE,26175.75,25500.0,15.0,0.1,0.0738467693350182,27.05,25.8,7.960836890112014,1.743212798535606,-19.089163109887988,-17.839163109887988,-70.56991907537149,-69.14404306158136
2025-12-01,PE,26175.75,25800.0,15.0,0.1,0.0738467693350182,61.15,61.65,26.157040842568357,2.9641949523920377,-34.99295915743164,-35.49295915743164,-57.22479011844913,-57.57170990662067
2025-12-01,CE,26175.75,26950.0,15.0,0.1,0.0738467693350182,22.05,21.05,22.06938201550881,3.095461702397359,0.01938201550881047,1.0193820155088105,0.08790029709211096,4.842669907405275
2025-12-01,CE,26175.75,25750.0,15.0,0.1,0.0738467693350182,571.4,570.8,575.8129803145549,13.577625169993794,4.412980314554943,5.012980314554966,0.7723101705556429,0.8782376164251868
2025-12-01,CE,26175.75,25100.0,15.0,0.1,0.0738467693350182,1148.2,1148.2,1229.3558735311278,14.475225189827848,81.15587353112778,81.15587353112778,7.068095587103969,7.068095587103969
2025-12-01,CE,26175.75,25550.0,15.0,0.1,0.0738467693350182,731.5,731.5,783.2092721043354,14.149616550232622,51.709272104335355,51.709272104335355,7.06893671966307,7.06893671966307
2025-12-01,PE,26175.75,24400.0,15.0,0.1,0.0738467693350182,4.75,4.8,0.0,0.0,-4.75,-4.8,-100.0,-100.0
2025-12-01,CE,26175.75,25250.0,15.0,0.1,0.0738467693350182,1013.0,1010.7,1080.4847882821084,14.523002462129021,67.48478828210841,69.78478828210837,6.661874460227879,6.904599612358599
2025-12-01,CE,26175.75,24550.0,15.0,0.1,0.0738467693350182,1703.95,1703.95,1777.0681723604896,15.25985166316887,73.11817236048955,73.11817236048955,4.291098468880516,4.291098468880516
2025-12-01,PE,26175.75,24500.0,15.0,0.1,0.0738467693350182,6.0,5.3,0.0,0.0,-6.0,-5.3,-100.0,-100.0
2025-12-01,CE,26175.75,25900.0,15.0,0.1,0.0738467693350182,453.05,449.75,486.01779192647444,12.36376714134649,32.96779192647443,36.267791926474445,7.276855077027797,8.06398931105602
2025-12-01,CE,26175.75,27950.0,15.0,0.1,0.0738467693350182,2.25,2.0,0.0,0.0,-2.25,-2.0,-100.0,-100.0
2025-12-01,PE,26175.75,25100.0,15.0,0.1,0.0738467693350182,10.35,9.6,0.489957559971483,0.30316941262259467,-9.860042440028517,-9.110042440028517,-95.26611053167649,-94.89627541696372
2025-12-01,PE,26175.75,25650.0,15.0,0.1,0.0738467693350182,40.1,39.65,15.899546999902068,2.4575169562955677,-24.200453000097934,-23.75045300009793,-60.350256858099584,-59.90025977326086
2025-12-01,PE,26175.75,25600.0,15.0,0.1,0.0738467693350182,34.15,33.15,12.35745279172196,2.027952632584514,-21.792547208278037,-20.792547208278037,-63.81419387489908,-62.7226160129051
2025-12-01,PE,26175.75,27600.0,15.0,0.1,0.0738467693350182,1318.55,1318.55,1264.4571666179675,15.406439046446653,-54.092833382032495,-54.092833382032495,-4.10244840029066,-4.10244840029066
2025-12-01,PE,26175.75,25250.0,15.0,0.1,0.0738467693350182,13.3,12.7,1.3115007741799456,0.5250297285809465,-11.988499225820055,-11.388499225820054,-90.13909192345906,-89.6732222505516
2025-12-01,PE,26175.75,27250.0,15.0,0.1,0.0738467693350182,993.85,993.85,897.7150251538155,14.29959091139592,-96.13497484618449,-96.13497484618449,-9.6729863506751,-9.6729863506751
2025-12-01,PE,26175.75,24950.0,15.0,0.1,0.0738467693350182,8.55,8.1,0.21208148231963778,0.21208148231963792,-8.337918517680363,-7.887918517680362,-97.5195148266709,-97.38171009481928
2025-12-01,CE,26175.75,24600.0,15.0,0.1,0.0738467693350182,1650.75,1650.75,1731.7230515039703,14.81959331769479,80.97305150397028,80.97305150397028,4.905228017808286,4.905228017808286
2025-12-01,PE,26175.75,26250.0,15.0,0.1,0.0738467693350182,200.75,198.0,138.10240582654768,7.352374365606129,-62.64759417345232,-59.89759417345232,-31.206771692877865,-30.251310188612283
2025-12-01,CE,26175.75,27050.0,15.0,0.1,0.0738467693350182,15.2,15.2,12.443567236966537,1.9858849885833163,-2.7564327630334624,-2.7564327630334624,-18.134426072588568,-18.134426072588568
2025-12-01,CE,26175.75,26100.0,15.0,0.1,0.0738467693350182,310.7,306.45,313.65612471265655,11.350150212124888,2.9561247126565604,7.20612471265656,0.9514402036229677,2.351484650891356
2025-12-01,PE,26175.75,26650.0,15.0,0.1,0.0738467693350182,440.8,437.05,386.3257751072262,11.553598514501356,-54.474224892773805,-50.724224892773805,-12.358036500175546,-11.606046194434
2025-12-01,PE,26175.75,25400.0,15.0,0.1,0.0738467693350182,20.15,20.45,2.4480550528458607,0.6856410220569394,-17.70194494715414,-18.00194494715414,-87.85084341019424,-88.02907064623051
2025-12-01,CE,26175.75,25800.0,15.0,0.1,0.0738467693350182,529.35,532.4,549.9839092436291,13.403351334271516,20.63390924362909,17.583909243629137,3.8979709537412086,3.3027628181121593
2025-12-01,CE,26175.75,24850.0,15.0,0.1,0.0738467693350182,1403.65,1403.65,1450.3654778919997,14.887106101407559,46.715477891999626,46.715477891999626,3.3281429054251146,3.3281429054251146
2025-12-01,CE,26175.75,27900.0,15.0,0.1,0.0738467693350182,2.6,2.65,0.0,0.0,-2.6,-2.65,-100.0,-100.0
2025-12-01,CE,26175.75,26300.0,15.0,0.1,0.0738467693350182,198.0,195.25,206.28188882343386,9.119444936172872,8.28188882343386,11.03188882343386,4.182772133047404,5.650135120836804
2025-12-01,CE,26175.75,27800.0,15.0,0.1,0.0738467693350182,3.35,3.75,0.14480709258427138,0.14480709258427135,-3.2051929074157286,-3.6051929074157285,-95.67740022136503,-96.1384775310861
2025-12-01,PE,26175.75,24700.0,15.0,0.1,0.0738467693350182,6.95,6.0,0.0,0.0,-6.95,-6.0,-100.0,-100.0
2025-12-01,CE,26175.75,25950.0,15.0,0.1,0.0738467693350182,414.9,416.9,436.3835306981292,12.52438252625148,21.483530698129243,19.483530698129243,5.178002096439924,4.673430246612916
2025-12-01,PE,26175.75,27900.0,15.0,0.1,0.0738467693350182,1618.95,1618.95,1563.3963712497664,14.681837800403674,-55.553628750233656,-55.553628750233656,-3.4314604373349176,-3.4314604373349176
2025-12-02,PE,26032.2,27450.0,14.0,0.1,0.0749467166496428,1314.7,1314.7,1240.1761819568849,14.542623127339793,-74.52381804311517,-74.52381804311517,-5.6685036923340055,-5.6685036923340055
2025-12-02,CE,26032.2,24050.0,14.0,0.1,0.0749467166496428,2078.3,2078.3,2123.2465464721035,14.93143585939231,44.946546472103364,44.946546472103364,2.162659215325187,2.162659215325187
2025-12-02,CE,26032.2,24750.0,14.0,0.1,0.0749467166496428,1396.55,1396.55,1427.2662355601176,14.505836354685005,30.71623556011764,30.71623556011764,2.1994368665724564,2.1994368665724564
2025-12-02,CE,26032.2,25950.0,14.0,0.1,0.0749467166496428,323.1,328.45,311.8819323892285,10.776364172626629,-11.218067610771527,-16.568067610771493,-3.472011021594406,-5.044319564856598
2025-12-02,PE,26032.2,24700.0,14.0,0.1,0.0749467166496428,6.0,5.45,0.0,0.0,-6.0,-5.45,-100.0,-100.0
2025-12-02,CE,26032.2,25200.0,14.0,0.1,0.0749467166496428,954.7,954.7,953.5313472779084,14.393937608186837,-1.1686527220916787,-1.1686527220916787,-0.12241046633410273,-0.12241046633410273
2025-12-02,CE,26032.2,26950.0,14.0,0.1,0.0749467166496428,12.45,12.4,8.191295571459166,1.5805465487723633,-4.258704428540833,-4.208704428540834,-34.206461273420345,-33.94116474629705
2025-12-02,PE,26032.2,26600.0,14.0,0.1,0.0749467166496428,493.9,481.45,451.5872343082941,12.03010523960552,-42.31276569170586,-29.862765691705874,-8.567071409537531,-6.202672279926446
2025-12-02,CE,26032.2,24950.0,14.0,0.1,0.0749467166496428,1186.65,1186.65,1207.5159219977963,14.771958532188295,20.86592199779625,20.86592199779625,1.7583889097708885,1.7583889097708885
2025-12-02,CE,26032.2,26650.0,14.0,0.1,0.0749467166496428,39.05,40.75,43.328819792457,4.115805112997091,4.278819792457,2.578819792456997,10.957284999889886,6.328392128728827
2025-12-02,CE,26032.2,26250.0,14.0,0.1,0.0749467166496428,152.6,158.1,139.10289663113426,7.397063079995692,-13.497103368865737,-18.997103368865737,-8.844759743686591,-12.015878158675356
2025-12-02,PE,26032.2,25350.0,14.0,0.1,0.0749467166496428,19.1,17.95,5.507688926856086,1.305393601944824,-13.592311073143915,-12.442311073143912,-71.1639323201252,-69.316496229214
2025-12-02,CE,26032.2,27350.0,14.0,0.1,0.0749467166496428,4.7,5.2,0.734340270027501,0.33381625046008073,-3.965659729972499,-4.465659729972499,-84.37573893558508,-85.87807173024035
2025-12-02,PE,26032.2,26050.0,14.0,0.1,0.0749467166496428,154.55,151.6,127.05603126644323,7.221710605522008,-27.493968733556784,-24.543968733556767,-17.78969183665919,-16.189952990472804
2025-12-02,CE,26032.2,27450.0,14.0,0.1,0.0749467166496428,3.95,4.45,0.5595186831984238,0.3217242011943601,-3.3904813168015764,-3.8904813168015764,-85.83497004560952,-87.42654644497924
2025-12-02,CE,26032.2,24700.0,14.0,0.1,0.0749467166496428,1414.8,1414.8,1462.9567336785017,14.274449722098081,48.15673367850172,48.15673367850172,3.4037838336515214,3.4037838336515214
2025-12-02,CE,26032.2,27500.0,14.0,0.1,0.0749467166496428,3.8,3.7,0.0,0.0,-3.8,-3.7,-100.0,-100.0
2025-12-02,CE,26032.2,26450.0,14.0,0.1,0.0749467166496428,81.45,86.95,78.13814653828238,5.84948970833104,-3.311853461717618,-8.811853461717618,-4.066118430592533,-10.134391560342285
2025-12-02,PE,26032.2,27250.0,14.0,0.1,0.0749467166496428,1100.05,1095.75,1044.241990942003,13.917235460900201,-55.80800905799697,-51.508009057997015,-5.073224767783007,-4.700708104768151
2025-12-02,PE,26032.2,27600.0,14.0,0.1,0.0749467166496428,1449.1,1445.2,1416.168686629342,14.704361920910234,-32.93131337065802,-29.031313370658154,-2.2725355993829286,-2.0088093945930083
2025-12-02,CE,26032.2,26300.0,14.0,0.1,0.0749467166496428,134.75,138.25,120.16237263368713,7.021247240963192,-14.587627366312873,-18.087627366312873,-10.825697488914933,-13.083274767676581
2025-12-02,CE,26032.2,25550.0,14.0,0.1,0.0749467166496428,645.85,645.85,636.4663155957597,13.249187437708425,-9.383684404240284,-9.383684404240284,-1.4529200904606772,-1.4529200904606772
2025-12-02,CE,26032.2,27950.0,14.0,0.1,0.0749467166496428,1.95,1.7,0.0,0.0,-1.95,-1.7,-100.0,-100.0
2025-12-02,PE,26032.2,24200.0,14.0,0.1,0.0749467166496428,3.35,3.15,0.0,0.0,-3.35,-3.15,-100.0,-100.0
2025-12-02,PE,26032.2,26100.0,14.0,0.1,0.0749467166496428,174.05,169.1,157.40667387945183,8.070739698221974,-16.64332612054818,-11.693326120548164,-9.562382143377295,-6.915036144617484
2025-12-02,CE,26032.2,27850.0,14.0,0.1,0.0749467166496428,2.7,2.7,0.0,0.0,-2.7,-2.7,-100.0,-100.0
2025-12-02,PE,26032.2,24650.0,14.0,0.1,0.0749467166496428,5.9,5.9,0.23965976539661785,0.23965976539661787,-5.660340234603383,-5.660340234603383,-95.93797007802343,-95.93797007802343
2025-12-02,PE,26032.2,25900.0,14.0,0.1,0.0749467166496428,99.15,99.1,78.47708126606626,5.764839032903347,-20.67291873393374,-20.62291873393373,-20.85014496614598,-20.81021062960013
2025-12-02,PE,26032.2,26650.0,14.0,0.1,0.0749467166496428,523.7,526.5,506.78239229252034,12.686963512312069,-16.917607707479704,-19.717607707479658,-3.2304005551803896,-3.7450347022753383
2025-12-02,PE,26032.2,24400.0,14.0,0.1,0.0749467166496428,6.55,6.55,0.0,0.0,-6.55,-6.55,-100.0,-100.0
2025-12-02,PE,26032.2,26200.0,14.0,0.1,0.0749467166496428,223.6,216.35,197.06029564665997,8.645524289858665,-26.539704353340028,-19.289704353340028,-11.869277438881944,-8.915971506050395
2025-12-02,CE,26032.2,25350.0,14.0,0.1,0.0749467166496428,845.6,845.6,820.0652366472817,14.055162569118496,-25.5347633527183,-25.5347633527183,-3.019721304720707,-3.019721304720707
2025-12-02,CE,26032.2,24350.0,14.0,0.1,0.0749467166496428,1798.95,1791.2,1816.2860961408778,14.664894456176231,17.33609614087777,25.08609614087777,0.9636785981198905,1.4005189895532475
2025-12-02,PE,26032.2,27150.0,14.0,0.1,0.0749467166496428,1001.3,996.95,976.3838126749124,14.528579535143146,-24.91618732508755,-20.56618732508764,-2.4883838335251722,-2.062910609868864
2025-12-02,CE,26032.2,27650.0,14.0,0.1,0.0749467166496428,3.6,3.6,0.0,0.0,-3.6,-3.6,-100.0,-100.0
2025-12-02,PE,26032.2,24900.0,14.0,0.1,0.0749467166496428,8.25,7.5,0.4876773874150421,0.26986645560946354,-7.762322612584958,-7.012322612584958,-94.08875894042373,-93.4976348344661
2025-12-02,PE,26032.2,24950.0,14.0,0.1,0.0749467166496428,8.2,7.65,1.0335032865774132,0.5185122995239853,-7.166496713422586,-6.616496713422587,-87.39630138320229,-86.49015311663513
2025-12-02,CE,26032.2,26700.0,14.0,0.1,0.0749467166496428,32.1,33.9,27.672058641926714,3.526312603001429,-4.427941358073287,-6.227941358073284,-13.79420983823454,-18.371508430894647
2025-12-02,CE,26032.2,26350.0,14.0,0.1,0.0749467166496428,113.7,119.4,120.24667069487407,7.090018303833299,6.5466706948740665,0.8466706948740637,5.757845817831193,0.7091044345678925
2025-12-02,CE,26032.2,24400.0,14.0,0.1,0.0749467166496428,1726.15,1726.15,1778.8018974855324,13.967306367668924,52.651897485532345,52.651897485532345,3.0502504119301532,3.0502504119301532
2025-12-02,PE,26032.2,25150.0,14.0,0.1,0.0749467166496428,11.1,10.25,0.8669651141156675,0.36027225405777114,-10.233034885884333,-9.383034885884333,-92.18950347643543,-91.5418037647252
2025-12-02,CE,26032.2,24150.0,14.0,0.1,0.0749467166496428,2022.05,2022.05,2036.6850514532812,14.343740930145612,14.635051453281221,14.635051453281221,0.723772975607983,0.723772975607983
2025-12-02,PE,26032.2,27500.0,14.0,0.1,0.0749467166496428,1315.0,1315.0,1341.3216521802,13.868340362211397,26.32165218020009,26.32165218020009,2.001646553627383,2.001646553627383
2025-12-02,PE,26032.2,27100.0,14.0,0.1,0.0749467166496428,967.1,964.15,912.148628826514,14.049272276888214,-54.951371173485995,-52.00137117348595,-5.682077465979319,-5.393493872684328
2025-12-02,CE,26032.2,24650.0,14.0,0.1,0.0749467166496428,1499.7,1505.9,1532.1679439409202,14.361313923791023,32.46794394092012,26.267943940920077,2.164962588579057,1.7443352108984709
2025-12-02,CE,26032.2,24850.0,14.0,0.1,0.0749467166496428,1285.3,1285.3,1322.1420196678346,14.521786061694646,36.84201966783462,36.84201966783462,2.866414040911431,2.866414040911431
2025-12-02,CE,26032.2,26600.0,14.0,0.1,0.0749467166496428,47.35,49.25,47.83862917244094,4.6779349589900985,0.4886291724409375,-1.411370827559061,1.0319517897379884,-2.8657275686478396
2025-12-02,CE,26032.2,26200.0,14.0,0.1,0.0749467166496428,176.8,180.0,177.98287296844867,8.476502004411659,1.1828729684486632,-2.0171270315513254,0.6690457966338592,-1.1206261286396253
2025-12-02,CE,26032.2,23950.0,14.0,0.1,0.0749467166496428,2181.55,2181.55,2201.1142290073567,14.10100087251322,19.564229007356516,19.564229007356516,0.8968040616697539,0.8968040616697539
2025-12-02,PE,26032.2,25000.0,14.0,0.1,0.0749467166496428,8.3,7.9,0.5311628297087796,0.3051265559436505,-7.768837170291221,-7.36883717029122,-93.60044783483397,-93.27641987710406
2025-12-02,CE,26032.2,25700.0,14.0,0.1,0.0749467166496428,500.95,517.55,490.1187889382004,12.373864152207254,-10.831211061799593,-27.43121106179956,-2.162134157460743,-5.300205016288197
2025-12-02,PE,26032.2,27650.0,14.0,0.1,0.0749467166496428,1483.15,1477.3,1480.4832265272632,14.762791024150191,-2.6667734727368497,3.1832265272632867,-0.17980470436145024,0.21547597151988676
2025-12-02,CE,26032.2,25050.0,14.0,0.1,0.0749467166496428,1089.0,1089.0,1126.2634690129141,14.612421556331048,37.26346901291413,37.26346901291413,3.421806153619296,3.421806153619296
2025-12-02,CE,26032.2,25800.0,14.0,0.1,0.0749467166496428,426.25,431.1,402.03901927619694,11.449283205553382,-24.21098072380306,-29.060980723803084,-5.6799954777250585,-6.741122877244973
2025-12-02,CE,26032.2,26100.0,14.0,0.1,0.0749467166496428,228.15,233.15,239.82011653663375,9.696010243109658,11.670116536633742,6.670116536633742,5.115106963240737,2.860869198641965
2025-12-02,PE,26032.2,26950.0,14.0,0.1,0.0749467166496428,815.2,811.95,789.1194067355118,14.385343534844552,-26.080593264488243,-22.830593264488243,-3.199287691914652,-2.8118225585920613
2025-12-02,PE,26032.2,27550.0,14.0,0.1,0.0749467166496428,1401.45,1393.25,1345.3286342627412,14.945342433069461,-56.121365737258884,-47.92136573725884,-4.00452144116871,-3.439538183187428
2025-12-02,CE,26032.2,25900.0,14.0,0.1,0.0749467166496428,359.55,359.95,342.33522574555593,11.216148555314852,-17.21477425444408,-17.614774254444058,-4.787866570558776,-4.893672525196294
2025-12-02,PE,26032.2,25550.0,14.0,0.1,0.0749467166496428,35.15,34.2,19.211397583445542,2.5062592976704905,-15.938602416554456,-14.98860241655446,-45.34453034581638,-43.8263228554224
2025-12-02,CE,26032.2,25250.0,14.0,0.1,0.0749467166496428,890.45,890.45,926.3791763300379,13.831483462973491,35.929176330037876,35.929176330037876,4.034945963281248,4.034945963281248
2025-12-02,CE,26032.2,25000.0,14.0,0.1,0.0749467166496428,1130.0,1130.0,1160.5358105703556,13.800306564425668,30.53581057035558,30.53581057035558,2.702284121270405,2.702284121270405
2025-12-02,PE,26032.2,27850.0,14.0,0.1,0.0749467166496428,1694.2,1688.35,1674.1674936932245,14.172220388548098,-20.03250630677553,-14.182506306775394,-1.1824168520113052,-0.8400216961397456
2025-12-02,CE,26032.2,26150.0,14.0,0.1,0.0749467166496428,200.95,208.5,193.04180701287055,8.657651622827926,-7.908192987129439,-15.45819298712945,-3.93540332775787,-7.414001432675995
2025-12-02,CE,26032.2,24600.0,14.0,0.1,0.0749467166496428,1532.8,1532.8,1563.2698745765867,14.467501888496479,30.46987457658679,30.46987457658679,1.9878571618336893,1.9878571618336893
2025-12-02,PE,26032.2,25100.0,14.0,0.1,0.0749467166496428,9.85,9.65,0.7746826405043057,0.3645161782936579,-9.075317359495694,-8.875317359495694,-92.13520161924562,-91.97220061653569
2025-12-02,PE,26032.2,26150.0,14.0,0.1,0.0749467166496428,198.95,188.25,150.98311418849653,7.563958602587112,-47.96688581150346,-37.26688581150347,-24.11002051344733,-19.796486486854434
2025-12-02,CE,26032.2,27200.0,14.0,0.1,0.0749467166496428,6.0,6.2,3.3056614743336175,1.0511540208546775,-2.6943385256663825,-2.8943385256663827,-44.905642094439706,-46.68287944623198
2025-12-02,CE,26032.2,24300.0,14.0,0.1,0.0749467166496428,1830.35,1830.35,1849.415631786595,14.875800853843923,19.065631786595077,19.065631786595077,1.041638582052344,1.041638582052344
2025-12-02,CE,26032.2,25750.0,14.0,0.1,0.0749467166496428,474.75,477.0,460.9194261251576,12.301187001142493,-13.8305738748424,-16.0805738748424,-2.913233043674018,-3.371189491581216
2025-12-02,CE,26032.2,24000.0,14.0,0.1,0.0749467166496428,2160.0,2160.0,2151.174918457768,14.479820246853564,-8.825081542232056,-8.825081542232056,-0.40856858991815076,-0.40856858991815076
2025-12-02,CE,26032.2,26050.0,14.0,0.1,0.0749467166496428,258.0,265.0,255.15567620481806,9.875217855162242,-2.8443237951819356,-9.844323795181936,-1.102451083403851,-3.714839167993183
2025-12-02,CE,26032.2,27800.0,14.0,0.1,0.0749467166496428,2.1,1.85,0.0,0.0,-2.1,-1.85,-100.0,-100.0
2025-12-02,PE,26032.2,24800.0,14.0,0.1,0.0749467166496428,6.95,6.9,0.0,0.0,-6.95,-6.9,-100.0,-100.0
2025-12-02,PE,26032.2,26550.0,14.0,0.1,0.0749467166496428,457.55,461.45,426.9518459175026,12.00768974333828,-30.598154082497388,-34.498154082497365,-6.687390248606138,-7.476032957524621
2025-12-02,PE,26032.2,24750.0,14.0,0.1,0.0749467166496428,6.1,6.15,0.1538315255562489,0.13627758927405742,-5.946168474443751,-5.996168474443752,-97.47817171219265,-97.49867438119921
2025-12-02,CE,26032.2,27900.0,14.0,0.1,0.0749467166496428,1.85,1.6,0.4554579257739521,0.4554579257739523,-1.394542074226048,-1.144542074226048,-75.38065266086745,-71.53387963912799
2025-12-02,CE,26032.2,25150.0,14.0,0.1,0.0749467166496428,1000.0,1000.0,1007.8228764866801,14.756479291392269,7.822876486680116,7.822876486680116,0.7822876486680116,0.7822876486680116
2025-12-02,CE,26032.2,26800.0,14.0,0.1,0.0749467166496428,21.6,22.4,20.07955916969477,2.894455303333124,-1.5204408303052297,-2.320440830305227,-7.039077918079767,-10.359110849576906
2025-12-02,PE,26032.2,26350.0,14.0,0.1,0.0749467166496428,308.9,301.5,270.0628753403495,10.132779311231912,-38.8371246596505,-31.43712465965052,-12.57271759781499,-10.42690701812621
2025-12-02,PE,26032.2,25200.0,14.0,0.1,0.0749467166496428,12.45,11.8,1.3626241970177708,0.5331035331348655,-11.087375802982228,-10.43737580298223,-89.05522733319059,-88.45233731340872
2025-12-02,PE,26032.2,26400.0,14.0,0.1,0.0749467166496428,344.6,329.15,324.40002947722513,10.61483373069311,-20.19997052277489,-4.749970522774845,-5.861860279389115,-1.443102088037322
2025-12-02,PE,26032.2,25500.0,14.0,0.1,0.0749467166496428,30.25,29.75,14.774352937429454,2.374591078058493,-15.475647062570546,-14.975647062570546,-51.15916384320842,-50.33830945401865
2025-12-02,CE,26032.2,27400.0,14.0,0.1,0.0749467166496428,4.45,3.8,0.8408827161139955,0.470120624479889,-3.609117283886005,-2.9591172838860045,-81.10375918844954,-77.87150747068434
2025-12-02,CE,26032.2,27600.0,14.0,0.1,0.0749467166496428,3.3,3.15,0.3327503593563082,0.26100921474321315,-2.9672496406436917,-2.8172496406436918,-89.91665577708157,-89.43649652837117
2025-12-02,CE,26032.2,26850.0,14.0,0.1,0.0749467166496428,17.35,18.0,19.420377740208853,2.643096774212927,2.0703777402088512,1.4203777402088527,11.933012911866577,7.890987445604737
2025-12-02,PE,26032.2,27350.0,14.0,0.1,0.0749467166496428,1201.55,1197.65,1163.8400928673552,14.516983726399049,-37.70990713264473,-33.80990713264487,-3.1384384447292857,-2.8230206765453065
2025-12-02,PE,26032.2,26250.0,14.0,0.1,0.0749467166496428,250.1,242.7,215.8054510946779,8.988441166844284,-34.2945489053221,-26.894548905322097,-13.712334628277532,-11.081396335114173
2025-12-02,PE,26032.2,26000.0,14.0,0.1,0.0749467166496428,135.3,128.95,103.73576066717774,6.1826220717336655,-31.564239332822268,-25.214239332822245,-23.329075634014977,-19.553500839722567
2025-12-02,PE,26032.2,26500.0,14.0,0.1,0.0749467166496428,418.85,406.25,387.954558479508,11.504743406334228,-30.895441520492,-18.295441520491977,-7.376254391904499,-4.503493297351871
2025-12-02,PE,26032.2,25400.0,14.0,0.1,0.0749467166496428,22.2,20.4,8.626277891120521,1.8186987267983117,-13.573722108879478,-11.773722108879477,-61.142892382339994,-57.71432406313469
2025-12-02,CE,26032.2,27750.0,14.0,0.1,0.0749467166496428,2.75,2.75,0.0,0.0,-2.75,-2.75,-100.0,-100.0
2025-12-02,CE,26032.2,24200.0,14.0,0.1,0.0749467166496428,1972.25,1972.25,1983.0975735175,14.623331372574903,10.847573517499995,10.847573517499995,0.5500100655342881,0.5500100655342881
2025-12-02,PE,26032.2,25250.0,14.0,0.1,0.0749467166496428,13.85,13.25,3.589153086037969,1.088694742674706,-10.26084691396203,-9.66084691396203,-74.08553728492441,-72.9120521808455
2025-12-02,PE,26032.2,27900.0,14.0,0.1,0.0749467166496428,1740.1,1740.1,1738.7010808266264,14.637006408701378,-1.3989191733735424,-1.3989191733735424,-0.08039303335288446,-0.08039303335288446
2025-12-02,PE,26032.2,26800.0,14.0,0.1,0.0749467166496428,657.2,651.0,643.0174285948644,13.85872479042266,-14.182571405135604,-7.982571405135559,-2.158029732978637,-1.226201444721284
2025-12-02,CE,26032.2,26900.0,14.0,0.1,0.0749467166496428,14.9,15.0,11.635068882942186,1.9949361827649041,-3.264931117057815,-3.3649311170578144,-21.912289376226944,-22.43287411371876
2025-12-02,PE,26032.2,25050.0,14.0,0.1,0.0749467166496428,8.65,8.95,1.3837988309889797,0.618171726757384,-7.266201169011021,-7.56620116901102,-84.0023256533066,-84.53856054760917
2025-12-02,PE,26032.2,26850.0,14.0,0.1,0.0749467166496428,713.0,714.25,679.9864735749802,13.31921349019335,-33.01352642501979,-34.26352642501979,-4.630228110100952,-4.79713355618058
2025-12-02,CE,26032.2,27000.0,14.0,0.1,0.0749467166496428,10.8,11.45,7.164416925003432,1.4619676438156606,-3.6355830749965685,-4.285583074996567,-33.66280624996823,-37.42867314407483
2025-12-02,PE,26032.2,25700.0,14.0,0.1,0.0749467166496428,55.7,53.75,35.80708728293209,3.55415292435045,-19.892912717067915,-17.942912717067912,-35.71438548845227,-33.38216319454496
2025-12-02,PE,26032.2,25800.0,14.0,0.1,0.0749467166496428,75.65,71.85,50.87825053432127,4.236389463106742,-24.771749465678738,-20.971749465678727,-32.74520748933078,-29.18823864395091
2025-12-02,PE,26032.2,27750.0,14.0,0.1,0.0749467166496428,1596.75,1591.2,1582.6584014608675,14.46718885624581,-14.09159853913252,-8.541598539132565,-0.8825175224131843,-0.5368023214638364
2025-12-02,PE,26032.2,24850.0,14.0,0.1,0.0749467166496428,7.0,7.0,0.6375972296846348,0.42113483658498735,-6.362402770315365,-6.362402770315365,-90.89146814736236,-90.89146814736236
2025-12-02,PE,26032.2,24600.0,14.0,0.1,0.0749467166496428,5.1,5.3,0.0,0.0,-5.1,-5.3,-100.0,-100.0
2025-12-02,PE,26032.2,27700.0,14.0,0.1,0.0749467166496428,1547.65,1539.95,1502.1239315193984,14.645782085845138,-45.52606848060168,-37.826068480601634,-2.941625592388568,-2.456317963609314
2025-12-02,PE,26032.2,25950.0,14.0,0.1,0.0749467166496428,118.8,112.8,85.17816469277194,5.757430426792635,-33.621835307228054,-27.621835307228054,-28.301208171067387,-24.487442648251818
2025-12-02,PE,26032.2,26300.0,14.0,0.1,0.0749467166496428,279.05,271.0,237.21819509626837,9.399885981074773,-41.83180490373164,-33.781804903731626,-14.99079193826613,-12.465610665583625
2025-12-02,PE,26032.2,27800.0,14.0,0.1,0.0749467166496428,1655.25,1655.25,1617.1193219878187,14.37865704206034,-38.130678012181306,-38.130678012181306,-2.3036204810259058,-2.3036204810259058
2025-12-02,PE,26032.2,27950.0,14.0,0.1,0.0749467166496428,1776.05,1765.95,1759.1653059276248,14.425062283773295,-16.88469407237517,-6.78469407237526,-0.9506879914628061,-0.384195139860996
2025-12-02,PE,26032.2,25300.0,14.0,0.1,0.0749467166496428,16.25,15.05,5.426286209482435,1.2107773501336236,-10.823713790517566,-9.623713790517566,-66.6074694801081,-63.944942129684826
2025-12-02,CE,26032.2,27700.0,14.0,0.1,0.0749467166496428,3.1,2.75,0.20835266880267128,0.2083526688026712,-2.891647331197329,-2.541647331197329,-93.27894616765577,-92.4235393162665
2025-12-02,CE,26032.2,27250.0,14.0,0.1,0.0749467166496428,5.8,6.0,2.3458601753425556,1.0539221406537551,-3.454139824657444,-3.6541398246574444,-59.55413490788697,-60.902330410957404
2025-12-02,CE,26032.2,26750.0,14.0,0.1,0.0749467166496428,26.3,28.0,22.526428510753075,2.8839398328435584,-3.773571489246926,-5.473571489246925,-14.348180567478805,-19.548469604453306
2025-12-02,PE,26032.2,27300.0,14.0,0.1,0.0749467166496428,1170.0,1170.0,1105.124651301465,14.35254651105563,-64.87534869853494,-64.87534869853494,-5.544901598165379,-5.544901598165379
2025-12-02,PE,26032.2,25600.0,14.0,0.1,0.0749467166496428,41.05,39.65,23.90901760675148,2.917739147823947,-17.140982393248517,-15.740982393248519,-41.75635174969188,-39.69982949116903
2025-12-02,CE,26032.2,24550.0,14.0,0.1,0.0749467166496428,1591.25,1591.25,1603.2199946279072,14.626980478782915,11.969994627907226,11.969994627907226,0.7522384683680896,0.7522384683680896
2025-12-02,PE,26032.2,27000.0,14.0,0.1,0.0749467166496428,875.0,875.0,846.550534064449,14.086712738078994,-28.44946593555096,-28.44946593555096,-3.251367535491539,-3.251367535491539
2025-12-02,CE,26032.2,27050.0,14.0,0.1,0.0749467166496428,8.95,8.8,7.5536858858211895,1.7649475482618595,-1.3963141141788098,-1.2463141141788112,-15.60127501875765,-14.162660388395581
2025-12-02,CE,26032.2,25650.0,14.0,0.1,0.0749467166496428,555.7,561.0,559.2437459807305,13.597182877231507,3.5437459807304776,-1.7562540192694769,0.6377084723286804,-0.31305775744553954
2025-12-02,CE,26032.2,24450.0,14.0,0.1,0.0749467166496428,1724.1,1724.1,1723.8082960631255,14.910172696758494,-0.2917039368744554,-0.2917039368744554,-0.01691920056113076,-0.01691920056113076
2025-12-02,CE,26032.2,25600.0,14.0,0.1,0.0749467166496428,579.45,599.9,606.8765136833698,13.571753162971564,27.426513683369762,6.976513683369831,4.733197632819011,1.1629461049124572
2025-12-02,PE,26032.2,26450.0,14.0,0.1,0.0749467166496428,375.4,368.85,346.19567261939704,11.231457032196365,-29.204327380602933,-22.65432738060298,-7.779522477518097,-6.1418808135022305
2025-12-02,CE,26032.2,25300.0,14.0,0.1,0.0749467166496428,854.9,854.9,906.4690783591005,14.101878646739907,51.56907835910056,51.56907835910056,6.032176670850458,6.032176670850458
2025-12-02,CE,26032.2,26500.0,14.0,0.1,0.0749467166496428,69.2,71.9,67.32953344942723,5.012638714099768,-1.8704665505727718,-4.570466550572775,-2.7029863447583407,-6.356698957681188
2025-12-02,CE,26032.2,27150.0,14.0,0.1,0.0749467166496428,6.5,7.05,3.6707843325514005,1.1262616325487942,-2.8292156674485995,-3.3792156674485994,-43.52639488382461,-47.93213712693049
2025-12-02,PE,26032.2,26700.0,14.0,0.1,0.0749467166496428,588.45,563.25,549.3462345026303,13.102303096326114,-39.10376549736975,-13.903765497369704,-6.645214631212465,-2.4684892139138404
2025-12-02,PE,26032.2,24550.0,14.0,0.1,0.0749467166496428,4.5,4.5,0.0,0.0,-4.5,-4.5,-100.0,-100.0
2025-12-02,PE,26032.2,26750.0,14.0,0.1,0.0749467166496428,622.7,625.0,592.838342414411,12.660264728174525,-29.861657585589,-32.161657585588955,-4.7955127004318285,-5.145865213694233
2025-12-02,PE,26032.2,27200.0,14.0,0.1,0.0749467166496428,1053.05,1049.2,1013.8744026987674,14.596331016161974,-39.17559730123253,-35.32559730123262,-3.720202962939322,-3.366907863251298
2025-12-02,CE,26032.2,27300.0,14.0,0.1,0.0749467166496428,5.05,4.9,0.6968734703984187,0.33070923268715896,-4.353126529601581,-4.203126529601581,-86.20052533864518,-85.7780924408486
2025-12-02,CE,26032.2,24500.0,14.0,0.1,0.0749467166496428,1631.7,1631.7,1648.043872541963,15.031681550039153,16.343872541963037,16.343872541963037,1.001646904575782,1.001646904575782
2025-12-02,CE,26032.2,26400.0,14.0,0.1,0.0749467166496428,97.35,100.25,91.5312616597234,6.148211434769285,-5.818738340276596,-8.718738340276602,-5.977132347484948,-8.696995850649976
2025-12-02,CE,26032.2,26550.0,14.0,0.1,0.0749467166496428,55.65,59.95,59.93105161663867,5.055594349824221,4.2810516166386705,-0.018948383361333754,7.692815124238401,-0.031606978083959555
2025-12-02,CE,26032.2,24250.0,14.0,0.1,0.0749467166496428,1880.45,1883.25,1923.2794304634665,14.966400207848094,42.82943046346645,40.0294304634665,2.2776160208177005,2.125550535694491
2025-12-02,CE,26032.2,25500.0,14.0,0.1,0.0749467166496428,685.0,694.85,670.2159030405152,13.504526870177672,-14.784096959484827,-24.63409695948485,-2.1582623298517998,-3.5452395422731304
2025-12-02,CE,26032.2,27100.0,14.0,0.1,0.0749467166496428,7.7,8.5,5.253416911510658,1.2818661104508502,-2.4465830884893425,-3.2465830884893423,-31.773806344017437,-38.195095158698145
2025-12-02,CE,26032.2,24100.0,14.0,0.1,0.0749467166496428,2037.95,2037.95,2070.099112778972,14.13756954344604,32.14911277897204,32.14911277897204,1.577522156037785,1.577522156037785
2025-12-02,PE,26032.2,27050.0,14.0,0.1,0.0749467166496428,918.65,915.75,844.131574718926,14.04378392781923,-74.51842528107397,-71.618425281074,-8.111731919781635,-7.820739861433141
2025-12-02,PE,26032.2,25450.0,14.0,0.1,0.0749467166496428,26.75,24.05,10.171404126428268,1.7177110654052774,-16.578595873571732,-13.878595873571733,-61.976059340455066,-57.70725934957062
2025-12-02,CE,26032.2,24800.0,14.0,0.1,0.0749467166496428,1338.15,1338.15,1373.0129415119127,14.303297088308906,34.862941511912595,34.862941511912595,2.6053089348662404,2.6053089348662404
2025-12-02,PE,26032.2,24500.0,14.0,0.1,0.0749467166496428,4.8,4.9,0.0,0.0,-4.8,-4.9,-100.0,-100.0
2025-12-02,PE,26032.2,25850.0,14.0,0.1,0.0749467166496428,89.6,86.1,61.03775208974858,4.742306984219711,-28.562247910251415,-25.062247910251415,-31.8775088284056,-29.108301870210706
2025-12-02,CE,26032.2,25450.0,14.0,0.1,0.0749467166496428,738.6,738.6,745.7197206447454,14.090885133159283,7.119720644745371,7.119720644745371,0.9639480970410736,0.9639480970410736
2025-12-02,CE,26032.2,27550.0,14.0,0.1,0.0749467166496428,3.75,3.5,0.10389356429431668,0.10389356429431668,-3.646106435705683,-3.396106435705683,-97.22950495215154,-97.03161244873381
2025-12-02,CE,26032.2,25850.0,14.0,0.1,0.0749467166496428,392.1,388.1,376.8625992250107,11.673193715000485,-15.23740077498934,-11.23740077498934,-3.886100682221203,-2.8954910525610256
2025-12-02,CE,26032.2,25400.0,14.0,0.1,0.0749467166496428,749.75,749.75,756.852926468491,13.753079242512133,7.102926468490978,7.102926468490978,0.9473726533499137,0.9473726533499137
2025-12-02,PE,26032.2,25750.0,14.0,0.1,0.0749467166496428,64.8,63.7,45.566572479825304,4.012696237329571,-19.233427520174693,-18.1334275201747,-29.68121530891156,-28.46691918394772
2025-12-02,CE,26032.2,24900.0,14.0,0.1,0.0749467166496428,1274.35,1274.35,1287.030707614167,14.017354898239079,12.680707614167204,12.680707614167204,0.9950725949831054,0.9950725949831054
2025-12-02,PE,26032.2,26900.0,14.0,0.1,0.0749467166496428,780.9,780.9,709.5917507135011,13.592201712792066,-71.30824928649884,-71.30824928649884,-9.131546841656913,-9.131546841656913
2025-12-02,PE,26032.2,25650.0,14.0,0.1,0.0749467166496428,45.7,45.2,29.143979431113227,3.2201679265152023,-16.556020568886776,-16.056020568886776,-36.227616124478715,-35.522169400191984
2025-12-02,CE,26032.2,26000.0,14.0,0.1,0.0749467166496428,288.9,295.7,276.9607114359272,10.65742003420004,-11.939288564072797,-18.739288564072808,-4.132671707882588,-6.337263633436866
2025-12-02,CE,26032.2,25100.0,14.0,0.1,0.0749467166496428,1093.3,1093.3,1065.1076105614582,14.381028502143227,-28.192389438541795,-28.192389438541795,-2.578650822147791,-2.578650822147791
2025-12-02,PE,26032.2,27400.0,14.0,0.1,0.0749467166496428,1267.9,1267.9,1207.5891928873612,14.455371126785128,-60.31080711263894,-60.31080711263894,-4.756747938531346,-4.756747938531346
2025-12-02,PE,26032.2,24000.0,14.0,0.1,0.0749467166496428,4.25,3.95,0.0,0.0,-4.25,-3.95,-100.0,-100.0
2025-12-03,CE,25986.0,24900.0,13.0,0.1,0.0738119701222618,1163.0,1163.35,1219.7755631749123,14.505957005096901,56.77556317491235,56.42556317491244,4.881819705495473,4.850265455358443
2025-12-03,CE,25986.0,24500.0,13.0,0.1,0.0738119701222618,1576.7,1570.55,1615.369784978211,13.80815010695826,38.669784978211055,44.819784978211146,2.4525772168586957,2.853763648289526
2025-12-03,CE,25986.0,25900.0,13.0,0.1,0.0738119701222618,282.9,286.05,314.7251427374485,10.676443142734541,31.825142737448516,28.675142737448482,11.249608602845004,10.0245211457607
2025-12-03,PE,25986.0,24800.0,13.0,0.1,0.0738119701222618,6.6,7.15,0.29001458646341355,0.2900145864634135,-6.3099854135365865,-6.859985413536587,-95.6058395990392,-95.94385193757464
2025-12-03,CE,25986.0,26000.0,13.0,0.1,0.0738119701222618,222.1,223.35,233.85992142489843,9.16067040879008,11.759921424898437,10.509921424898437,5.294876823457198,4.705583803402031
2025-12-03,CE,25986.0,25500.0,13.0,0.1,0.0738119701222618,603.4,605.8,616.7201435360744,12.624228665644017,13.320143536074397,10.92014353607442,2.207514672866158,1.8025988009366822
2025-12-03,CE,25986.0,26250.0,13.0,0.1,0.0738119701222618,106.05,108.85,111.7357031918983,6.414928428408353,5.685703191898298,2.885703191898301,5.361342000847052,2.6510823995390917
2025-12-03,PE,25986.0,26650.0,13.0,0.1,0.0738119701222618,644.6,644.6,531.676218704059,12.80379998323782,-112.92378129594101,-112.92378129594101,-17.518427132476113,-17.518427132476113
2025-12-03,CE,25986.0,25200.0,13.0,0.1,0.0738119701222618,869.65,881.0,915.2769093642332,13.248930591168028,45.626909364233256,34.276909364233234,5.246583035040908,3.8906821071774385
2025-12-03,PE,25986.0,26700.0,13.0,0.1,0.0738119701222618,644.45,641.0,592.9805302608665,12.781307981003842,-51.4694697391335,-48.019469739133456,-7.986573006305144,-7.49133693278213
2025-12-03,PE,25986.0,25300.0,13.0,0.1,0.0738119701222618,17.95,17.6,6.637147493158303,1.6475523481698247,-11.312852506841697,-10.962852506841699,-63.02424794897882,-62.288934697964194
2025-12-03,PE,25986.0,26150.0,13.0,0.1,0.0738119701222618,226.35,221.55,194.88654483001824,8.30118845380817,-31.463455169981756,-26.663455169981773,-13.90035571901116,-12.034960582253113
2025-12-03,PE,25986.0,27050.0,13.0,0.1,0.0738119701222618,964.9,963.9,923.4450078933428,13.011880863424626,-41.45499210665719,-40.45499210665719,-4.29629931668123,-4.197011319292166
2025-12-03,PE,25986.0,27400.0,13.0,0.1,0.0738119701222618,1340.1,1337.3,1289.9344864246025,13.844358622935985,-50.165513575397426,-47.36551357539747,-3.7434156835607366,-3.5418764357584296
2025-12-03,PE,25986.0,25100.0,13.0,0.1,0.0738119701222618,10.65,10.05,1.022787423166217,0.5180417869248695,-9.627212576833783,-9.027212576833783,-90.39636222379139,-89.82301071476401
2025-12-03,PE,25986.0,25850.0,13.0,0.1,0.0738119701222618,98.35,94.8,66.68808296291074,4.92511573938505,-31.661917037089253,-28.111917037089256,-32.19310324055847,-29.65392092519964
2025-12-03,PE,25986.0,26450.0,13.0,0.1,0.0738119701222618,432.3,427.0,388.9366920101233,10.866389055120798,-43.363307989876716,-38.063307989876705,-10.030836916464658,-8.91412365102499
2025-12-03,CE,25986.0,26300.0,13.0,0.1,0.0738119701222618,90.4,91.0,103.64269131445388,6.3390674210837785,13.242691314453879,12.642691314453884,14.648994816873758,13.893067378520751
2025-12-03,CE,25986.0,24150.0,13.0,0.1,0.0738119701222618,1914.45,1907.85,1957.2155784431277,14.288517366959484,42.76557844312765,49.36557844312779,2.233831045111006,2.5874978873144006
2025-12-03,CE,25986.0,26650.0,13.0,0.1,0.0738119701222618,23.25,23.95,18.889974889945115,2.4240169669661293,-4.360025110054885,-5.060025110054884,-18.752796172279073,-21.127453486659224
2025-12-03,CE,25986.0,25400.0,13.0,0.1,0.0738119701222618,684.65,695.0,724.4297476865128,13.237748055578887,39.77974768651279,29.42974768651277,5.8102311672406035,4.234496070001837
2025-12-03,PE,25986.0,27950.0,13.0,0.1,0.0738119701222618,1865.35,1851.65,1813.1799026371907,13.404654853390465,-52.1700973628092,-38.47009736280938,-2.7967993868608683,-2.077611717268889
2025-12-03,CE,25986.0,27300.0,13.0,0.1,0.0738119701222618,3.95,3.9,0.01557240774252271,0.015572407742522705,-3.9344275922574776,-3.8844275922574774,-99.60576182930323,-99.60070749378147
2025-12-03,CE,25986.0,25950.0,13.0,0.1,0.0738119701222618,251.4,255.2,264.6737044790632,9.737419840726472,13.273704479063184,9.473704479063201,5.279914271703732,3.712266645400941
2025-12-03,CE,25986.0,25750.0,13.0,0.1,0.0738119701222618,393.35,394.75,384.38208686323173,11.080412431053668,-8.967913136768288,-10.367913136768266,-2.2798813109872347,-2.6264504462997507
2025-12-03,PE,25986.0,24550.0,13.0,0.1,0.0738119701222618,4.55,5.0,0.0,0.0,-4.55,-5.0,-100.0,-100.0
2025-12-03,PE,25986.0,24900.0,13.0,0.1,0.0738119701222618,7.35,7.0,0.1846041776566341,0.12949741098397027,-7.165395822343365,-6.8153958223433655,-97.48837853528389,-97.36279746204808
2025-12-03,PE,25986.0,27650.0,13.0,0.1,0.0738119701222618,1593.55,1594.2,1520.8945243835146,13.740938366714973,-72.65547561648532,-73.30547561648541,-4.559347094003032,-4.598260921872124
2025-12-03,CE,25986.0,26750.0,13.0,0.1,0.0738119701222618,15.8,16.3,15.14735415564211,2.150683845063967,-0.65264584435789,-1.15264584435789,-4.130669900999304,-7.071446897901165
2025-12-03,PE,25986.0,24100.0,13.0,0.1,0.0738119701222618,3.35,3.1,0.0,0.0,-3.35,-3.1,-100.0,-100.0
2025-12-03,CE,25986.0,26450.0,13.0,0.1,0.0738119701222618,51.5,52.75,59.88774157683949,4.689645643802771,8.387741576839488,7.137741576839488,16.286876848232016,13.531263652776282
2025-12-03,PE,25986.0,27300.0,13.0,0.1,0.0738119701222618,1229.1,1220.7,1206.0997372979184,13.395136506889164,-23.0002627020815,-14.600262702081636,-1.871309307792816,-1.1960565824593787
2025-12-03,PE,25986.0,25650.0,13.0,0.1,0.0738119701222618,54.15,50.1,31.759399104749136,3.3721761079059713,-22.390600895250863,-18.340600895250866,-41.34921679640048,-36.607985818864
2025-12-03,CE,25986.0,27800.0,13.0,0.1,0.0738119701222618,1.7,2.0,0.16004355740041856,0.16004355740041862,-1.5399564425995813,-1.8399564425995814,-90.58567309409302,-91.99782212997907
2025-12-03,CE,25986.0,24850.0,13.0,0.1,0.0738119701222618,1201.25,1201.25,1280.1231648132907,13.932706668871655,78.87316481329071,78.87316481329071,6.565924230034607,6.565924230034607
2025-12-03,PE,25986.0,25450.0,13.0,0.1,0.0738119701222618,27.75,26.4,10.469150019194727,1.7435940854564544,-17.28084998080527,-15.930849980805272,-62.27333326416314,-60.344128715171486
2025-12-03,PE,25986.0,26300.0,13.0,0.1,0.0738119701222618,320.8,314.95,273.29955910484256,9.942337248321424,-47.50044089515745,-41.65044089515743,-14.806870603228631,-13.22446130978169
2025-12-03,PE,25986.0,25950.0,13.0,0.1,0.0738119701222618,133.3,128.35,97.58313154927184,5.957931891134113,-35.71686845072817,-30.766868450728154,-26.794349925527506,-23.971070082374876
2025-12-03,PE,25986.0,24650.0,13.0,0.1,0.0738119701222618,5.55,5.65,0.0,0.0,-5.55,-5.65,-100.0,-100.0
2025-12-03,CE,25986.0,27450.0,13.0,0.1,0.0738119701222618,3.0,2.95,0.04930070943774455,0.04930070943774452,-2.9506992905622553,-2.9006992905622555,-98.35664301874183,-98.32878951058493
2025-12-03,PE,25986.0,24600.0,13.0,0.1,0.0738119701222618,5.05,4.85,0.0,0.0,-5.05,-4.85,-100.0,-100.0
2025-12-03,CE,25986.0,24100.0,13.0,0.1,0.0738119701222618,1953.2,1958.85,2031.9706260762289,13.54789153416574,78.77062607622884,73.12062607622897,4.032901191697155,3.7328343709946643
2025-12-03,PE,25986.0,26050.0,13.0,0.1,0.0738119701222618,176.1,170.55,145.5448836116411,7.421436643722522,-30.555116388358897,-25.005116388358914,-17.35100305982902,-14.661457864766291
2025-12-03,CE,25986.0,26800.0,13.0,0.1,0.0738119701222618,13.55,13.85,11.123296980012993,1.8144910255686886,-2.4267030199870074,-2.7267030199870064,-17.909247379977913,-19.687386425898964
2025-12-03,PE,25986.0,26750.0,13.0,0.1,0.0738119701222618,709.15,709.15,640.7373156345352,12.640301580049215,-68.41268436546477,-68.41268436546477,-9.647138738696293,-9.647138738696293
2025-12-03,PE,25986.0,26800.0,13.0,0.1,0.0738119701222618,747.95,740.0,663.0447301425834,12.993724906426694,-84.90526985741667,-76.95526985741662,-11.351730711600597,-10.399360791542787
2025-12-03,CE,25986.0,26100.0,13.0,0.1,0.0738119701222618,169.5,169.45,197.9907839665754,9.0403109291868,28.490783966575407,28.540783966575418,16.808722104174283,16.843189121614294
2025-12-03,CE,25986.0,27900.0,13.0,0.1,0.0738119701222618,1.8,2.0,0.0,0.0,-1.8,-2.0,-100.0,-100.0
2025-12-03,PE,25986.0,25800.0,13.0,0.1,0.0738119701222618,83.8,81.55,57.11537555643299,4.4381353592417705,-26.68462444356701,-24.43462444356701,-31.843227259626506,-29.962752230002465
2025-12-03,PE,25986.0,25250.0,13.0,0.1,0.0738119701222618,15.6,15.6,3.9674423576924305,0.9176447658684597,-11.63255764230757,-11.63255764230757,-74.5676771942793,-74.5676771942793
2025-12-03,CE,25986.0,24600.0,13.0,0.1,0.0738119701222618,1484.0,1487.8,1519.3475283519222,13.535446482042735,35.347528351922165,31.54752835192221,2.381908918593138,2.1204145955049207
2025-12-03,PE,25986.0,27700.0,13.0,0.1,0.0738119701222618,1627.2,1621.45,1576.843126785165,13.922806108387263,-50.356873214835105,-44.606873214835105,-3.094694764923495,-2.751048334196867
2025-12-03,CE,25986.0,26950.0,13.0,0.1,0.0738119701222618,8.2,8.6,7.959685533388129,1.7150386816178673,-0.24031446661187061,-0.640314466611871,-2.930664226974032,-7.445517053626408
2025-12-03,PE,25986.0,27800.0,13.0,0.1,0.0738119701222618,1729.35,1723.15,1673.065500799842,13.386603413684721,-56.284499200157825,-50.08449920015801,-3.2546621100504716,-2.906566416165627
2025-12-03,PE,25986.0,26950.0,13.0,0.1,0.0738119701222618,917.75,917.75,814.1514566226804,13.707616932371693,-103.59854337731963,-103.59854337731963,-11.28831853743608,-11.28831853743608
2025-12-03,PE,25986.0,24500.0,13.0,0.1,0.0738119701222618,4.3,3.95,0.0,0.0,-4.3,-3.95,-100.0,-100.0
2025-12-03,PE,25986.0,26600.0,13.0,0.1,0.0738119701222618,563.65,554.05,516.8387578358497,11.733552331726756,-46.81124216415026,-37.211242164150235,-8.305019456072078,-6.716224558099492
2025-12-03,CE,25986.0,24350.0,13.0,0.1,0.0738119701222618,1690.55,1690.55,1773.9873859775748,13.849913435958255,83.43738597757488,83.43738597757488,4.935517197218354,4.935517197218354
2025-12-03,CE,25986.0,24050.0,13.0,0.1,0.0738119701222618,2020.6,2008.35,2083.336586415165,14.13522222841035,62.73658641516522,74.98658641516522,3.1048493722243506,3.733740952282482
2025-12-03,CE,25986.0,27150.0,13.0,0.1,0.0738119701222618,5.0,5.2,0.6429570835041927,0.30590569853560795,-4.357042916495807,-4.557042916495807,-87.14085832991614,-87.63544070184246
2025-12-03,PE,25986.0,25750.0,13.0,0.1,0.0738119701222618,72.85,68.7,53.84302675759088,4.533579932549226,-19.006973242409117,-14.856973242409126,-26.090560387658364,-21.625870804088972
2025-12-03,CE,25986.0,26050.0,13.0,0.1,0.0738119701222618,195.3,196.0,202.42063476584477,8.539139732828083,7.1206347658447555,6.420634765844767,3.6459983440065313,3.2758340642065136
2025-12-03,PE,25986.0,25200.0,13.0,0.1,0.0738119701222618,14.05,13.1,3.407210716884185,0.965606926746438,-10.642789283115816,-9.692789283115815,-75.74938991541505,-73.99075788638027
2025-12-03,CE,25986.0,23950.0,13.0,0.1,0.0738119701222618,2094.5,2094.5,2149.7199135955134,14.253894092273406,55.21991359551339,55.21991359551339,2.6364246166394554,2.6364246166394554
2025-12-03,PE,25986.0,26550.0,13.0,0.1,0.0738119701222618,514.35,507.0,473.3582520716521,12.137753362691297,-40.991747928347934,-33.64174792834791,-7.969621450053063,-6.635453240305308
2025-12-03,CE,25986.0,25050.0,13.0,0.1,0.0738119701222618,1014.95,1017.7,1059.336426151312,13.469966808495428,44.38642615131198,41.63642615131198,4.373262343101826,4.09122788162641
2025-12-03,PE,25986.0,24850.0,13.0,0.1,0.0738119701222618,7.0,7.1,0.4385866971112059,0.2837010409394888,-6.561413302888794,-6.661413302888794,-93.7344757555542,-93.82272257589851
2025-12-03,CE,25986.0,24200.0,13.0,0.1,0.0738119701222618,1867.05,1860.65,1884.4388073809123,13.873285887993553,17.38880738091234,23.788807380912203,0.931351992764647,1.278521343665504
2025-12-03,CE,25986.0,27100.0,13.0,0.1,0.0738119701222618,5.6,5.8,2.7960746379661203,0.7970147126601203,-2.8039253620338793,-3.0039253620338795,-50.07009575060499,-51.79181658679103
2025-12-03,CE,25986.0,24800.0,13.0,0.1,0.0738119701222618,1246.0,1246.0,1337.7269788568979,14.152190316389532,91.72697885689786,91.72697885689786,7.3617157991089766,7.3617157991089766
2025-12-03,CE,25986.0,27500.0,13.0,0.1,0.0738119701222618,2.9,2.95,0.011365027847266326,0.011365027847266325,-2.8886349721527336,-2.938634972152734,-99.6081024880253,-99.61474481873674
2025-12-03,PE,25986.0,26400.0,13.0,0.1,0.0738119701222618,390.6,386.35,349.2970782716867,10.568126931519934,-41.30292172831332,-37.05292172831332,-10.574224712829832,-9.590506465203395
2025-12-03,PE,25986.0,24750.0,13.0,0.1,0.0738119701222618,5.7,5.4,0.5360743662584155,0.30044794326975544,-5.163925633741584,-4.863925633741585,-90.5951865568699,-90.07269692114045
2025-12-03,CE,25986.0,25550.0,13.0,0.1,0.0738119701222618,556.85,562.7,593.1474212903375,12.59044310877407,36.297421290337525,30.447421290337502,6.518348081231484,5.410951002370268
2025-12-03,CE,25986.0,25150.0,13.0,0.1,0.0738119701222618,886.3,886.3,970.9497047756431,13.339987756791183,84.64970477564316,84.64970477564316,9.550908809166552,9.550908809166552
2025-12-03,CE,25986.0,27600.0,13.0,0.1,0.0738119701222618,2.25,2.5,0.0,0.0,-2.25,-2.5,-100.0,-100.0
2025-12-03,PE,25986.0,27150.0,13.0,0.1,0.0738119701222618,1083.65,1078.85,1032.7424533083038,13.519843911314402,-50.907546691696325,-46.10754669169614,-4.697784957476705,-4.273768057811202
2025-12-03,CE,25986.0,26400.0,13.0,0.1,0.0738119701222618,62.35,62.7,69.7047574512998,4.9823581731588185,7.354757451299797,7.004757451299795,11.795922135204165,11.171861963795527
2025-12-03,CE,25986.0,25000.0,13.0,0.1,0.0738119701222618,1052.6,1074.1,1113.9473431056356,13.293510640337463,61.34734310563567,39.84734310563567,5.828172440208595,3.7098355000126313
2025-12-03,PE,25986.0,24000.0,13.0,0.1,0.0738119701222618,3.1,3.05,0.0,0.0,-3.1,-3.05,-100.0,-100.0
2025-12-03,CE,25986.0,24750.0,13.0,0.1,0.0738119701222618,1302.3,1302.3,1380.8379176482385,14.196334773553067,78.53791764823859,78.53791764823859,6.030708565479428,6.030708565479428
2025-12-03,CE,25986.0,26350.0,13.0,0.1,0.0738119701222618,75.45,77.0,89.95258938907764,5.929813677484842,14.502589389077642,12.952589389077644,19.221457109446842,16.821544661139797
2025-12-03,PE,25986.0,24450.0,13.0,0.1,0.0738119701222618,4.3,4.1,0.0,0.0,-4.3,-4.1,-100.0,-100.0
2025-12-03,CE,25986.0,26600.0,13.0,0.1,0.0738119701222618,28.4,29.15,30.24012175838477,3.2825443097700866,1.8401217583847718,1.0901217583847718,6.479301966143564,3.73969728433884
2025-12-03,PE,25986.0,24700.0,13.0,0.1,0.0738119701222618,5.6,5.4,0.21456044991577464,0.2145604499157746,-5.385439550084225,-5.185439550084226,-96.16856339436117,-96.02665833489307
2025-12-03,PE,25986.0,24200.0,13.0,0.1,0.0738119701222618,3.65,3.75,0.0,0.0,-3.65,-3.75,-100.0,-100.0
2025-12-03,PE,25986.0,27850.0,13.0,0.1,0.0738119701222618,1780.65,1775.75,1705.093520942871,13.670238922662495,-75.55647905712908,-70.65647905712899,-4.243196532565585,-3.9789654544349706
2025-12-03,CE,25986.0,26850.0,13.0,0.1,0.0738119701222618,11.25,11.9,10.620017024620957,1.7861194494866115,-0.6299829753790434,-1.2799829753790437,-5.599848670035941,-10.756159456966753
2025-12-03,PE,25986.0,26250.0,13.0,0.1,0.0738119701222618,290.2,281.75,245.76457542943405,9.017252786806504,-44.43542457056594,-35.985424570565954,-15.312000196611283,-12.772111648825538
2025-12-03,CE,25986.0,25700.0,13.0,0.1,0.0738119701222618,426.7,435.0,431.16025407049375,11.386538972550238,4.460254070493761,-3.8397459295062504,1.0452903844606893,-0.8827002136795978
2025-12-03,CE,25986.0,26900.0,13.0,0.1,0.0738119701222618,9.55,10.15,8.96776175661553,1.8270998745506983,-0.5822382433844702,-1.1822382433844698,-6.096735532821676,-11.64766742250709
2025-12-03,CE,25986.0,25100.0,13.0,0.1,0.0738119701222618,969.2,978.35,1015.3884919865284,12.971282666888989,46.188491986528334,37.038491986528356,4.7656306218044096,3.7858120290824715
2025-12-03,PE,25986.0,24950.0,13.0,0.1,0.0738119701222618,8.3,7.8,0.11027585587915718,0.0794516419974261,-8.189724144120843,-7.689724144120842,-98.6713752303716,-98.58620697590824
2025-12-03,CE,25986.0,27950.0,13.0,0.1,0.0738119701222618,1.95,2.4,0.0,0.0,-1.95,-2.4,-100.0,-100.0
2025-12-03,CE,25986.0,26500.0,13.0,0.1,0.0738119701222618,42.55,43.2,48.88969611645615,4.388260927537808,6.339696116456153,5.6896961164561475,14.899403328921629,13.170592862167007
2025-12-03,PE,25986.0,26900.0,13.0,0.1,0.0738119701222618,860.05,860.05,789.2643149068018,13.40671359109814,-70.78568509319814,-70.78568509319814,-8.23041510298217,-8.23041510298217
2025-12-03,CE,25986.0,27700.0,13.0,0.1,0.0738119701222618,1.95,1.85,0.0,0.0,-1.95,-1.85,-100.0,-100.0
2025-12-03,PE,25986.0,26850.0,13.0,0.1,0.0738119701222618,803.5,803.5,741.794270975404,13.179496570098099,-61.70572902459605,-61.70572902459605,-7.6796178001986375,-7.6796178001986375
2025-12-03,CE,25986.0,24400.0,13.0,0.1,0.0738119701222618,1645.0,1645.0,1715.938261856738,13.283431800103326,70.93826185673811,70.93826185673811,4.312356343874657,4.312356343874657
2025-12-03,PE,25986.0,27000.0,13.0,0.1,0.0738119701222618,999.45,999.45,866.2735889315386,12.794981200532364,-133.17641106846145,-133.17641106846145,-13.324969840258285,-13.324969840258285
2025-12-03,CE,25986.0,27750.0,13.0,0.1,0.0738119701222618,2.15,2.05,0.0,0.0,-2.15,-2.05,-100.0,-100.0
2025-12-03,CE,25986.0,24950.0,13.0,0.1,0.0738119701222618,1138.2,1142.2,1179.632592413934,13.320121704563089,41.43259241393389,37.43259241393389,3.640185592508688,3.2772362470612757
2025-12-03,PE,25986.0,26200.0,13.0,0.1,0.0738119701222618,254.6,249.45,206.92246214424554,8.64788052566952,-47.67753785575445,-42.527537855754446,-18.72644849008423,-17.048521890460794
2025-12-03,PE,25986.0,24400.0,13.0,0.1,0.0738119701222618,4.2,5.0,0.0,0.0,-4.2,-5.0,-100.0,-100.0
2025-12-03,CE,25986.0,24250.0,13.0,0.1,0.0738119701222618,1770.8,1770.8,1845.044320918475,14.164901611279937,74.24432091847507,74.24432091847507,4.192699396796649,4.192699396796649
2025-12-03,PE,25986.0,25550.0,13.0,0.1,0.0738119701222618,37.95,36.7,17.829861011190296,2.502802115345505,-20.120138988809707,-18.870138988809707,-53.017494041659305,-51.41727244907277
2025-12-03,PE,25986.0,25900.0,13.0,0.1,0.0738119701222618,114.2,111.0,88.38505058326837,5.449311521917454,-25.814949416731636,-22.614949416731633,-22.605034515526825,-20.373828303361833
2025-12-03,CE,25986.0,27850.0,13.0,0.1,0.0738119701222618,2.1,1.65,0.0,0.0,-2.1,-1.65,-100.0,-100.0
2025-12-03,PE,25986.0,23950.0,13.0,0.1,0.0738119701222618,2.75,2.75,0.0,0.0,-2.75,-2.75,-100.0,-100.0
2025-12-03,PE,25986.0,27200.0,13.0,0.1,0.0738119701222618,1122.95,1118.3,1079.7191273765673,13.555388641530994,-43.23087262343279,-38.5808726234327,-3.8497593502322265,-3.4499573122983724
2025-12-03,PE,25986.0,25050.0,13.0,0.1,0.0738119701222618,9.75,9.55,0.574440068447042,0.32918080330329835,-9.175559931552957,-8.975559931552958,-94.10830699028674,-93.98492074924563
2025-12-03,PE,25986.0,25350.0,13.0,0.1,0.0738119701222618,20.6,20.05,5.783541455367282,1.370116452964328,-14.81645854463272,-14.26645854463272,-71.92455604190641,-71.1544067063976
2025-12-03,PE,25986.0,27750.0,13.0,0.1,0.0738119701222618,1676.0,1670.8,1608.1869907989521,13.918386385553971,-67.81300920104786,-62.61300920104782,-4.046122267365624,-3.747486784836475
2025-12-03,PE,25986.0,25000.0,13.0,0.1,0.0738119701222618,8.95,8.2,0.4042834217445128,0.33604160610942463,-8.545716578255487,-7.795716578255487,-95.4828667961507,-95.06971436896936
2025-12-03,CE,25986.0,27550.0,13.0,0.1,0.0738119701222618,2.85,2.4,0.27298610520003413,0.26568806150941693,-2.577013894799966,-2.127013894799966,-90.42154016841985,-88.62557894999858
2025-12-03,CE,25986.0,25300.0,13.0,0.1,0.0738119701222618,780.8,786.2,812.1493632699048,12.66985179632565,31.34936326990487,25.94936326990478,4.015031156493965,3.3006058598199917
2025-12-03,CE,25986.0,24000.0,13.0,0.1,0.0738119701222618,2020.35,2020.35,2081.2061689806374,13.672099548895142,60.85616898063745,60.85616898063745,3.0121597238417825,3.0121597238417825
2025-12-03,CE,25986.0,24450.0,13.0,0.1,0.0738119701222618,1625.45,1620.55,1670.8434774705895,14.10782625430918,45.39347747058946,50.29347747058955,2.7926714122605714,3.1034819950380763
2025-12-03,PE,25986.0,27500.0,13.0,0.1,0.0738119701222618,1475.9,1475.9,1358.898123724796,13.921087266239034,-117.00187627520404,-117.00187627520404,-7.927493480263164,-7.927493480263164
2025-12-03,PE,25986.0,24300.0,13.0,0.1,0.0738119701222618,3.85,3.7,0.0,0.0,-3.85,-3.7,-100.0,-100.0
2025-12-03,CE,25986.0,25600.0,13.0,0.1,0.0738119701222618,512.7,516.0,550.4381947190127,12.448793057566832,37.738194719012654,34.4381947190127,7.360677729473893,6.674068743994709
2025-12-03,CE,25986.0,25250.0,13.0,0.1,0.0738119701222618,832.6,834.35,869.6743498287736,13.141490112329038,37.07434982877362,35.32434982877362,4.45284047907442,4.233756796161518
2025-12-03,CE,25986.0,27350.0,13.0,0.1,0.0738119701222618,3.65,3.85,0.5614636943923507,0.3757316783933434,-3.0885363056076494,-3.2885363056076495,-84.61743303034656,-85.41652741838051
2025-12-03,CE,25986.0,27650.0,13.0,0.1,0.0738119701222618,2.15,1.9,0.0,0.0,-2.15,-1.9,-100.0,-100.0
2025-12-03,PE,25986.0,27350.0,13.0,0.1,0.0738119701222618,1280.55,1276.9,1219.326195181824,13.485281392961161,-61.22380481817595,-57.573804818176086,-4.781055391681384,-4.508873429256487
2025-12-03,PE,25986.0,26500.0,13.0,0.1,0.0738119701222618,469.25,465.0,431.27584810543505,11.66756542351416,-37.974151894564955,-33.724151894564955,-8.092520382432596,-7.252505783777409
2025-12-03,PE,25986.0,26000.0,13.0,0.1,0.0738119701222618,152.85,149.05,123.41305054349432,6.859900614324634,-29.436949456505673,-25.63694945650569,-19.258717341515,-17.200234455891103
2025-12-03,CE,25986.0,25450.0,13.0,0.1,0.0738119701222618,650.7,651.35,681.0240509200049,13.161854024738233,30.32405092000488,29.674050920004902,4.660219904718745,4.555776605512382
2025-12-03,CE,25986.0,24700.0,13.0,0.1,0.0738119701222618,1315.0,1315.0,1414.672366301658,13.22134537446926,99.67236630165803,99.67236630165803,7.579647627502512,7.579647627502512
2025-12-03,PE,25986.0,27100.0,13.0,0.1,0.0738119701222618,1027.8,1027.8,979.1359763011629,13.641511609296641,-48.66402369883701,-48.66402369883701,-4.734775607981807,-4.734775607981807
2025-12-03,PE,25986.0,27550.0,13.0,0.1,0.0738119701222618,1480.9,1475.75,1434.7640909104932,13.721439265002523,-46.13590908950687,-40.98590908950678,-3.1153966567294797,-2.7772935178388467
2025-12-03,CE,25986.0,24650.0,13.0,0.1,0.0738119701222618,1419.3,1422.95,1449.6147263893984,13.537638661865078,30.314726389398402,26.66472638939831,2.135892791474558,1.8739046621032582
2025-12-03,PE,25986.0,27250.0,13.0,0.1,0.0738119701222618,1178.55,1173.65,1130.5429699523813,13.421655469206833,-48.00703004761863,-43.107030047618764,-4.073397823394733,-3.672903339804776
2025-12-03,CE,25986.0,26700.0,13.0,0.1,0.0738119701222618,19.15,19.3,19.35901762674845,2.7198620823510202,0.2090176267484516,0.05901762674844946,1.0914758576942643,0.30579081216813186
2025-12-03,PE,25986.0,27600.0,13.0,0.1,0.0738119701222618,1519.45,1507.05,1478.0310391463813,13.638014487266677,-41.41896085361873,-29.018960853618637,-2.7259179870096895,-1.9255473178473599
2025-12-03,PE,25986.0,25150.0,13.0,0.1,0.0738119701222618,12.2,11.9,1.5532419517371647,0.6166021377027667,-10.646758048262834,-10.346758048262835,-87.26850859231831,-86.94754662405744
2025-12-03,CE,25986.0,25650.0,13.0,0.1,0.0738119701222618,472.15,471.0,507.52651822634743,12.345581790913515,35.37651822634746,36.526518226347434,7.49264391111881,7.755099411114105
2025-12-03,CE,25986.0,26550.0,13.0,0.1,0.0738119701222618,35.1,35.5,39.76842216684959,3.784233526258645,4.668422166849588,4.268422166849589,13.30034805370253,12.023724413660815
2025-12-03,CE,25986.0,25850.0,13.0,0.1,0.0738119701222618,318.25,322.0,331.51540810969965,10.423333182948486,13.26540810969965,9.51540810969965,4.1682350698192145,2.955095686242127
2025-12-03,PE,25986.0,25500.0,13.0,0.1,0.0738119701222618,33.1,31.6,14.48523449602373,1.9484777868979615,-18.614765503976272,-17.114765503976272,-56.23796224766245,-54.16065032903884
2025-12-03,PE,25986.0,27450.0,13.0,0.1,0.0738119701222618,1391.05,1387.8,1324.3110380349053,13.868978752361846,-66.73896196509463,-63.48896196509463,-4.79773997808092,-4.574791898335109
2025-12-03,CE,25986.0,27400.0,13.0,0.1,0.0738119701222618,3.15,3.5,0.1868175579235198,0.18681755792351976,-2.96318244207648,-3.31318244207648,-94.06928387544382,-94.66235548789943
2025-12-03,CE,25986.0,24550.0,13.0,0.1,0.0738119701222618,1528.7,1532.4,1549.355560135484,13.917662100364252,20.655560135483938,16.955560135483893,1.3511846755729664,1.1064709041688783
2025-12-03,CE,25986.0,27200.0,13.0,0.1,0.0738119701222618,4.65,4.4,1.0669187739199675,0.3911013808167619,-3.583081226080033,-3.333081226080033,-77.05551023828026,-75.75184604727346
2025-12-03,CE,25986.0,24300.0,13.0,0.1,0.0738119701222618,1768.2,1761.9,1815.7294515725523,13.27313479510254,47.52945157255226,53.829451572552216,2.6880133227322847,3.0551933465322785
2025-12-03,CE,25986.0,27250.0,13.0,0.1,0.0738119701222618,4.35,4.25,0.7498738346243785,0.34138730635182774,-3.600126165375621,-3.5001261653756215,-82.76152104311774,-82.35590977354403
2025-12-03,CE,25986.0,27050.0,13.0,0.1,0.0738119701222618,6.4,6.45,2.0987995321490693,0.7206381723272475,-4.301200467850931,-4.351200467850931,-67.2062573101708,-67.46047236978188
2025-12-03,PE,25986.0,27900.0,13.0,0.1,0.0738119701222618,1813.8,1801.4,1744.7974794331892,14.04795610253839,-69.00252056681074,-56.60252056681088,-3.804307011071273,-3.1421405888093084
2025-12-03,PE,25986.0,25700.0,13.0,0.1,0.0738119701222618,61.85,59.05,37.791944807834035,3.558892230707862,-24.058055192165966,-21.258055192165962,-38.89742149097165,-36.00009346683482
2025-12-03,CE,25986.0,26200.0,13.0,0.1,0.0738119701222618,125.55,126.4,137.14844360864703,7.572785560466004,11.598443608647031,10.748443608647023,9.238107215170874,8.503515513170113
2025-12-03,PE,25986.0,26350.0,13.0,0.1,0.0738119701222618,348.1,351.05,313.52341805187416,10.213187407494289,-34.57658194812586,-37.52658194812585,-9.932945115807486,-10.689811123237673
2025-12-03,PE,25986.0,25400.0,13.0,0.1,0.0738119701222618,23.75,23.0,8.923736243359311,1.562442309401597,-14.826263756640689,-14.076263756640689,-62.426373712171326,-61.20114676800299
2025-12-03,PE,25986.0,26100.0,13.0,0.1,0.0738119701222618,199.9,194.2,165.94845197006035,7.618048302464244,-33.95154802993966,-28.25154802993964,-16.98426614804385,-14.547656040133699
2025-12-03,PE,25986.0,25600.0,13.0,0.1,0.0738119701222618,44.7,42.6,21.550062517993013,2.5690240661927737,-23.14993748200699,-21.04993748200699,-51.7895693109776,-49.41299878405396
2025-12-03,CE,25986.0,25350.0,13.0,0.1,0.0738119701222618,724.75,730.55,797.7145807474058,13.267651805503979,72.96458074740576,67.16458074740581,10.067551672632737,9.19370073881402
2025-12-03,CE,25986.0,27000.0,13.0,0.1,0.0738119701222618,7.4,7.6,2.857832343030099,0.8613306672754818,-4.542167656969902,-4.742167656969901,-61.380644013106775,-62.39694285486712
2025-12-03,CE,25986.0,26150.0,13.0,0.1,0.0738119701222618,146.8,148.45,165.20272116927006,7.992206250309713,18.402721169270052,16.752721169270075,12.535913603044992,11.28509341143151
2025-12-03,CE,25986.0,25800.0,13.0,0.1,0.0738119701222618,354.65,358.35,373.02751095164217,10.696686227057036,18.377510951642194,14.677510951642148,5.181872536766444,4.0958590628274445
2025-12-04,CE,26033.75,24050.0,12.0,0.1,0.0739333856407551,2070.0,2067.4,2129.9832330326167,13.100428068267968,59.98323303261668,62.58323303261659,2.897740726213366,3.027146804325074
2025-12-04,PE,26033.75,26750.0,12.0,0.1,0.0739333856407551,640.7,639.8,594.0846208580617,11.949050566876224,-46.61537914193832,-45.71537914193823,-7.275695199303624,-7.145260884954396
2025-12-04,CE,26033.75,24600.0,12.0,0.1,0.0739333856407551,1527.65,1530.6,1569.6203915401604,13.428652317322058,41.970391540160335,39.02039154016052,2.747382681907527,2.549352642111624
2025-12-04,CE,26033.75,25200.0,12.0,0.1,0.0739333856407551,920.0,920.0,951.3732438498746,12.442037930267505,31.373243849874598,31.373243849874598,3.4101352010733255,3.4101352010733255
2025-12-04,CE,26033.75,25300.0,12.0,0.1,0.0739333856407551,825.95,821.75,854.8349060338069,13.467366703888286,28.88490603380683,33.084906033806874,3.4971736828871993,4.026152240195543
2025-12-04,CE,26033.75,26850.0,12.0,0.1,0.0739333856407551,9.9,9.55,10.479184543598501,1.8422394942885283,0.579184543598501,0.9291845435985007,5.850348925237384,9.729681084801053
2025-12-04,PE,26033.75,25100.0,12.0,0.1,0.0739333856407551,7.75,7.3,0.4179876603897414,0.31768218751113075,-7.332012339610259,-6.882012339610259,-94.60661083368076,-94.2741416384967
2025-12-04,CE,26033.75,25450.0,12.0,0.1,0.0739333856407551,687.85,687.85,715.146137677944,12.851808810834472,27.29613767794399,27.29613767794399,3.968327059379805,3.968327059379805
2025-12-04,CE,26033.75,26800.0,12.0,0.1,0.0739333856407551,12.15,12.1,14.804845715800957,2.1083553592256634,2.654845715800956,2.704845715800957,21.850582023053136,22.3540968248013
2025-12-04,PE,26033.75,26450.0,12.0,0.1,0.0739333856407551,381.25,384.7,351.55085170098096,10.274491212002255,-29.699148299019043,-33.14914829901903,-7.789940537447618,-8.616882843519374
2025-12-04,PE,26033.75,24300.0,12.0,0.1,0.0739333856407551,3.25,2.7,0.0,0.0,-3.25,-2.7,-100.0,-100.0
2025-12-04,PE,26033.75,24600.0,12.0,0.1,0.0739333856407551,3.95,3.9,0.0,0.0,-3.95,-3.9,-100.0,-100.0
2025-12-04,CE,26033.75,24150.0,12.0,0.1,0.0739333856407551,1970.8,1968.25,2012.266111812104,13.73739166717986,41.466111812104145,44.0161118121041,2.104024346057649,2.2363069636532
2025-12-04,CE,26033.75,25600.0,12.0,0.1,0.0739333856407551,550.7,546.3,570.3453449021138,12.283375607765713,19.64534490211372,24.04534490211381,3.567340639570314,4.401490921126453
2025-12-04,CE,26033.75,26500.0,12.0,0.1,0.0739333856407551,41.8,41.3,56.10170879261977,4.35065664649169,14.30170879261977,14.80170879261977,34.21461433641094,35.83948860198492
2025-12-04,PE,26033.75,26550.0,12.0,0.1,0.0739333856407551,465.75,466.35,443.4243366573857,11.76947766231114,-22.32566334261429,-22.925663342614314,-4.793486493314931,-4.9159779870514235
2025-12-04,PE,26033.75,25600.0,12.0,0.1,0.0739333856407551,29.95,30.5,26.279366622638058,2.93024278217947,-3.6706333773619413,-4.220633377361942,-12.255871042944712,-13.838142220858826
2025-12-04,CE,26033.75,26200.0,12.0,0.1,0.0739333856407551,131.2,129.25,144.35961534192361,7.5816574566018335,13.159615341923626,15.109615341923615,10.030194620368619,11.69022463591769
2025-12-04,CE,26033.75,25850.0,12.0,0.1,0.0739333856407551,340.7,334.4,354.06066966955564,10.850185173457833,13.360669669555648,19.66066966955566,3.9215349778560755,5.879386862905401
2025-12-04,PE,26033.75,25950.0,12.0,0.1,0.0739333856407551,100.45,101.75,84.25151345733453,5.472949657023185,-16.198486542665478,-17.498486542665475,-16.125919903101522,-17.1975297716614
2025-12-04,CE,26033.75,27700.0,12.0,0.1,0.0739333856407551,1.6,1.5,0.0,0.0,-1.6,-1.5,-100.0,-100.0
2025-12-04,CE,26033.75,27500.0,12.0,0.1,0.0739333856407551,1.8,1.8,0.0,0.0,-1.8,-1.8,-100.0,-100.0
2025-12-04,PE,26033.75,26850.0,12.0,0.1,0.0739333856407551,736.45,736.45,720.184002004323,12.40590707423568,-16.265997995677026,-16.265997995677026,-2.208703645281693,-2.208703645281693
2025-12-04,CE,26033.75,25550.0,12.0,0.1,0.0739333856407551,593.3,593.15,642.4973473187712,12.16257730891416,49.19734731877122,49.3473473187712,8.292153601680639,8.319539293394792
2025-12-04,PE,26033.75,25250.0,12.0,0.1,0.0739333856407551,10.9,10.75,2.077642936849646,0.6059519394558569,-8.822357063150355,-8.672357063150354,-80.9390556252326,-80.67308895953818
2025-12-04,CE,26033.75,24300.0,12.0,0.1,0.0739333856407551,1821.9,1819.5,1838.9406593452443,13.78597291381292,17.040659345244194,19.440659345244285,0.9353235273749488,1.068461629307188
2025-12-04,CE,26033.75,24550.0,12.0,0.1,0.0739333856407551,1571.45,1574.75,1582.225493876061,13.079244065650926,10.775493876060864,7.475493876060909,0.6857038961507438,0.47470988258840513
2025-12-04,CE,26033.75,26900.0,12.0,0.1,0.0739333856407551,8.2,8.2,7.902984127071328,1.4713848801471485,-0.2970158729286716,-0.2970158729286716,-3.6221447918130685,-3.6221447918130685
2025-12-04,CE,26033.75,25900.0,12.0,0.1,0.0739333856407551,303.2,302.45,326.75832419200674,10.377336139640624,23.55832419200675,24.30832419200675,7.769895841690881,8.037138102829147
2025-12-04,PE,26033.75,25200.0,12.0,0.1,0.0739333856407551,9.45,9.5,1.2923340555963372,0.6709557013626386,-8.157665944403663,-8.207665944403663,-86.32450734818691,-86.39648362530173
2025-12-04,CE,26033.75,26350.0,12.0,0.1,0.0739333856407551,76.6,75.0,89.99396608319763,5.6344799995627675,13.39396608319764,14.993966083197634,17.485595408874204,19.991954777596845
2025-12-04,CE,26033.75,26650.0,12.0,0.1,0.0739333856407551,21.85,20.75,23.875742827377454,2.7704569540463067,2.025742827377453,3.1257428273774543,9.271134221407106,15.063820854831105
2025-12-04,CE,26033.75,27450.0,12.0,0.1,0.0739333856407551,2.25,2.1,0.5062866839068898,0.35817220803669153,-1.7437133160931102,-1.5937133160931103,-77.49836960413823,-75.8911102901481
2025-12-04,PE,26033.75,26650.0,12.0,0.1,0.0739333856407551,560.0,560.0,514.0859641735959,12.198750916926157,-45.914035826404074,-45.914035826404074,-8.198934969000728,-8.198934969000728
2025-12-04,PE,26033.75,26300.0,12.0,0.1,0.0739333856407551,271.5,267.25,237.48815013085738,9.00444620109735,-34.01184986914262,-29.761849869142623,-12.527384850512938,-11.136332972551028
2025-12-04,CE,26033.75,26600.0,12.0,0.1,0.0739333856407551,27.15,26.7,34.724879415512135,3.5364312620424108,7.574879415512136,8.024879415512135,27.90010834442776,30.055728147985526
2025-12-04,CE,26033.75,27150.0,12.0,0.1,0.0739333856407551,4.15,3.75,2.0761148947811634,0.8448567749456681,-2.073885105218837,-1.6738851052188366,-49.97313506551414,-44.636936139168974
2025-12-04,CE,26033.75,25750.0,12.0,0.1,0.0739333856407551,420.65,414.6,435.1426563219017,11.14187311261259,14.492656321901734,20.54265632190169,3.445300445002195,4.954813391679133
2025-12-04,CE,26033.75,25000.0,12.0,0.1,0.0739333856407551,1118.15,1111.9,1175.5285798586626,13.162838489289202,57.37857985866253,63.62857985866253,5.131563731043467,5.72250920574355
2025-12-04,PE,26033.75,26500.0,12.0,0.1,0.0739333856407551,420.15,422.75,409.5436121432546,11.267035681404142,-10.606387856745357,-13.20638785674538,-2.52442886034639,-3.1239237981656722
2025-12-04,PE,26033.75,25550.0,12.0,0.1,0.0739333856407551,25.05,24.95,11.014664155944905,2.1726030964342327,-14.035335844055096,-13.935335844055095,-56.02928480660717,-55.85304947517072
2025-12-04,PE,26033.75,26400.0,12.0,0.1,0.0739333856407551,342.6,345.3,320.5872269248556,9.981317495559356,-22.012773075144423,-24.712773075144412,-6.425211055208529,-7.156899239833307
2025-12-04,PE,26033.75,24200.0,12.0,0.1,0.0739333856407551,3.2,2.5,0.0,0.0,-3.2,-2.5,-100.0,-100.0
2025-12-04,CE,26033.75,27900.0,12.0,0.1,0.0739333856407551,1.45,1.35,0.0,0.0,-1.45,-1.35,-100.0,-100.0
2025-12-04,PE,26033.75,26000.0,12.0,0.1,0.0739333856407551,117.35,116.4,105.46081623279687,6.231850034608844,-11.889183767203122,-10.939183767203133,-10.131387956713354,-9.39792419862812
2025-12-04,CE,26033.75,26750.0,12.0,0.1,0.0739333856407551,14.7,14.35,14.123086810475424,2.0760173006832323,-0.5769131895245749,-0.2269131895245753,-3.92457952057534,-1.5812765820527894
2025-12-04,CE,26033.75,24800.0,12.0,0.1,0.0739333856407551,1280.15,1280.15,1361.5916033048159,13.504157497254253,81.44160330481577,81.44160330481577,6.361879725408411,6.361879725408411
2025-12-04,PE,26033.75,24400.0,12.0,0.1,0.0739333856407551,3.4,3.8,0.0,0.0,-3.4,-3.8,-100.0,-100.0
2025-12-04,CE,26033.75,24200.0,12.0,0.1,0.0739333856407551,1906.3,1898.3,1948.74670208596,13.571863174980594,42.44670208595994,50.44670208595994,2.2266538365398914,2.6574673173871326
2025-12-04,CE,26033.75,27750.0,12.0,0.1,0.0739333856407551,1.35,1.35,0.0,0.0,-1.35,-1.35,-100.0,-100.0
2025-12-04,PE,26033.75,26150.0,12.0,0.1,0.0739333856407551,182.95,184.7,158.54374502878858,7.586677946720919,-24.40625497121141,-26.15625497121141,-13.340396267401703,-14.16148076405599
2025-12-04,PE,26033.75,26700.0,12.0,0.1,0.0739333856407551,593.9,599.85,541.4094266634248,12.0982336040595,-52.49057333657515,-58.4405733365752,-8.838284784740722,-9.74253118889309
2025-12-04,PE,26033.75,27150.0,12.0,0.1,0.0739333856407551,1030.45,1027.0,990.4748748907224,13.893298082255798,-39.975125109277656,-36.52512510927761,-3.8793852306543406,-3.5564873524126206
2025-12-04,CE,26033.75,27550.0,12.0,0.1,0.0739333856407551,1.8,1.65,0.0,0.0,-1.8,-1.65,-100.0,-100.0
2025-12-04,CE,26033.75,27250.0,12.0,0.1,0.0739333856407551,3.4,3.2,1.3919720885693083,0.5580809566151638,-2.0080279114306916,-1.8080279114306919,-59.05964445384387,-56.50087223220912
2025-12-04,PE,26033.75,24650.0,12.0,0.1,0.0739333856407551,4.45,6.6,0.0,0.0,-4.45,-6.6,-100.0,-100.0
2025-12-04,PE,26033.75,27300.0,12.0,0.1,0.0739333856407551,1173.85,1171.05,1136.0703989283227,12.453840240746114,-37.779601071677234,-34.97960107167728,-3.218435155401221,-2.987028826410254
2025-12-04,CE,26033.75,27650.0,12.0,0.1,0.0739333856407551,1.65,1.3,0.0,0.0,-1.65,-1.3,-100.0,-100.0
2025-12-04,PE,26033.75,26350.0,12.0,0.1,0.0739333856407551,305.8,308.35,289.23873344635894,9.87785243537484,-16.561266553641076,-19.111266553641087,-5.415718297462745,-6.197913589635507
2025-12-04,PE,26033.75,24850.0,12.0,0.1,0.0739333856407551,5.5,5.2,0.0,0.0,-5.5,-5.2,-100.0,-100.0
2025-12-04,PE,26033.75,26900.0,12.0,0.1,0.0739333856407551,808.5,808.5,751.2706437555223,12.545950375119787,-57.229356244477685,-57.229356244477685,-7.078460883670709,-7.078460883670709
2025-12-04,PE,26033.75,25450.0,12.0,0.1,0.0739333856407551,18.35,18.6,7.752721069013908,1.580794900384268,-10.597278930986093,-10.847278930986093,-57.75083886095963,-58.318703930032754
2025-12-04,PE,26033.75,27650.0,12.0,0.1,0.0739333856407551,1543.85,1543.85,1479.3044143019445,13.419222489770648,-64.54558569805545,-64.54558569805545,-4.1808197492020245,-4.1808197492020245
2025-12-04,CE,26033.75,25400.0,12.0,0.1,0.0739333856407551,732.6,727.05,781.3496980137492,13.34242724543353,48.74969801374914,54.29969801374921,6.6543404332171905,7.468495703699775
2025-12-04,PE,26033.75,26100.0,12.0,0.1,0.0739333856407551,159.35,157.0,125.87113848747147,6.62236837017651,-33.478861512528525,-31.12886151252853,-21.009640108270176,-19.827300326451294
2025-12-04,CE,26033.75,27350.0,12.0,0.1,0.0739333856407551,2.85,2.6,1.0237906586827479,0.6674314789791413,-1.8262093413172522,-1.5762093413172522,-64.07752074797376,-60.623436204509694
2025-12-04,PE,26033.75,27500.0,12.0,0.1,0.0739333856407551,1373.6,1370.5,1340.4711272887275,13.053943911486849,-33.12887271127238,-30.02887271127247,-2.411828240482847,-2.191088851606893
2025-12-04,PE,26033.75,24450.0,12.0,0.1,0.0739333856407551,3.4,3.8,0.0,0.0,-3.4,-3.8,-100.0,-100.0
2025-12-04,CE,26033.75,24950.0,12.0,0.1,0.0739333856407551,1180.6,1183.6,1207.0266092095155,13.358382458933576,26.426609209515618,23.426609209515618,2.238404981324379,1.9792674222301132
2025-12-04,PE,26033.75,27100.0,12.0,0.1,0.0739333856407551,973.95,973.95,926.048067904864,13.217718259849827,-47.90193209513609,-47.90193209513609,-4.918315323695886,-4.918315323695886
2025-12-04,CE,26033.75,25350.0,12.0,0.1,0.0739333856407551,779.7,779.05,802.2305713376887,12.698769071719525,22.530571337688684,23.180571337688775,2.8896461892636505,2.975492117025708
2025-12-04,PE,26033.75,25500.0,12.0,0.1,0.0739333856407551,21.55,22.45,13.323921677774882,1.9459785421709332,-8.226078322225119,-9.126078322225117,-38.172057179698925,-40.6506829497778
2025-12-04,CE,26033.75,25950.0,12.0,0.1,0.0739333856407551,268.9,267.0,283.9031403638469,10.191469500384692,15.00314036384691,16.903140363846887,5.579449744829644,6.330764181216063
2025-12-04,CE,26033.75,24450.0,12.0,0.1,0.0739333856407551,1653.0,1646.1,1680.1148510263267,13.195537155698458,27.114851026326733,34.014851026326824,1.6403418648715509,2.0663903181050256
2025-12-04,PE,26033.75,25850.0,12.0,0.1,0.0739333856407551,72.4,72.7,53.15873134852556,4.038764656507594,-19.241268651474442,-19.54126865147444,-26.57633791640116,-26.87932414233073
2025-12-04,CE,26033.75,27200.0,12.0,0.1,0.0739333856407551,3.75,3.95,1.4367676683289328,0.62279101564026,-2.3132323316710672,-2.5132323316710674,-61.68619551122846,-63.62613497901436
2025-12-04,PE,26033.75,27800.0,12.0,0.1,0.0739333856407551,1671.8,1668.65,1646.6227574029208,13.608495736953108,-25.177242597079157,-22.027242597079294,-1.5059960878740972,-1.3200636800455035
2025-12-04,PE,26033.75,26050.0,12.0,0.1,0.0739333856407551,137.25,137.5,105.81456741806585,6.033061586924477,-31.43543258193415,-31.68543258193415,-22.903776015981165,-23.043950968679383
2025-12-04,CE,26033.75,26050.0,12.0,0.1,0.0739333856407551,207.95,204.15,234.25418821188333,8.999364371743383,26.304188211883343,30.104188211883326,12.649285026152125,14.7461122762103
2025-12-04,CE,26033.75,27300.0,12.0,0.1,0.0739333856407551,3.0,2.85,0.14353272842009518,0.10201147859656592,-2.8564672715799047,-2.7064672715799047,-95.21557571933016,-94.96376391508437
2025-12-04,PE,26033.75,25050.0,12.0,0.1,0.0739333856407551,7.25,6.85,0.6379830361216058,0.3044416060677817,-6.6120169638783945,-6.212016963878394,-91.20023398452958,-90.68637903472109
2025-12-04,PE,26033.75,25150.0,12.0,0.1,0.0739333856407551,8.5,8.05,0.6467645685734922,0.38605783691348705,-7.853235431426508,-7.403235431426508,-92.39100507560597,-91.96565753324855
2025-12-04,CE,26033.75,26250.0,12.0,0.1,0.0739333856407551,110.8,109.0,124.91856324039738,6.957224592266813,14.118563240397378,15.918563240397376,12.742385596026514,14.604186459080163
2025-12-04,CE,26033.75,27100.0,12.0,0.1,0.0739333856407551,4.7,3.65,2.287920055472734,0.8870332662371057,-2.412079944527266,-1.3620799445272658,-51.32084988355885,-37.31725875417167
2025-12-04,CE,26033.75,26300.0,12.0,0.1,0.0739333856407551,92.0,90.3,107.0347880392313,6.239269254115769,15.034788039231302,16.734788039231304,16.342160912207937,18.53243415197265
2025-12-04,PE,26033.75,24350.0,12.0,0.1,0.0739333856407551,2.9,2.9,0.0,0.0,-2.9,-2.9,-100.0,-100.0
2025-12-04,CE,26033.75,27800.0,12.0,0.1,0.0739333856407551,1.4,1.35,0.0,0.0,-1.4,-1.35,-100.0,-100.0
2025-12-04,PE,26033.75,27050.0,12.0,0.1,0.0739333856407551,933.75,933.75,877.3400164635191,13.261053292453516,-56.40998353648092,-56.40998353648092,-6.041229829877475,-6.041229829877475
2025-12-04,PE,26033.75,24000.0,12.0,0.1,0.0739333856407551,2.35,2.2,0.0,0.0,-2.35,-2.2,-100.0,-100.0
2025-12-04,CE,26033.75,26450.0,12.0,0.1,0.0739333856407551,51.55,50.7,63.85415736625713,4.901763158778162,12.30415736625713,13.154157366257124,23.86839450292363,25.945083562637322
2025-12-04,PE,26033.75,24900.0,12.0,0.1,0.0739333856407551,5.75,5.4,0.0,0.0,-5.75,-5.4,-100.0,-100.0
2025-12-04,PE,26033.75,27000.0,12.0,0.1,0.0739333856407551,875.9,880.0,835.0470018159764,12.728648105361652,-40.85299818402359,-44.95299818402361,-4.664116700995957,-5.108295248184501
2025-12-04,CE,26033.75,27950.0,12.0,0.1,0.0739333856407551,1.5,1.45,0.0,0.0,-1.5,-1.45,-100.0,-100.0
2025-12-04,PE,26033.75,27600.0,12.0,0.1,0.0739333856407551,1480.0,1475.6,1441.1942017882714,13.292860879098365,-38.80579821172864,-34.40579821172855,-2.6220133926843676,-2.3316480219387743
2025-12-04,CE,26033.75,24350.0,12.0,0.1,0.0739333856407551,1774.3,1770.55,1827.0776165098637,12.96506895539507,52.77761650986372,56.52761650986372,2.974559911506719,3.1926585812241233
2025-12-04,CE,26033.75,27600.0,12.0,0.1,0.0739333856407551,1.6,1.5,0.0,0.0,-1.6,-1.5,-100.0,-100.0
2025-12-04,CE,26033.75,27850.0,12.0,0.1,0.0739333856407551,1.45,1.4,0.0,0.0,-1.45,-1.4,-100.0,-100.0
2025-12-04,PE,26033.75,25650.0,12.0,0.1,0.0739333856407551,35.75,36.25,21.1195854677988,2.689711558359194,-14.6304145322012,-15.1304145322012,-40.92423645370965,-41.73907457158952
2025-12-04,CE,26033.75,24000.0,12.0,0.1,0.0739333856407551,2085.5,2085.5,2150.7852777191397,13.327021727485532,65.28527771913969,65.28527771913969,3.1304376753363554,3.1304376753363554
2025-12-04,CE,26033.75,26100.0,12.0,0.1,0.0739333856407551,179.15,177.45,201.51792434761626,8.572517067063075,22.367924347616253,24.06792434761627,12.485584341398969,13.563214622494376
2025-12-04,PE,26033.75,25750.0,12.0,0.1,0.0739333856407551,51.05,51.65,35.476142427809954,3.58498260187852,-15.573857572190043,-16.173857572190045,-30.507066742781674,-31.31434186290425
2025-12-04,CE,26033.75,26000.0,12.0,0.1,0.0739333856407551,236.1,235.95,262.196024390122,9.618920306845522,26.096024390121983,26.24602439012199,11.052953998357468,11.123553460530616
2025-12-04,PE,26033.75,25800.0,12.0,0.1,0.0739333856407551,61.0,61.1,48.60088409235657,4.0424996434374165,-12.399115907643427,-12.499115907643429,-20.32641952072693,-20.456818179449147
2025-12-04,PE,26033.75,27900.0,12.0,0.1,0.0739333856407551,1786.9,1778.6,1732.430759627436,13.617424045860314,-54.46924037256417,-46.16924037256399,-3.04825342059232,-2.595819204574609
2025-12-04,PE,26033.75,25300.0,12.0,0.1,0.0739333856407551,12.0,11.75,2.1700134302556524,0.7322006168739241,-9.829986569744348,-9.579986569744348,-81.91655474786957,-81.53180059356892
2025-12-04,CE,26033.75,24700.0,12.0,0.1,0.0739333856407551,1385.0,1385.0,1471.6638174261004,13.478514997481895,86.66381742610042,86.66381742610042,6.257315337624579,6.257315337624579
2025-12-04,PE,26033.75,27750.0,12.0,0.1,0.0739333856407551,1629.3,1631.7,1585.2351898484746,13.520461767451323,-44.06481015152531,-46.4648101515254,-2.704524038024017,-2.847631926918269
2025-12-04,PE,26033.75,26600.0,12.0,0.1,0.0739333856407551,506.3,510.5,475.27753903631054,11.825201871592485,-31.02246096368947,-35.22246096368946,-6.127288359409336,-6.899600580546417
2025-12-04,CE,26033.75,26400.0,12.0,0.1,0.0739333856407551,62.75,61.35,66.89123707578159,5.080284261644428,4.141237075781589,5.541237075781588,6.599580997261496,9.032171272667625
2025-12-04,PE,26033.75,25700.0,12.0,0.1,0.0739333856407551,42.7,43.0,31.579473143248673,3.1591977040731742,-11.12052685675133,-11.420526856751327,-26.04338842330522,-26.55936478314262
2025-12-04,CE,26033.75,26150.0,12.0,0.1,0.0739333856407551,154.25,152.0,170.6506845502856,7.742007539183967,16.400684550285604,18.650684550285604,10.63253455448013,12.270187204135267
2025-12-04,PE,26033.75,25900.0,12.0,0.1,0.0739333856407551,85.45,86.5,66.06577966274389,4.9211910705131725,-19.38422033725611,-20.434220337256107,-22.68486873874325,-23.62337611243481
2025-12-04,CE,26033.75,25650.0,12.0,0.1,0.0739333856407551,501.65,498.8,553.3404119659551,12.014712965336662,51.69041196595515,54.540411965955116,10.304078932713077,10.934324772645372
2025-12-04,PE,26033.75,24700.0,12.0,0.1,0.0739333856407551,4.4,4.1,0.0,0.0,-4.4,-4.1,-100.0,-100.0
2025-12-04,PE,26033.75,24750.0,12.0,0.1,0.0739333856407551,4.65,4.05,0.047433116719379415,0.04743311671937942,-4.602566883280621,-4.00256688328062,-98.97993297377677,-98.82881193285482
2025-12-04,PE,26033.75,24800.0,12.0,0.1,0.0739333856407551,5.15,5.0,0.05498076146911231,0.054980761469112294,-5.095019238530888,-4.945019238530888,-98.93241239865802,-98.90038477061776
2025-12-04,PE,26033.75,27850.0,12.0,0.1,0.0739333856407551,1727.35,1727.2,1692.5554799137947,12.721290213822185,-34.79452008620524,-34.644520086205375,-2.0143294691987865,-2.0058198289836366
2025-12-04,CE,26033.75,25500.0,12.0,0.1,0.0739333856407551,637.95,633.45,643.1129410346072,12.306257720659962,5.162941034607115,9.662941034607115,0.8093018315866627,1.5254465284721943
2025-12-04,CE,26033.75,24250.0,12.0,0.1,0.0739333856407551,1864.95,1860.85,1916.6420011752386,13.644756646074336,51.6920011752386,55.79200117523874,2.7717633810685864,2.9981998105832677
2025-12-04,PE,26033.75,25000.0,12.0,0.1,0.0739333856407551,6.85,6.5,0.1418692931339436,0.14186929313394367,-6.708130706866056,-6.358130706866056,-97.92891542870156,-97.81739549024702
2025-12-04,PE,26033.75,27250.0,12.0,0.1,0.0739333856407551,1129.8,1126.35,1081.751713868084,12.95249073293588,-48.04828613191603,-44.598286131915984,-4.2528134299801765,-3.9595406518325555
2025-12-04,PE,26033.75,27950.0,12.0,0.1,0.0739333856407551,1836.7,1828.5,1792.2298613083171,13.40427560941863,-44.470138691682905,-36.27013869168286,-2.421197729170953,-1.9836006941035198
2025-12-04,PE,26033.75,27700.0,12.0,0.1,0.0739333856407551,1578.85,1573.95,1561.1698225922346,12.899648495488304,-17.680177407765314,-12.78017740776545,-1.1198136243319703,-0.811981156184469
2025-12-04,PE,26033.75,24100.0,12.0,0.1,0.0739333856407551,2.5,2.2,0.0,0.0,-2.5,-2.2,-100.0,-100.0
2025-12-04,PE,26033.75,26950.0,12.0,0.1,0.0739333856407551,829.25,825.45,793.5972876545994,13.092753360215493,-35.65271234540057,-31.85271234540062,-4.299392504721203,-3.8588300133745976
2025-12-04,PE,26033.75,24950.0,12.0,0.1,0.0739333856407551,6.35,6.1,0.08619993685376938,0.061882156935956514,-6.26380006314623,-6.01380006314623,-98.6425206794682,-98.58688628108575
2025-12-04,CE,26033.75,26950.0,12.0,0.1,0.0739333856407551,7.0,6.95,5.667842152276578,1.3558566438864883,-1.3321578477234217,-1.282157847723422,-19.03082639604888,-18.44831435573269
2025-12-04,PE,26033.75,27550.0,12.0,0.1,0.0739333856407551,1426.55,1421.5,1383.644720931561,12.880114878171089,-42.90527906843886,-37.855279068438904,-3.0076253246250646,-2.6630516404107567
2025-12-04,PE,26033.75,26800.0,12.0,0.1,0.0739333856407551,691.55,691.05,637.1054347658011,12.894132430873036,-54.444565234198876,-53.944565234198876,-7.872831354811494,-7.806173972100265
2025-12-04,PE,26033.75,27450.0,12.0,0.1,0.0739333856407551,1328.3,1324.95,1293.6185961544402,13.243080918540318,-34.68140384555977,-31.331403845559862,-2.6109616687163872,-2.364723487343663
2025-12-04,PE,26033.75,25400.0,12.0,0.1,0.0739333856407551,15.65,15.75,7.546569361609796,1.6647629115089304,-8.103430638390204,-8.203430638390204,-51.77910951048054,-52.085273894540975
2025-12-04,PE,26033.75,26200.0,12.0,0.1,0.0739333856407551,210.75,212.2,189.57492094543204,8.395579969696866,-21.17507905456796,-22.625079054567948,-10.047487095880408,-10.662148470578675
2025-12-04,CE,26033.75,26700.0,12.0,0.1,0.0739333856407551,17.6,16.7,22.91314590419661,2.6432646197319807,5.31314590419661,6.213145904196612,30.188329001117097,37.20446649219528
2025-12-04,CE,26033.75,24750.0,12.0,0.1,0.0739333856407551,1377.85,1380.75,1399.620735282584,13.384132161976005,21.770735282584155,18.870735282584064,1.5800511871817802,1.366701812970057
2025-12-04,CE,26033.75,26550.0,12.0,0.1,0.0739333856407551,33.9,32.6,38.95417612601249,3.78002178296965,5.054176126012493,6.35417612601249,14.909074118030954,19.491337809854265
2025-12-04,CE,26033.75,27050.0,12.0,0.1,0.0739333856407551,5.3,4.75,2.1791555309960575,0.7210404182480009,-3.1208444690039423,-2.5708444690039425,-58.88385790573476,-54.12304145271458
2025-12-04,PE,26033.75,27350.0,12.0,0.1,0.0739333856407551,1258.65,1258.65,1191.0898214670685,13.147644555081813,-67.56017853293156,-67.56017853293156,-5.367670006191678,-5.367670006191678
2025-12-04,PE,26033.75,23950.0,12.0,0.1,0.0739333856407551,2.5,2.3,0.0,0.0,-2.5,-2.3,-100.0,-100.0
2025-12-04,CE,26033.75,24400.0,12.0,0.1,0.0739333856407551,1718.1,1714.0,1729.3698100934084,13.390600901233656,11.269810093408523,15.369810093408432,0.6559461086903279,0.896721709067003
2025-12-04,CE,26033.75,24100.0,12.0,0.1,0.0739333856407551,2021.2,2018.55,2041.650105584166,13.131854680871877,20.450105584166067,23.100105584166158,1.011780406895214,1.1443910521991607
2025-12-04,CE,26033.75,23950.0,12.0,0.1,0.0739333856407551,2166.1,2162.0,2185.9219567843006,13.315199746520575,19.82195678430071,23.92195678430062,0.9150988774433642,1.1064734867854125
2025-12-04,PE,26033.75,26250.0,12.0,0.1,0.0739333856407551,240.6,248.35,221.1029958008465,8.746649848459597,-19.49700419915351,-27.24700419915351,-8.103493017104533,-10.971211676727807
2025-12-04,CE,26033.75,25100.0,12.0,0.1,0.0739333856407551,1018.0,1018.0,1046.418589749566,13.207509750356085,28.41858974956608,28.41858974956608,2.791609995045784,2.791609995045784
2025-12-04,CE,26033.75,25800.0,12.0,0.1,0.0739333856407551,379.7,375.0,403.7074815928789,11.079538406305815,24.00748159287889,28.707481592878878,6.322749958619671,7.6553284247677
2025-12-04,PE,26033.75,27200.0,12.0,0.1,0.0739333856407551,1078.05,1075.85,1043.4953675882675,12.99528778730357,-34.55463241173243,-32.35463241173238,-3.2052903308503717,-3.007355338730528
2025-12-04,CE,26033.75,27400.0,12.0,0.1,0.0739333856407551,2.35,2.3,0.2749474734071108,0.17965938455514555,-2.075052526592889,-2.025052526592889,-88.30010751459103,-88.04576202577779
2025-12-04,PE,26033.75,24250.0,12.0,0.1,0.0739333856407551,3.0,3.0,0.0,0.0,-3.0,-3.0,-100.0,-100.0
2025-12-04,CE,26033.75,24900.0,12.0,0.1,0.0739333856407551,1225.8,1226.35,1290.0897346867864,13.130892942825865,64.28973468678646,63.739734686786505,5.244716486114085,5.197515773375179
2025-12-04,CE,26033.75,25700.0,12.0,0.1,0.0739333856407551,461.75,459.0,497.2208646914415,12.216493407040627,35.47086469144148,38.22086469144148,7.681833176273195,8.326985771555877
2025-12-04,PE,26033.75,24500.0,12.0,0.1,0.0739333856407551,3.55,3.4,0.0,0.0,-3.55,-3.4,-100.0,-100.0
2025-12-04,PE,26033.75,25350.0,12.0,0.1,0.0739333856407551,13.55,13.2,3.1243416739307563,0.7675814963774005,-10.425658326069245,-10.075658326069243,-76.9421278676697,-76.33074489446396
2025-12-04,CE,26033.75,25250.0,12.0,0.1,0.0739333856407551,882.85,879.15,916.3072915246419,13.168073441996725,33.457291524641846,37.15729152464189,3.7896915132402835,4.226501908052311
2025-12-04,CE,26033.75,24500.0,12.0,0.1,0.0739333856407551,1620.15,1620.15,1658.2899414528845,13.130829270290114,38.139941452884386,38.139941452884386,2.354099401468036,2.354099401468036
2025-12-04,PE,26033.75,24550.0,12.0,0.1,0.0739333856407551,3.5,3.15,0.0,0.0,-3.5,-3.15,-100.0,-100.0
2025-12-04,CE,26033.75,24850.0,12.0,0.1,0.0739333856407551,1279.05,1282.05,1276.5159328502646,13.79766049123181,-2.5340671497353924,-5.534067149735392,-0.1981210390317339,-0.4316576693370299
2025-12-04,CE,26033.75,27000.0,12.0,0.1,0.0739333856407551,6.25,5.9,2.4616330857001296,0.6227113601432801,-3.7883669142998704,-3.4383669142998707,-60.613870628797926,-58.27740532711645
2025-12-04,CE,26033.75,25150.0,12.0,0.1,0.0739333856407551,974.0,973.9,1017.8639736783318,12.975648365303025,43.86397367833183,43.963973678331854,4.5034880573235965,4.51421846989751
2025-12-04,PE,26033.75,27400.0,12.0,0.1,0.0739333856407551,1272.35,1269.4,1227.615409253992,12.671020797990595,-44.734590746007825,-41.78459074600801,-3.5159029155505817,-3.2916803801802432
2025-12-04,PE,26033.75,24050.0,12.0,0.1,0.0739333856407551,2.4,2.15,0.0,0.0,-2.4,-2.15,-100.0,-100.0
2025-12-04,CE,26033.75,24650.0,12.0,0.1,0.0739333856407551,1476.3,1479.0,1503.0507846697383,13.211605002215359,26.750784669738323,24.050784669738277,1.8120154893814484,1.626151769421114
2025-12-04,CE,26033.75,25050.0,12.0,0.1,0.0739333856407551,1080.1,1077.5,1097.3768760621715,13.780875184759882,17.276876062171596,19.876876062171505,1.5995626388456252,1.8447216763036198
2025-12-05,PE,26186.45,26000.0,11.0,0.1,0.0757043780960209,61.75,61.65,57.372225566021356,4.420581793063592,-4.377774433978644,-4.277774433978642,-7.089513253406711,-6.938806867767465
2025-12-05,PE,26186.45,27150.0,11.0,0.1,0.0757043780960209,898.05,895.35,864.5877892308845,13.092872619940497,-33.46221076911547,-30.76221076911554,-3.7260966281516033,-3.4357749225571608
2025-12-05,CE,26186.45,26300.0,11.0,0.1,0.0757043780960209,126.5,126.5,178.59132272265083,8.14114147146703,52.09132272265083,52.09132272265083,41.178911243202236,41.178911243202236
2025-12-05,PE,26186.45,25500.0,11.0,0.1,0.0757043780960209,10.3,10.15,4.051901984109998,1.0820201339524989,-6.248098015890003,-6.098098015890002,-60.66114578533983,-60.079783407783275
2025-12-05,CE,26186.45,25300.0,11.0,0.1,0.0757043780960209,952.55,953.6,1032.0707156666117,12.977421232148496,79.52071566661175,78.47071566661168,8.348193340676264,8.228892163025554
2025-12-05,CE,26186.45,25500.0,11.0,0.1,0.0757043780960209,763.75,763.6,799.0347115019181,12.633339649427704,35.28471150191808,35.43471150191806,4.619929492886165,4.640480814813785
2025-12-05,PE,26186.45,25400.0,11.0,0.1,0.0757043780960209,8.4,7.85,2.2241853076834506,1.0148972797310238,-6.17581469231655,-5.625814692316549,-73.52160347995891,-71.6664292014847
2025-12-05,PE,26186.45,25300.0,11.0,0.1,0.0757043780960209,7.1,6.95,1.1559523462612817,0.5174279618510819,-5.944047653738718,-5.794047653738718,-83.71898103857349,-83.36759214012544
2025-12-05,CE,26186.45,25650.0,11.0,0.1,0.0757043780960209,621.05,617.75,655.0262918960881,12.574189830856964,33.97629189608813,37.27629189608808,5.470782045904215,6.034203463551288
2025-12-05,PE,26186.45,26050.0,11.0,0.1,0.0757043780960209,74.45,74.2,64.09071302940097,4.9259893545882125,-10.35928697059903,-10.10928697059903,-13.914421720079288,-13.62437597115772
2025-12-05,CE,26186.45,26050.0,11.0,0.1,0.0757043780960209,278.75,279.95,315.4467371282425,9.914027896647406,36.69673712824249,35.4967371282425,13.164748745557844,12.679670344076621
2025-12-05,CE,26186.45,24800.0,11.0,0.1,0.0757043780960209,1411.45,1411.45,1476.2782968276595,12.980001773533667,64.82829682765941,64.82829682765941,4.593028221166843,4.593028221166843
2025-12-05,PE,26186.45,27850.0,11.0,0.1,0.0757043780960209,1592.2,1588.1,1542.8799615071682,13.148157523804334,-49.32003849283183,-45.22003849283169,-3.097603221506835,-2.8474301676740565
2025-12-05,CE,26186.45,27300.0,11.0,0.1,0.0757043780960209,2.45,2.1,2.030977380658985,0.678520112512986,-0.41902261934101537,-0.06902261934101528,-17.10296405473532,-3.2867913971912035
2025-12-05,CE,26186.45,26650.0,11.0,0.1,0.0757043780960209,23.95,24.25,45.93333915022127,4.144959282931686,21.983339150221273,21.683339150221272,91.78847244351263,89.41583154730421
2025-12-05,PE,26186.45,27950.0,11.0,0.1,0.0757043780960209,1695.55,1690.7,1623.080807749841,13.198443727256683,-72.46919225015904,-67.61919225015913,-4.274081699163046,-3.9994790471496495
2025-12-05,CE,26186.45,25250.0,11.0,0.1,0.0757043780960209,985.9,985.9,1044.4470466829082,12.883403334360052,58.54704668290822,58.54704668290822,5.938436624699079,5.938436624699079
2025-12-05,CE,26186.45,25550.0,11.0,0.1,0.0757043780960209,715.0,719.0,746.9722313177672,12.74607201580541,31.972231317767182,27.972231317767182,4.471640743743662,3.8904355101206094
2025-12-05,PE,26186.45,25850.0,11.0,0.1,0.0757043780960209,35.05,33.75,29.11765870859544,3.1440874127341303,-5.932341291404558,-4.632341291404561,-16.925367450512294,-13.725455678235738
2025-12-05,CE,26186.45,24350.0,11.0,0.1,0.0757043780960209,1854.2,1854.2,1942.6085818941617,13.766722665789613,88.40858189416167,88.40858189416167,4.768017575998364,4.768017575998364
2025-12-05,CE,26186.45,24700.0,11.0,0.1,0.0757043780960209,1511.05,1511.05,1617.865136417796,12.979935991077888,106.81513641779611,106.81513641779611,7.06893460956263,7.06893460956263
2025-12-05,CE,26186.45,26000.0,11.0,0.1,0.0757043780960209,316.55,314.25,355.3156919663276,10.297865055930044,38.76569196632761,41.06569196632762,12.246309261199686,13.067841516731143
2025-12-05,CE,26186.45,24050.0,11.0,0.1,0.0757043780960209,2159.45,2159.45,2231.2641815492684,13.593811647527973,71.8141815492686,71.8141815492686,3.32557741782716,3.32557741782716
2025-12-05,PE,26186.45,25150.0,11.0,0.1,0.0757043780960209,5.75,5.1,0.31073935098502176,0.3107393509850217,-5.439260649014979,-4.789260649014978,-94.59583737417354,-93.9070715493133
2025-12-05,PE,26186.45,25250.0,11.0,0.1,0.0757043780960209,6.75,6.55,0.5393849483488309,0.3153617898491453,-6.210615051651169,-6.010615051651169,-92.00911187631363,-91.76511529238427
2025-12-05,PE,26186.45,26350.0,11.0,0.1,0.0757043780960209,199.45,198.45,190.71558609645402,8.365843083990029,-8.73441390354597,-7.7344139035459705,-4.379249888967647,-3.897411893951107
2025-12-05,PE,26186.45,24800.0,11.0,0.1,0.0757043780960209,4.05,4.0,0.0,0.0,-4.05,-4.0,-100.0,-100.0
2025-12-05,CE,26186.45,25100.0,11.0,0.1,0.0757043780960209,1108.75,1108.75,1186.874163483967,12.939887687969646,78.1241634839671,78.1241634839671,7.046147777584405,7.046147777584405
2025-12-05,CE,26186.45,24850.0,11.0,0.1,0.0757043780960209,1409.95,1413.4,1443.6673746994036,13.075330671832324,33.717374699403535,30.26737469940349,2.3913879711623487,2.141458518423906
2025-12-05,PE,26186.45,25100.0,11.0,0.1,0.0757043780960209,5.45,4.9,0.09207098805601087,0.05952789187323688,-5.357929011943989,-4.8079290119439895,-98.31062407236676,-98.12100024375489
2025-12-05,CE,26186.45,24950.0,11.0,0.1,0.0757043780960209,1280.5,1280.5,1347.1440470056045,13.40859212836583,66.64404700560453,66.64404700560453,5.20453315155053,5.20453315155053
2025-12-05,CE,26186.45,25950.0,11.0,0.1,0.0757043780960209,355.15,353.4,404.26526973553905,10.999252975642168,49.11526973553907,50.86526973553907,13.82944382248038,14.3931153750818
2025-12-05,CE,26186.45,27100.0,11.0,0.1,0.0757043780960209,3.5,3.4,5.681126387971708,1.361044100606508,2.181126387971708,2.281126387971708,62.31789679919165,67.09195258740318
2025-12-05,CE,26186.45,24100.0,11.0,0.1,0.0757043780960209,2112.75,2112.75,2208.1607628612364,13.239712662064388,95.41076286123644,95.41076286123644,4.5159513838000915,4.5159513838000915
2025-12-05,CE,26186.45,25000.0,11.0,0.1,0.0757043780960209,1251.25,1253.95,1289.341142022609,13.21284529525804,38.09114202260889,35.39114202260885,3.0442471146940173,2.8223726641898677
2025-12-05,PE,26186.45,25650.0,11.0,0.1,0.0757043780960209,16.65,15.75,8.938200113879729,1.4493378429759536,-7.71179988612027,-6.811799886120271,-46.31711643315477,-43.24952308647791
2025-12-05,PE,26186.45,26300.0,11.0,0.1,0.0757043780960209,172.0,172.0,183.06101348019757,7.671431929901686,11.061013480197573,11.061013480197573,6.4308217908125425,6.4308217908125425
2025-12-05,PE,26186.45,26650.0,11.0,0.1,0.0757043780960209,420.4,414.4,386.29561683749836,10.725870346094306,-34.10438316250162,-28.10438316250162,-8.112365167103144,-6.781945743846916
2025-12-05,CE,26186.45,24450.0,11.0,0.1,0.0757043780960209,1784.85,1784.85,1832.8577751287296,12.977542292050416,48.00777512872969,48.00777512872969,2.689737240033039,2.689737240033039
2025-12-05,CE,26186.45,27800.0,11.0,0.1,0.0757043780960209,1.2,1.2,0.0,0.0,-1.2,-1.2,-100.0,-100.0
2025-12-05,PE,26186.45,27700.0,11.0,0.1,0.0757043780960209,1446.0,1442.7,1384.7840425400816,13.336495346975408,-61.2159574599184,-57.915957459918445,-4.233468704005422,-4.014414463153701
2025-12-05,CE,26186.45,24650.0,11.0,0.1,0.0757043780960209,1577.15,1577.15,1655.855063229199,13.527588379273547,78.70506322919891,78.70506322919891,4.990334668813931,4.990334668813931
2025-12-05,CE,26186.45,23950.0,11.0,0.1,0.0757043780960209,2267.4,2267.4,2347.342247156715,12.433852459041326,79.94224715671498,79.94224715671498,3.525723170005953,3.525723170005953
2025-12-05,CE,26186.45,26500.0,11.0,0.1,0.0757043780960209,53.95,54.25,94.08100964543786,6.0044395476749575,40.13100964543786,39.83100964543786,74.3855600471508,73.42121593629099
2025-12-05,CE,26186.45,27500.0,11.0,0.1,0.0757043780960209,1.5,1.45,0.13460098980249308,0.11171909373968404,-1.3653990101975069,-1.3153990101975068,-91.02660067983379,-90.71717311706944
2025-12-05,PE,26186.45,24100.0,11.0,0.1,0.0757043780960209,2.5,2.1,0.0,0.0,-2.5,-2.1,-100.0,-100.0
2025-12-05,CE,26186.45,26150.0,11.0,0.1,0.0757043780960209,210.4,210.05,236.72136862807307,9.380566337116768,26.32136862807306,26.671368628073054,12.510156192049934,12.697628482776983
2025-12-05,PE,26186.45,26750.0,11.0,0.1,0.0757043780960209,505.0,503.0,486.4308460267115,11.364970521982327,-18.569153973288508,-16.569153973288508,-3.677060192730398,-3.2940663962800216
2025-12-05,CE,26186.45,26850.0,11.0,0.1,0.0757043780960209,8.5,8.15,18.492985378003073,2.735097824681308,9.992985378003073,10.342985378003073,117.56453385885968,126.90779604911747
2025-12-05,CE,26186.45,27150.0,11.0,0.1,0.0757043780960209,3.35,3.45,4.661186397386553,1.2861392514879058,1.3111863973865527,1.2111863973865526,39.13989245930008,35.10685209816094
2025-12-05,CE,26186.45,26550.0,11.0,0.1,0.0757043780960209,41.75,41.3,76.04503957635009,5.233848674851458,34.29503957635009,34.745039576350095,82.14380736850322,84.12842512433437
2025-12-05,PE,26186.45,24050.0,11.0,0.1,0.0757043780960209,2.15,2.15,0.0,0.0,-2.15,-2.15,-100.0,-100.0
2025-12-05,PE,26186.45,27650.0,11.0,0.1,0.0757043780960209,1390.0,1390.0,1323.4675707338415,13.555644233045328,-66.53242926615849,-66.53242926615849,-4.78650570260133,-4.78650570260133
2025-12-05,PE,26186.45,27600.0,11.0,0.1,0.0757043780960209,1346.6,1343.05,1292.4868340985124,12.537921006370075,-54.11316590148749,-50.56316590148754,-4.0185033344339445,-3.764801452029898
2025-12-05,CE,26186.45,25150.0,11.0,0.1,0.0757043780960209,1094.85,1094.85,1158.9554499040055,12.911159150059957,64.10544990400558,64.10544990400558,5.855181066265295,5.855181066265295
2025-12-05,CE,26186.45,25850.0,11.0,0.1,0.0757043780960209,438.75,436.3,473.5424305405512,11.515262519884251,34.79243054055121,37.2424305405512,7.92989869870113,8.535968494281732
2025-12-05,CE,26186.45,24150.0,11.0,0.1,0.0757043780960209,2060.3,2060.3,2155.99044676531,13.314315569418309,95.69044676530984,95.69044676530984,4.644490936529138,4.644490936529138
2025-12-05,PE,26186.45,27250.0,11.0,0.1,0.0757043780960209,992.0,988.55,951.116510453197,13.100980589138938,-40.88348954680305,-37.433489546803,-4.121319510766437,-3.78670674693268
2025-12-05,PE,26186.45,27500.0,11.0,0.1,0.0757043780960209,1242.4,1244.25,1185.554986267195,13.132446224757327,-56.845013732805,-58.69501373280491,-4.57541965009699,-4.717300681760491
2025-12-05,PE,26186.45,27750.0,11.0,0.1,0.0757043780960209,1492.4,1492.4,1448.8045850744352,13.102600619224276,-43.59541492556491,-43.59541492556491,-2.9211615468751613,-2.9211615468751613
2025-12-05,CE,26186.45,27350.0,11.0,0.1,0.0757043780960209,2.25,2.5,0.9464680719035133,0.49629009648016603,-1.3035319280964868,-1.5535319280964868,-57.934752359843856,-62.141277123859474
2025-12-05,PE,26186.45,24850.0,11.0,0.1,0.0757043780960209,4.1,4.7,0.0,0.0,-4.1,-4.7,-100.0,-100.0
2025-12-05,PE,26186.45,25000.0,11.0,0.1,0.0757043780960209,5.05,4.55,0.17073274390348642,0.157801466682461,-4.879267256096513,-4.379267256096513,-96.61915358606957,-96.24763200212118
2025-12-05,PE,26186.45,24600.0,11.0,0.1,0.0757043780960209,3.35,2.95,0.0,0.0,-3.35,-2.95,-100.0,-100.0
2025-12-05,PE,26186.45,27550.0,11.0,0.1,0.0757043780960209,1288.05,1284.3,1219.9614084588193,13.695068471865703,-68.08859154118068,-64.33859154118068,-5.286176122136616,-5.009623261012278
2025-12-05,CE,26186.45,25750.0,11.0,0.1,0.0757043780960209,523.9,527.75,562.8145972542856,11.82738948901919,38.91459725428558,35.06459725428556,7.4278673896326755,6.644168120186747
2025-12-05,PE,26186.45,25050.0,11.0,0.1,0.0757043780960209,5.1,4.6,0.523584207412815,0.39477563454953335,-4.576415792587184,-4.076415792587184,-89.73364299190558,-88.61773462146053
2025-12-05,PE,26186.45,27100.0,11.0,0.1,0.0757043780960209,855.75,855.75,790.5843046522097,12.49622313159558,-65.16569534779035,-65.16569534779035,-7.615038895447309,-7.615038895447309
2025-12-05,PE,26186.45,26850.0,11.0,0.1,0.0757043780960209,603.1,598.15,583.320321306651,12.003268116445033,-19.77967869334907,-14.829678693349024,-3.279668163380711,-2.4792574928277227
2025-12-05,CE,26186.45,27000.0,11.0,0.1,0.0757043780960209,4.95,4.7,10.547630464849034,1.853800288566059,5.597630464849034,5.847630464849034,113.08344373432391,124.41766946487304
2025-12-05,CE,26186.45,26200.0,11.0,0.1,0.0757043780960209,179.85,179.95,223.0544014595167,8.613350557697526,43.2044014595167,43.10440145951671,24.022463975266447,23.95354346180423
2025-12-05,CE,26186.45,26100.0,11.0,0.1,0.0757043780960209,243.15,244.0,272.57064357979016,9.568212286257099,29.420643579790152,28.570643579790158,12.099791725186162,11.709280155651705
2025-12-05,PE,26186.45,26950.0,11.0,0.1,0.0757043780960209,683.35,683.35,653.4610118108405,12.20685102389801,-29.888988189159477,-29.888988189159477,-4.373891591301598,-4.373891591301598
2025-12-05,PE,26186.45,26250.0,11.0,0.1,0.0757043780960209,147.15,146.7,133.79854165044043,6.7316112661271115,-13.351458349559579,-12.901458349559562,-9.073366190662302,-8.794450136032422
2025-12-05,CE,26186.45,24000.0,11.0,0.1,0.0757043780960209,2246.65,2247.6,2309.184672338598,12.560714089573542,62.53467233859783,61.58467233859801,2.783463037793952,2.7400192355667383
2025-12-05,PE,26186.45,25550.0,11.0,0.1,0.0757043780960209,12.0,11.5,4.3962170768211735,1.0841034112781716,-7.6037829231788265,-7.1037829231788265,-63.364857693156885,-61.77202541894632
2025-12-05,CE,26186.45,26750.0,11.0,0.1,0.0757043780960209,13.9,13.6,31.449290167795922,3.2113424428517385,17.549290167795924,17.84929016779592,126.25388609925126,131.24478064555825
2025-12-05,PE,26186.45,26400.0,11.0,0.1,0.0757043780960209,228.7,230.0,218.59103819472938,8.604550496714912,-10.10896180527061,-11.408961805270621,-4.420184436060608,-4.960418176204618
2025-12-05,PE,26186.45,24350.0,11.0,0.1,0.0757043780960209,3.05,3.2,0.0,0.0,-3.05,-3.2,-100.0,-100.0
2025-12-05,PE,26186.45,27350.0,11.0,0.1,0.0757043780960209,1101.95,1098.5,1048.2688607559983,12.832851510452402,-53.68113924400177,-50.231139244001724,-4.871467783837902,-4.572702707692464
2025-12-05,PE,26186.45,27050.0,11.0,0.1,0.0757043780960209,805.95,802.8,745.752942289175,12.736212921385892,-60.19705771082499,-57.0470577108249,-7.469080924477324,-7.106011174741518
2025-12-05,PE,26186.45,25600.0,11.0,0.1,0.0757043780960209,14.3,14.2,4.624020365954768,0.9926811988058787,-9.675979634045234,-9.575979634045233,-67.66419324507156,-67.43647629609319
2025-12-05,PE,26186.45,24450.0,11.0,0.1,0.0757043780960209,3.05,3.5,0.0,0.0,-3.05,-3.5,-100.0,-100.0
2025-12-05,CE,26186.45,24500.0,11.0,0.1,0.0757043780960209,1769.75,1769.75,1785.8634583176872,12.683248328314981,16.11345831768722,16.11345831768722,0.9104934774791478,0.9104934774791478
2025-12-05,PE,26186.45,27400.0,11.0,0.1,0.0757043780960209,1169.35,1169.35,1108.0606266027467,12.93840217916132,-61.28937339725326,-61.28937339725326,-5.241319827019563,-5.241319827019563
2025-12-05,PE,26186.45,27200.0,11.0,0.1,0.0757043780960209,986.8,986.8,886.7246553665849,12.977048586976352,-100.07534463341506,-100.07534463341506,-10.141400955960181,-10.141400955960181
2025-12-05,PE,26186.45,24750.0,11.0,0.1,0.0757043780960209,3.7,3.3,0.0,0.0,-3.7,-3.3,-100.0,-100.0
2025-12-05,CE,26186.45,24400.0,11.0,0.1,0.0757043780960209,1818.85,1818.85,1894.7251955019867,13.602964012837313,75.87519550198681,75.87519550198681,4.171602688621206,4.171602688621206
2025-12-05,PE,26186.45,25200.0,11.0,0.1,0.0757043780960209,6.2,6.0,0.013099197909020506,0.013099197909020508,-6.18690080209098,-5.98690080209098,-99.78872261437064,-99.78168003484966
2025-12-05,CE,26186.45,27850.0,11.0,0.1,0.0757043780960209,1.25,1.1,0.0,0.0,-1.25,-1.1,-100.0,-100.0
2025-12-05,PE,26186.45,23950.0,11.0,0.1,0.0757043780960209,2.3,2.15,0.0,0.0,-2.3,-2.15,-100.0,-100.0
2025-12-05,PE,26186.45,27450.0,11.0,0.1,0.0757043780960209,1224.65,1224.65,1147.9398767423966,12.767126863730468,-76.71012325760353,-76.71012325760353,-6.263840546899402,-6.263840546899402
2025-12-05,CE,26186.45,25050.0,11.0,0.1,0.0757043780960209,1198.55,1201.35,1230.5091912582602,13.075877376949368,31.95919125826026,29.159191258260307,2.666487944454571,2.4272020026020984
2025-12-05,PE,26186.45,26600.0,11.0,0.1,0.0757043780960209,374.8,374.85,343.2594585123276,10.501904357395306,-31.540541487672385,-31.590541487672397,-8.415299222964883,-8.427515402873787
2025-12-05,PE,26186.45,25750.0,11.0,0.1,0.0757043780960209,24.0,23.2,19.339886838449193,2.68714274045951,-4.660113161550807,-3.8601131615508066,-19.417138173128365,-16.63841879978796
2025-12-05,PE,26186.45,24200.0,11.0,0.1,0.0757043780960209,2.65,2.15,0.0,0.0,-2.65,-2.15,-100.0,-100.0
2025-12-05,PE,26186.45,25350.0,11.0,0.1,0.0757043780960209,7.95,7.3,2.2022094897061444,0.7888342444071665,-5.747790510293855,-5.097790510293855,-72.2992517018095,-69.83274671635418
2025-12-05,CE,26186.45,26600.0,11.0,0.1,0.0757043780960209,31.4,30.85,57.91555436904219,4.667316050189627,26.515554369042192,27.06555436904219,84.44444066573948,87.7327532221789
2025-12-05,CE,26186.45,26350.0,11.0,0.1,0.0757043780960209,104.75,103.05,134.55723599530512,6.852687081739424,29.80723599530512,31.507235995305123,28.455595222248327,30.574707419024865
2025-12-05,CE,26186.45,27950.0,11.0,0.1,0.0757043780960209,1.15,1.15,0.0,0.0,-1.15,-1.15,-100.0,-100.0
2025-12-05,CE,26186.45,25450.0,11.0,0.1,0.0757043780960209,797.0,797.0,858.3515468099453,13.002156584834191,61.35154680994526,61.35154680994526,7.697810139265402,7.697810139265402
2025-12-05,CE,26186.45,25200.0,11.0,0.1,0.0757043780960209,1048.25,1048.25,1053.8690816123212,13.10570861294085,5.619081612321224,5.619081612321224,0.5360440364723323,0.5360440364723323
2025-12-05,CE,26186.45,27700.0,11.0,0.1,0.0757043780960209,1.25,1.25,0.0,0.0,-1.25,-1.25,-100.0,-100.0
2025-12-05,PE,26186.45,24000.0,11.0,0.1,0.0757043780960209,2.3,2.15,0.0,0.0,-2.3,-2.15,-100.0,-100.0
2025-12-05,CE,26186.45,25700.0,11.0,0.1,0.0757043780960209,573.1,571.05,616.9066006521659,12.363312121928331,43.80660065216591,45.85660065216598,7.643797007880983,8.030225138283159
2025-12-05,PE,26186.45,26700.0,11.0,0.1,0.0757043780960209,462.9,462.15,433.79704334102496,11.210665357219042,-29.102956658975017,-28.352956658975017,-6.287093683079503,-6.135011718917022
2025-12-05,PE,26186.45,26500.0,11.0,0.1,0.0757043780960209,297.75,297.5,282.9847291699935,9.571830644279414,-14.7652708300065,-14.5152708300065,-4.958949061295214,-4.879082631934958
2025-12-05,PE,26186.45,24250.0,11.0,0.1,0.0757043780960209,2.8,2.35,0.0,0.0,-2.8,-2.35,-100.0,-100.0
2025-12-05,CE,26186.45,27900.0,11.0,0.1,0.0757043780960209,1.2,1.1,0.0,0.0,-1.2,-1.1,-100.0,-100.0
2025-12-05,CE,26186.45,26900.0,11.0,0.1,0.0757043780960209,6.65,6.75,15.77816326530299,2.119485967419443,9.12816326530299,9.02816326530299,137.26561301207502,133.75056689337762
2025-12-05,PE,26186.45,26900.0,11.0,0.1,0.0757043780960209,651.95,652.0,596.4902732102368,12.100081262513692,-55.459726789763295,-55.50972678976325,-8.506745423692506,-8.513761777571052
2025-12-05,PE,26186.45,26550.0,11.0,0.1,0.0757043780960209,337.65,336.7,311.59703186075865,9.87447190927575,-26.05296813924133,-25.10296813924134,-7.715968647783601,-7.455588992943671
2025-12-05,CE,26186.45,25600.0,11.0,0.1,0.0757043780960209,669.4,663.95,700.2210537895423,12.545268376360786,30.82105378954236,36.27105378954229,4.6042805183062985,5.462919465252247
2025-12-05,CE,26186.45,27450.0,11.0,0.1,0.0757043780960209,1.55,1.6,0.3798241953787825,0.20816191249625118,-1.1701758046212176,-1.2201758046212177,-75.49521320136887,-76.2609877888261
2025-12-05,CE,26186.45,24300.0,11.0,0.1,0.0757043780960209,1911.3,1911.3,1966.8500406186836,12.297443732973518,55.550040618683624,55.550040618683624,2.9064009113526725,2.9064009113526725
2025-12-05,PE,26186.45,26100.0,11.0,0.1,0.0757043780960209,88.4,87.5,76.95008764589683,5.127364116874439,-11.449912354103176,-10.54991235410317,-12.952389540840697,-12.057042690403625
2025-12-05,CE,26186.45,24550.0,11.0,0.1,0.0757043780960209,1677.5,1677.5,1748.6952888506999,13.180220490869791,71.19528885069985,71.19528885069985,4.244130482903121,4.244130482903121
2025-12-05,PE,26186.45,24950.0,11.0,0.1,0.0757043780960209,4.65,4.05,0.0,0.0,-4.65,-4.05,-100.0,-100.0
2025-12-05,PE,26186.45,24500.0,11.0,0.1,0.0757043780960209,3.1,2.55,0.0,0.0,-3.1,-2.55,-100.0,-100.0
2025-12-05,CE,26186.45,24600.0,11.0,0.1,0.0757043780960209,1650.0,1650.0,1713.0331172791775,13.098926281603488,63.03311727917753,63.03311727917753,3.82018892601076,3.82018892601076
2025-12-05,CE,26186.45,24200.0,11.0,0.1,0.0757043780960209,2010.1,2010.1,2104.908740147035,13.605132051421311,94.80874014703522,94.80874014703522,4.716618086017374,4.716618086017374
2025-12-05,PE,26186.45,25900.0,11.0,0.1,0.0757043780960209,42.6,41.7,32.07047459923161,3.342172383307812,-10.529525400768392,-9.629525400768394,-24.717195776451625,-23.092387052202383
2025-12-05,CE,26186.45,26250.0,11.0,0.1,0.0757043780960209,152.55,151.2,201.36600244805427,8.43152048219882,48.81600244805426,50.166002448054286,32.00000160475533,33.17857304765495
2025-12-05,PE,26186.45,27800.0,11.0,0.1,0.0757043780960209,1545.8,1542.5,1479.8148320231567,12.862428129978197,-65.98516797684329,-62.68516797684333,-4.268674341884027,-4.063868264301027
2025-12-05,PE,26186.45,27900.0,11.0,0.1,0.0757043780960209,1644.6,1640.5,1584.144968997716,13.078428164504993,-60.45503100228393,-56.35503100228402,-3.6759717257864484,-3.435235050428773
2025-12-05,CE,26186.45,26700.0,11.0,0.1,0.0757043780960209,18.25,17.6,31.417922775705964,3.2756328178017764,13.167922775705964,13.817922775705963,72.1530015107176,78.51092486196569
2025-12-05,CE,26186.45,27400.0,11.0,0.1,0.0757043780960209,1.8,1.9,0.5590521469820026,0.27542169932625454,-1.2409478530179974,-1.3409478530179975,-68.94154738988874,-70.57620279042092
2025-12-05,CE,26186.45,26950.0,11.0,0.1,0.0757043780960209,5.6,5.3,9.567343262450672,1.8097518341052046,3.9673432624506724,4.267343262450672,70.84541540090487,80.51591061227684
2025-12-05,CE,26186.45,25400.0,11.0,0.1,0.0757043780960209,850.85,865.75,889.8833459233495,13.046215510518858,39.03334592334943,24.133345923349452,4.587570773150311,2.7875652236037487
2025-12-05,CE,26186.45,27050.0,11.0,0.1,0.0757043780960209,4.0,4.55,7.21762706028506,1.5507053252007135,3.21762706028506,2.66762706028506,80.4406765071265,58.62916616011121
2025-12-05,PE,26186.45,26200.0,11.0,0.1,0.0757043780960209,124.85,125.2,123.87922464689642,6.763126031341991,-0.9707753531035763,-1.3207753531035848,-0.7775533464986595,-1.0549323906578154
2025-12-05,CE,26186.45,27600.0,11.0,0.1,0.0757043780960209,1.25,1.25,0.0,0.0,-1.25,-1.25,-100.0,-100.0
2025-12-05,PE,26186.45,26800.0,11.0,0.1,0.0757043780960209,555.85,555.1,513.8010683256338,11.484982202149098,-42.04893167436626,-41.29893167436626,-7.56479835825605,-7.439908426295489
2025-12-05,PE,26186.45,25700.0,11.0,0.1,0.0757043780960209,19.85,19.5,12.849995955347369,1.8448042998084657,-7.000004044652632,-6.650004044652631,-35.26450400328782,-34.102584844372466
2025-12-05,CE,26186.45,25800.0,11.0,0.1,0.0757043780960209,482.35,480.6,519.4589431739378,11.87422513772824,37.108943173937746,38.858943173937746,7.693364398038301,8.085506278389044
2025-12-05,PE,26186.45,25450.0,11.0,0.1,0.0757043780960209,9.35,9.2,1.829720650006379,0.5960494377742307,-7.52027934999362,-7.37027934999362,-80.43079518709754,-80.11173206514805
2025-12-05,PE,26186.45,24900.0,11.0,0.1,0.0757043780960209,4.35,3.75,0.0,0.0,-4.35,-3.75,-100.0,-100.0
2025-12-05,CE,26186.45,26400.0,11.0,0.1,0.0757043780960209,85.15,84.65,116.80681411589771,6.528852090775801,31.656814115897703,32.1568141158977,37.17770301338544,37.987967059536565
2025-12-05,CE,26186.45,26450.0,11.0,0.1,0.0757043780960209,68.15,67.05,89.84359701845987,5.693194381117619,21.69359701845987,22.793597018459877,31.832130621364442,33.99492471060385
2025-12-05,PE,26186.45,25950.0,11.0,0.1,0.0757043780960209,51.8,50.5,50.37847287178901,4.034907120908867,-1.4215271282109896,-0.12152712821099243,-2.7442608652721807,-0.24064777863562858
2025-12-05,CE,26186.45,27650.0,11.0,0.1,0.0757043780960209,1.35,1.2,0.1786878146384805,0.1786878146384804,-1.1713121853615196,-1.0213121853615195,-86.76386558233477,-85.10934878012662
2025-12-05,PE,26186.45,24650.0,11.0,0.1,0.0757043780960209,2.65,2.9,0.0,0.0,-2.65,-2.9,-100.0,-100.0
2025-12-05,PE,26186.45,24400.0,11.0,0.1,0.0757043780960209,2.8,2.5,0.0,0.0,-2.8,-2.5,-100.0,-100.0
2025-12-05,CE,26186.45,24750.0,11.0,0.1,0.0757043780960209,1505.6,1509.1,1528.9525994528374,13.292710532130105,23.352599452837467,19.852599452837467,1.551049379173583,1.3155257738279418
2025-12-05,PE,26186.45,24550.0,11.0,0.1,0.0757043780960209,3.1,2.8,0.0,0.0,-3.1,-2.8,-100.0,-100.0
2025-12-05,PE,26186.45,24700.0,11.0,0.1,0.0757043780960209,3.45,3.0,0.0,0.0,-3.45,-3.0,-100.0,-100.0
2025-12-05,PE,26186.45,26450.0,11.0,0.1,0.0757043780960209,262.5,263.0,248.48483611381462,8.995051861456732,-14.015163886185377,-14.515163886185377,-5.3391100518801435,-5.519073720983033
2025-12-05,CE,26186.45,25900.0,11.0,0.1,0.0757043780960209,395.25,395.0,424.5661057020642,10.926460684348779,29.316105702064192,29.566105702064192,7.4171045419517245,7.485090051155492
2025-12-05,PE,26186.45,27300.0,11.0,0.1,0.0757043780960209,1069.3,1069.3,993.2507859069477,12.649134056467156,-76.04921409305223,-76.04921409305223,-7.11205593313871,-7.11205593313871
2025-12-05,CE,26186.45,27750.0,11.0,0.1,0.0757043780960209,1.2,1.25,0.0,0.0,-1.2,-1.25,-100.0,-100.0
2025-12-05,PE,26186.45,26150.0,11.0,0.1,0.0757043780960209,105.8,105.6,98.744786889102,5.936881700960159,-7.055213110897995,-6.855213110897992,-6.668443394043473,-6.491679082289766
2025-12-05,PE,26186.45,24300.0,11.0,0.1,0.0757043780960209,2.85,2.8,0.0,0.0,-2.85,-2.8,-100.0,-100.0
2025-12-05,PE,26186.45,25800.0,11.0,0.1,0.0757043780960209,29.35,29.2,18.57972474296494,2.5124803113676513,-10.77027525703506,-10.620275257035058,-36.69599746860327,-36.37080567477759
2025-12-05,CE,26186.45,24900.0,11.0,0.1,0.0757043780960209,1347.05,1348.8,1398.86757062064,13.214111634310635,51.817570620640026,50.067570620640026,3.846744413395199,3.712008497971532
2025-12-05,CE,26186.45,25350.0,11.0,0.1,0.0757043780960209,909.95,909.95,952.9522706133832,13.240624244185343,43.00227061338319,43.00227061338319,4.725783901685058,4.725783901685058
2025-12-05,CE,26186.45,27200.0,11.0,0.1,0.0757043780960209,2.95,3.1,1.5017443453679755,0.6649938198766799,-1.4482556546320247,-1.5982556546320246,-49.09341202142456,-51.55663402038789
2025-12-05,CE,26186.45,27550.0,11.0,0.1,0.0757043780960209,1.4,1.45,0.5251986417772746,0.4426624903680939,-0.8748013582227253,-0.9248013582227254,-62.48581130162324,-63.77940401536038
2025-12-05,CE,26186.45,27250.0,11.0,0.1,0.0757043780960209,2.65,2.7,1.0725140067462042,0.4523759298284354,-1.5774859932537957,-1.627485993253796,-59.52777333033191,-60.27725900939984
2025-12-05,PE,26186.45,27000.0,11.0,0.1,0.0757043780960209,746.75,743.2,716.9665296846591,12.464560244050757,-29.783470315340878,-26.233470315340924,-3.9884124961956315,-3.529799558038337
2025-12-05,CE,26186.45,26800.0,11.0,0.1,0.0757043780960209,10.65,10.3,25.477195961517992,2.8701220751855216,14.827195961517992,15.177195961517992,139.22249729124874,147.35141710211641
2025-12-08,CE,25960.55,25650.0,8.0,0.1,0.0792986005622606,391.2,376.3,415.2468110262685,10.171772912313232,24.04681102626853,38.946811026268506,6.146935333913223,10.349936493826336
2025-12-08,CE,25960.55,26900.0,8.0,0.1,0.0792986005622606,4.8,5.2,1.185623438117454,0.6444970714371134,-3.614376561882546,-4.014376561882546,-75.29951170588637,-77.19954926697204
2025-12-08,PE,25960.55,27900.0,8.0,0.1,0.0792986005622606,1879.0,1874.7,1843.318359707822,11.406188772189246,-35.68164029217792,-31.381640292177963,-1.8989696802649239,-1.6739553150999071
2025-12-08,CE,25960.55,27800.0,8.0,0.1,0.0792986005622606,1.35,1.35,0.0,0.0,-1.35,-1.35,-100.0,-100.0
2025-12-08,CE,25960.55,25750.0,8.0,0.1,0.0792986005622606,308.25,296.0,332.8431848925408,9.606588485061048,24.59318489254082,36.84318489254082,7.9783243771421954,12.447021923155683
2025-12-08,CE,25960.55,24150.0,8.0,0.1,0.0792986005622606,1854.95,1850.15,1881.372105135913,11.411439370253621,26.422105135912943,31.222105135912898,1.4244106383413537,1.6875445307630677
2025-12-08,CE,25960.55,27550.0,8.0,0.1,0.0792986005622606,2.05,2.35,0.0,0.0,-2.05,-2.35,-100.0,-100.0
2025-12-08,CE,25960.55,24900.0,8.0,0.1,0.0792986005622606,1119.0,1119.0,1124.1628346254918,11.18115513663102,5.162834625491769,5.162834625491769,0.4613793231002475,0.4613793231002475
2025-12-08,CE,25960.55,25600.0,8.0,0.1,0.0792986005622606,427.8,417.1,455.074599454915,10.530912482444995,27.274599454915005,37.974599454914994,6.37554919469729,9.104435256512824
2025-12-08,CE,25960.55,24950.0,8.0,0.1,0.0792986005622606,1063.95,1063.95,1103.9232353120433,11.450858136304193,39.97323531204324,39.97323531204324,3.757059571600474,3.757059571600474
2025-12-08,CE,25960.55,27750.0,8.0,0.1,0.0792986005622606,1.7,1.4,0.0,0.0,-1.7,-1.4,-100.0,-100.0
2025-12-08,PE,25960.55,26550.0,8.0,0.1,0.0792986005622606,567.95,575.4,547.6051327195621,11.029349942124549,-20.34486728043794,-27.79486728043787,-3.5821581618871265,-4.83052959340248
2025-12-08,PE,25960.55,24950.0,8.0,0.1,0.0792986005622606,7.15,7.4,0.15643572882075013,0.15643572882075013,-6.99356427117925,-7.24356427117925,-97.81208770880069,-97.88600366458445
2025-12-08,PE,25960.55,27150.0,8.0,0.1,0.0792986005622606,1132.85,1132.85,1089.8868708262432,11.551245076477109,-42.96312917375667,-42.96312917375667,-3.7924817207712116,-3.7924817207712116
2025-12-08,CE,25960.55,26000.0,8.0,0.1,0.0792986005622606,153.15,140.55,172.3335027755358,7.284939672966183,19.1835027755358,31.783502775535794,12.525956758430166,22.613662593764346
2025-12-08,CE,25960.55,26350.0,8.0,0.1,0.0792986005622606,37.2,32.9,39.546390264918855,3.441277448527625,2.3463902649188526,6.646390264918857,6.307500712147453,20.2017941182944
2025-12-08,PE,25960.55,24850.0,8.0,0.1,0.0792986005622606,6.3,6.35,0.0,0.0,-6.3,-6.35,-100.0,-100.0
2025-12-08,PE,25960.55,24150.0,8.0,0.1,0.0792986005622606,3.35,3.15,0.0,0.0,-3.35,-3.15,-100.0,-100.0
2025-12-08,PE,25960.55,25900.0,8.0,0.1,0.0792986005622606,110.4,115.9,88.86610975230498,5.1901466709133315,-21.533890247695027,-27.033890247695027,-19.50533536928897,-23.325185718459903
2025-12-08,PE,25960.55,27250.0,8.0,0.1,0.0792986005622606,1227.3,1227.3,1202.2096620263355,11.055389936834395,-25.09033797366442,-25.09033797366442,-2.044352478910162,-2.044352478910162
2025-12-08,CE,25960.55,27000.0,8.0,0.1,0.0792986005622606,4.25,4.8,0.595559216801792,0.32838395485268657,-3.6544407831982078,-4.204440783198208,-85.98684195760488,-87.59251631662933
2025-12-08,PE,25960.55,24300.0,8.0,0.1,0.0792986005622606,3.9,4.05,0.0,0.0,-3.9,-4.05,-100.0,-100.0
2025-12-08,CE,25960.55,27650.0,8.0,0.1,0.0792986005622606,1.85,1.25,0.0,0.0,-1.85,-1.25,-100.0,-100.0
2025-12-08,CE,25960.55,24200.0,8.0,0.1,0.0792986005622606,1817.05,1811.15,1846.5052437885645,11.419437350405593,29.45524378856453,35.355243788564394,1.621047510446302,1.9520881091331137
2025-12-08,PE,25960.55,26900.0,8.0,0.1,0.0792986005622606,908.8,911.45,849.6440484373229,11.400639003522793,-59.155951562677046,-61.80595156267714,-6.5092376279354145,-6.781057826833852
2025-12-08,CE,25960.55,27950.0,8.0,0.1,0.0792986005622606,1.25,1.2,0.0,0.0,-1.25,-1.2,-100.0,-100.0
2025-12-08,PE,25960.55,25700.0,8.0,0.1,0.0792986005622606,53.5,55.0,30.12882556993576,2.9454798684068138,-23.37117443006424,-24.87117443006424,-43.684438187035965,-45.22031714557135
2025-12-08,CE,25960.55,25000.0,8.0,0.1,0.0792986005622606,1018.1,988.0,1043.8753714782356,11.740779447608755,25.77537147823557,55.87537147823559,2.531713139989743,5.655401971481335
2025-12-08,PE,25960.55,25200.0,8.0,0.1,0.0792986005622606,10.95,10.65,0.28264623935839583,0.14872953242971276,-10.667353760641603,-10.367353760641604,-97.41875580494616,-97.34604470086013
2025-12-08,CE,25960.55,25450.0,8.0,0.1,0.0792986005622606,554.8,554.75,595.2342293715986,11.222266727301571,40.43422937159869,40.484229371598644,7.288073066257876,7.2977430142584305
2025-12-08,CE,25960.55,24300.0,8.0,0.1,0.0792986005622606,1717.05,1717.05,1751.3394992216909,11.509212543078569,34.2894992216909,34.2894992216909,1.997000624425084,1.997000624425084
2025-12-08,CE,25960.55,24800.0,8.0,0.1,0.0792986005622606,1093.0,1085.2,1236.6641390260663,11.537496380055227,143.66413902606632,151.46413902606628,13.144020038981367,13.957255715634561
2025-12-08,CE,25960.55,24050.0,8.0,0.1,0.0792986005622606,1955.1,1949.95,1999.8705180318173,11.421813805070753,44.770518031817346,49.92051803181721,2.2899349410166923,2.560092209124193
2025-12-08,PE,25960.55,25000.0,8.0,0.1,0.0792986005622606,7.85,7.75,0.10897835504878187,0.10897835504878188,-7.741021644951218,-7.641021644951218,-98.61174070001552,-98.59382767678991
2025-12-08,PE,25960.55,26400.0,8.0,0.1,0.0792986005622606,434.7,445.95,388.01283356788986,10.060158138228246,-46.68716643211013,-57.93716643211013,-10.740088896275623,-12.991852546722757
2025-12-08,CE,25960.55,26800.0,8.0,0.1,0.0792986005622606,6.3,6.3,2.448034780801442,0.7680622429344923,-3.851965219198558,-3.851965219198558,-61.14230506664378,-61.14230506664378
2025-12-08,PE,25960.55,27800.0,8.0,0.1,0.0792986005622606,1774.3,1774.3,1746.3839469036932,11.52908616321829,-27.91605309630677,-27.91605309630677,-1.5733558640763552,-1.5733558640763552
2025-12-08,CE,25960.55,27400.0,8.0,0.1,0.0792986005622606,2.35,2.85,0.0,0.0,-2.35,-2.85,-100.0,-100.0
2025-12-08,CE,25960.55,24550.0,8.0,0.1,0.0792986005622606,1477.65,1477.65,1502.918081162853,11.973927040023872,25.268081162852923,25.268081162852923,1.710018012577601,1.710018012577601
2025-12-08,PE,25960.55,26150.0,8.0,0.1,0.0792986005622606,240.8,253.0,206.04987384215434,7.816985452763321,-34.75012615784567,-46.95012615784566,-14.43111551405551,-18.557362117725557
2025-12-08,CE,25960.55,27200.0,8.0,0.1,0.0792986005622606,3.15,3.5,0.0,0.0,-3.15,-3.5,-100.0,-100.0
2025-12-08,CE,25960.55,27500.0,8.0,0.1,0.0792986005622606,2.15,2.3,0.0,0.0,-2.15,-2.3,-100.0,-100.0
2025-12-08,PE,25960.55,26600.0,8.0,0.1,0.0792986005622606,621.55,624.9,555.0198841887291,10.499857623583308,-66.53011581127089,-69.88011581127091,-10.703904080326748,-11.182607747042873
2025-12-08,CE,25960.55,26700.0,8.0,0.1,0.0792986005622606,8.45,8.55,6.05052730873797,1.3563121320852065,-2.3994726912620292,-2.4994726912620306,-28.396126523811,-29.23359872821088
2025-12-08,CE,25960.55,25550.0,8.0,0.1,0.0792986005622606,471.2,466.6,539.2807711555654,10.780951794187013,68.0807711555654,72.68077115556537,14.448380975289771,15.5766762013642
2025-12-08,PE,25960.55,27850.0,8.0,0.1,0.0792986005622606,1840.95,1834.55,1793.5677476273975,11.39521332116003,-47.38225237260258,-40.98225237260249,-2.5737935507538268,-2.2339130780083667
2025-12-08,PE,25960.55,24550.0,8.0,0.1,0.0792986005622606,4.55,4.5,0.0,0.0,-4.55,-4.5,-100.0,-100.0
2025-12-08,PE,25960.55,26350.0,8.0,0.1,0.0792986005622606,389.9,401.45,339.75845955971886,9.334631921299074,-50.14154044028112,-61.69154044028113,-12.860102703329346,-15.367179085883953
2025-12-08,PE,25960.55,24350.0,8.0,0.1,0.0792986005622606,3.95,4.5,0.0,0.0,-3.95,-4.5,-100.0,-100.0
2025-12-08,PE,25960.55,26750.0,8.0,0.1,0.0792986005622606,738.15,738.15,694.8900639553515,11.082490780855458,-43.2599360446485,-43.2599360446485,-5.860588775269051,-5.860588775269051
2025-12-08,CE,25960.55,25850.0,8.0,0.1,0.0792986005622606,244.35,230.0,248.0716285638179,8.50353517864917,3.721628563817916,18.07162856381791,1.52307287244441,7.857229810355613
2025-12-08,PE,25960.55,27950.0,8.0,0.1,0.0792986005622606,1960.5,1954.1,1871.5835452946333,11.627557361805353,-88.91645470536673,-82.51645470536664,-4.535396822512968,-4.222734491856437
2025-12-08,CE,25960.55,27350.0,8.0,0.1,0.0792986005622606,2.35,2.55,0.0,0.0,-2.35,-2.55,-100.0,-100.0
2025-12-08,CE,25960.55,24650.0,8.0,0.1,0.0792986005622606,1367.85,1367.85,1398.3830300912061,11.798526227054593,30.53303009120623,30.53303009120623,2.2321914019231808,2.2321914019231808
2025-12-08,PE,25960.55,26450.0,8.0,0.1,0.0792986005622606,471.45,488.25,433.3865374453516,10.341134342260931,-38.06346255464837,-54.86346255464838,-8.0737008282211,-11.236756283594138
2025-12-08,PE,25960.55,26650.0,8.0,0.1,0.0792986005622606,667.15,675.65,609.2198440338992,10.974026314746535,-57.930155966100756,-66.43015596610076,-8.683228054575547,-9.832036700377527
2025-12-08,CE,25960.55,23950.0,8.0,0.1,0.0792986005622606,2051.15,2051.15,2069.381302072586,10.958699348162149,18.231302072586004,18.231302072586004,0.8888331946754748,0.8888331946754748
2025-12-08,PE,25960.55,25300.0,8.0,0.1,0.0792986005622606,13.5,12.65,2.0172001423403256,0.6950598046217115,-11.482799857659675,-10.632799857659675,-85.057776723405,-84.0537538154915
2025-12-08,PE,25960.55,24000.0,8.0,0.1,0.0792986005622606,3.0,3.05,0.0,0.0,-3.0,-3.05,-100.0,-100.0
2025-12-08,CE,25960.55,26750.0,8.0,0.1,0.0792986005622606,7.05,7.2,6.4214382232796865,1.4951206714767926,-0.6285617767203133,-0.7785617767203137,-8.915769882557637,-10.813358010004356
2025-12-08,CE,25960.55,25050.0,8.0,0.1,0.0792986005622606,965.1,965.1,988.4626403513504,11.685165716974964,23.362640351350365,23.362640351350365,2.42074814540984,2.42074814540984
2025-12-08,PE,25960.55,27500.0,8.0,0.1,0.0792986005622606,1480.85,1480.85,1470.7758729555978,11.718159014134176,-10.074127044402076,-10.074127044402076,-0.6802935506230933,-0.6802935506230933
2025-12-08,CE,25960.55,27250.0,8.0,0.1,0.0792986005622606,3.05,3.35,0.0,0.0,-3.05,-3.35,-100.0,-100.0
2025-12-08,CE,25960.55,27600.0,8.0,0.1,0.0792986005622606,2.0,1.7,0.0,0.0,-2.0,-1.7,-100.0,-100.0
2025-12-08,PE,25960.55,25050.0,8.0,0.1,0.0792986005622606,8.25,7.5,0.1662668117861391,0.1662668117861391,-8.083733188213861,-7.333733188213861,-97.98464470562256,-97.78310917618481
2025-12-08,CE,25960.55,26100.0,8.0,0.1,0.0792986005622606,107.5,97.95,121.62398867917442,6.288307383233072,14.123988679174417,23.673988679174414,13.138594120162248,24.169462663781943
2025-12-08,PE,25960.55,26100.0,8.0,0.1,0.0792986005622606,206.9,216.25,174.30351997741633,7.183925984004503,-32.59648002258368,-41.94648002258367,-15.754702765869347,-19.397216195414416
2025-12-08,PE,25960.55,27700.0,8.0,0.1,0.0792986005622606,1686.8,1686.8,1646.9030775414888,11.453581669599906,-39.8969224585112,-39.8969224585112,-2.3652432095394356,-2.3652432095394356
2025-12-08,PE,25960.55,26300.0,8.0,0.1,0.0792986005622606,350.1,365.3,285.1949997082543,8.771140462349294,-64.90500029174575,-80.10500029174574,-18.53898894365774,-21.92855195503579
2025-12-08,PE,25960.55,27750.0,8.0,0.1,0.0792986005622606,1734.7,1733.95,1717.1810881186532,11.182123653686293,-17.518911881346867,-16.768911881346867,-1.0099101793593628,-0.9670931619335543
2025-12-08,CE,25960.55,25350.0,8.0,0.1,0.0792986005622606,649.0,647.1,695.0448967542607,11.591610662912089,46.04489675426066,47.94489675426064,7.094745262597944,7.409194367835055
2025-12-08,PE,25960.55,25500.0,8.0,0.1,0.0792986005622606,25.9,26.0,9.284055559662232,1.5387494095233076,-16.615944440337767,-16.71594444033777,-64.15422563836975,-64.2920940012991
2025-12-08,CE,25960.55,27150.0,8.0,0.1,0.0792986005622606,3.3,3.45,0.7914846152389666,0.46648012006103545,-2.5085153847610333,-2.6585153847610337,-76.01561772003132,-77.05841694959517
2025-12-08,CE,25960.55,26400.0,8.0,0.1,0.0792986005622606,29.35,26.1,33.33285362881544,3.101896113498472,3.982853628815441,7.232853628815441,13.570199757463172,27.71208286902468
2025-12-08,CE,25960.55,24850.0,8.0,0.1,0.0792986005622606,1179.4,1179.4,1186.9390678774737,11.780873520934632,7.539067877473599,7.539067877473599,0.6392290891532643,0.6392290891532643
2025-12-08,PE,25960.55,27600.0,8.0,0.1,0.0792986005622606,1584.05,1590.0,1561.633082144672,11.667574165647789,-22.416917855327938,-28.366917855327983,-1.415164789957889,-1.7840828839828922
2025-12-08,PE,25960.55,26950.0,8.0,0.1,0.0792986005622606,785.35,785.35,917.3211000145556,11.41254615544846,131.97110001455553,131.97110001455553,16.804112817795318,16.804112817795318
2025-12-08,CE,25960.55,25300.0,8.0,0.1,0.0792986005622606,705.2,698.65,765.6529606503216,11.359105864439831,60.45296065032153,67.0029606503216,8.572456133057504,9.590347191057267
2025-12-08,PE,25960.55,25600.0,8.0,0.1,0.0792986005622606,37.1,38.35,19.259468081197355,2.3318122617641555,-17.840531918802647,-19.090531918802647,-48.087687112675596,-49.77974424720377
2025-12-08,CE,25960.55,24400.0,8.0,0.1,0.0792986005622606,1587.0,1587.0,1639.7789474629378,11.585505125687622,52.77894746293782,52.77894746293782,3.3257055742241852,3.3257055742241852
2025-12-08,CE,25960.55,24700.0,8.0,0.1,0.0792986005622606,1292.0,1292.0,1347.7789776780169,11.073723450193036,55.77897767801687,55.77897767801687,4.317258334211832,4.317258334211832
2025-12-08,CE,25960.55,25700.0,8.0,0.1,0.0792986005622606,346.05,337.65,367.96063432889605,9.674375205235881,21.910634328896037,30.31063432889607,6.331638297614806,8.976938939403546
2025-12-08,CE,25960.55,26650.0,8.0,0.1,0.0792986005622606,9.85,9.95,5.52250203537954,1.152513668282689,-4.327497964620459,-4.427497964620459,-43.93398948853258,-44.497466981110136
2025-12-08,CE,25960.55,25900.0,8.0,0.1,0.0792986005622606,210.75,198.5,228.4867572380234,8.413547107761925,17.736757238023387,29.986757238023387,8.416017669287491,15.10667870933168
2025-12-08,PE,25960.55,25750.0,8.0,0.1,0.0792986005622606,64.2,65.6,41.792958731487026,3.644298341695325,-22.407041268512977,-23.807041268512968,-34.901933440051366,-36.29122144590392
2025-12-08,CE,25960.55,24350.0,8.0,0.1,0.0792986005622606,1668.65,1665.8,1673.936535282816,10.960839601155167,5.286535282815976,8.136535282816112,0.3168151069916385,0.4884461089456184
2025-12-08,PE,25960.55,24200.0,8.0,0.1,0.0792986005622606,3.6,3.25,0.0,0.0,-3.6,-3.25,-100.0,-100.0
2025-12-08,PE,25960.55,27350.0,8.0,0.1,0.0792986005622606,1330.7,1325.0,1305.5347388134865,11.804226337909613,-25.16526118651359,-19.465261186513544,-1.89112956988905,-1.4690763159632863
2025-12-08,CE,25960.55,26500.0,8.0,0.1,0.0792986005622606,19.05,17.0,20.67509678965679,2.5943706803558393,1.6250967896567907,3.6750967896567914,8.530691809221997,21.618216409745834
2025-12-08,PE,25960.55,25950.0,8.0,0.1,0.0792986005622606,129.85,135.5,103.20070815171505,5.908364956399364,-26.649291848284946,-32.29929184828495,-20.52313580922984,-23.837115755191846
2025-12-08,PE,25960.55,24700.0,8.0,0.1,0.0792986005622606,5.4,4.8,0.0,0.0,-5.4,-4.8,-100.0,-100.0
2025-12-08,CE,25960.55,27700.0,8.0,0.1,0.0792986005622606,1.8,1.75,0.0,0.0,-1.8,-1.75,-100.0,-100.0
2025-12-08,CE,25960.55,27050.0,8.0,0.1,0.0792986005622606,3.9,3.85,1.4493726093145174,0.6883442118609663,-2.4506273906854825,-2.4006273906854827,-62.83659976116623,-62.35395819962293
2025-12-08,CE,25960.55,27900.0,8.0,0.1,0.0792986005622606,1.3,1.4,0.0,0.0,-1.3,-1.4,-100.0,-100.0
2025-12-08,PE,25960.55,24500.0,8.0,0.1,0.0792986005622606,4.65,4.6,0.0,0.0,-4.65,-4.6,-100.0,-100.0
2025-12-08,PE,25960.55,27100.0,8.0,0.1,0.0792986005622606,1083.0,1083.0,1051.7839514296045,11.599276243364491,-31.216048570395515,-31.216048570395515,-2.8823682890485243,-2.8823682890485243
2025-12-08,CE,25960.55,27850.0,8.0,0.1,0.0792986005622606,1.35,1.3,0.0,0.0,-1.35,-1.3,-100.0,-100.0
2025-12-08,CE,25960.55,24500.0,8.0,0.1,0.0792986005622606,1500.85,1482.15,1544.3186375361588,11.447291434948944,43.468637536158894,62.16863753615871,2.8962679505719358,4.194490269956395
2025-12-08,CE,25960.55,24450.0,8.0,0.1,0.0792986005622606,1561.8,1567.4,1590.5055452781744,11.3607816000537,28.70554527817444,23.105545278174304,1.8379783120869793,1.4741320197890968
2025-12-08,CE,25960.55,26950.0,8.0,0.1,0.0792986005622606,4.45,4.8,0.8331721211407463,0.3756726062926073,-3.6168278788592536,-3.9668278788592533,-81.2770309856012,-82.64224747623445
2025-12-08,PE,25960.55,24600.0,8.0,0.1,0.0792986005622606,4.9,5.1,0.0,0.0,-4.9,-5.1,-100.0,-100.0
2025-12-08,CE,25960.55,27450.0,8.0,0.1,0.0792986005622606,2.3,2.5,0.0,0.0,-2.3,-2.5,-100.0,-100.0
2025-12-08,PE,25960.55,25850.0,8.0,0.1,0.0792986005622606,92.3,97.0,67.26849859843855,4.349236479130718,-25.031501401561442,-29.731501401561445,-27.119719828343925,-30.651032372743757
2025-12-08,PE,25960.55,25350.0,8.0,0.1,0.0792986005622606,15.5,13.8,3.5241275619693235,0.9793919735473477,-11.975872438030677,-10.275872438030678,-77.263693148585,-74.46284375384549
2025-12-08,PE,25960.55,26000.0,8.0,0.1,0.0792986005622606,151.95,158.75,124.30383726696458,6.368344697267739,-27.64616273303541,-34.44616273303542,-18.19424990657151,-21.698370225534124
2025-12-08,PE,25960.55,26200.0,8.0,0.1,0.0792986005622606,273.5,283.6,254.59212596020558,8.578160037235262,-18.90787403979442,-29.007874039794444,-6.913299466103993,-10.22844641741694
2025-12-08,PE,25960.55,25400.0,8.0,0.1,0.0792986005622606,18.1,17.35,3.920996994739957,0.9490085709373767,-14.179003005260045,-13.429003005260045,-78.33703317823229,-77.40059369025961
2025-12-08,CE,25960.55,25800.0,8.0,0.1,0.0792986005622606,276.75,265.95,299.39138664629456,9.45141918240476,22.641386646294563,33.441386646294575,8.181169519889634,12.574313459783633
2025-12-08,CE,25960.55,24600.0,8.0,0.1,0.0792986005622606,1399.3,1399.3,1432.0980092399302,11.354061012069858,32.79800923993025,32.79800923993025,2.3438868891538807,2.3438868891538807
2025-12-08,PE,25960.55,26050.0,8.0,0.1,0.0792986005622606,177.05,185.7,161.24139001037344,7.075129292920147,-15.808609989626575,-24.458609989626552,-8.928895786290072,-13.171033920100461
2025-12-08,CE,25960.55,26200.0,8.0,0.1,0.0792986005622606,73.0,66.35,78.1659738974303,5.268425720719484,5.165973897430305,11.815973897430311,7.076676571822336,17.808551465607103
2025-12-08,PE,25960.55,25550.0,8.0,0.1,0.0792986005622606,30.75,31.0,10.251642145105434,1.8012184350380813,-20.498357854894564,-20.748357854894564,-66.6613263573807,-66.93018662869214
2025-12-08,PE,25960.55,24400.0,8.0,0.1,0.0792986005622606,4.35,3.6,0.0,0.0,-4.35,-3.6,-100.0,-100.0
2025-12-08,PE,25960.55,26500.0,8.0,0.1,0.0792986005622606,520.2,535.0,484.34877439538997,10.958470234678375,-35.85122560461008,-50.65122560461003,-6.891815764054224,-9.467518804600006
2025-12-08,CE,25960.55,24250.0,8.0,0.1,0.0792986005622606,1765.05,1765.05,1786.389192903641,11.607034650022944,21.339192903641106,21.339192903641106,1.2089851790964055,1.2089851790964055
2025-12-08,CE,25960.55,26150.0,8.0,0.1,0.0792986005622606,89.1,81.85,88.01964484269,5.3233072634942395,-1.0803551573099952,6.169644842690005,-1.2125198174074021,7.537745684410513
2025-12-08,CE,25960.55,26450.0,8.0,0.1,0.0792986005622606,23.25,21.15,30.8031542966103,3.2135188793848006,7.553154296610298,9.6531542966103,32.48668514671096,45.64139147333475
2025-12-08,PE,25960.55,26850.0,8.0,0.1,0.0792986005622606,838.35,839.55,822.4557350121951,11.33130170690821,-15.894264987804945,-17.094264987804877,-1.8958984896290265,-2.036122325984739
2025-12-08,PE,25960.55,24800.0,8.0,0.1,0.0792986005622606,6.0,6.15,0.0,0.0,-6.0,-6.15,-100.0,-100.0
2025-12-08,PE,25960.55,25450.0,8.0,0.1,0.0792986005622606,21.7,23.0,6.265879665639301,1.3037606631841931,-15.4341203343607,-16.7341203343607,-71.12497849935806,-72.75704493200304
2025-12-08,PE,25960.55,24100.0,8.0,0.1,0.0792986005622606,3.35,3.0,0.0,0.0,-3.35,-3.0,-100.0,-100.0
2025-12-08,PE,25960.55,27550.0,8.0,0.1,0.0792986005622606,1528.05,1523.05,1503.9507697429076,11.449617353387898,-24.09923025709236,-19.09923025709236,-1.5771231476124705,-1.2540120322440076
2025-12-08,PE,25960.55,25250.0,8.0,0.1,0.0792986005622606,12.05,14.6,3.3309101796676392,0.9294943410503118,-8.71908982033236,-11.269089820332361,-72.3575918699781,-77.18554671460521
2025-12-08,PE,25960.55,25100.0,8.0,0.1,0.0792986005622606,8.85,9.0,0.2148273150144718,0.13989313041019652,-8.635172684985529,-8.785172684985529,-97.57257271170089,-97.61302983317255
2025-12-08,CE,25960.55,25150.0,8.0,0.1,0.0792986005622606,866.75,866.75,897.9052342323572,11.416124117476572,31.155234232357202,31.155234232357202,3.59448909516668,3.59448909516668
2025-12-08,CE,25960.55,27300.0,8.0,0.1,0.0792986005622606,2.8,3.05,0.0,0.0,-2.8,-3.05,-100.0,-100.0
2025-12-08,PE,25960.55,26700.0,8.0,0.1,0.0792986005622606,714.85,723.7,639.1639119690257,10.836573204816254,-75.68608803097436,-84.53608803097438,-10.587688050776297,-11.681095485833131
2025-12-08,PE,25960.55,27300.0,8.0,0.1,0.0792986005622606,1293.75,1292.6,1251.212601639297,11.789728118124298,-42.53739836070304,-41.387398360702946,-3.2879148491364667,-3.201872068753129
2025-12-08,PE,25960.55,25800.0,8.0,0.1,0.0792986005622606,77.55,81.55,58.70015906311043,4.195578667233148,-18.849840936889564,-22.849840936889564,-24.306693664590025,-28.019424815315226
2025-12-08,PE,25960.55,24250.0,8.0,0.1,0.0792986005622606,3.95,3.35,0.0,0.0,-3.95,-3.35,-100.0,-100.0
2025-12-08,CE,25960.55,26600.0,8.0,0.1,0.0792986005622606,11.9,11.75,10.01996792922417,1.6679266295354997,-1.8800320707758296,-1.7300320707758292,-15.798588830048988,-14.723677198092163
2025-12-08,PE,25960.55,24050.0,8.0,0.1,0.0792986005622606,3.2,3.35,0.0,0.0,-3.2,-3.35,-100.0,-100.0
2025-12-08,PE,25960.55,27050.0,8.0,0.1,0.0792986005622606,1031.65,1026.6,998.7562279665617,11.21310216260881,-32.89377203343838,-27.8437720334382,-3.18846236935379,-2.7122318364931037
2025-12-08,CE,25960.55,26250.0,8.0,0.1,0.0792986005622606,59.35,53.85,68.7226592670665,4.950246897983136,9.372659267066503,14.872659267066503,15.792180736422075,27.618680161683386
2025-12-08,CE,25960.55,25400.0,8.0,0.1,0.0792986005622606,616.15,599.4,652.9081560341879,11.391625628760783,36.75815603418789,53.50815603418789,5.96578041616293,8.926952958656639
2025-12-08,CE,25960.55,25950.0,8.0,0.1,0.0792986005622606,181.05,167.75,204.5990144196167,7.9725791478818175,23.549014419616697,36.84901441961671,13.006912134557687,21.966625585464506
2025-12-08,CE,25960.55,25250.0,8.0,0.1,0.0792986005622606,770.4,770.4,795.3112905095046,11.217152247545835,24.911290509504624,24.911290509504624,3.2335527660312335,3.2335527660312335
2025-12-08,PE,25960.55,26800.0,8.0,0.1,0.0792986005622606,811.35,817.25,735.7126696434757,11.614266051199902,-75.63733035652433,-81.53733035652431,-9.322404678193669,-9.97703644619447
2025-12-08,CE,25960.55,26850.0,8.0,0.1,0.0792986005622606,5.5,6.0,2.703672203656172,0.9697407159258716,-2.796327796343828,-3.296327796343828,-50.84232356988778,-54.93879660573047
2025-12-08,PE,25960.55,24750.0,8.0,0.1,0.0792986005622606,5.75,5.85,0.04507978473802867,0.045079784738028664,-5.704920215261971,-5.804920215261971,-99.21600374368646,-99.22940538909353
2025-12-08,CE,25960.55,26550.0,8.0,0.1,0.0792986005622606,14.9,13.95,18.26505892282873,2.39807204432979,3.3650589228287284,4.3150589228287295,22.584288072676028,30.93232202744609
2025-12-08,PE,25960.55,27200.0,8.0,0.1,0.0792986005622606,1189.0,1189.0,1152.4200598577195,11.360337176666471,-36.57994014228052,-36.57994014228052,-3.0765298689891103,-3.0765298689891103
2025-12-08,CE,25960.55,25100.0,8.0,0.1,0.0792986005622606,890.55,886.25,921.3918476283906,11.544813454807706,30.84184762839061,35.141847628390565,3.4632359360384717,3.9652296336688932
2025-12-08,CE,25960.55,24000.0,8.0,0.1,0.0792986005622606,1990.9,1972.5,2052.51681287024,11.670345524832484,61.616812870239755,80.01681287023985,3.0949225410738737,4.056619156919637
2025-12-08,PE,25960.55,24450.0,8.0,0.1,0.0792986005622606,4.4,4.25,0.0,0.0,-4.4,-4.25,-100.0,-100.0
2025-12-08,CE,25960.55,27100.0,8.0,0.1,0.0792986005622606,3.5,4.85,0.0,0.0,-3.5,-4.85,-100.0,-100.0
2025-12-08,PE,25960.55,24650.0,8.0,0.1,0.0792986005622606,5.05,4.7,0.0,0.0,-5.05,-4.7,-100.0,-100.0
2025-12-08,PE,25960.55,23950.0,8.0,0.1,0.0792986005622606,2.95,2.5,0.0,0.0,-2.95,-2.5,-100.0,-100.0
2025-12-08,PE,25960.55,26250.0,8.0,0.1,0.0792986005622606,309.7,319.0,274.47892743363445,9.016134822861579,-35.221072566365535,-44.52107256636555,-11.37264209440282,-13.956449080365374
2025-12-08,CE,25960.55,24100.0,8.0,0.1,0.0792986005622606,1922.35,1919.2,1941.1235182205555,11.27375170757376,18.773518220555616,21.92351822055548,0.9765920992824207,1.1423258764357795
2025-12-08,PE,25960.55,27650.0,8.0,0.1,0.0792986005622606,1654.3,1648.9,1593.4905423132986,11.377898537592582,-60.80945768670131,-55.409457686701444,-3.6758422104032706,-3.3603892101826336
2025-12-08,PE,25960.55,27450.0,8.0,0.1,0.0792986005622606,1435.9,1435.9,1394.409740103114,11.514406659575798,-41.49025989688607,-41.49025989688607,-2.8894950830062034,-2.8894950830062034
2025-12-08,CE,25960.55,25500.0,8.0,0.1,0.0792986005622606,521.15,506.0,561.8128963180392,11.076586599450614,40.6628963180392,55.81289631803918,7.802532153514191,11.030216663644106
2025-12-08,PE,25960.55,27000.0,8.0,0.1,0.0792986005622606,1003.05,1018.55,951.2549154442823,11.748000961324184,-51.79508455571761,-67.29508455571761,-5.163758990650278,-6.606949541575535
2025-12-08,CE,25960.55,25200.0,8.0,0.1,0.0792986005622606,811.4,797.55,857.5442945397122,11.615730637033305,46.14429453971218,59.9942945397122,5.686997108665539,7.522323934513472
2025-12-08,CE,25960.55,26050.0,8.0,0.1,0.0792986005622606,129.15,118.6,144.9610731408563,7.008260890939005,15.811073140856308,26.36107314085632,12.242410484596444,22.22687448638813
2025-12-08,CE,25960.55,26300.0,8.0,0.1,0.0792986005622606,47.1,43.0,53.21320278216572,4.275483142733357,6.113202782165722,10.213202782165723,12.979199112878389,23.751634377129587
2025-12-08,PE,25960.55,27400.0,8.0,0.1,0.0792986005622606,1395.7,1395.7,1359.1861437544371,11.553213512806838,-36.51385624556292,-36.51385624556292,-2.616167961994907,-2.616167961994907
2025-12-08,PE,25960.55,25650.0,8.0,0.1,0.0792986005622606,44.2,45.9,27.23678451751518,2.850466130048351,-16.963215482484824,-18.66321548248482,-38.378315571232626,-40.66060017970549
2025-12-08,CE,25960.55,24750.0,8.0,0.1,0.0792986005622606,1274.1,1277.05,1302.6753302567452,12.06379134363519,28.575330256745247,25.6253302567452,2.2427855157950907,2.006603520359046
2025-12-08,PE,25960.55,25150.0,8.0,0.1,0.0792986005622606,9.7,9.3,1.580650387241563,0.7656110468232971,-8.119349612758436,-7.719349612758438,-83.70463518307666,-83.00375927697245
2025-12-08,PE,25960.55,24900.0,8.0,0.1,0.0792986005622606,6.65,6.75,0.0,0.0,-6.65,-6.75,-100.0,-100.0
2025-12-09,PE,25839.65,24800.0,7.0,0.1,0.0781257600541264,4.0,3.95,0.0,0.0,-4.0,-3.95,-100.0,-100.0
2025-12-09,CE,25839.65,24350.0,7.0,0.1,0.0781257600541264,1537.2,1534.3,1543.711821371596,10.711400444185893,6.511821371595943,9.411821371596034,0.42361575407207536,0.613427711112301
2025-12-09,CE,25839.65,26400.0,7.0,0.1,0.0781257600541264,10.55,10.8,11.926654350267079,1.697949830803534,1.3766543502670778,1.1266543502670778,13.048856400635808,10.431984724695164
2025-12-09,CE,25839.65,27150.0,7.0,0.1,0.0781257600541264,1.8,1.75,0.0,0.0,-1.8,-1.75,-100.0,-100.0
2025-12-09,CE,25839.65,24550.0,7.0,0.1,0.0781257600541264,1316.15,1316.15,1355.2328788942184,10.929785389498882,39.08287889421831,39.08287889421831,2.9694851570275658,2.9694851570275658
2025-12-09,PE,25839.65,25150.0,7.0,0.1,0.0781257600541264,6.9,6.85,1.591940038326516,0.6337358304518865,-5.308059961673484,-5.258059961673483,-76.9284052416447,-76.75999944048881
2025-12-09,PE,25839.65,25750.0,7.0,0.1,0.0781257600541264,79.15,79.0,64.87506533095532,4.293835100520316,-14.274934669044683,-14.124934669044677,-18.035293327914946,-17.879664138031238
2025-12-09,CE,25839.65,27750.0,7.0,0.1,0.0781257600541264,1.2,1.1,0.0,0.0,-1.2,-1.1,-100.0,-100.0
2025-12-09,PE,25839.65,26050.0,7.0,0.1,0.0781257600541264,233.2,234.95,211.4258289722167,7.42789668120176,-21.774171027783296,-23.524171027783296,-9.337123082239836,-10.012415844981186
2025-12-09,CE,25839.65,27550.0,7.0,0.1,0.0781257600541264,1.45,1.2,0.0,0.0,-1.45,-1.2,-100.0,-100.0
2025-12-09,CE,25839.65,27200.0,7.0,0.1,0.0781257600541264,1.7,1.6,0.3068962248923216,0.30689622489232155,-1.3931037751076785,-1.2931037751076784,-81.94728088868698,-80.8189859442299
2025-12-09,PE,25839.65,25350.0,7.0,0.1,0.0781257600541264,12.9,13.0,7.129555547581358,1.428306197862531,-5.7704444524186425,-5.870444452418642,-44.732127538129006,-45.15726501860494
2025-12-09,CE,25839.65,26250.0,7.0,0.1,0.0781257600541264,23.9,23.7,27.72162869845593,2.7350165546760743,3.821628698455932,4.021628698455931,15.99007823621729,16.968897461839372
2025-12-09,PE,25839.65,24500.0,7.0,0.1,0.0781257600541264,3.15,3.1,0.0,0.0,-3.15,-3.1,-100.0,-100.0
2025-12-09,CE,25839.65,25550.0,7.0,0.1,0.0781257600541264,362.5,361.1,384.0627964537906,9.434096868957761,21.56279645379061,22.962796453790588,5.9483576424249955,6.359123914093212
2025-12-09,CE,25839.65,24800.0,7.0,0.1,0.0781257600541264,1082.55,1085.0,1098.5613956894172,10.620693365167256,16.011395689417213,13.561395689417168,1.479044449625164,1.2498982202227804
2025-12-09,CE,25839.65,27400.0,7.0,0.1,0.0781257600541264,1.45,1.35,0.0,0.0,-1.45,-1.35,-100.0,-100.0
2025-12-09,PE,25839.65,27850.0,7.0,0.1,0.0781257600541264,1983.0,1983.0,1916.6175236716153,11.130534527729292,-66.38247632838466,-66.38247632838466,-3.3475782313860143,-3.3475782313860143
2025-12-09,CE,25839.65,26850.0,7.0,0.1,0.0781257600541264,2.35,2.25,0.4924403730795765,0.2940107886238241,-1.8575596269204235,-1.7575596269204234,-79.04509050725206,-78.11376119646326
2025-12-09,CE,25839.65,24850.0,7.0,0.1,0.0781257600541264,1027.05,1027.05,1063.5027145968138,10.814807444907137,36.45271459681385,36.45271459681385,3.5492638719452656,3.5492638719452656
2025-12-09,PE,25839.65,27650.0,7.0,0.1,0.0781257600541264,1767.45,1761.8,1740.1884845713942,10.65029231071386,-27.26151542860589,-21.6115154286058,-1.5424207433650676,-1.2266724616077762
2025-12-09,CE,25839.65,25050.0,7.0,0.1,0.0781257600541264,840.5,840.5,852.6290267694947,11.336076184690548,12.129026769494658,12.129026769494658,1.443072786376521,1.443072786376521
2025-12-09,PE,25839.65,24550.0,7.0,0.1,0.0781257600541264,3.25,3.35,0.0,0.0,-3.25,-3.35,-100.0,-100.0
2025-12-09,CE,25839.65,27350.0,7.0,0.1,0.0781257600541264,1.45,1.4,0.0,0.0,-1.45,-1.4,-100.0,-100.0
2025-12-09,PE,25839.65,25550.0,7.0,0.1,0.0781257600541264,31.95,32.15,23.6337346819499,2.50700007843137,-8.3162653180501,-8.516265318050099,-26.02899943051674,-26.489161175894555
2025-12-09,CE,25839.65,26650.0,7.0,0.1,0.0781257600541264,3.7,3.6,1.7774685506822387,0.6559299112692234,-1.9225314493177614,-1.8225314493177613,-51.96030944102058,-50.62587359216003
2025-12-09,CE,25839.65,26550.0,7.0,0.1,0.0781257600541264,5.3,5.3,3.768475573214239,0.8823487346234152,-1.5315244267857606,-1.5315244267857606,-28.896687297844544,-28.896687297844544
2025-12-09,PE,25839.65,25000.0,7.0,0.1,0.0781257600541264,5.3,5.35,0.0,0.0,-5.3,-5.35,-100.0,-100.0
2025-12-09,PE,25839.65,27550.0,7.0,0.1,0.0781257600541264,1675.2,1660.0,1619.9328892781896,10.506091628450239,-55.26711072181047,-40.06711072181042,-3.2991350717413126,-2.4136813687837604
2025-12-09,PE,25839.65,27300.0,7.0,0.1,0.0781257600541264,1407.35,1409.25,1396.4566589433412,10.792345259953308,-10.893341056658755,-12.793341056658846,-0.7740321211254312,-0.9078120316947913
2025-12-09,PE,25839.65,24850.0,7.0,0.1,0.0781257600541264,4.2,4.3,0.0,0.0,-4.2,-4.3,-100.0,-100.0
2025-12-09,CE,25839.65,26500.0,7.0,0.1,0.0781257600541264,6.7,6.85,5.675390997212536,1.3324869002044333,-1.0246090027874644,-1.1746090027874638,-15.29267168339499,-17.14757668302867
2025-12-09,CE,25839.65,24200.0,7.0,0.1,0.0781257600541264,1600.0,1600.0,1705.6102637937693,10.796907989982662,105.61026379376926,105.61026379376926,6.600641487110578,6.600641487110578
2025-12-09,PE,25839.65,24050.0,7.0,0.1,0.0781257600541264,2.05,1.95,0.0,0.0,-2.05,-1.95,-100.0,-100.0
2025-12-09,CE,25839.65,24700.0,7.0,0.1,0.0781257600541264,1175.45,1175.45,1233.447557171891,10.344132011532965,57.997557171891,57.997557171891,4.934072667649922,4.934072667649922
2025-12-09,CE,25839.65,24050.0,7.0,0.1,0.0781257600541264,1829.65,1826.75,1855.8416534698258,10.763158201342167,26.191653469825724,29.091653469825815,1.4315116809130557,1.5925361144013037
2025-12-09,CE,25839.65,27800.0,7.0,0.1,0.0781257600541264,1.15,1.1,0.0,0.0,-1.15,-1.1,-100.0,-100.0
2025-12-09,CE,25839.65,25950.0,7.0,0.1,0.0781257600541264,102.8,101.1,124.32757715479758,6.01047977857952,21.527577154797584,23.227577154797586,20.94122291322722,22.974853763400187
2025-12-09,CE,25839.65,26950.0,7.0,0.1,0.0781257600541264,2.05,1.95,0.01481255101260065,0.014812551012600652,-2.0351874489873993,-1.9351874489873993,-99.27743653597071,-99.24038199935381
2025-12-09,CE,25839.65,27450.0,7.0,0.1,0.0781257600541264,1.4,1.3,0.0,0.0,-1.4,-1.3,-100.0,-100.0
2025-12-09,PE,25839.65,26350.0,7.0,0.1,0.0781257600541264,480.95,481.3,458.09427231225067,9.849714306729158,-22.855727687749322,-23.205727687749345,-4.752204530148523,-4.821468457874371
2025-12-09,PE,25839.65,24250.0,7.0,0.1,0.0781257600541264,2.5,2.5,0.0,0.0,-2.5,-2.5,-100.0,-100.0
2025-12-09,PE,25839.65,26450.0,7.0,0.1,0.0781257600541264,575.1,574.0,554.8615300752718,10.387340587170266,-20.23846992472818,-19.138469924728156,-3.519121878756421,-3.334228209882954
2025-12-09,CE,25839.65,26600.0,7.0,0.1,0.0781257600541264,4.3,4.3,3.8949770674512543,1.095475109744669,-0.40502293254874555,-0.40502293254874555,-9.419137966249897,-9.419137966249897
2025-12-09,CE,25839.65,27050.0,7.0,0.1,0.0781257600541264,1.9,1.8,0.0,0.0,-1.9,-1.8,-100.0,-100.0
2025-12-09,PE,25839.65,24900.0,7.0,0.1,0.0781257600541264,4.4,4.55,0.44212064513844307,0.4421206451384431,-3.957879354861557,-4.107879354861557,-89.95180351958084,-90.28306274421004
2025-12-09,PE,25839.65,25900.0,7.0,0.1,0.0781257600541264,142.7,143.0,134.94968391474876,6.001411451668935,-7.750316085251228,-8.05031608525124,-5.431195574808148,-5.62959166800786
2025-12-09,PE,25839.65,27900.0,7.0,0.1,0.0781257600541264,2010.15,2010.0,1972.131921546915,10.82933474663978,-38.01807845308508,-37.86807845308499,-1.8913055470032125,-1.8839840026410444
2025-12-09,PE,25839.65,27100.0,7.0,0.1,0.0781257600541264,1220.0,1220.0,1197.7297751865474,10.951427963067218,-22.270224813452614,-22.270224813452614,-1.8254282633977552,-1.8254282633977552
2025-12-09,CE,25839.65,25650.0,7.0,0.1,0.0781257600541264,283.15,280.5,310.94894604829966,8.899212977700822,27.798946048299683,30.44894604829966,9.817745381705699,10.855239232905404
2025-12-09,CE,25839.65,27600.0,7.0,0.1,0.0781257600541264,1.45,1.45,0.0,0.0,-1.45,-1.45,-100.0,-100.0
2025-12-09,CE,25839.65,27300.0,7.0,0.1,0.0781257600541264,1.5,1.45,0.0,0.0,-1.5,-1.45,-100.0,-100.0
2025-12-09,PE,25839.65,24350.0,7.0,0.1,0.0781257600541264,2.75,3.1,0.0,0.0,-2.75,-3.1,-100.0,-100.0
2025-12-09,PE,25839.65,25200.0,7.0,0.1,0.0781257600541264,7.75,7.7,1.7334339123958549,0.5023615968108446,-6.016566087604145,-5.9665660876041455,-77.63311080779542,-77.4878712675863
2025-12-09,PE,25839.65,25800.0,7.0,0.1,0.0781257600541264,97.4,98.1,82.69423301900507,4.923341143204536,-14.705766980994937,-15.405766980994926,-15.098323389111846,-15.70414575024967
2025-12-09,CE,25839.65,25700.0,7.0,0.1,0.0781257600541264,246.1,244.0,265.05806105055774,8.041151540951923,18.958061050557745,21.05806105055774,7.703397419974705,8.630352889572844
2025-12-09,PE,25839.65,27500.0,7.0,0.1,0.0781257600541264,1616.6,1613.05,1594.4781108164593,10.455547065655374,-22.12188918354059,-18.571889183540634,-1.3684207091142269,-1.1513523563150947
2025-12-09,PE,25839.65,24750.0,7.0,0.1,0.0781257600541264,3.8,4.0,0.002260464087986481,0.0022604640879864816,-3.7977395359120134,-3.9977395359120136,-99.94051410294773,-99.94348839780034
2025-12-09,CE,25839.65,25400.0,7.0,0.1,0.0781257600541264,497.6,497.0,533.398410358201,10.089902510162982,35.798410358200954,36.39841035820098,7.1942143002815415,7.32362381452736
2025-12-09,PE,25839.65,24650.0,7.0,0.1,0.0781257600541264,3.6,3.6,0.0,0.0,-3.6,-3.6,-100.0,-100.0
2025-12-09,CE,25839.65,26300.0,7.0,0.1,0.0781257600541264,18.05,18.4,21.271976674597127,2.5308536824696044,3.2219766745971263,2.8719766745971285,17.850286285856654,15.608568883680046
2025-12-09,PE,25839.65,23950.0,7.0,0.1,0.0781257600541264,1.85,1.85,0.0,0.0,-1.85,-1.85,-100.0,-100.0
2025-12-09,PE,25839.65,27950.0,7.0,0.1,0.0781257600541264,2072.4,2075.0,2052.4560305537143,10.614924555898757,-19.94396944628579,-22.5439694462857,-0.9623610039705555,-1.086456358857142
2025-12-09,CE,25839.65,26350.0,7.0,0.1,0.0781257600541264,13.9,13.7,18.706167485792143,2.6098891729314992,4.806167485792143,5.006167485792144,34.57674450210175,36.54136850943171
2025-12-09,CE,25839.65,25600.0,7.0,0.1,0.0781257600541264,322.65,323.9,359.2622728785497,9.514226162767127,36.61227287854973,35.36227287854973,11.347364908895004,10.917651398132056
2025-12-09,CE,25839.65,25250.0,7.0,0.1,0.0781257600541264,644.6,642.0,670.9585694404831,10.322372921482106,26.358569440483052,28.958569440483075,4.089135811430817,4.510680598206086
2025-12-09,CE,25839.65,26050.0,7.0,0.1,0.0781257600541264,65.95,64.45,76.28209997528104,4.9854387582796145,10.33209997528104,11.83209997528104,15.666565542503472,18.35857249849657
2025-12-09,PE,25839.65,26750.0,7.0,0.1,0.0781257600541264,870.1,869.85,852.7778394991192,10.720753739319587,-17.32216050088084,-17.07216050088084,-1.9908241007793173,-1.9626556878635213
2025-12-09,PE,25839.65,26550.0,7.0,0.1,0.0781257600541264,673.25,670.35,637.4550764904102,10.4691181513778,-35.79492350958981,-32.89492350958983,-5.316735760800566,-4.907126651687898
2025-12-09,CE,25839.65,26700.0,7.0,0.1,0.0781257600541264,3.25,3.1,0.729198322558733,0.3085382832399404,-2.520801677441267,-2.3708016774412672,-77.56312853665438,-76.47747346584732
2025-12-09,PE,25839.65,26100.0,7.0,0.1,0.0781257600541264,268.35,268.2,255.86017674638134,8.216037861127107,-12.489823253618681,-12.339823253618647,-4.65430342970698,-4.6009780960546784
2025-12-09,CE,25839.65,27850.0,7.0,0.1,0.0781257600541264,1.15,1.05,0.0,0.0,-1.15,-1.05,-100.0,-100.0
2025-12-09,PE,25839.65,25250.0,7.0,0.1,0.0781257600541264,9.0,9.2,5.2475295354395515,1.2258062900464153,-3.7524704645604485,-3.952470464560448,-41.69411627289387,-42.9616354843527
2025-12-09,CE,25839.65,26900.0,7.0,0.1,0.0781257600541264,2.2,2.1,0.2426198472055985,0.1806179652495005,-1.9573801527944017,-1.8573801527944016,-88.97182512701825,-88.44667394259055
2025-12-09,PE,25839.65,26800.0,7.0,0.1,0.0781257600541264,915.2,913.0,884.5894404541177,10.374391973606736,-30.610559545882325,-28.41055954588228,-3.344685265065813,-3.1117808922105454
2025-12-09,CE,25839.65,26200.0,7.0,0.1,0.0781257600541264,31.2,30.55,38.58873983372432,3.401420824069396,7.388739833724319,8.038739833724318,23.6818584414241,26.31338734443312
2025-12-09,PE,25839.65,25050.0,7.0,0.1,0.0781257600541264,5.6,5.5,0.23528648654640746,0.17463423222339589,-5.364713513453593,-5.264713513453593,-95.79845559738558,-95.72206388097442
2025-12-09,CE,25839.65,25350.0,7.0,0.1,0.0781257600541264,546.55,547.1,575.8448378760145,10.349126681517028,29.294837876014526,28.744837876014458,5.359955699572688,5.254037264853675
2025-12-09,PE,25839.65,24000.0,7.0,0.1,0.0781257600541264,1.9,1.9,0.0,0.0,-1.9,-1.9,-100.0,-100.0
2025-12-09,PE,25839.65,25400.0,7.0,0.1,0.0781257600541264,15.7,15.75,8.167846356536025,1.5630254007316595,-7.532153643463975,-7.582153643463975,-47.97550091378328,-48.14065805373953
2025-12-09,CE,25839.65,24750.0,7.0,0.1,0.0781257600541264,1130.55,1130.0,1168.2343887569557,10.391517601609358,37.68438875695574,38.234388756955695,3.333279267343836,3.383574226279265
2025-12-09,CE,25839.65,24950.0,7.0,0.1,0.0781257600541264,939.75,939.75,959.0057541316949,10.695377104232415,19.255754131694857,19.255754131694857,2.0490294367326265,2.0490294367326265
2025-12-09,PE,25839.65,24150.0,7.0,0.1,0.0781257600541264,2.25,2.1,0.0,0.0,-2.25,-2.1,-100.0,-100.0
2025-12-09,PE,25839.65,26200.0,7.0,0.1,0.0781257600541264,347.6,348.4,320.18350259406157,8.949660901185572,-27.416497405938458,-28.216497405938412,-7.887369794573779,-8.09887985245075
2025-12-09,PE,25839.65,27450.0,7.0,0.1,0.0781257600541264,1578.0,1578.0,1548.8312812500517,10.512784925908651,-29.16871874994831,-29.16871874994831,-1.8484612642552796,-1.8484612642552796
2025-12-09,CE,25839.65,25200.0,7.0,0.1,0.0781257600541264,684.45,687.0,714.0692448898137,10.6823854250847,29.61924488981367,27.069244889813717,4.327451952635498,3.9402103187501774
2025-12-09,PE,25839.65,24400.0,7.0,0.1,0.0781257600541264,2.8,2.55,0.0,0.0,-2.8,-2.55,-100.0,-100.0
2025-12-09,CE,25839.65,26800.0,7.0,0.1,0.0781257600541264,2.6,2.6,0.43589607050317153,0.26142545495140773,-2.1641039294968287,-2.1641039294968287,-83.23476651910879,-83.23476651910879
2025-12-09,PE,25839.65,26600.0,7.0,0.1,0.0781257600541264,719.75,719.55,690.9615784239878,10.314912452522643,-28.788421576012183,-28.588421576012138,-3.999780698299713,-3.9730972935879563
2025-12-09,CE,25839.65,25450.0,7.0,0.1,0.0781257600541264,450.2,451.85,475.7379101454736,9.910641399633676,25.53791014547363,23.887910145473597,5.672570001215822,5.2866903055159
2025-12-09,CE,25839.65,26450.0,7.0,0.1,0.0781257600541264,8.2,8.1,7.449642933755431,1.2635066772836052,-0.7503570662445682,-0.6503570662445686,-9.150695929811809,-8.029099583266278
2025-12-09,CE,25839.65,24600.0,7.0,0.1,0.0781257600541264,1330.0,1330.0,1301.1713186558097,10.396741474504495,-28.828681344190272,-28.828681344190272,-2.167570025878968,-2.167570025878968
2025-12-09,CE,25839.65,27100.0,7.0,0.1,0.0781257600541264,1.8,1.75,0.12492012069369392,0.09131696965114562,-1.6750798793063062,-1.6250798793063062,-93.05999329479478,-92.86170738893178
2025-12-09,PE,25839.65,24200.0,7.0,0.1,0.0781257600541264,2.3,2.5,0.0,0.0,-2.3,-2.5,-100.0,-100.0
2025-12-09,CE,25839.65,24250.0,7.0,0.1,0.0781257600541264,1630.65,1627.2,1658.990133454287,10.631991250673313,28.340133454286843,31.790133454286888,1.73796544042479,1.9536709349979648
2025-12-09,CE,25839.65,27700.0,7.0,0.1,0.0781257600541264,1.4,1.3,0.0,0.0,-1.4,-1.3,-100.0,-100.0
2025-12-09,PE,25839.65,27000.0,7.0,0.1,0.0781257600541264,1120.1,1121.0,1096.5879947858207,10.912102352684245,-23.512005214179226,-24.412005214179317,-2.099098760305261,-2.177698948633302
2025-12-09,PE,25839.65,27400.0,7.0,0.1,0.0781257600541264,1513.35,1509.65,1488.5883770218309,10.39328661815463,-24.761622978169044,-21.061622978169225,-1.6362125733088213,-1.3951328439154258
2025-12-09,PE,25839.65,27250.0,7.0,0.1,0.0781257600541264,1360.05,1357.35,1353.2419598841575,10.838194369683816,-6.808040115842459,-4.108040115842414,-0.5005727815773288,-0.3026514985701856
2025-12-09,CE,25839.65,25150.0,7.0,0.1,0.0781257600541264,735.95,732.25,758.3685187480614,10.7683961101444,22.418518748061388,26.118518748061433,3.0462013381427253,3.5668854555222165
2025-12-09,PE,25839.65,27800.0,7.0,0.1,0.0781257600541264,1916.9,1914.2,1866.2150876242818,10.93146417896582,-50.68491237571834,-47.984912375718295,-2.6441083194594572,-2.50678677127355
2025-12-09,PE,25839.65,24600.0,7.0,0.1,0.0781257600541264,3.45,3.5,0.0,0.0,-3.45,-3.5,-100.0,-100.0
2025-12-09,CE,25839.65,26100.0,7.0,0.1,0.0781257600541264,51.65,50.0,58.17994818556092,4.2147712295403466,6.529948185560919,8.179948185560917,12.642687677755893,16.359896371121835
2025-12-09,PE,25839.65,26650.0,7.0,0.1,0.0781257600541264,766.0,773.05,732.6539522032014,10.334694229356774,-33.34604779679864,-40.3960477967986,-4.353269947362747,-5.225541400530186
2025-12-09,PE,25839.65,25300.0,7.0,0.1,0.0781257600541264,10.5,10.7,3.5173284142635355,0.9758207407450649,-6.9826715857364645,-7.182671585736464,-66.5016341498711,-67.12777182931275
2025-12-09,CE,25839.65,25850.0,7.0,0.1,0.0781257600541264,151.3,149.15,179.98327825885022,6.985781725759426,28.68327825885021,30.833278258850214,18.95788384590232,20.672663934864374
2025-12-09,PE,25839.65,26300.0,7.0,0.1,0.0781257600541264,434.5,435.4,423.2418682773855,9.626907126400086,-11.258131722614507,-12.158131722614485,-2.5910544816143863,-2.792405080986331
2025-12-09,PE,25839.65,26150.0,7.0,0.1,0.0781257600541264,307.75,308.1,296.2853544071533,8.533946981568329,-11.464645592846693,-11.814645592846716,-3.7253113218023373,-3.8346788681748514
2025-12-09,CE,25839.65,24300.0,7.0,0.1,0.0781257600541264,1580.0,1580.0,1609.2697002834836,10.995145670541213,29.269700283483644,29.269700283483644,1.852512676169851,1.852512676169851
2025-12-09,PE,25839.65,25650.0,7.0,0.1,0.0781257600541264,50.75,50.75,42.39943174934264,3.381796371825017,-8.35056825065736,-8.35056825065736,-16.45432167617214,-16.45432167617214
2025-12-09,PE,25839.65,26950.0,7.0,0.1,0.0781257600541264,1085.0,1085.0,1027.636212864234,10.747950171801117,-57.36378713576596,-57.36378713576596,-5.2869849894715175,-5.2869849894715175
2025-12-09,PE,25839.65,24700.0,7.0,0.1,0.0781257600541264,3.75,3.65,0.0,0.0,-3.75,-3.65,-100.0,-100.0
2025-12-09,PE,25839.65,25450.0,7.0,0.1,0.0781257600541264,19.8,20.2,12.584027331973639,1.837720604026162,-7.215972668026362,-7.615972668026361,-36.444306404173545,-37.70283499022951
2025-12-09,PE,25839.65,27350.0,7.0,0.1,0.0781257600541264,1465.05,1462.6,1430.7903713707371,10.60564947517937,-34.25962862926281,-31.80962862926276,-2.3384613923936253,-2.1748686332054397
2025-12-09,PE,25839.65,27150.0,7.0,0.1,0.0781257600541264,1280.85,1280.85,1244.056338525331,10.747291777887714,-36.79366147466885,-36.79366147466885,-2.8725972186180155,-2.8725972186180155
2025-12-09,CE,25839.65,26150.0,7.0,0.1,0.0781257600541264,40.55,39.95,44.08965228597057,3.5824408900233853,3.5396522859705755,4.13965228597057,8.729105514107461,10.362083319075268
2025-12-09,CE,25839.65,24900.0,7.0,0.1,0.0781257600541264,984.0,984.0,1014.2533994200132,10.360958397632118,30.25339942001324,30.25339942001324,3.074532461383459,3.074532461383459
2025-12-09,PE,25839.65,27700.0,7.0,0.1,0.0781257600541264,1810.0,1810.0,1775.7390164015085,10.025955303813227,-34.26098359849152,-34.26098359849152,-1.8928720220161062,-1.8928720220161062
2025-12-09,PE,25839.65,25700.0,7.0,0.1,0.0781257600541264,63.65,63.65,51.266062587485145,3.782953334583613,-12.383937412514854,-12.383937412514854,-19.456303868837164,-19.456303868837164
2025-12-09,CE,25839.65,24650.0,7.0,0.1,0.0781257600541264,1211.4,1211.4,1273.8182547243377,10.577246762212546,62.41825472433766,62.41825472433766,5.152571794975867,5.152571794975867
2025-12-09,PE,25839.65,26700.0,7.0,0.1,0.0781257600541264,819.8,824.1,793.1529853334919,10.839868768090493,-26.647014666508085,-30.947014666508153,-3.2504287224332873,-3.7552499291964754
2025-12-09,PE,25839.65,27600.0,7.0,0.1,0.0781257600541264,1730.1,1730.1,1677.4008905054445,10.734618286423101,-52.69910949455539,-52.69910949455539,-3.0460152300188077,-3.0460152300188077
2025-12-09,CE,25839.65,24400.0,7.0,0.1,0.0781257600541264,1544.85,1544.85,1507.9508409763605,10.57718909277194,-36.89915902363941,-36.89915902363941,-2.38852697825934,-2.38852697825934
2025-12-09,PE,25839.65,27050.0,7.0,0.1,0.0781257600541264,1168.85,1165.9,1119.6067380209934,10.988115594920766,-49.24326197900655,-46.29326197900673,-4.212966760406087,-3.970603137405157
2025-12-09,CE,25839.65,25000.0,7.0,0.1,0.0781257600541264,883.7,885.95,882.513549374275,10.425952259603896,-1.1864506257250014,-3.4364506257250014,-0.13425943484497016,-0.38788313400586955
2025-12-09,PE,25839.65,24300.0,7.0,0.1,0.0781257600541264,2.55,2.5,0.0,0.0,-2.55,-2.5,-100.0,-100.0
2025-12-09,PE,25839.65,25600.0,7.0,0.1,0.0781257600541264,40.5,40.4,29.817690003795374,2.8572993160769444,-10.682309996204626,-10.582309996204625,-26.37607406470278,-26.193836624268872
2025-12-09,CE,25839.65,26000.0,7.0,0.1,0.0781257600541264,82.8,81.5,97.47274413004038,5.713328352660393,14.672744130040385,15.972744130040383,17.720705471063265,19.59845905526427
2025-12-09,CE,25839.65,27000.0,7.0,0.1,0.0781257600541264,2.0,1.95,0.0,0.0,-2.0,-1.95,-100.0,-100.0
2025-12-09,PE,25839.65,26400.0,7.0,0.1,0.0781257600541264,526.7,525.5,502.21908398435664,9.99226445053175,-24.480916015643402,-23.280916015643356,-4.64798101682996,-4.430240916392647
2025-12-09,PE,25839.65,25100.0,7.0,0.1,0.0781257600541264,6.05,6.15,1.2753058044215737,0.5241311180528044,-4.774694195578427,-4.874694195578426,-78.92056521617235,-79.26332025330774
2025-12-09,CE,25839.65,27500.0,7.0,0.1,0.0781257600541264,1.5,1.45,0.0,0.0,-1.5,-1.45,-100.0,-100.0
2025-12-09,CE,25839.65,25300.0,7.0,0.1,0.0781257600541264,591.85,592.0,626.7693160614707,10.3001637365091,34.91931606147068,34.769316061470704,5.9000280580334,5.873195280653835
2025-12-09,CE,25839.65,25500.0,7.0,0.1,0.0781257600541264,406.95,406.85,431.17980058539865,9.692621923425799,24.229800585398664,24.32980058539863,5.9539994066589665,5.980041928327056
2025-12-09,CE,25839.65,24450.0,7.0,0.1,0.0781257600541264,1457.8,1464.15,1452.3209695203166,11.357053543637457,-5.479030479683388,-11.829030479683524,-0.3758423981124563,-0.807911107446882
2025-12-09,PE,25839.65,26250.0,7.0,0.1,0.0781257600541264,390.9,391.05,375.7792503819466,9.423673498672642,-15.120749618053367,-15.2707496180534,-3.8681886973787076,-3.905063193467178
2025-12-09,PE,25839.65,24450.0,7.0,0.1,0.0781257600541264,2.95,2.8,0.0,0.0,-2.95,-2.8,-100.0,-100.0
2025-12-09,CE,25839.65,24500.0,7.0,0.1,0.0781257600541264,1382.55,1381.2,1410.8020914784868,10.689724427472086,28.25209147848682,29.602091478486727,2.043477015550021,2.143215427055222
2025-12-09,PE,25839.65,26000.0,7.0,0.1,0.0781257600541264,199.2,200.7,187.2097659419952,7.299992049269677,-11.990234058004802,-13.490234058004802,-6.019193804219278,-6.721591458896264
2025-12-09,PE,25839.65,25950.0,7.0,0.1,0.0781257600541264,169.5,168.4,147.98150291485945,6.3040780129928065,-21.518497085140552,-20.418497085140558,-12.69527851630711,-12.124998269085841
2025-12-09,PE,25839.65,26500.0,7.0,0.1,0.0781257600541264,624.15,623.4,587.0340488445617,10.261235524486446,-37.115951155438324,-36.365951155438324,-5.946639614746187,-5.833485908796652
2025-12-09,PE,25839.65,25850.0,7.0,0.1,0.0781257600541264,118.45,118.75,103.59899935404755,5.573755065881464,-14.851000645952453,-15.15100064595245,-12.537780199200043,-12.758737386065222
2025-12-09,CE,25839.65,24100.0,7.0,0.1,0.0781257600541264,1785.8,1785.8,1805.0317271129657,10.780290260238237,19.2317271129657,19.2317271129657,1.0769250259248349,1.0769250259248349
2025-12-09,CE,25839.65,25100.0,7.0,0.1,0.0781257600541264,787.15,781.65,818.3084767540074,10.426252220633268,31.158476754007438,36.65847675400744,3.9583912537645225,4.6898838040053015
2025-12-09,PE,25839.65,24100.0,7.0,0.1,0.0781257600541264,2.05,2.05,0.0,0.0,-2.05,-2.05,-100.0,-100.0
2025-12-09,CE,25839.65,27950.0,7.0,0.1,0.0781257600541264,1.1,1.0,0.0,0.0,-1.1,-1.0,-100.0,-100.0
2025-12-09,PE,25839.65,27750.0,7.0,0.1,0.0781257600541264,1861.2,1856.0,1822.0899821346318,10.327332659218229,-39.11001786536826,-33.91001786536822,-2.101333433557289,-1.827048376366822
2025-12-09,CE,25839.65,25900.0,7.0,0.1,0.0781257600541264,124.8,123.0,128.52588335255012,6.2276762045337195,3.7258833525501274,5.5258833525501245,2.985483455569012,4.4925880915041665
2025-12-09,CE,25839.65,24150.0,7.0,0.1,0.0781257600541264,1732.45,1729.95,1757.9257028077632,10.498006389126134,25.475702807763128,27.975702807763128,1.4705014752381385,1.6171393859801222
2025-12-09,PE,25839.65,27200.0,7.0,0.1,0.0781257600541264,1309.35,1307.0,1266.3276149548906,10.787670694318344,-43.02238504510933,-40.67238504510942,-3.2857818799487784,-3.1118886798094434
2025-12-09,CE,25839.65,27900.0,7.0,0.1,0.0781257600541264,1.15,1.2,0.0,0.0,-1.15,-1.2,-100.0,-100.0
2025-12-09,PE,25839.65,26900.0,7.0,0.1,0.0781257600541264,1018.5,1016.6,992.1324553038394,10.723178792528891,-26.36754469616062,-24.467544696160644,-2.5888605494512147,-2.40680156365932
2025-12-09,CE,25839.65,25750.0,7.0,0.1,0.0781257600541264,211.4,209.8,218.61950639393555,7.704172932207608,7.219506393935546,8.81950639393554,3.415092901577836,4.2037685385774735
2025-12-09,CE,25839.65,26750.0,7.0,0.1,0.0781257600541264,2.8,2.65,0.916320891767193,0.4271705358719042,-1.8836791082328068,-1.733679108232807,-67.2742538654574,-65.42185314086065
2025-12-09,CE,25839.65,27250.0,7.0,0.1,0.0781257600541264,1.65,1.65,0.12005156771413202,0.12005156771413203,-1.5299484322858679,-1.5299484322858679,-92.72414741126472,-92.72414741126472
2025-12-09,CE,25839.65,27650.0,7.0,0.1,0.0781257600541264,1.3,1.35,0.0,0.0,-1.3,-1.35,-100.0,-100.0
2025-12-09,CE,25839.65,25800.0,7.0,0.1,0.0781257600541264,179.95,178.0,188.74935082042992,7.181809941865546,8.799350820429936,10.749350820429925,4.889886535387573,6.0389611350729915
2025-12-09,CE,25839.65,23950.0,7.0,0.1,0.0781257600541264,1934.9,1934.6,1960.2454037904622,10.492469801870046,25.345403790462115,25.645403790462296,1.3099076846587479,1.3256178946791222
2025-12-09,PE,25839.65,25500.0,7.0,0.1,0.0781257600541264,25.35,25.85,14.887387724042888,1.9384463377133332,-10.462612275957113,-10.962612275957113,-41.272632252296305,-42.40855812749367
2025-12-09,PE,25839.65,24950.0,7.0,0.1,0.0781257600541264,4.8,4.7,0.0,0.0,-4.8,-4.7,-100.0,-100.0
2025-12-09,CE,25839.65,24000.0,7.0,0.1,0.0781257600541264,1879.15,1879.15,1912.1226298269414,10.73336910610172,32.97262982694133,32.97262982694133,1.7546566174568994,1.7546566174568994
2025-12-09,PE,25839.65,26850.0,7.0,0.1,0.0781257600541264,987.2,987.2,940.7017764054614,10.392009290579283,-46.49822359453867,-46.49822359453867,-4.710111790370611,-4.710111790370611
2025-12-10,CE,25758.0,27300.0,6.0,0.1,0.0785640253648767,1.7,1.75,0.0,0.0,-1.7,-1.75,-100.0,-100.0
2025-12-10,CE,25758.0,27850.0,6.0,0.1,0.0785640253648767,1.1,1.2,0.0,0.0,-1.1,-1.2,-100.0,-100.0
2025-12-10,CE,25758.0,26200.0,6.0,0.1,0.0785640253648767,19.9,20.15,18.351750223957982,2.1904419850323187,-1.5482497760420166,-1.7982497760420166,-7.780149628351843,-8.924316506411994
2025-12-10,CE,25758.0,26650.0,6.0,0.1,0.0785640253648767,3.8,3.7,0.4008190629006899,0.2854990501441513,-3.39918093709931,-3.2991809370993104,-89.45212992366606,-89.16705235403542
2025-12-10,PE,25758.0,24050.0,6.0,0.1,0.0785640253648767,2.05,1.8,0.0,0.0,-2.05,-1.8,-100.0,-100.0
2025-12-10,CE,25758.0,27350.0,6.0,0.1,0.0785640253648767,1.55,1.5,0.0,0.0,-1.55,-1.5,-100.0,-100.0
2025-12-10,CE,25758.0,27700.0,6.0,0.1,0.0785640253648767,1.4,1.45,0.0,0.0,-1.4,-1.45,-100.0,-100.0
2025-12-10,PE,25758.0,24250.0,6.0,0.1,0.0785640253648767,2.45,2.4,0.0,0.0,-2.45,-2.4,-100.0,-100.0
2025-12-10,CE,25758.0,26700.0,6.0,0.1,0.0785640253648767,3.4,3.45,0.12137985460220334,0.12137985460220337,-3.2786201453977966,-3.328620145397797,-96.43000427640578,-96.48174334486367
2025-12-10,CE,25758.0,27200.0,6.0,0.1,0.0785640253648767,1.85,1.8,0.0,0.0,-1.85,-1.8,-100.0,-100.0
2025-12-10,PE,25758.0,23950.0,6.0,0.1,0.0785640253648767,1.9,1.7,0.0,0.0,-1.9,-1.7,-100.0,-100.0
2025-12-10,PE,25758.0,25200.0,6.0,0.1,0.0785640253648767,10.05,10.5,3.41819352884463,0.7228817043553781,-6.631806471155371,-7.08180647115537,-65.98812409109821,-67.44577591576542
2025-12-10,CE,25758.0,24200.0,6.0,0.1,0.0785640253648767,1570.0,1590.0,1627.0284204385496,10.28209923375339,57.028420438549574,37.028420438549574,3.63238346742354,2.3288314741226146
2025-12-10,CE,25758.0,24450.0,6.0,0.1,0.0785640253648767,1356.0,1356.0,1353.3985245629508,9.996862559686008,-2.601475437049203,-2.601475437049203,-0.19184922102132765,-0.19184922102132765
2025-12-10,CE,25758.0,27550.0,6.0,0.1,0.0785640253648767,1.4,1.35,0.0,0.0,-1.4,-1.35,-100.0,-100.0
2025-12-10,PE,25758.0,27350.0,6.0,0.1,0.0785640253648767,1448.3,1448.3,1512.6442627206886,9.57812231158554,64.34426272068868,64.34426272068868,4.442744094503119,4.442744094503119
2025-12-10,PE,25758.0,26700.0,6.0,0.1,0.0785640253648767,902.9,911.95,883.1948788083322,9.909552268600414,-19.705121191667786,-28.755121191667854,-2.1824256497583105,-3.1531466847598937
2025-12-10,PE,25758.0,26650.0,6.0,0.1,0.0785640253648767,858.4,856.75,825.8661209664898,10.027187835591796,-32.533879033510175,-30.883879033510198,-3.7900604652271874,-3.6047714074712807
2025-12-10,CE,25758.0,25350.0,6.0,0.1,0.0785640253648767,460.65,459.0,467.71316216120704,9.26852809127081,7.06316216120706,8.713162161207038,1.5333034106603844,1.8982924098490277
2025-12-10,CE,25758.0,27650.0,6.0,0.1,0.0785640253648767,1.35,1.5,0.0,0.0,-1.35,-1.5,-100.0,-100.0
2025-12-10,CE,25758.0,25500.0,6.0,0.1,0.0785640253648767,329.75,323.35,347.6866911173133,8.949169179935781,17.936691117313273,24.33669111731325,5.439481764158688,7.526423725781119
2025-12-10,CE,25758.0,24650.0,6.0,0.1,0.0785640253648767,1173.45,1173.45,1169.8050938279116,9.976287004431233,-3.64490617208844,-3.64490617208844,-0.31061452742668544,-0.31061452742668544
2025-12-10,CE,25758.0,27000.0,6.0,0.1,0.0785640253648767,2.35,2.3,0.0,0.0,-2.35,-2.3,-100.0,-100.0
2025-12-10,PE,25758.0,24900.0,6.0,0.1,0.0785640253648767,5.05,5.15,0.1185107198608819,0.10472993996598592,-4.931489280139118,-5.031489280139119,-97.65325307206176,-97.69882097357512
2025-12-10,CE,25758.0,25800.0,6.0,0.1,0.0785640253648767,125.8,122.7,132.5206584620624,6.109565689269397,6.720658462062417,9.820658462062411,5.342335820399378,8.003796627597728
2025-12-10,PE,25758.0,25800.0,6.0,0.1,0.0785640253648767,130.25,134.55,113.53163432182002,5.38423918297731,-16.71836567817998,-21.01836567817999,-12.835597449658332,-15.6212305300483
2025-12-10,PE,25758.0,25000.0,6.0,0.1,0.0785640253648767,6.25,6.25,0.12979651716886537,0.08899948462997213,-6.120203482831134,-6.120203482831134,-97.92325572529815,-97.92325572529815
2025-12-10,PE,25758.0,26900.0,6.0,0.1,0.0785640253648767,1111.8,1111.8,1083.7059803763539,9.995398858007716,-28.09401962364609,-28.09401962364609,-2.526895091171622,-2.526895091171622
2025-12-10,PE,25758.0,27250.0,6.0,0.1,0.0785640253648767,1419.9,1419.9,1409.906848449503,9.797794064035214,-9.993151550497032,-9.993151550497032,-0.703792629797664,-0.703792629797664
2025-12-10,CE,25758.0,26400.0,6.0,0.1,0.0785640253648767,7.85,8.25,5.838914512601315,1.2571800638296626,-2.0110854873986845,-2.411085487398685,-25.61892340635267,-29.225278635135577
2025-12-10,CE,25758.0,25750.0,6.0,0.1,0.0785640253648767,152.45,148.5,167.63825865763098,6.449842084868419,15.188258657630996,19.138258657630985,9.962780359220071,12.887716267764974
2025-12-10,PE,25758.0,24400.0,6.0,0.1,0.0785640253648767,2.85,2.75,0.0,0.0,-2.85,-2.75,-100.0,-100.0
2025-12-10,PE,25758.0,24100.0,6.0,0.1,0.0785640253648767,2.1,2.0,0.0,0.0,-2.1,-2.0,-100.0,-100.0
2025-12-10,CE,25758.0,27400.0,6.0,0.1,0.0785640253648767,1.5,1.55,0.0,0.0,-1.5,-1.55,-100.0,-100.0
2025-12-10,PE,25758.0,24750.0,6.0,0.1,0.0785640253648767,4.2,4.15,0.2366087286783568,0.2366087286783568,-3.9633912713216435,-3.9133912713216437,-94.36645884099151,-94.29858485112393
2025-12-10,PE,25758.0,25750.0,6.0,0.1,0.0785640253648767,106.9,110.0,100.09731644798363,5.084498031009007,-6.802683552016376,-9.90268355201637,-6.363595464935805,-9.002439592742155
2025-12-10,CE,25758.0,24850.0,6.0,0.1,0.0785640253648767,931.45,931.45,973.8049884649345,9.593780271598648,42.35498846493442,42.35498846493442,4.547210098763693,4.547210098763693
2025-12-10,CE,25758.0,25450.0,6.0,0.1,0.0785640253648767,371.45,366.6,390.53638705583256,8.799777906516107,19.086387055832574,23.93638705583254,5.138346225826511,6.529292704809748
2025-12-10,CE,25758.0,26350.0,6.0,0.1,0.0785640253648767,9.8,10.2,5.363612090504892,1.1160035379405457,-4.436387909495108,-4.836387909495107,-45.26926438260314,-47.41556774014811
2025-12-10,PE,25758.0,26150.0,6.0,0.1,0.0785640253648767,380.1,386.4,330.1526429162426,8.45153324966775,-49.947357083757424,-56.24735708375738,-13.140583289596798,-14.55676943161423
2025-12-10,PE,25758.0,26300.0,6.0,0.1,0.0785640253648767,517.3,525.25,484.44070375467015,9.120102356216238,-32.8592962453298,-40.80929624532985,-6.352077371994937,-7.7694995231470445
2025-12-10,CE,25758.0,27150.0,6.0,0.1,0.0785640253648767,1.85,1.95,0.0,0.0,-1.85,-1.95,-100.0,-100.0
2025-12-10,PE,25758.0,25950.0,6.0,0.1,0.0785640253648767,220.6,227.45,202.37481601317384,6.815800076923637,-18.225183986826153,-25.075183986826147,-8.26164278641258,-11.024481858353989
2025-12-10,CE,25758.0,25900.0,6.0,0.1,0.0785640253648767,83.5,81.85,92.21684420589955,5.236141334539681,8.716844205899548,10.366844205899554,10.439334378322812,12.665661827610942
2025-12-10,PE,25758.0,26600.0,6.0,0.1,0.0785640253648767,810.9,812.85,773.8194209515495,10.046782392619246,-37.08057904845043,-39.03057904845048,-4.572768411450294,-4.801695152666602
2025-12-10,PE,25758.0,24650.0,6.0,0.1,0.0785640253648767,3.75,3.75,0.0,0.0,-3.75,-3.75,-100.0,-100.0
2025-12-10,CE,25758.0,26600.0,6.0,0.1,0.0785640253648767,4.15,4.25,0.8200609643526046,0.34329090276813873,-3.3299390356473957,-3.4299390356473953,-80.23949483487701,-80.70444789758578
2025-12-10,CE,25758.0,25700.0,6.0,0.1,0.0785640253648767,182.15,177.65,195.55332101271878,7.199165107656636,13.403321012718777,17.903321012718777,7.358397481591424,10.07786153263089
2025-12-10,PE,25758.0,25600.0,6.0,0.1,0.0785640253648767,54.95,56.5,42.517847880930844,3.273447869896109,-12.432152119069158,-13.982152119069156,-22.62448065344706,-24.747171892157798
2025-12-10,PE,25758.0,26850.0,6.0,0.1,0.0785640253648767,1056.5,1056.5,1028.7969609497788,9.840879312601123,-27.70303905022115,-27.70303905022115,-2.6221523000682585,-2.6221523000682585
2025-12-10,CE,25758.0,26950.0,6.0,0.1,0.0785640253648767,2.4,2.2,0.0,0.0,-2.4,-2.2,-100.0,-100.0
2025-12-10,PE,25758.0,26000.0,6.0,0.1,0.0785640253648767,256.35,263.2,246.3514492234688,7.843252249372487,-9.998550776531232,-16.848550776531198,-3.9003513854227547,-6.401425067071124
2025-12-10,CE,25758.0,27500.0,6.0,0.1,0.0785640253648767,1.5,1.6,0.0,0.0,-1.5,-1.6,-100.0,-100.0
2025-12-10,PE,25758.0,27950.0,6.0,0.1,0.0785640253648767,2170.0,2170.0,2107.4124766076566,10.001272607049657,-62.58752339234343,-62.58752339234343,-2.8842176678499274,-2.8842176678499274
2025-12-10,PE,25758.0,26750.0,6.0,0.1,0.0785640253648767,954.85,958.55,919.7592827208975,9.76745473522324,-35.09071727910248,-38.79071727910241,-3.6749978822959077,-4.0468120889992605
2025-12-10,PE,25758.0,24300.0,6.0,0.1,0.0785640253648767,2.55,2.45,0.0,0.0,-2.55,-2.45,-100.0,-100.0
2025-12-10,CE,25758.0,24950.0,6.0,0.1,0.0785640253648767,850.05,849.6,878.82000275007,9.593773085793552,28.770002750070034,29.220002750069966,3.3845071172366374,3.439265860413131
2025-12-10,CE,25758.0,26900.0,6.0,0.1,0.0785640253648767,2.55,2.4,0.0,0.0,-2.55,-2.4,-100.0,-100.0
2025-12-10,PE,25758.0,25700.0,6.0,0.1,0.0785640253648767,86.45,88.55,71.09598577277347,4.273662779085584,-15.354014227226529,-17.454014227226523,-17.760571691412988,-19.710913864739158
2025-12-10,CE,25758.0,25000.0,6.0,0.1,0.0785640253648767,799.3,794.6,804.7809949587055,9.958779747242627,5.480994958705537,10.180994958705469,0.685724378669528,1.2812729623339376
2025-12-10,CE,25758.0,26150.0,6.0,0.1,0.0785640253648767,25.5,25.8,27.03319924911306,2.4783989125877586,1.5331992491130606,1.23319924911306,6.012546074953179,4.779842050825813
2025-12-10,PE,25758.0,27900.0,6.0,0.1,0.0785640253648767,2099.45,2100.0,2078.334106449359,9.859697753307064,-21.115893550640976,-21.665893550641158,-1.0057821596437628,-1.031709216697198
2025-12-10,PE,25758.0,26550.0,6.0,0.1,0.0785640253648767,755.55,757.85,741.1588047377231,9.941474993965583,-14.391195262276824,-16.691195262276892,-1.9047310253824132,-2.2024404911627484
2025-12-10,CE,25758.0,26500.0,6.0,0.1,0.0785640253648767,5.7,5.95,2.511207906952457,0.6718936090821024,-3.1887920930475433,-3.4387920930475433,-55.94372093065866,-57.79482509323602
2025-12-10,PE,25758.0,27000.0,6.0,0.1,0.0785640253648767,1204.25,1206.15,1159.8104501293037,9.914601154102593,-44.43954987069628,-46.33954987069637,-3.690226271180924,-3.841939217402178
2025-12-10,CE,25758.0,25250.0,6.0,0.1,0.0785640253648767,555.65,552.1,575.0280720650379,9.656649424635946,19.37807206503794,22.928072065037895,3.4874601034892363,4.152883909624686
2025-12-10,CE,25758.0,24900.0,6.0,0.1,0.0785640253648767,899.15,897.85,900.1793877391827,9.64701685971405,1.0293877391827664,2.329387739182721,0.11448453975229567,0.259440634758893
2025-12-10,PE,25758.0,25550.0,6.0,0.1,0.0785640253648767,43.2,44.85,30.865058344195912,2.880162059635202,-12.33494165580409,-13.98494165580409,-28.55310568473169,-31.18158674649741
2025-12-10,PE,25758.0,26500.0,6.0,0.1,0.0785640253648767,709.1,714.5,672.5310149126702,9.970816044538052,-36.56898508732979,-41.96898508732977,-5.157098446951036,-5.873895743503117
2025-12-10,PE,25758.0,24000.0,6.0,0.1,0.0785640253648767,2.1,1.95,0.0,0.0,-2.1,-1.95,-100.0,-100.0
2025-12-10,PE,25758.0,25500.0,6.0,0.1,0.0785640253648767,34.2,35.7,24.296534676465562,2.450620620683939,-9.90346532353444,-11.40346532353444,-28.957500946007137,-31.942479897855574
2025-12-10,CE,25758.0,26800.0,6.0,0.1,0.0785640253648767,2.85,2.75,0.031013535544656357,0.03101353554465635,-2.8189864644553437,-2.7189864644553436,-98.91180577036293,-98.8722350711034
2025-12-10,PE,25758.0,24350.0,6.0,0.1,0.0785640253648767,2.7,2.6,0.0,0.0,-2.7,-2.6,-100.0,-100.0
2025-12-10,CE,25758.0,27100.0,6.0,0.1,0.0785640253648767,2.1,2.1,0.0,0.0,-2.1,-2.1,-100.0,-100.0
2025-12-10,PE,25758.0,25250.0,6.0,0.1,0.0785640253648767,11.85,12.2,2.7814652357672354,0.7544515304474723,-9.068534764232764,-9.418534764232763,-76.52771952939041,-77.20110462485871
2025-12-10,CE,25758.0,25050.0,6.0,0.1,0.0785640253648767,749.55,752.0,754.887650239944,9.746874463632233,5.337650239944082,2.887650239944037,0.7121139670394347,0.3839960425457496
2025-12-10,CE,25758.0,26300.0,6.0,0.1,0.0785640253648767,12.4,12.7,10.08959921485442,1.5735327807859458,-2.31040078514558,-2.610400785145579,-18.632264396335323,-20.554336890910072
2025-12-10,PE,25758.0,25150.0,6.0,0.1,0.0785640253648767,8.7,8.95,1.7430512315118794,0.6966884875069569,-6.95694876848812,-7.20694876848812,-79.96492837342667,-80.52456724567733
2025-12-10,PE,25758.0,25100.0,6.0,0.1,0.0785640253648767,7.6,7.65,1.6288236748108602,0.5624438985090009,-5.971176325189139,-6.02117632518914,-78.56810954196236,-78.70818725737438
2025-12-10,PE,25758.0,24200.0,6.0,0.1,0.0785640253648767,2.3,2.15,0.0,0.0,-2.3,-2.15,-100.0,-100.0
2025-12-10,CE,25758.0,24700.0,6.0,0.1,0.0785640253648767,1179.15,1179.15,1127.783556090848,9.871157032310936,-51.36644390915217,-51.36644390915217,-4.3562264265913715,-4.3562264265913715
2025-12-10,CE,25758.0,25100.0,6.0,0.1,0.0785640253648767,702.1,701.45,720.0296705905984,9.510949048980914,17.929670590598334,18.57967059059831,2.5537203518869585,2.6487519553208796
2025-12-10,CE,25758.0,24000.0,6.0,0.1,0.0785640253648767,1793.7,1788.85,1817.8189680657597,9.839830791357251,24.118968065759645,28.968968065759782,1.3446489416156349,1.6194185127741165
2025-12-10,CE,25758.0,25850.0,6.0,0.1,0.0785640253648767,103.05,101.0,114.87938755774763,5.59637382606885,11.829387557747637,13.879387557747634,11.479269827993825,13.741967878958054
2025-12-10,CE,25758.0,27250.0,6.0,0.1,0.0785640253648767,1.75,1.75,0.0,0.0,-1.75,-1.75,-100.0,-100.0
2025-12-10,PE,25758.0,24500.0,6.0,0.1,0.0785640253648767,3.25,3.2,0.0,0.0,-3.25,-3.2,-100.0,-100.0
2025-12-10,PE,25758.0,25900.0,6.0,0.1,0.0785640253648767,187.65,192.75,171.80889675883336,6.413912241675407,-15.84110324116665,-20.941103241166644,-8.441834927347001,-10.864385598530035
2025-12-10,PE,25758.0,26250.0,6.0,0.1,0.0785640253648767,469.25,475.5,427.98456678674717,9.246665883596659,-41.265433213252834,-47.515433213252834,-8.79391224576512,-9.992730433912268
2025-12-10,CE,25758.0,25150.0,6.0,0.1,0.0785640253648767,655.0,653.75,673.0002793987608,9.749129032215313,18.000279398760767,19.250279398760767,2.748134259352789,2.9445934070762165
2025-12-10,PE,25758.0,25050.0,6.0,0.1,0.0785640253648767,6.8,6.9,0.44765882886664443,0.21789086397045235,-6.3523411711333555,-6.452341171133356,-93.4167819284317,-93.51219088599066
2025-12-10,PE,25758.0,25850.0,6.0,0.1,0.0785640253648767,157.3,161.85,139.31066483811867,5.946964130020218,-17.989335161881343,-22.539335161881326,-11.436322416962073,-13.92606435704747
2025-12-10,CE,25758.0,26450.0,6.0,0.1,0.0785640253648767,6.7,6.9,1.2928014320588106,0.5520354399895591,-5.407198567941189,-5.6071985679411895,-80.7044562379282,-81.26374736146651
2025-12-10,PE,25758.0,25450.0,6.0,0.1,0.0785640253648767,27.15,28.3,18.695382861974153,2.13060499136995,-8.454617138025846,-9.604617138025848,-31.140394615196488,-33.93857645945529
2025-12-10,PE,25758.0,24700.0,6.0,0.1,0.0785640253648767,3.95,3.85,0.0,0.0,-3.95,-3.85,-100.0,-100.0
2025-12-10,PE,25758.0,25350.0,6.0,0.1,0.0785640253648767,17.4,18.1,6.444058003055999,1.0960640176878365,-10.955941996943999,-11.655941996944001,-62.965183890482756,-64.39746959637569
2025-12-10,PE,25758.0,27500.0,6.0,0.1,0.0785640253648767,1712.4,1710.7,1661.6568925627407,10.181535589699047,-50.74310743725937,-49.04310743725932,-2.9632742021291385,-2.866844416745152
2025-12-10,PE,25758.0,26400.0,6.0,0.1,0.0785640253648767,611.2,617.0,579.0315607033377,9.342525299739359,-32.168439296662314,-37.96843929666227,-5.263160879689514,-6.153717876282378
2025-12-10,PE,25758.0,27200.0,6.0,0.1,0.0785640253648767,1397.3,1397.3,1360.81585949278,9.703265479001548,-36.48414050721999,-36.48414050721999,-2.6110456242195657,-2.6110456242195657
2025-12-10,CE,25758.0,26000.0,6.0,0.1,0.0785640253648767,52.8,52.05,55.84461245112155,3.934867288052716,3.0446124511215515,3.7946124511215515,5.7663114604574846,7.29032171204909
2025-12-10,PE,25758.0,26200.0,6.0,0.1,0.0785640253648767,423.4,432.0,390.4423339284316,8.773192561508163,-32.95766607156838,-41.557666071568406,-7.784049615391683,-9.619830109159354
2025-12-10,CE,25758.0,25950.0,6.0,0.1,0.0785640253648767,66.8,65.55,70.47276940376643,4.504477562731363,3.672769403766438,4.922769403766438,5.498157790069518,7.50994569605864
2025-12-10,PE,25758.0,24950.0,6.0,0.1,0.0785640253648767,5.6,5.65,0.34882571899237236,0.2162075981084632,-5.251174281007628,-5.301174281007628,-93.77096930370764,-93.82609346916155
2025-12-10,PE,25758.0,24800.0,6.0,0.1,0.0785640253648767,4.4,4.4,0.11426490413433127,0.11426490413433127,-4.285735095865669,-4.285735095865669,-97.40307036058337,-97.40307036058337
2025-12-10,CE,25758.0,26750.0,6.0,0.1,0.0785640253648767,3.05,3.0,0.0,0.0,-3.05,-3.0,-100.0,-100.0
2025-12-10,CE,25758.0,23950.0,6.0,0.1,0.0785640253648767,1962.45,1962.45,1856.26437344458,10.068266271468204,-106.18562655541996,-106.18562655541996,-5.410870419904708,-5.410870419904708
2025-12-10,PE,25758.0,27300.0,6.0,0.1,0.0785640253648767,1508.45,1501.65,1490.045770021228,9.995513908148194,-18.404229978772037,-11.604229978772082,-1.220075572857704,-0.7727652900990298
2025-12-10,PE,25758.0,26450.0,6.0,0.1,0.0785640253648767,659.7,659.55,637.772851175823,9.767704550556706,-21.92714882417704,-21.777148824176948,-3.323806097343798,-3.3018192440568495
2025-12-10,CE,25758.0,27450.0,6.0,0.1,0.0785640253648767,1.5,1.5,0.0,0.0,-1.5,-1.5,-100.0,-100.0
2025-12-10,CE,25758.0,26850.0,6.0,0.1,0.0785640253648767,2.7,2.5,0.0,0.0,-2.7,-2.5,-100.0,-100.0
2025-12-10,CE,25758.0,27950.0,6.0,0.1,0.0785640253648767,1.05,1.0,0.0,0.0,-1.05,-1.0,-100.0,-100.0
2025-12-10,CE,25758.0,27050.0,6.0,0.1,0.0785640253648767,2.1,2.0,0.0,0.0,-2.1,-2.0,-100.0,-100.0
2025-12-10,PE,25758.0,25300.0,6.0,0.1,0.0785640253648767,14.0,14.65,6.466769202151009,1.0628919958268044,-7.533230797848991,-8.183230797848992,-53.80879141320708,-55.8582307020409
2025-12-10,PE,25758.0,26050.0,6.0,0.1,0.0785640253648767,294.95,302.9,275.3993718887054,7.8519753429607695,-19.5506281112946,-27.50062811129459,-6.628455030104967,-9.079111294583885
2025-12-10,CE,25758.0,24400.0,6.0,0.1,0.0785640253648767,1460.0,1460.0,1423.8009358251445,9.716294964170443,-36.19906417485549,-36.19906417485549,-2.479387957181883,-2.479387957181883
2025-12-10,CE,25758.0,25550.0,6.0,0.1,0.0785640253648767,288.55,283.45,299.09181785989074,8.437637801243408,10.541817859890728,15.64181785989075,3.653376489305398,5.518369327885254
2025-12-10,CE,25758.0,25200.0,6.0,0.1,0.0785640253648767,605.85,602.0,618.9896438553808,9.886883747223603,13.139643855380768,16.98964385538079,2.1687948923629228,2.8221999759768757
2025-12-10,CE,25758.0,27600.0,6.0,0.1,0.0785640253648767,1.4,1.4,0.0,0.0,-1.4,-1.4,-100.0,-100.0
2025-12-10,PE,25758.0,27600.0,6.0,0.1,0.0785640253648767,1730.0,1730.0,1793.9520428126946,9.87331336410881,63.95204281269457,63.95204281269457,3.69664987356616,3.69664987356616
2025-12-10,CE,25758.0,27750.0,6.0,0.1,0.0785640253648767,1.25,1.25,0.0,0.0,-1.25,-1.25,-100.0,-100.0
2025-12-10,PE,25758.0,24150.0,6.0,0.1,0.0785640253648767,2.2,2.1,0.0,0.0,-2.2,-2.1,-100.0,-100.0
2025-12-10,CE,25758.0,27900.0,6.0,0.1,0.0785640253648767,1.1,1.15,0.0,0.0,-1.1,-1.15,-100.0,-100.0
2025-12-10,PE,25758.0,27050.0,6.0,0.1,0.0785640253648767,1198.4,1198.4,1238.079055073252,9.86946581063087,39.6790550732519,39.6790550732519,3.3110025928948517,3.3110025928948517
2025-12-10,CE,25758.0,26250.0,6.0,0.1,0.0785640253648767,15.7,15.95,11.791322455588984,1.6394685887130198,-3.908677544411015,-4.158677544411015,-24.896035314719843,-26.073213444583164
2025-12-10,CE,25758.0,27800.0,6.0,0.1,0.0785640253648767,1.2,1.2,0.0,0.0,-1.2,-1.2,-100.0,-100.0
2025-12-10,CE,25758.0,26050.0,6.0,0.1,0.0785640253648767,41.5,41.6,41.68302953530117,3.46648247894408,0.1830295353011735,0.08302953530117207,0.4410350248221048,0.19959022908935595
2025-12-10,CE,25758.0,24050.0,6.0,0.1,0.0785640253648767,1824.9,1824.9,1773.6456724281497,9.628443088502898,-51.254327571850354,-51.254327571850354,-2.80861020175628,-2.80861020175628
2025-12-10,PE,25758.0,24450.0,6.0,0.1,0.0785640253648767,3.05,3.0,0.0,0.0,-3.05,-3.0,-100.0,-100.0
2025-12-10,PE,25758.0,24850.0,6.0,0.1,0.0785640253648767,4.75,4.8,0.122179391804489,0.09186170843874632,-4.627820608195511,-4.6778206081955105,-97.42780227780023,-97.45459600407314
2025-12-10,CE,25758.0,25400.0,6.0,0.1,0.0785640253648767,417.85,405.7,435.17161771604214,9.570626717772333,17.321617716042113,29.471617716042147,4.145415272476274,7.264386915465158
2025-12-10,CE,25758.0,26550.0,6.0,0.1,0.0785640253648767,4.9,4.9,1.0016925810442154,0.40963724427431536,-3.8983074189557847,-3.8983074189557847,-79.55729426440377,-79.55729426440377
2025-12-10,CE,25758.0,24800.0,6.0,0.1,0.0785640253648767,1002.3,998.15,1010.1852269223389,9.817854732340713,7.885226922338916,12.035226922338893,0.7867132517548555,1.205753335905314
2025-12-10,PE,25758.0,26350.0,6.0,0.1,0.0785640253648767,562.65,567.25,523.6391699044232,9.341049346541967,-39.01083009557681,-43.61083009557683,-6.93340977438493,-7.688114604773351
2025-12-10,PE,25758.0,26950.0,6.0,0.1,0.0785640253648767,1151.2,1151.2,1123.7987422879346,9.985705772762667,-27.401257712065444,-27.401257712065444,-2.3802343391300766,-2.3802343391300766
2025-12-10,CE,25758.0,26100.0,6.0,0.1,0.0785640253648767,32.2,32.3,31.77023733415211,2.9308284338633044,-0.4297626658478926,-0.5297626658478869,-1.3346666641238898,-1.6401320924083185
2025-12-10,PE,25758.0,24550.0,6.0,0.1,0.0785640253648767,3.35,3.25,0.0,0.0,-3.35,-3.25,-100.0,-100.0
2025-12-10,CE,25758.0,25300.0,6.0,0.1,0.0785640253648767,507.8,502.95,512.563424402669,9.548559625065023,4.763424402669045,9.613424402669068,0.938051280557118,1.9114075758363789
2025-12-10,PE,25758.0,25650.0,6.0,0.1,0.0785640253648767,69.15,71.25,55.2254394909427,3.8061762431597788,-13.924560509057308,-16.024560509057302,-20.136746940068413,-22.49061124078218
2025-12-10,PE,25758.0,25400.0,6.0,0.1,0.0785640253648767,21.55,22.35,15.01176702429089,1.9215276175608629,-6.538232975709111,-7.338232975709111,-30.339828193545753,-32.833257162009446
2025-12-10,CE,25758.0,24100.0,6.0,0.1,0.0785640253648767,1843.05,1843.05,1714.5985890224097,9.782410565778687,-128.45141097759029,-128.45141097759029,-6.969502236921965,-6.969502236921965
2025-12-10,CE,25758.0,24550.0,6.0,0.1,0.0785640253648767,1255.5,1255.5,1278.9227473188146,9.586162659453286,23.422747318814572,23.422747318814572,1.8656110966797745,1.8656110966797745
2025-12-10,PE,25758.0,24600.0,6.0,0.1,0.0785640253648767,3.6,3.6,0.0,0.0,-3.6,-3.6,-100.0,-100.0
2025-12-10,CE,25758.0,25650.0,6.0,0.1,0.0785640253648767,215.0,210.6,230.81520203935662,7.4380353691661965,15.81520203935662,20.215202039356626,7.355907925282149,9.598861367215871
2025-12-10,CE,25758.0,25600.0,6.0,0.1,0.0785640253648767,250.05,245.0,263.2037980640767,7.848242783288401,13.153798064076682,18.203798064076693,5.260467132204232,7.430121658806814
2025-12-10,PE,25758.0,26100.0,6.0,0.1,0.0785640253648767,335.2,342.65,302.52826828567567,7.976251235291849,-32.67173171432432,-40.12173171432431,-9.746936668951172,-11.709246086188331
2025-12-10,PE,25758.0,26800.0,6.0,0.1,0.0785640253648767,1008.15,1005.35,978.7161466751963,9.336225934735314,-29.433853324803636,-26.63385332480368,-2.9195906685318294,-2.6492120480234425
2025-12-10,CE,25758.0,24500.0,6.0,0.1,0.0785640253648767,1297.8,1294.45,1307.7724102824411,9.620142966914255,9.97241028244116,13.32241028244107,0.7684088675020158,1.0291946604690076
2025-12-11,PE,25898.55,25200.0,5.0,0.1,0.0790878611260364,3.6,3.4,0.4663078132211035,0.2497583398249985,-3.1336921867788967,-2.9336921867788965,-87.04700518830268,-86.28506431702637
2025-12-11,PE,25898.55,26550.0,5.0,0.1,0.0790878611260364,625.8,631.75,614.2201748680981,8.992772385834717,-11.579825131901885,-17.52982513190193,-1.8504035046183902,-2.7748041364308556
2025-12-11,CE,25898.55,27600.0,5.0,0.1,0.0790878611260364,0.8,0.75,0.0,0.0,-0.8,-0.75,-100.0,-100.0
2025-12-11,PE,25898.55,26100.0,5.0,0.1,0.0790878611260364,207.8,205.9,195.85699937229265,6.6051445881677235,-11.943000627707363,-10.043000627707357,-5.747353526326931,-4.877610795389683
2025-12-11,PE,25898.55,24400.0,5.0,0.1,0.0790878611260364,1.65,1.6,0.0,0.0,-1.65,-1.6,-100.0,-100.0
2025-12-11,CE,25898.55,26650.0,5.0,0.1,0.0790878611260364,1.8,1.65,0.7394707111713247,0.40130025744155756,-1.0605292888286755,-0.9105292888286752,-58.918293823815304,-55.183593262343955
2025-12-11,CE,25898.55,27750.0,5.0,0.1,0.0790878611260364,0.75,0.7,0.0,0.0,-0.75,-0.7,-100.0,-100.0
2025-12-11,CE,25898.55,27950.0,5.0,0.1,0.0790878611260364,0.65,0.65,0.0,0.0,-0.65,-0.65,-100.0,-100.0
2025-12-11,PE,25898.55,24050.0,5.0,0.1,0.0790878611260364,1.45,1.35,0.0,0.0,-1.45,-1.35,-100.0,-100.0
2025-12-11,PE,25898.55,24300.0,5.0,0.1,0.0790878611260364,1.6,1.5,0.0,0.0,-1.6,-1.5,-100.0,-100.0
2025-12-11,CE,25898.55,25050.0,5.0,0.1,0.0790878611260364,873.95,873.95,904.163236044809,9.058614876510505,30.213236044808923,30.213236044808923,3.457089769987862,3.457089769987862
2025-12-11,CE,25898.55,25100.0,5.0,0.1,0.0790878611260364,828.7,828.9,830.2738178028958,9.267973611711977,1.5738178028957464,1.3738178028958146,0.18991405851282084,0.16573987246903302
2025-12-11,CE,25898.55,27000.0,5.0,0.1,0.0790878611260364,1.15,1.15,0.0,0.0,-1.15,-1.15,-100.0,-100.0
2025-12-11,PE,25898.55,26000.0,5.0,0.1,0.0790878611260364,139.75,137.65,127.03118063742791,5.268895962353862,-12.718819362572091,-10.618819362572097,-9.10112297858468,-7.714362050542752
2025-12-11,PE,25898.55,26050.0,5.0,0.1,0.0790878611260364,171.8,170.05,164.0220899145427,6.059767489223821,-7.777910085457307,-6.027910085457307,-4.527305055563042,-3.544786877657928
2025-12-11,PE,25898.55,24350.0,5.0,0.1,0.0790878611260364,1.65,1.4,0.0,0.0,-1.65,-1.4,-100.0,-100.0
2025-12-11,CE,25898.55,25700.0,5.0,0.1,0.0790878611260364,257.4,257.0,277.473362481954,7.78294740428487,20.073362481954007,20.473362481953984,7.798509122748255,7.966288903484041
2025-12-11,PE,25898.55,25100.0,5.0,0.1,0.0790878611260364,3.15,2.95,0.04528290369608178,0.04528290369608179,-3.104717096303918,-2.9047170963039184,-98.56244750171169,-98.46498631538707
2025-12-11,PE,25898.55,25850.0,5.0,0.1,0.0790878611260364,67.85,66.2,63.40804362186534,3.813880153828904,-4.441956378134655,-2.791956378134664,-6.5467301077887345,-4.217456764553873
2025-12-11,CE,25898.55,24950.0,5.0,0.1,0.0790878611260364,981.4,982.6,1006.3732045309672,9.267903834245221,24.973204530967223,23.773204530967178,2.544650960970779,2.4194183320748195
2025-12-11,CE,25898.55,24800.0,5.0,0.1,0.0790878611260364,1123.4,1123.35,1154.8155592964124,8.895913100068633,31.41555929641231,31.465559296412493,2.796471363397927,2.801046806107847
2025-12-11,PE,25898.55,25950.0,5.0,0.1,0.0790878611260364,111.3,110.35,122.44041050254015,5.427635779779963,11.14041050254015,12.090410502540152,10.009353551249012,10.956420935695652
2025-12-11,CE,25898.55,27850.0,5.0,0.1,0.0790878611260364,0.7,0.65,0.0,0.0,-0.7,-0.65,-100.0,-100.0
2025-12-11,PE,25898.55,26350.0,5.0,0.1,0.0790878611260364,426.05,426.05,411.3585304471916,8.315695939407457,-14.691469552808428,-14.691469552808428,-3.448297043259812,-3.448297043259812
2025-12-11,PE,25898.55,27500.0,5.0,0.1,0.0790878611260364,1564.7,1564.05,1555.8563469088595,9.037817943830891,-8.843653091140595,-8.193653091140504,-0.5651979990503352,-0.5238741147111987
2025-12-11,PE,25898.55,25700.0,5.0,0.1,0.0790878611260364,28.75,27.6,33.493676605267595,2.843202878871298,4.743676605267595,5.8936766052675935,16.499744713974245,21.353900743723166
2025-12-11,CE,25898.55,27350.0,5.0,0.1,0.0790878611260364,0.8,0.8,0.0,0.0,-0.8,-0.8,-100.0,-100.0
2025-12-11,PE,25898.55,25400.0,5.0,0.1,0.0790878611260364,5.7,5.6,2.9702846638622376,0.7434189364118067,-2.7297153361377626,-2.629715336137762,-47.88974273925899,-46.95920243103147
2025-12-11,CE,25898.55,24650.0,5.0,0.1,0.0790878611260364,1214.65,1214.65,1280.1877293781704,9.216922277668385,65.5377293781703,65.5377293781703,5.395606090492758,5.395606090492758
2025-12-11,PE,25898.55,25350.0,5.0,0.1,0.0790878611260364,4.85,4.6,1.838682183263731,0.623612457473971,-3.011317816736269,-2.761317816736269,-62.08902714920143,-60.0286481899189
2025-12-11,CE,25898.55,24750.0,5.0,0.1,0.0790878611260364,1116.2,1116.2,1193.6747599995226,9.392727705578828,77.47475999952258,77.47475999952258,6.940938899795966,6.940938899795966
2025-12-11,PE,25898.55,26650.0,5.0,0.1,0.0790878611260364,723.35,714.5,712.9884757233576,9.05707371927442,-10.361524276642399,-1.5115242766423762,-1.432435788572945,-0.2115499337498077
2025-12-11,CE,25898.55,25950.0,5.0,0.1,0.0790878611260364,90.25,89.75,116.56415034681741,5.47560507042509,26.314150346817414,26.814150346817414,29.15695329287248,29.876490637122465
2025-12-11,PE,25898.55,24200.0,5.0,0.1,0.0790878611260364,1.6,1.45,0.0,0.0,-1.6,-1.45,-100.0,-100.0
2025-12-11,CE,25898.55,27150.0,5.0,0.1,0.0790878611260364,1.0,0.95,0.0,0.0,-1.0,-0.95,-100.0,-100.0
2025-12-11,CE,25898.55,24000.0,5.0,0.1,0.0790878611260364,1924.9,1929.25,1933.7009712138417,9.298960394965382,8.800971213841649,4.45097121384174,0.4572170613456101,0.2307099242628866
2025-12-11,CE,25898.55,25550.0,5.0,0.1,0.0790878611260364,389.05,389.1,415.4973109718936,8.602255450522074,26.447310971893614,26.397310971893603,6.7979208255734775,6.784197114339142
2025-12-11,CE,25898.55,25900.0,5.0,0.1,0.0790878611260364,116.35,115.6,133.63375976928472,5.7622744276367515,17.28375976928473,18.03375976928473,14.854971868744931,15.600138208723813
2025-12-11,PE,25898.55,25450.0,5.0,0.1,0.0790878611260364,7.2,6.95,5.025720760931523,1.0978291408298313,-2.1742792390684773,-1.9242792390684773,-30.198322764839965,-27.687471065733487
2025-12-11,CE,25898.55,24700.0,5.0,0.1,0.0790878611260364,1224.1,1226.35,1256.1360309383595,9.025967561655538,32.036030938359545,29.786030938359545,2.6171089729890977,2.428836053195217
2025-12-11,PE,25898.55,26950.0,5.0,0.1,0.0790878611260364,1028.85,1029.5,991.4817384050385,9.067076833199012,-37.36826159496138,-38.01826159496147,-3.632041754868191,-3.692886021851527
2025-12-11,CE,25898.55,26850.0,5.0,0.1,0.0790878611260364,1.3,1.3,0.0,0.0,-1.3,-1.3,-100.0,-100.0
2025-12-11,PE,25898.55,27300.0,5.0,0.1,0.0790878611260364,1436.1,1436.1,1347.4266686761325,9.283809575576237,-88.67333132386739,-88.67333132386739,-6.174593087101692,-6.174593087101692
2025-12-11,PE,25898.55,25800.0,5.0,0.1,0.0790878611260364,51.6,50.2,62.09763957473804,3.99997551619187,10.497639574738038,11.897639574738037,20.344262741740383,23.700477240514015
2025-12-11,CE,25898.55,24850.0,5.0,0.1,0.0790878611260364,1073.85,1082.3,1098.42477784975,9.58449820390002,24.574777849750035,16.12477784974999,2.2884739814452706,1.4898621315485532
2025-12-11,CE,25898.55,26500.0,5.0,0.1,0.0790878611260364,3.05,2.95,4.336648622001387,1.0579279719831916,1.2866486220013869,1.3866486220013865,42.18520072135695,47.005038033945304
2025-12-11,CE,25898.55,27800.0,5.0,0.1,0.0790878611260364,0.7,0.65,0.0,0.0,-0.7,-0.65,-100.0,-100.0
2025-12-11,PE,25898.55,26400.0,5.0,0.1,0.0790878611260364,475.1,474.05,456.3596221726174,8.369732914063588,-18.740377827382645,-17.690377827382633,-3.9445122768643746,-3.7317535760748086
2025-12-11,PE,25898.55,24100.0,5.0,0.1,0.0790878611260364,1.55,1.4,0.0,0.0,-1.55,-1.4,-100.0,-100.0
2025-12-11,CE,25898.55,24300.0,5.0,0.1,0.0790878611260364,1580.0,1580.0,1643.1778381552356,8.98188095085871,63.17783815523558,63.17783815523558,3.9985973515971884,3.9985973515971884
2025-12-11,CE,25898.55,25350.0,5.0,0.1,0.0790878611260364,581.8,583.6,585.8842987636309,9.109653809006277,4.0842987636309545,2.2842987636308862,0.7020107878361903,0.39141514112934994
2025-12-11,PE,25898.55,24900.0,5.0,0.1,0.0790878611260364,2.6,2.35,0.0,0.0,-2.6,-2.35,-100.0,-100.0
2025-12-11,CE,25898.55,24600.0,5.0,0.1,0.0790878611260364,1265.55,1265.55,1364.8324596516552,9.448155859302203,99.28245965165524,99.28245965165524,7.845004911039094,7.845004911039094
2025-12-11,CE,25898.55,27550.0,5.0,0.1,0.0790878611260364,0.75,0.75,0.0,0.0,-0.75,-0.75,-100.0,-100.0
2025-12-11,CE,25898.55,25750.0,5.0,0.1,0.0790878611260364,217.25,215.95,241.17677763755498,7.435003976164717,23.926777637554977,25.22677763755499,11.013476472982727,11.681767834014813
2025-12-11,PE,25898.55,25250.0,5.0,0.1,0.0790878611260364,3.9,3.7,0.4819360055864126,0.2182568949442556,-3.418063994413587,-3.218063994413588,-87.64266652342532,-86.97470255171858
2025-12-11,CE,25898.55,25450.0,5.0,0.1,0.0790878611260364,485.5,484.1,502.7400225540658,9.063556383428667,17.240022554065774,18.64002255406575,3.550983018345165,3.850448782083402
2025-12-11,PE,25898.55,25750.0,5.0,0.1,0.0790878611260364,38.55,37.35,44.137829119296015,3.225897030103184,5.587829119296018,6.787829119296013,14.495017170677091,18.173571939212888
2025-12-11,CE,25898.55,26000.0,5.0,0.1,0.0790878611260364,68.1,67.65,92.40400701648379,4.936149716418151,24.304007016483794,24.754007016483783,35.688703401591475,36.5912890118016
2025-12-11,CE,25898.55,24500.0,5.0,0.1,0.0790878611260364,1364.15,1364.15,1445.3371210584608,9.126692228556276,81.18712105846066,81.18712105846066,5.951480486637148,5.951480486637148
2025-12-11,PE,25898.55,24650.0,5.0,0.1,0.0790878611260364,2.0,1.95,0.0,0.0,-2.0,-1.95,-100.0,-100.0
2025-12-11,CE,25898.55,25250.0,5.0,0.1,0.0790878611260364,680.9,682.7,694.3550348829477,9.220779402992935,13.455034882947757,11.655034882947689,1.9760662186734848,1.7071971411963802
2025-12-11,CE,25898.55,27650.0,5.0,0.1,0.0790878611260364,0.8,0.7,0.0,0.0,-0.8,-0.7,-100.0,-100.0
2025-12-11,PE,25898.55,24750.0,5.0,0.1,0.0790878611260364,2.2,1.95,0.0,0.0,-2.2,-1.95,-100.0,-100.0
2025-12-11,CE,25898.55,27700.0,5.0,0.1,0.0790878611260364,0.8,0.75,0.0,0.0,-0.8,-0.75,-100.0,-100.0
2025-12-11,PE,25898.55,24250.0,5.0,0.1,0.0790878611260364,1.55,1.45,0.0,0.0,-1.55,-1.45,-100.0,-100.0
2025-12-11,PE,25898.55,25000.0,5.0,0.1,0.0790878611260364,2.95,2.85,0.0,0.0,-2.95,-2.85,-100.0,-100.0
2025-12-11,PE,25898.55,24600.0,5.0,0.1,0.0790878611260364,1.9,1.8,0.0,0.0,-1.9,-1.8,-100.0,-100.0
2025-12-11,PE,25898.55,26700.0,5.0,0.1,0.0790878611260364,775.6,778.0,745.551161933812,8.933996460679749,-30.04883806618807,-32.448838066188046,-3.8742699930618962,-4.170801807993322
2025-12-11,PE,25898.55,24150.0,5.0,0.1,0.0790878611260364,1.5,1.4,0.0,0.0,-1.5,-1.4,-100.0,-100.0
2025-12-11,PE,25898.55,26750.0,5.0,0.1,0.0790878611260364,822.85,815.35,802.4169360633974,9.049085888711517,-20.433063936602593,-12.933063936602593,-2.4832064090177544,-1.5861978213776404
2025-12-11,CE,25898.55,27500.0,5.0,0.1,0.0790878611260364,0.85,0.8,0.0,0.0,-0.85,-0.8,-100.0,-100.0
2025-12-11,CE,25898.55,25800.0,5.0,0.1,0.0790878611260364,180.3,179.55,207.7847613432969,6.82990824561033,27.484761343296896,28.234761343296896,15.243905348473042,15.725291753437423
2025-12-11,CE,25898.55,25300.0,5.0,0.1,0.0790878611260364,631.9,627.0,643.9538675249745,8.808203849786485,12.053867524974521,16.9538675249745,1.9075593487853333,2.7039661124361243
2025-12-11,CE,25898.55,26050.0,5.0,0.1,0.0790878611260364,50.35,49.7,64.39491996799617,4.09317636492243,14.044919967996172,14.69491996799617,27.894577890757045,29.567243396370564
2025-12-11,CE,25898.55,25500.0,5.0,0.1,0.0790878611260364,438.35,437.0,448.1533649439516,8.90722403967082,9.803364943951578,11.153364943951601,2.2364240775525444,2.5522574242452176
2025-12-11,CE,25898.55,26800.0,5.0,0.1,0.0790878611260364,1.35,1.35,0.0,0.0,-1.35,-1.35,-100.0,-100.0
2025-12-11,PE,25898.55,23950.0,5.0,0.1,0.0790878611260364,1.35,1.3,0.0,0.0,-1.35,-1.3,-100.0,-100.0
2025-12-11,PE,25898.55,24700.0,5.0,0.1,0.0790878611260364,2.1,1.95,0.0,0.0,-2.1,-1.95,-100.0,-100.0
2025-12-11,PE,25898.55,25650.0,5.0,0.1,0.0790878611260364,21.45,20.35,23.807459688904206,2.337425408425477,2.357459688904207,3.457459688904205,10.990488060159473,16.989973901249165
2025-12-11,PE,25898.55,25150.0,5.0,0.1,0.0790878611260364,3.4,3.15,0.0,0.0,-3.4,-3.15,-100.0,-100.0
2025-12-11,PE,25898.55,25600.0,5.0,0.1,0.0790878611260364,16.0,14.95,16.657049377718813,1.947810792902663,0.6570493777188133,1.707049377718814,4.106558610742583,11.418390486413472
2025-12-11,CE,25898.55,26200.0,5.0,0.1,0.0790878611260364,18.7,18.2,32.51649778744885,2.8470648448582674,13.81649778744885,14.31649778744885,73.88501490614358,78.66207575521345
2025-12-11,PE,25898.55,26150.0,5.0,0.1,0.0790878611260364,247.3,244.95,238.96182394550647,7.0461517560536455,-8.338176054493545,-5.988176054493522,-3.371684615646399,-2.444652400283128
2025-12-11,PE,25898.55,26200.0,5.0,0.1,0.0790878611260364,289.8,288.0,273.4016653313696,7.700527748441229,-16.39833466863041,-14.5983346686304,-5.658500575786891,-5.0688662043855555
2025-12-11,PE,25898.55,24000.0,5.0,0.1,0.0790878611260364,1.4,1.35,0.0,0.0,-1.4,-1.35,-100.0,-100.0
2025-12-11,CE,25898.55,25400.0,5.0,0.1,0.0790878611260364,533.15,532.95,554.428088109763,9.048437125701573,21.278088109763075,21.478088109763007,3.991013431447637,4.030038110472465
2025-12-11,PE,25898.55,25300.0,5.0,0.1,0.0790878611260364,4.3,4.2,0.7307220275359689,0.2849083233706001,-3.5692779724640307,-3.469277972464031,-83.00646447590769,-82.60185648723883
2025-12-11,CE,25898.55,26250.0,5.0,0.1,0.0790878611260364,13.2,12.8,20.605789615841022,2.2611329255582113,7.405789615841023,7.805789615841022,56.10446678667442,60.98273137375798
2025-12-11,CE,25898.55,27400.0,5.0,0.1,0.0790878611260364,0.8,0.75,0.0,0.0,-0.8,-0.75,-100.0,-100.0
2025-12-11,CE,25898.55,27250.0,5.0,0.1,0.0790878611260364,0.9,0.85,0.0,0.0,-0.9,-0.85,-100.0,-100.0
2025-12-11,PE,25898.55,27200.0,5.0,0.1,0.0790878611260364,1250.0,1250.0,1245.317258150634,9.318085287211108,-4.682741849366039,-4.682741849366039,-0.3746193479492831,-0.3746193479492831
2025-12-11,CE,25898.55,25850.0,5.0,0.1,0.0790878611260364,146.45,145.85,166.3928740321504,6.35959014256027,19.9428740321504,20.542874032150394,13.617530919870537,14.084932486904625
2025-12-11,PE,25898.55,26600.0,5.0,0.1,0.0790878611260364,675.45,677.4,636.0097970792384,9.228673021449554,-39.440202920761635,-41.39020292076157,-5.8391002917701735,-6.1101569118337125
2025-12-11,CE,25898.55,27900.0,5.0,0.1,0.0790878611260364,0.7,0.65,0.0,0.0,-0.7,-0.65,-100.0,-100.0
2025-12-11,CE,25898.55,26700.0,5.0,0.1,0.0790878611260364,1.5,1.5,0.14654569046201393,0.10406829203843919,-1.353454309537986,-1.353454309537986,-90.2302873025324,-90.2302873025324
2025-12-11,CE,25898.55,26950.0,5.0,0.1,0.0790878611260364,1.2,1.2,0.0,0.0,-1.2,-1.2,-100.0,-100.0
2025-12-11,PE,25898.55,26850.0,5.0,0.1,0.0790878611260364,920.65,918.2,897.1198222982678,8.923183720812096,-23.530177701732214,-21.080177701732282,-2.5558222670648143,-2.2958154761198304
2025-12-11,CE,25898.55,26300.0,5.0,0.1,0.0790878611260364,9.25,8.95,13.668757899308646,1.683898127289816,4.4187578993086465,4.718757899308647,47.77035566820159,52.723551947582656
2025-12-11,PE,25898.55,24500.0,5.0,0.1,0.0790878611260364,1.8,1.7,0.0,0.0,-1.8,-1.7,-100.0,-100.0
2025-12-11,CE,25898.55,27100.0,5.0,0.1,0.0790878611260364,1.1,1.05,0.0,0.0,-1.1,-1.05,-100.0,-100.0
2025-12-11,PE,25898.55,24550.0,5.0,0.1,0.0790878611260364,1.85,1.8,0.0,0.0,-1.85,-1.8,-100.0,-100.0
2025-12-11,CE,25898.55,25000.0,5.0,0.1,0.0790878611260364,927.6,929.05,931.3136878590316,9.255305043838867,3.713687859031552,2.26368785903162,0.4003544479335437,0.243656192780972
2025-12-11,CE,25898.55,27450.0,5.0,0.1,0.0790878611260364,0.8,0.75,0.0,0.0,-0.8,-0.75,-100.0,-100.0
2025-12-11,PE,25898.55,25500.0,5.0,0.1,0.0790878611260364,9.25,8.9,9.342606465152498,1.437409543593132,0.09260646515249782,0.44260646515249746,1.001150974621598,4.973106350028061
2025-12-11,CE,25898.55,26550.0,5.0,0.1,0.0790878611260364,2.45,2.3,1.7522390841972078,0.5145669613761369,-0.6977609158027924,-0.5477609158027921,-28.480037379705813,-23.815691991425744
2025-12-11,CE,25898.55,26100.0,5.0,0.1,0.0790878611260364,36.05,35.35,52.90523157719517,3.3249531246393245,16.85523157719517,17.555231577195165,46.75515000608924,49.66119258046723
2025-12-11,CE,25898.55,27200.0,5.0,0.1,0.0790878611260364,0.95,0.9,0.0,0.0,-0.95,-0.9,-100.0,-100.0
2025-12-11,PE,25898.55,25050.0,5.0,0.1,0.0790878611260364,3.05,2.9,0.0,0.0,-3.05,-2.9,-100.0,-100.0
2025-12-11,PE,25898.55,27250.0,5.0,0.1,0.0790878611260364,1361.4,1361.4,1293.6813891262113,9.032469972073445,-67.71861087378875,-67.71861087378875,-4.974189134258024,-4.974189134258024
2025-12-11,PE,25898.55,26800.0,5.0,0.1,0.0790878611260364,876.15,869.0,825.7334535480036,9.27196787627744,-50.416546451996396,-43.26654645199642,-5.754328191747577,-4.978889119907528
2025-12-11,PE,25898.55,27000.0,5.0,0.1,0.0790878611260364,1068.85,1075.35,1038.2621229710435,9.216484233192489,-30.587877028956427,-37.08787702895643,-2.8617558150307745,-3.4489121708240504
2025-12-11,PE,25898.55,25550.0,5.0,0.1,0.0790878611260364,12.0,11.5,12.3469221502313,1.5296414762229322,0.34692215023130046,0.8469221502313005,2.8910179185941702,7.364540436793917
2025-12-11,PE,25898.55,24850.0,5.0,0.1,0.0790878611260364,2.4,2.25,0.0,0.0,-2.4,-2.25,-100.0,-100.0
2025-12-11,CE,25898.55,26450.0,5.0,0.1,0.0790878611260364,3.65,3.35,6.623570980427942,1.3355869844144026,2.9735709804279424,3.2735709804279423,81.46769809391623,97.71853672919231
2025-12-11,CE,25898.55,24350.0,5.0,0.1,0.0790878611260364,1590.0,1590.0,1597.8358787104087,9.20568613681714,7.835878710408679,7.835878710408679,0.4928225604030616,0.4928225604030616
2025-12-11,CE,25898.55,25600.0,5.0,0.1,0.0790878611260364,343.7,344.0,347.9902404091836,7.941362305477476,4.290240409183639,3.9902404091836274,1.24825150107176,1.1599536073208219
2025-12-11,CE,25898.55,26350.0,5.0,0.1,0.0790878611260364,6.45,6.2,10.247393918584804,1.5134871068964253,3.7973939185848034,4.047393918584803,58.874324319144236,65.28054707394844
2025-12-11,CE,25898.55,26900.0,5.0,0.1,0.0790878611260364,1.25,1.25,0.15415083330568205,0.10159779968446161,-1.095849166694318,-1.095849166694318,-87.66793333554543,-87.66793333554543
2025-12-11,PE,25898.55,26450.0,5.0,0.1,0.0790878611260364,524.4,527.8,507.1596292900678,8.799825432598443,-17.240370709932165,-20.640370709932142,-3.287637435151061,-3.9106424232535324
2025-12-11,PE,25898.55,27900.0,5.0,0.1,0.0790878611260364,1968.95,1965.0,1950.3042506758427,8.674857232264785,-18.64574932415735,-14.695749324157305,-0.9469894778515122,-0.7478752836721275
2025-12-11,CE,25898.55,24200.0,5.0,0.1,0.0790878611260364,1674.0,1674.0,1762.7603497695109,9.062186525610894,88.76034976951087,88.76034976951087,5.302290906183445,5.302290906183445
2025-12-11,CE,25898.55,26400.0,5.0,0.1,0.0790878611260364,4.7,4.45,7.163901425027649,1.2389312609244714,2.4639014250276485,2.7139014250276485,52.42343457505635,60.986548877025804
2025-12-11,CE,25898.55,25200.0,5.0,0.1,0.0790878611260364,730.9,734.3,764.7047744967039,9.242968543114682,33.804774496703885,30.404774496703908,4.625088862594594,4.1406474869540935
2025-12-11,PE,25898.55,26900.0,5.0,0.1,0.0790878611260364,974.7,975.0,957.0144751790203,9.010221127261742,-17.68552482097971,-17.985524820979663,-1.8144582764932498,-1.8446692124081703
2025-12-11,CE,25898.55,25150.0,5.0,0.1,0.0790878611260364,779.75,779.15,800.8056694633442,8.99200165547285,21.055669463344202,21.655669463344225,2.7003102870592115,2.779396709663637
2025-12-11,CE,25898.55,26600.0,5.0,0.1,0.0790878611260364,2.05,1.95,2.0324026000563524,0.5947268546468545,-0.017597399943647396,0.08240260005635247,-0.8584097533486535,4.225774361864229
2025-12-11,CE,25898.55,24900.0,5.0,0.1,0.0790878611260364,1027.45,1033.0,1061.03541121562,9.025323641107258,33.58541121561984,28.035411215619888,3.2688122259593984,2.7139797885401635
2025-12-11,PE,25898.55,24950.0,5.0,0.1,0.0790878611260364,2.8,2.6,0.0,0.0,-2.8,-2.6,-100.0,-100.0
2025-12-11,CE,25898.55,26150.0,5.0,0.1,0.0790878611260364,26.1,25.5,41.97537188490569,3.2420502116348042,15.87537188490569,16.47537188490569,60.82517963565398,64.60930150943408
2025-12-11,PE,25898.55,24450.0,5.0,0.1,0.0790878611260364,1.75,1.65,0.0,0.0,-1.75,-1.65,-100.0,-100.0
2025-12-11,PE,25898.55,26250.0,5.0,0.1,0.0790878611260364,335.6,333.0,329.5588377413019,8.15818707640766,-6.041162258698137,-3.441162258698114,-1.8001079435930083,-1.0333820596691032
2025-12-11,CE,25898.55,26750.0,5.0,0.1,0.0790878611260364,1.45,1.4,0.059923101123517085,0.059923101123517106,-1.390076898876483,-1.3400768988764828,-95.86737233630916,-95.71977849117735
2025-12-11,CE,25898.55,27050.0,5.0,0.1,0.0790878611260364,1.1,1.1,0.0,0.0,-1.1,-1.1,-100.0,-100.0
2025-12-11,PE,25898.55,25900.0,5.0,0.1,0.0790878611260364,87.6,86.2,90.02330993975879,4.6301303755422065,2.423309939758795,3.8233099397587864,2.7663355476698572,4.435394361669125
2025-12-11,CE,25898.55,25650.0,5.0,0.1,0.0790878611260364,299.9,299.5,316.56492259235097,7.6850220560570754,16.66492259235099,17.064922592350968,5.556826472941311,5.6978038705679355
2025-12-11,PE,25898.55,26500.0,5.0,0.1,0.0790878611260364,574.8,571.2,561.7138651014981,8.787039186412452,-13.086134898501882,-9.486134898501973,-2.2766414228430554,-1.6607379023988047
2025-12-11,PE,25898.55,26300.0,5.0,0.1,0.0790878611260364,380.45,378.7,363.65419523754645,8.180874172253978,-16.795804762453542,-15.045804762453542,-4.414720663018411,-3.973014196581342
2025-12-11,CE,25898.55,27300.0,5.0,0.1,0.0790878611260364,0.85,0.85,0.0,0.0,-0.85,-0.85,-100.0,-100.0
2025-12-11,PE,25898.55,24800.0,5.0,0.1,0.0790878611260364,2.35,2.15,0.0,0.0,-2.35,-2.15,-100.0,-100.0
2025-12-12,CE,26046.95,24950.0,4.0,0.1,0.0783402075593611,1109.75,1109.75,1131.782159374284,8.157998052641602,22.032159374283992,22.032159374283992,1.985326368486956,1.985326368486956
2025-12-12,PE,26046.95,26750.0,4.0,0.1,0.0783402075593611,686.65,686.0,666.0977758160559,8.257994891771313,-20.552224183944077,-19.9022241839441,-2.993115005307519,-2.901198860633251
2025-12-12,CE,26046.95,27750.0,4.0,0.1,0.0783402075593611,0.7,0.75,0.0,0.0,-0.7,-0.75,-100.0,-100.0
2025-12-12,CE,26046.95,26700.0,4.0,0.1,0.0783402075593611,1.4,1.4,0.8307349620522219,0.2849383147435974,-0.569265037947778,-0.569265037947778,-40.66178842484129,-40.66178842484129
2025-12-12,CE,26046.95,24100.0,4.0,0.1,0.0783402075593611,1935.0,1935.0,1987.1956856746915,7.954421908419684,52.195685674691504,52.195685674691504,2.6974514560564087,2.6974514560564087
2025-12-12,CE,26046.95,25400.0,4.0,0.1,0.0783402075593611,664.0,665.7,698.5082322039384,8.050429309251468,34.508232203938405,32.80823220393836,5.19702292227988,4.928380983016127
2025-12-12,CE,26046.95,24500.0,4.0,0.1,0.0783402075593611,1557.6,1558.05,1589.1479420262165,8.272522271867615,31.54794202621656,31.097942026216515,2.025420006819245,1.9959527631473004
2025-12-12,PE,26046.95,26850.0,4.0,0.1,0.0783402075593611,791.0,788.0,760.4350735059404,8.6405568748561,-30.56492649405959,-27.56492649405959,-3.8640867881238417,-3.498087118535481
2025-12-12,CE,26046.95,25100.0,4.0,0.1,0.0783402075593611,967.2,966.75,1001.6781413317954,8.133115654129107,34.478141331795314,34.92814133179536,3.5647375239656034,3.61294453910477
2025-12-12,CE,26046.95,25850.0,4.0,0.1,0.0783402075593611,228.4,230.0,258.55936388851256,6.918929960717501,30.15936388851256,28.559363888512564,13.204625170101819,12.417114734135899
2025-12-12,CE,26046.95,27250.0,4.0,0.1,0.0783402075593611,0.85,0.85,0.0,0.0,-0.85,-0.85,-100.0,-100.0
2025-12-12,CE,26046.95,26950.0,4.0,0.1,0.0783402075593611,1.05,1.0,0.0,0.0,-1.05,-1.0,-100.0,-100.0
2025-12-12,PE,26046.95,24650.0,4.0,0.1,0.0783402075593611,1.85,1.8,0.0,0.0,-1.85,-1.8,-100.0,-100.0
2025-12-12,PE,26046.95,27100.0,4.0,0.1,0.0783402075593611,1038.9,1038.9,1009.2961069733045,7.987232106813738,-29.603893026695573,-29.603893026695573,-2.8495421144186706,-2.8495421144186706
2025-12-12,PE,26046.95,24950.0,4.0,0.1,0.0783402075593611,2.3,2.5,0.0,0.0,-2.3,-2.5,-100.0,-100.0
2025-12-12,CE,26046.95,24700.0,4.0,0.1,0.0783402075593611,1359.3,1363.0,1388.217253439879,8.283624202846108,28.917253439879005,25.21725343987896,2.127363601844994,1.8501286456257489
2025-12-12,PE,26046.95,25950.0,4.0,0.1,0.0783402075593611,36.9,34.05,45.15561530964557,3.014181098525199,8.25561530964557,11.105615309645572,22.37294121855168,32.61561030732914
2025-12-12,CE,26046.95,27650.0,4.0,0.1,0.0783402075593611,0.75,0.7,0.0,0.0,-0.75,-0.7,-100.0,-100.0
2025-12-12,CE,26046.95,27550.0,4.0,0.1,0.0783402075593611,0.7,0.7,0.0,0.0,-0.7,-0.7,-100.0,-100.0
2025-12-12,CE,26046.95,25900.0,4.0,0.1,0.0783402075593611,185.9,187.45,215.68716249499178,6.394218906416937,29.787162494991776,28.237162494991793,16.023218125331777,15.063837020534432
2025-12-12,PE,26046.95,25500.0,4.0,0.1,0.0783402075593611,4.6,4.6,0.5091293301760159,0.19685153050252135,-4.090870669823984,-4.090870669823984,-88.9319710831301,-88.9319710831301
2025-12-12,CE,26046.95,26650.0,4.0,0.1,0.0783402075593611,1.75,1.65,0.8102469103968797,0.3199383194184733,-0.9397530896031203,-0.8397530896031202,-53.70017654874973,-50.894126642613344
2025-12-12,PE,26046.95,26200.0,4.0,0.1,0.0783402075593611,167.1,164.0,169.543866718201,5.654457597228993,2.443866718201008,5.543866718201002,1.4625174854584129,3.3804065354884156
2025-12-12,PE,26046.95,26900.0,4.0,0.1,0.0783402075593611,840.55,836.6,808.6495884695094,8.52176698216514,-31.9004115304906,-27.95041153049067,-3.7951830980299333,-3.340952848492788
2025-12-12,PE,26046.95,26150.0,4.0,0.1,0.0783402075593611,130.7,127.65,138.5426016413724,5.274554957642104,7.8426016413724255,10.892601641372408,6.000460322396654,8.533177940753943
2025-12-12,PE,26046.95,25300.0,4.0,0.1,0.0783402075593611,3.3,3.4,0.0,0.0,-3.3,-3.4,-100.0,-100.0
2025-12-12,CE,26046.95,27150.0,4.0,0.1,0.0783402075593611,0.9,0.85,0.0,0.0,-0.9,-0.85,-100.0,-100.0
2025-12-12,PE,26046.95,25350.0,4.0,0.1,0.0783402075593611,3.5,3.6,0.11775214691890282,0.08452963995621549,-3.3822478530810973,-3.4822478530810974,-96.63565294517421,-96.72910703003048
2025-12-12,CE,26046.95,26050.0,4.0,0.1,0.0783402075593611,83.25,84.15,122.63567320686855,5.216444932005908,39.385673206868546,38.48567320686854,47.310117966208466,45.7346086831474
2025-12-12,PE,26046.95,24750.0,4.0,0.1,0.0783402075593611,1.95,2.0,0.0,0.0,-1.95,-2.0,-100.0,-100.0
2025-12-12,CE,26046.95,26900.0,4.0,0.1,0.0783402075593611,1.05,1.05,0.0,0.0,-1.05,-1.05,-100.0,-100.0
2025-12-12,CE,26046.95,25200.0,4.0,0.1,0.0783402075593611,861.65,866.3,871.0520097948862,8.12472373225755,9.402009794886226,4.7520097948862485,1.091163441639439,0.5485408974819633
2025-12-12,CE,26046.95,26150.0,4.0,0.1,0.0783402075593611,40.7,42.2,79.58112063986094,4.106849061143103,38.88112063986094,37.38112063986094,95.53100894314727,88.58085459682687
2025-12-12,CE,26046.95,26500.0,4.0,0.1,0.0783402075593611,3.0,3.2,6.892825380322391,1.163998247434118,3.8928253803223907,3.6928253803223905,129.76084601074635,115.4007931350747
2025-12-12,PE,26046.95,26100.0,4.0,0.1,0.0783402075593611,99.3,95.8,112.24983588815158,4.840539132230345,12.949835888151583,16.449835888151583,13.041123754432613,17.171018672392048
2025-12-12,CE,26046.95,25150.0,4.0,0.1,0.0783402075593611,910.65,913.45,949.1234861961565,7.737002654312318,38.4734861961565,35.67348619615643,4.224837884605118,3.9053572933555674
2025-12-12,CE,26046.95,26000.0,4.0,0.1,0.0783402075593611,112.45,112.6,154.16321815139304,5.666533478808182,41.713218151393036,41.563218151393045,37.09490275801959,36.91227189288903
2025-12-12,PE,26046.95,26800.0,4.0,0.1,0.0783402075593611,738.5,737.45,725.8890216899765,8.45692088518585,-12.610978310023484,-11.560978310023529,-1.7076477061643174,-1.5676965638380267
2025-12-12,PE,26046.95,26950.0,4.0,0.1,0.0783402075593611,892.25,892.25,866.3839970797685,8.309645018556719,-25.866002920231494,-25.866002920231494,-2.898963622329111,-2.898963622329111
2025-12-12,CE,26046.95,27800.0,4.0,0.1,0.0783402075593611,0.65,0.6,0.0,0.0,-0.65,-0.6,-100.0,-100.0
2025-12-12,CE,26046.95,27200.0,4.0,0.1,0.0783402075593611,0.9,0.85,0.0,0.0,-0.9,-0.85,-100.0,-100.0
2025-12-12,PE,26046.95,26500.0,4.0,0.1,0.0783402075593611,441.95,439.75,416.42207357711214,7.690577221544864,-25.527926422887845,-23.327926422887856,-5.776202381013202,-5.304815559496954
2025-12-12,CE,26046.95,25950.0,4.0,0.1,0.0783402075593611,146.8,148.0,187.99022865065896,6.325191908631987,41.19022865065895,39.99022865065896,28.058738862846695,27.02042476395876
2025-12-12,CE,26046.95,24000.0,4.0,0.1,0.0783402075593611,2055.6,2065.75,2076.43113579836,8.04686091803252,20.831135798360265,10.681135798360174,1.0133846953862748,0.5170584919937153
2025-12-12,CE,26046.95,25600.0,4.0,0.1,0.0783402075593611,464.55,467.65,490.2611853168521,7.688590174130151,25.711185316852095,22.61118531685213,5.534643271306015,4.835065822057549
2025-12-12,PE,26046.95,24400.0,4.0,0.1,0.0783402075593611,1.55,1.6,0.0,0.0,-1.55,-1.6,-100.0,-100.0
2025-12-12,PE,26046.95,24000.0,4.0,0.1,0.0783402075593611,1.3,1.2,0.0,0.0,-1.3,-1.2,-100.0,-100.0
2025-12-12,PE,26046.95,25400.0,4.0,0.1,0.0783402075593611,3.8,3.85,0.6024986506435664,0.3429484167319168,-3.1975013493564335,-3.2475013493564338,-84.1447723514851,-84.35068439886841
2025-12-12,CE,26046.95,27450.0,4.0,0.1,0.0783402075593611,0.85,0.8,0.0,0.0,-0.85,-0.8,-100.0,-100.0
2025-12-12,PE,26046.95,27900.0,4.0,0.1,0.0783402075593611,1839.0,1839.0,1810.91057581993,8.067324347469292,-28.089424180069955,-28.089424180069955,-1.5274292648216397,-1.5274292648216397
2025-12-12,PE,26046.95,24700.0,4.0,0.1,0.0783402075593611,2.0,2.0,0.0,0.0,-2.0,-2.0,-100.0,-100.0
2025-12-12,CE,26046.95,24600.0,4.0,0.1,0.0783402075593611,1462.0,1462.0,1483.578031124383,8.241178543545157,21.57803112438296,21.57803112438296,1.4759255215036224,1.4759255215036224
2025-12-12,CE,26046.95,27400.0,4.0,0.1,0.0783402075593611,0.85,0.8,0.0,0.0,-0.85,-0.8,-100.0,-100.0
2025-12-12,CE,26046.95,25300.0,4.0,0.1,0.0783402075593611,760.9,764.65,792.5984509039025,8.02402054341023,31.69845090390254,27.94845090390254,4.165915482179332,3.655064526764211
2025-12-12,CE,26046.95,27350.0,4.0,0.1,0.0783402075593611,0.85,0.75,0.0,0.0,-0.85,-0.75,-100.0,-100.0
2025-12-12,PE,26046.95,26300.0,4.0,0.1,0.0783402075593611,251.2,247.1,239.87443854477402,6.620759485729234,-11.325561455225966,-7.2255614552259715,-4.508583381857471,-2.924144660148107
2025-12-12,PE,26046.95,26400.0,4.0,0.1,0.0783402075593611,344.6,342.4,330.64864072396466,7.2606583866508805,-13.951359276035362,-11.751359276035316,-4.048566243771144,-3.4320558633280713
2025-12-12,PE,26046.95,25450.0,4.0,0.1,0.0783402075593611,4.05,4.05,0.9441052965832935,0.3328473415998413,-3.1058947034167064,-3.1058947034167064,-76.68875810905448,-76.68875810905448
2025-12-12,CE,26046.95,27700.0,4.0,0.1,0.0783402075593611,0.75,0.75,0.0,0.0,-0.75,-0.75,-100.0,-100.0
2025-12-12,PE,26046.95,26000.0,4.0,0.1,0.0783402075593611,52.75,49.3,61.422680807727296,3.5669317463459165,8.672680807727296,12.1226808077273,16.44110105730293,24.589616242854564
2025-12-12,PE,26046.95,25600.0,4.0,0.1,0.0783402075593611,5.75,5.7,2.403722749369683,0.5492016341486365,-3.346277250630317,-3.2962772506303173,-58.19612609791855,-57.82942544965469
2025-12-12,PE,26046.95,24450.0,4.0,0.1,0.0783402075593611,1.6,1.55,0.0,0.0,-1.6,-1.55,-100.0,-100.0
2025-12-12,PE,26046.95,27000.0,4.0,0.1,0.0783402075593611,939.85,936.0,906.4653065183062,8.11262287722793,-33.38469348169383,-29.534693481693807,-3.552129965600237,-3.155415970266432
2025-12-12,CE,26046.95,25000.0,4.0,0.1,0.0783402075593611,1060.8,1063.0,1072.434494987628,8.412985074477971,11.634494987628159,9.434494987628113,1.0967661187432276,0.8875348059857116
2025-12-12,PE,26046.95,23950.0,4.0,0.1,0.0783402075593611,1.3,1.3,0.0,0.0,-1.3,-1.3,-100.0,-100.0
2025-12-12,PE,26046.95,26550.0,4.0,0.1,0.0783402075593611,490.85,489.95,453.81142544979923,7.782123964687814,-37.03857455020079,-36.13857455020076,-7.545803106896362,-7.375971946157926
2025-12-12,PE,26046.95,25000.0,4.0,0.1,0.0783402075593611,2.55,2.6,0.0,0.0,-2.55,-2.6,-100.0,-100.0
2025-12-12,CE,26046.95,26800.0,4.0,0.1,0.0783402075593611,1.15,1.1,0.2992106345257704,0.14295312415472708,-0.8507893654742296,-0.8007893654742297,-73.98168395428084,-72.79903322492997
2025-12-12,PE,26046.95,25800.0,4.0,0.1,0.0783402075593611,13.7,12.2,14.317708341724186,1.6851610969674642,0.6177083417241871,2.117708341724187,4.508820012585307,17.358265096099895
2025-12-12,PE,26046.95,26250.0,4.0,0.1,0.0783402075593611,207.3,204.6,209.78779448081553,6.387587617906657,2.4877944808155235,5.1877944808155405,1.2000938161194035,2.5355789251297853
2025-12-12,PE,26046.95,25200.0,4.0,0.1,0.0783402075593611,2.95,3.05,0.0,0.0,-2.95,-3.05,-100.0,-100.0
2025-12-12,PE,26046.95,26700.0,4.0,0.1,0.0783402075593611,639.8,637.75,633.4626211724153,8.169242355336701,-6.337378827584644,-4.287378827584689,-0.9905249808666216,-0.6722663782963056
2025-12-12,CE,26046.95,27050.0,4.0,0.1,0.0783402075593611,0.95,0.95,0.0,0.0,-0.95,-0.95,-100.0,-100.0
2025-12-12,PE,26046.95,26450.0,4.0,0.1,0.0783402075593611,393.8,389.35,373.19000130759747,7.571401161660282,-20.60999869240254,-16.159998692402553,-5.233620795429797,-4.1505069198414155
2025-12-12,CE,26046.95,27600.0,4.0,0.1,0.0783402075593611,0.85,0.8,0.0,0.0,-0.85,-0.8,-100.0,-100.0
2025-12-12,PE,26046.95,25150.0,4.0,0.1,0.0783402075593611,2.8,2.85,0.0,0.0,-2.8,-2.85,-100.0,-100.0
2025-12-12,CE,26046.95,26600.0,4.0,0.1,0.0783402075593611,2.0,2.0,1.534315776675927,0.4582586490437359,-0.465684223324073,-0.465684223324073,-23.28421116620365,-23.28421116620365
2025-12-12,PE,26046.95,25850.0,4.0,0.1,0.0783402075593611,18.55,16.65,25.0816050951301,2.260328885262964,6.5316050951301,8.431605095130102,35.210809138167654,50.64027084162224
2025-12-12,CE,26046.95,27900.0,4.0,0.1,0.0783402075593611,0.65,0.65,0.0,0.0,-0.65,-0.65,-100.0,-100.0
2025-12-12,PE,26046.95,24350.0,4.0,0.1,0.0783402075593611,1.55,1.6,0.0,0.0,-1.55,-1.6,-100.0,-100.0
2025-12-12,PE,26046.95,27200.0,4.0,0.1,0.0783402075593611,1139.95,1141.65,1110.9147146064904,8.077314255657495,-29.03528539350964,-30.735285393509685,-2.547066572525956,-2.6921810882065156
2025-12-12,PE,26046.95,27500.0,4.0,0.1,0.0783402075593611,1437.55,1440.25,1415.2601787074245,8.143954817846971,-22.289821292575425,-24.98982129257547,-1.5505423319241367,-1.7351030232650908
2025-12-12,CE,26046.95,27500.0,4.0,0.1,0.0783402075593611,0.8,0.8,0.0,0.0,-0.8,-0.8,-100.0,-100.0
2025-12-12,PE,26046.95,24600.0,4.0,0.1,0.0783402075593611,1.8,1.85,0.0,0.0,-1.8,-1.85,-100.0,-100.0
2025-12-12,CE,26046.95,24900.0,4.0,0.1,0.0783402075593611,1162.2,1153.25,1183.346567840428,8.087265310604376,21.146567840427906,30.09656784042795,1.8195291550875843,2.6097175669133277
2025-12-12,CE,26046.95,26200.0,4.0,0.1,0.0783402075593611,27.25,28.65,58.82212610616323,3.6088364888022535,31.572126106163232,30.172126106163233,115.86101323362654,105.31283108608459
2025-12-12,CE,26046.95,26750.0,4.0,0.1,0.0783402075593611,1.25,1.2,1.3777840028857244,0.512494327334487,0.12778400288572445,0.1777840028857245,10.222720230857956,14.815333573810374
2025-12-12,CE,26046.95,27000.0,4.0,0.1,0.0783402075593611,1.0,0.95,0.0,0.0,-1.0,-0.95,-100.0,-100.0
2025-12-12,PE,26046.95,24500.0,4.0,0.1,0.0783402075593611,1.7,1.75,0.0,0.0,-1.7,-1.75,-100.0,-100.0
2025-12-12,PE,26046.95,24900.0,4.0,0.1,0.0783402075593611,2.2,2.3,0.0,0.0,-2.2,-2.3,-100.0,-100.0
2025-12-12,PE,26046.95,26600.0,4.0,0.1,0.0783402075593611,540.7,536.95,500.6120357080625,8.298091843441254,-40.08796429193757,-36.33796429193757,-7.414086238568071,-6.767476355701195
2025-12-12,CE,26046.95,25350.0,4.0,0.1,0.0783402075593611,713.6,715.6,746.0280320224472,8.180285187980845,32.428032022447155,30.428032022447155,4.544286998661316,4.252100618005471
2025-12-12,PE,26046.95,25050.0,4.0,0.1,0.0783402075593611,2.55,2.65,0.0,0.0,-2.55,-2.65,-100.0,-100.0
2025-12-12,PE,26046.95,24150.0,4.0,0.1,0.0783402075593611,1.45,1.55,0.0,0.0,-1.45,-1.55,-100.0,-100.0
2025-12-12,PE,26046.95,25750.0,4.0,0.1,0.0783402075593611,10.3,9.2,11.327385381069371,1.4562401664800626,1.0273853810693705,2.127385381069372,9.974615350188062,23.12375414205839
2025-12-12,CE,26046.95,25050.0,4.0,0.1,0.0783402075593611,941.0,941.0,1038.2794556643864,8.506980280855407,97.27945566438643,97.27945566438643,10.337880516937984,10.337880516937984
2025-12-12,PE,26046.95,25700.0,4.0,0.1,0.0783402075593611,8.25,7.65,8.484698893026804,1.2659912797656365,0.23469889302680436,0.834698893026804,2.844835066991568,10.911096640873254
2025-12-12,CE,26046.95,27850.0,4.0,0.1,0.0783402075593611,0.6,0.7,0.0,0.0,-0.6,-0.7,-100.0,-100.0
2025-12-12,PE,26046.95,25900.0,4.0,0.1,0.0783402075593611,25.85,23.7,32.55363389864268,2.582388049639055,6.7036338986426784,8.85363389864268,25.9328197239562,37.357105057564056
2025-12-12,CE,26046.95,25500.0,4.0,0.1,0.0783402075593611,561.1,568.65,574.5207598554904,7.912695791422511,13.42075985549036,5.870759855490405,2.391865951789406,1.0324030344659114
2025-12-12,PE,26046.95,24250.0,4.0,0.1,0.0783402075593611,1.45,1.55,0.0,0.0,-1.45,-1.55,-100.0,-100.0
2025-12-12,CE,26046.95,26850.0,4.0,0.1,0.0783402075593611,1.1,1.15,0.04688842833733933,0.04688842833733932,-1.0531115716626607,-1.1031115716626605,-95.73741560569641,-95.92274536197048
2025-12-12,CE,26046.95,25700.0,4.0,0.1,0.0783402075593611,367.65,369.75,406.0082614414083,7.480757799582591,38.35826144140833,36.25826144140831,10.433363645153905,9.806155900313268
2025-12-12,CE,26046.95,25800.0,4.0,0.1,0.0783402075593611,273.55,275.0,301.175247483706,7.236652110604404,27.625247483706005,26.175247483706016,10.098792719322246,9.518271812256733
2025-12-12,PE,26046.95,24550.0,4.0,0.1,0.0783402075593611,1.75,1.7,0.0,0.0,-1.75,-1.7,-100.0,-100.0
2025-12-12,PE,26046.95,24200.0,4.0,0.1,0.0783402075593611,1.5,1.45,0.0,0.0,-1.5,-1.45,-100.0,-100.0
2025-12-12,PE,26046.95,26650.0,4.0,0.1,0.0783402075593611,589.05,588.9,549.4819816056851,7.8017494850025875,-39.56801839431489,-39.41801839431491,-6.717259722318121,-6.6934994726294645
2025-12-12,CE,26046.95,27300.0,4.0,0.1,0.0783402075593611,0.85,0.8,0.0,0.0,-0.85,-0.8,-100.0,-100.0
2025-12-12,PE,26046.95,24050.0,4.0,0.1,0.0783402075593611,1.35,1.4,0.0,0.0,-1.35,-1.4,-100.0,-100.0
2025-12-12,CE,26046.95,26100.0,4.0,0.1,0.0783402075593611,59.35,60.4,88.27253028713204,4.362136803282401,28.92253028713204,27.872530287132044,48.73214875675154,46.1465733230663
2025-12-12,PE,26046.95,24800.0,4.0,0.1,0.0783402075593611,2.1,2.15,0.0,0.0,-2.1,-2.15,-100.0,-100.0
2025-12-12,PE,26046.95,25650.0,4.0,0.1,0.0783402075593611,6.7,6.45,4.023744975712022,0.7783589390972447,-2.676255024287978,-2.426255024287978,-39.944104840119074,-37.61635696570509
2025-12-12,CE,26046.95,24800.0,4.0,0.1,0.0783402075593611,1262.0,1262.0,1303.0732016593852,8.020712505189222,41.07320165938518,41.07320165938518,3.254611858905323,3.254611858905323
2025-12-12,PE,26046.95,25550.0,4.0,0.1,0.0783402075593611,5.1,5.05,1.6572957495938176,0.44472260318715695,-3.442704250406182,-3.392704250406182,-67.50400490992514,-67.18226238428083
2025-12-12,CE,26046.95,25550.0,4.0,0.1,0.0783402075593611,516.55,519.25,549.1590044407593,8.163437618532077,32.60900444075935,29.909004440759304,6.312845695626629,5.760039372317632
2025-12-12,PE,26046.95,26350.0,4.0,0.1,0.0783402075593611,296.7,293.4,279.7353912583682,7.127776813672285,-16.964608741631764,-13.664608741631753,-5.71776499549436,-4.657330859451859
2025-12-12,PE,26046.95,24300.0,4.0,0.1,0.0783402075593611,1.55,1.5,0.0,0.0,-1.55,-1.5,-100.0,-100.0
2025-12-12,CE,26046.95,27950.0,4.0,0.1,0.0783402075593611,0.6,0.6,0.0,0.0,-0.6,-0.6,-100.0,-100.0
2025-12-12,CE,26046.95,25450.0,4.0,0.1,0.0783402075593611,612.9,616.35,643.2879472357489,8.294668122170036,30.387947235748925,26.93794723574888,4.9580595914095165,4.370560109637199
2025-12-12,CE,26046.95,25250.0,4.0,0.1,0.0783402075593611,811.7,813.75,837.0439791551908,8.11466871629743,25.34397915519071,23.293979155190755,3.1223332703204028,2.8625473616209836
2025-12-12,CE,26046.95,27100.0,4.0,0.1,0.0783402075593611,0.95,0.95,0.0,0.0,-0.95,-0.95,-100.0,-100.0
2025-12-12,PE,26046.95,26050.0,4.0,0.1,0.0783402075593611,73.2,70.05,81.33585430831161,4.213553776765137,8.135854308311607,11.285854308311613,11.114555065999463,16.111141053978034
2025-12-12,CE,26046.95,25750.0,4.0,0.1,0.0783402075593611,320.95,322.4,342.2697692595989,7.326533833449105,21.3197692595989,19.86976925959891,6.642707356161054,6.163079795160953
2025-12-12,PE,26046.95,25250.0,4.0,0.1,0.0783402075593611,3.05,3.25,0.0,0.0,-3.05,-3.25,-100.0,-100.0
2025-12-12,CE,26046.95,26550.0,4.0,0.1,0.0783402075593611,2.35,2.4,4.072489198750965,0.9250748389583792,1.722489198750965,1.6724891987509651,73.29741271280702,69.68704994795688
2025-12-12,PE,26046.95,24850.0,4.0,0.1,0.0783402075593611,2.15,2.25,0.0,0.0,-2.15,-2.25,-100.0,-100.0
2025-12-12,CE,26046.95,25650.0,4.0,0.1,0.0783402075593611,415.25,420.2,428.38703690997954,7.616606021984525,13.137036909979543,8.187036909979554,3.1636452522527496,1.9483667087052723
2025-12-12,PE,26046.95,27300.0,4.0,0.1,0.0783402075593611,1234.0,1235.85,1207.3472973140983,8.12828485256181,-26.65270268590166,-28.502702685901568,-2.1598624542870066,-2.3063238002914246
2025-12-12,PE,26046.95,25100.0,4.0,0.1,0.0783402075593611,2.65,2.8,0.0,0.0,-2.65,-2.8,-100.0,-100.0
2025-12-12,PE,26046.95,24100.0,4.0,0.1,0.0783402075593611,1.55,1.4,0.0,0.0,-1.55,-1.4,-100.0,-100.0
2025-12-15,CE,26027.3,27300.0,1.0,0.1,0.0761409446820272,0.7,0.6,0.0,0.0,-0.7,-0.6,-100.0,-100.0
2025-12-15,CE,26027.3,25150.0,1.0,0.1,0.0761409446820272,880.35,878.35,890.9237604444369,4.009901924906798,10.573760444436857,12.573760444436857,1.2010859822158069,1.4315205151063763
2025-12-15,CE,26027.3,26050.0,1.0,0.1,0.0761409446820272,47.15,46.4,41.35911961569077,2.1212247593974567,-5.790880384309226,-5.040880384309226,-12.281824781143639,-10.86396634549402
2025-12-15,PE,26027.3,27900.0,1.0,0.1,0.0761409446820272,1852.8,1852.8,1858.0689254027807,3.992567442847985,5.268925402780724,5.268925402780724,0.2843763710481824,0.2843763710481824
2025-12-15,PE,26027.3,25400.0,1.0,0.1,0.0761409446820272,2.3,2.1,0.0,0.0,-2.3,-2.1,-100.0,-100.0
2025-12-15,CE,26027.3,26200.0,1.0,0.1,0.0761409446820272,9.7,9.75,5.704506528813206,0.7452155946448924,-3.9954934711867933,-4.045493471186794,-41.19065434213189,-41.49224073012097
2025-12-15,PE,26027.3,26500.0,1.0,0.1,0.0761409446820272,474.1,476.0,457.4969102776308,3.8751597197209473,-16.603089722369248,-18.503089722369225,-3.502022721444684,-3.887203723186812
2025-12-15,CE,26027.3,24900.0,1.0,0.1,0.0761409446820272,1129.9,1131.3,1139.7467223561284,3.9375792359508894,9.846722356128339,8.446722356128475,0.8714684800538399,0.746638588891406
2025-12-15,CE,26027.3,27150.0,1.0,0.1,0.0761409446820272,0.75,0.65,0.0,0.0,-0.75,-0.65,-100.0,-100.0
2025-12-15,CE,26027.3,24800.0,1.0,0.1,0.0761409446820272,1224.45,1229.95,1234.4125716419,3.9259224845920344,9.962571641900013,4.462571641900013,0.8136364606068042,0.3628254515955943
2025-12-15,CE,26027.3,26950.0,1.0,0.1,0.0761409446820272,0.8,0.7,0.0,0.0,-0.8,-0.7,-100.0,-100.0
2025-12-15,CE,26027.3,26450.0,1.0,0.1,0.0761409446820272,1.45,1.2,0.0,0.0,-1.45,-1.2,-100.0,-100.0
2025-12-15,CE,26027.3,26600.0,1.0,0.1,0.0761409446820272,1.05,0.95,0.0,0.0,-1.05,-0.95,-100.0,-100.0
2025-12-15,CE,26027.3,24650.0,1.0,0.1,0.0761409446820272,1370.0,1370.0,1386.7023619363574,3.8879036061310175,16.70236193635742,16.70236193635742,1.2191505063034613,1.2191505063034613
2025-12-15,CE,26027.3,24250.0,1.0,0.1,0.0761409446820272,1779.0,1779.0,1787.6854997827984,3.9700725810960575,8.685499782798388,8.685499782798388,0.48822370898248385,0.48822370898248385
2025-12-15,PE,26027.3,24350.0,1.0,0.1,0.0761409446820272,1.25,1.25,0.0,0.0,-1.25,-1.25,-100.0,-100.0
2025-12-15,PE,26027.3,24900.0,1.0,0.1,0.0761409446820272,1.5,1.45,0.0,0.0,-1.5,-1.45,-100.0,-100.0
2025-12-15,CE,26027.3,24950.0,1.0,0.1,0.0761409446820272,1090.0,1090.0,1085.0119601734616,3.7491340023717132,-4.988039826538397,-4.988039826538397,-0.45761833270994473,-0.45761833270994473
2025-12-15,CE,26027.3,24150.0,1.0,0.1,0.0761409446820272,1797.3,1797.3,1886.4819677868204,3.871231703442999,89.18196778682045,89.18196778682045,4.961996761076084,4.961996761076084
2025-12-15,PE,26027.3,24050.0,1.0,0.1,0.0761409446820272,0.95,0.9,0.0,0.0,-0.95,-0.9,-100.0,-100.0
2025-12-15,CE,26027.3,27250.0,1.0,0.1,0.0761409446820272,0.7,0.6,0.0,0.0,-0.7,-0.6,-100.0,-100.0
2025-12-15,CE,26027.3,25950.0,1.0,0.1,0.0761409446820272,105.55,104.65,100.63014147641897,3.153974742544154,-4.919858523581027,-4.019858523581036,-4.6611639257044315,-3.841240825208825
2025-12-15,PE,26027.3,24450.0,1.0,0.1,0.0761409446820272,1.25,1.15,0.0,0.0,-1.25,-1.15,-100.0,-100.0
2025-12-15,CE,26027.3,26100.0,1.0,0.1,0.0761409446820272,28.35,28.25,20.645373062513972,1.3727692150819821,-7.7046269374860294,-7.604626937486028,-27.17681459430698,-26.919033407030184
2025-12-15,PE,26027.3,26100.0,1.0,0.1,0.0761409446820272,101.4,103.35,83.43471298357704,2.8517520932622036,-17.965287016422963,-19.91528701642295,-17.717245578326395,-19.26975037873532
2025-12-15,CE,26027.3,23950.0,1.0,0.1,0.0761409446820272,1990.55,1990.55,2087.3446052471977,3.9745030321387156,96.79460524719775,96.79460524719775,4.862706550812477,4.862706550812477
2025-12-15,PE,26027.3,25450.0,1.0,0.1,0.0761409446820272,2.35,2.1,0.0,0.0,-2.35,-2.1,-100.0,-100.0
2025-12-15,CE,26027.3,27600.0,1.0,0.1,0.0761409446820272,0.7,0.6,0.0,0.0,-0.7,-0.6,-100.0,-100.0
2025-12-15,PE,26027.3,25550.0,1.0,0.1,0.0761409446820272,2.8,2.7,0.0,0.0,-2.8,-2.7,-100.0,-100.0
2025-12-15,PE,26027.3,27600.0,1.0,0.1,0.0761409446820272,1580.0,1580.0,1567.5403365064356,3.8915931944812945,-12.459663493564449,-12.459663493564449,-0.788586297061041,-0.788586297061041
2025-12-15,PE,26027.3,25600.0,1.0,0.1,0.0761409446820272,3.1,3.0,0.005381086720712286,0.005381086720712288,-3.094618913279288,-2.9946189132792878,-99.82641655739639,-99.82063044264292
2025-12-15,PE,26027.3,24000.0,1.0,0.1,0.0761409446820272,1.0,1.0,0.0,0.0,-1.0,-1.0,-100.0,-100.0
2025-12-15,CE,26027.3,27850.0,1.0,0.1,0.0761409446820272,0.45,0.4,0.0,0.0,-0.45,-0.4,-100.0,-100.0
2025-12-15,PE,26027.3,27500.0,1.0,0.1,0.0761409446820272,1492.0,1492.0,1462.3652891277525,3.9273862564938695,-29.634710872247524,-29.634710872247524,-1.9862406750836143,-1.9862406750836143
2025-12-15,CE,26027.3,25550.0,1.0,0.1,0.0761409446820272,480.25,478.0,489.3387915100078,4.0186485204949705,9.088791510007809,11.338791510007809,1.892512547633068,2.372132115064395
2025-12-15,CE,26027.3,24400.0,1.0,0.1,0.0761409446820272,1629.7,1629.7,1643.6627867374739,4.073535424752232,13.962786737473834,13.962786737473834,0.8567703710789614,0.8567703710789614
2025-12-15,PE,26027.3,25950.0,1.0,0.1,0.0761409446820272,28.65,30.05,18.401587606028173,1.3841001272070435,-10.248412393971826,-11.648412393971828,-35.77107292834844,-38.76343558726066
2025-12-15,PE,26027.3,23950.0,1.0,0.1,0.0761409446820272,0.9,0.9,0.0,0.0,-0.9,-0.9,-100.0,-100.0
2025-12-15,CE,26027.3,24300.0,1.0,0.1,0.0761409446820272,1718.0,1718.0,1738.8201007417986,4.0088838261439745,20.82010074179857,20.82010074179857,1.2118801363095792,1.2118801363095792
2025-12-15,PE,26027.3,27200.0,1.0,0.1,0.0761409446820272,1177.75,1177.75,1164.3515406103181,3.8097914402581545,-13.398459389681875,-13.398459389681875,-1.137631873460571,-1.137631873460571
2025-12-15,PE,26027.3,24650.0,1.0,0.1,0.0761409446820272,1.35,1.25,0.0,0.0,-1.35,-1.25,-100.0,-100.0
2025-12-15,CE,26027.3,27750.0,1.0,0.1,0.0761409446820272,0.55,0.5,0.0,0.0,-0.55,-0.5,-100.0,-100.0
2025-12-15,PE,26027.3,25900.0,1.0,0.1,0.0761409446820272,17.9,18.95,8.074545715405623,0.9329724457234443,-9.825454284594375,-10.875454284594376,-54.89080605918646,-57.39026007701518
2025-12-15,PE,26027.3,26650.0,1.0,0.1,0.0761409446820272,621.5,624.5,608.4997369112186,3.828624822723882,-13.000263088781367,-16.000263088781367,-2.09175592739845,-2.5620917676191137
2025-12-15,CE,26027.3,25700.0,1.0,0.1,0.0761409446820272,330.9,329.0,333.1535043293202,3.8916882843063205,2.253504329320208,4.153504329320185,0.6810227649804195,1.2624633219818193
2025-12-15,CE,26027.3,27950.0,1.0,0.1,0.0761409446820272,0.4,0.35,0.0,0.0,-0.4,-0.35,-100.0,-100.0
2025-12-15,PE,26027.3,24200.0,1.0,0.1,0.0761409446820272,1.15,1.25,0.0,0.0,-1.15,-1.25,-100.0,-100.0
2025-12-15,PE,26027.3,26800.0,1.0,0.1,0.0761409446820272,776.4,776.65,761.7644290937285,3.8541242966478295,-14.635570906271482,-14.885570906271482,-1.8850555005501652,-1.916638241971478
2025-12-15,CE,26027.3,25750.0,1.0,0.1,0.0761409446820272,281.95,280.45,285.74346334464906,4.113310335145695,3.7934633446490693,5.293463344649069,1.3454383204997586,1.8874891583701443
2025-12-15,CE,26027.3,26000.0,1.0,0.1,0.0761409446820272,72.8,71.1,67.52645674570691,2.6098673971652704,-5.273543254293088,-3.573543254293085,-7.24387809655644,-5.026080526431906
2025-12-15,PE,26027.3,25700.0,1.0,0.1,0.0761409446820272,4.45,4.7,0.22759835666336597,0.11049266326865827,-4.222401643336634,-4.472401643336634,-94.88543018734009,-95.15748177311988
2025-12-15,CE,26027.3,25600.0,1.0,0.1,0.0761409446820272,430.95,427.45,436.15685701707264,3.9323822991719535,5.20685701707265,8.70685701707265,1.2082276405784083,2.036929937319605
2025-12-15,CE,26027.3,26150.0,1.0,0.1,0.0761409446820272,16.6,16.6,11.122851964517222,1.057803813009077,-5.477148035482779,-5.477148035482779,-32.9948676836312,-32.9948676836312
2025-12-15,PE,26027.3,26750.0,1.0,0.1,0.0761409446820272,724.7,726.85,709.7110066906218,4.014894378390414,-14.988993309378202,-17.13899330937818,-2.0683032026187664,-2.3579821571683537
2025-12-15,PE,26027.3,25200.0,1.0,0.1,0.0761409446820272,1.75,1.65,0.0,0.0,-1.75,-1.65,-100.0,-100.0
2025-12-15,CE,26027.3,27700.0,1.0,0.1,0.0761409446820272,0.65,0.6,0.0,0.0,-0.65,-0.6,-100.0,-100.0
2025-12-15,PE,26027.3,25050.0,1.0,0.1,0.0761409446820272,1.65,1.6,0.0,0.0,-1.65,-1.6,-100.0,-100.0
2025-12-15,CE,26027.3,25450.0,1.0,0.1,0.0761409446820272,580.05,578.15,595.6133189372318,4.012164259130091,15.563318937231884,17.46331893723186,2.68309954956157,3.02055157610168
2025-12-15,CE,26027.3,25050.0,1.0,0.1,0.0761409446820272,982.4,983.0,982.9144415047427,3.9527341258837723,0.5144415047427628,-0.08555849525725989,0.052365788349222606,-0.008703814370016265
2025-12-15,PE,26027.3,25150.0,1.0,0.1,0.0761409446820272,1.75,1.55,0.0,0.0,-1.75,-1.55,-100.0,-100.0
2025-12-15,CE,26027.3,26300.0,1.0,0.1,0.0761409446820272,3.25,3.0,0.35163578159344966,0.14156462695670732,-2.8983642184065506,-2.6483642184065506,-89.18043748943234,-88.27880728021836
2025-12-15,CE,26027.3,27000.0,1.0,0.1,0.0761409446820272,0.8,0.7,0.0,0.0,-0.8,-0.7,-100.0,-100.0
2025-12-15,PE,26027.3,25100.0,1.0,0.1,0.0761409446820272,1.7,1.55,0.0,0.0,-1.7,-1.55,-100.0,-100.0
2025-12-15,CE,26027.3,25850.0,1.0,0.1,0.0761409446820272,187.75,185.25,190.2070480989348,3.77969288635378,2.4570480989347914,4.957048098934791,1.308680745105082,2.6758694191280923
2025-12-15,CE,26027.3,26700.0,1.0,0.1,0.0761409446820272,0.9,0.8,0.0,0.0,-0.9,-0.8,-100.0,-100.0
2025-12-15,PE,26027.3,26000.0,1.0,0.1,0.0761409446820272,46.0,46.8,32.788806961351824,1.8695835804539314,-13.211193038648176,-14.011193038648173,-28.71998486662647,-29.93844666377815
2025-12-15,PE,26027.3,26550.0,1.0,0.1,0.0761409446820272,524.1,525.0,510.5017539290167,3.8705636267740466,-13.59824607098335,-14.498246070983328,-2.5945899772912324,-2.7615706801873006
2025-12-15,CE,26027.3,27900.0,1.0,0.1,0.0761409446820272,0.4,0.35,0.0,0.0,-0.4,-0.35,-100.0,-100.0
2025-12-15,PE,26027.3,25300.0,1.0,0.1,0.0761409446820272,1.95,1.6,0.0,0.0,-1.95,-1.6,-100.0,-100.0
2025-12-15,CE,26027.3,26750.0,1.0,0.1,0.0761409446820272,0.95,0.9,0.0,0.0,-0.95,-0.9,-100.0,-100.0
2025-12-15,CE,26027.3,27450.0,1.0,0.1,0.0761409446820272,0.65,0.6,0.0,0.0,-0.65,-0.6,-100.0,-100.0
2025-12-15,PE,26027.3,25000.0,1.0,0.1,0.0761409446820272,1.6,1.45,0.0,0.0,-1.6,-1.45,-100.0,-100.0
2025-12-15,PE,26027.3,24100.0,1.0,0.1,0.0761409446820272,1.05,1.15,0.0,0.0,-1.05,-1.15,-100.0,-100.0
2025-12-15,PE,26027.3,27100.0,1.0,0.1,0.0761409446820272,1075.65,1075.65,1068.21056789636,3.9484071765827564,-7.4394321036400015,-7.4394321036400015,-0.6916220056375216,-0.6916220056375216
2025-12-15,PE,26027.3,24500.0,1.0,0.1,0.0761409446820272,1.25,1.15,0.0,0.0,-1.25,-1.15,-100.0,-100.0
2025-12-15,CE,26027.3,25300.0,1.0,0.1,0.0761409446820272,730.0,726.0,738.7647387177462,3.8864931405370773,8.76473871774624,12.76473871774624,1.2006491394172931,1.758228473518766
2025-12-15,CE,26027.3,25000.0,1.0,0.1,0.0761409446820272,1032.25,1025.15,1038.2657124560485,4.165502981095712,6.0157124560485045,13.115712456048414,0.5827766971226451,1.2793944745694201
2025-12-15,CE,26027.3,26500.0,1.0,0.1,0.0761409446820272,1.35,1.2,0.0,0.0,-1.35,-1.2,-100.0,-100.0
2025-12-15,CE,26027.3,26400.0,1.0,0.1,0.0761409446820272,1.7,1.45,0.12365548394167675,0.12365548394167673,-1.5763445160583232,-1.3263445160583232,-92.72614800343078,-91.47203559022918
2025-12-15,PE,26027.3,24300.0,1.0,0.1,0.0761409446820272,1.3,1.3,0.0,0.0,-1.3,-1.3,-100.0,-100.0
2025-12-15,CE,26027.3,27650.0,1.0,0.1,0.0761409446820272,0.65,0.55,0.0,0.0,-0.65,-0.55,-100.0,-100.0
2025-12-15,CE,26027.3,24000.0,1.0,0.1,0.0761409446820272,2030.55,2022.65,2036.6867634108885,4.025937543148426,6.136763410888534,14.036763410888398,0.30222173356423304,0.6939788599554247
2025-12-15,CE,26027.3,27200.0,1.0,0.1,0.0761409446820272,0.7,0.6,0.0,0.0,-0.7,-0.6,-100.0,-100.0
2025-12-15,CE,26027.3,27550.0,1.0,0.1,0.0761409446820272,0.55,0.5,0.0,0.0,-0.55,-0.5,-100.0,-100.0
2025-12-15,CE,26027.3,24200.0,1.0,0.1,0.0761409446820272,1738.3,1738.3,1835.8637505073232,3.8756406096710085,97.56375050732322,97.56375050732322,5.612595668602843,5.612595668602843
2025-12-15,PE,26027.3,24550.0,1.0,0.1,0.0761409446820272,1.3,1.3,0.0,0.0,-1.3,-1.3,-100.0,-100.0
2025-12-15,PE,26027.3,26050.0,1.0,0.1,0.0761409446820272,70.0,71.45,55.66576280234379,2.4056616843073537,-14.334237197656208,-15.78423719765621,-20.47748171093744,-22.0913046853131
2025-12-15,CE,26027.3,27050.0,1.0,0.1,0.0761409446820272,0.75,0.65,0.0,0.0,-0.75,-0.65,-100.0,-100.0
2025-12-15,PE,26027.3,26400.0,1.0,0.1,0.0761409446820272,375.3,376.0,356.36560526789594,3.9148379774428252,-18.934394732104067,-19.634394732104056,-5.04513581990516,-5.221913492580866
2025-12-15,CE,26027.3,27350.0,1.0,0.1,0.0761409446820272,0.75,0.6,0.0,0.0,-0.75,-0.6,-100.0,-100.0
2025-12-15,PE,26027.3,26600.0,1.0,0.1,0.0761409446820272,568.95,576.25,562.8991582667446,3.961908644573704,-6.0508417332554245,-13.350841733255379,-1.0635102791555364,-2.3168488908035365
2025-12-15,CE,26027.3,26850.0,1.0,0.1,0.0761409446820272,0.85,0.8,0.0,0.0,-0.85,-0.8,-100.0,-100.0
2025-12-15,CE,26027.3,25900.0,1.0,0.1,0.0761409446820272,144.85,143.25,147.98967894181874,3.4934761363483124,3.139678941818744,4.739678941818738,2.167538102739899,3.3086763991753845
2025-12-15,PE,26027.3,26950.0,1.0,0.1,0.0761409446820272,909.85,909.85,912.6776985070644,3.8460640814200686,2.827698507064383,2.827698507064383,0.3107873283579033,0.3107873283579033
2025-12-15,PE,26027.3,25250.0,1.0,0.1,0.0761409446820272,1.9,1.7,0.0,0.0,-1.9,-1.7,-100.0,-100.0
2025-12-15,CE,26027.3,24700.0,1.0,0.1,0.0761409446820272,1331.9,1331.9,1346.5642761551967,3.841119027552892,14.664276155196603,14.664276155196603,1.101004291252842,1.101004291252842
2025-12-15,PE,26027.3,26300.0,1.0,0.1,0.0761409446820272,276.4,278.0,260.85060955401366,3.994428009444051,-15.549390445986319,-17.14939044598634,-5.625683952961766,-6.168845484167749
2025-12-15,CE,26027.3,26550.0,1.0,0.1,0.0761409446820272,1.15,1.0,0.0,0.0,-1.15,-1.0,-100.0,-100.0
2025-12-15,CE,26027.3,24600.0,1.0,0.1,0.0761409446820272,1427.05,1427.05,1437.6099976334228,3.937263298290116,10.559997633422881,10.559997633422881,0.7399879214759736,0.7399879214759736
2025-12-15,CE,26027.3,25350.0,1.0,0.1,0.0761409446820272,677.05,678.05,682.0861121821198,3.907950947598709,5.036112182119837,4.036112182119837,0.7438316493788992,0.5952528843182415
2025-12-15,CE,26027.3,25650.0,1.0,0.1,0.0761409446820272,380.4,379.45,382.6639675384046,3.987414760793524,2.2639675384046427,3.2139675384046313,0.595154452787761,0.8470068621437954
2025-12-15,PE,26027.3,25350.0,1.0,0.1,0.0761409446820272,2.05,1.75,0.0,0.0,-2.05,-1.75,-100.0,-100.0
2025-12-15,PE,26027.3,24700.0,1.0,0.1,0.0761409446820272,1.4,1.35,0.0,0.0,-1.4,-1.35,-100.0,-100.0
2025-12-15,PE,26027.3,27300.0,1.0,0.1,0.0761409446820272,1285.85,1285.85,1256.6349513493078,3.92530758549996,-29.215048650692097,-29.215048650692097,-2.2720417350929036,-2.2720417350929036
2025-12-15,PE,26027.3,26450.0,1.0,0.1,0.0761409446820272,425.05,425.1,412.2748287825626,3.919279917368344,-12.77517121743739,-12.8251712174374,-3.0055690430390283,-3.0169774682280406
2025-12-15,CE,26027.3,27400.0,1.0,0.1,0.0761409446820272,0.7,0.65,0.0,0.0,-0.7,-0.65,-100.0,-100.0
2025-12-15,PE,26027.3,24150.0,1.0,0.1,0.0761409446820272,1.05,0.9,0.0,0.0,-1.05,-0.9,-100.0,-100.0
2025-12-15,PE,26027.3,25850.0,1.0,0.1,0.0761409446820272,10.85,11.85,3.0540037735725645,0.5230591177607831,-7.795996226427436,-8.795996226427436,-71.85249978274135,-74.2278162567716
2025-12-15,PE,26027.3,26700.0,1.0,0.1,0.0761409446820272,675.4,674.7,662.9741495116582,4.034728451038426,-12.42585048834178,-11.725850488341848,-1.839776501087027,-1.7379354510659326
2025-12-15,PE,26027.3,25500.0,1.0,0.1,0.0761409446820272,2.6,2.3,0.0,0.0,-2.6,-2.3,-100.0,-100.0
2025-12-15,CE,26027.3,25800.0,1.0,0.1,0.0761409446820272,233.85,232.0,236.60409078324696,3.767196259098612,2.7540907832469657,4.60409078324696,1.1777168198618626,1.984521889330586
2025-12-15,PE,26027.3,26150.0,1.0,0.1,0.0761409446820272,139.7,142.15,127.24480931280637,3.2914971936528037,-12.455190687193621,-14.905190687193638,-8.915669783245256,-10.485536888634286
2025-12-15,CE,26027.3,27500.0,1.0,0.1,0.0761409446820272,0.6,0.5,0.0,0.0,-0.6,-0.5,-100.0,-100.0
2025-12-15,CE,26027.3,27800.0,1.0,0.1,0.0761409446820272,0.45,0.45,0.0,0.0,-0.45,-0.45,-100.0,-100.0
2025-12-15,PE,26027.3,25650.0,1.0,0.1,0.0761409446820272,3.75,3.85,0.0,0.0,-3.75,-3.85,-100.0,-100.0
2025-12-15,CE,26027.3,25100.0,1.0,0.1,0.0761409446820272,929.25,928.3,937.9675616391879,3.9613198739815743,8.71756163918792,9.667561639187966,0.938128774731011,1.0414264396410606
2025-12-15,PE,26027.3,25800.0,1.0,0.1,0.0761409446820272,7.3,8.1,1.1018577527459532,0.3417958546993031,-6.198142247254046,-6.998142247254046,-84.90605818156229,-86.39681786733391
2025-12-15,PE,26027.3,26350.0,1.0,0.1,0.0761409446820272,325.95,326.95,309.29185722377656,3.8556740074701947,-16.65814277622343,-17.65814277622343,-5.110643588348958,-5.400869483475587
2025-12-15,PE,26027.3,24250.0,1.0,0.1,0.0761409446820272,1.1,1.1,0.0,0.0,-1.1,-1.1,-100.0,-100.0
2025-12-15,CE,26027.3,26250.0,1.0,0.1,0.0761409446820272,5.35,5.25,2.5206365021005555,0.49159648995680266,-2.829363497899444,-2.7293634978994445,-52.88529902615784,-51.98787615046561
2025-12-15,PE,26027.3,26900.0,1.0,0.1,0.0761409446820272,875.65,874.7,864.2889290375665,4.0326060490564775,-11.361070962433473,-10.411070962433541,-1.2974442942309683,-1.1902447653405213
2025-12-15,CE,26027.3,24500.0,1.0,0.1,0.0761409446820272,1526.85,1528.45,1534.1511110773563,3.927068653122575,7.301111077356381,5.701111077356245,0.4781812933396458,0.37299951436790507
2025-12-15,PE,26027.3,26250.0,1.0,0.1,0.0761409446820272,228.45,229.7,213.7723029167443,3.804418657593325,-14.67769708325568,-15.92769708325568,-6.424905705080184,-6.934130206032077
2025-12-15,PE,26027.3,24750.0,1.0,0.1,0.0761409446820272,1.4,1.4,0.0,0.0,-1.4,-1.4,-100.0,-100.0
2025-12-15,CE,26027.3,26650.0,1.0,0.1,0.0761409446820272,0.95,0.9,0.0,0.0,-0.95,-0.9,-100.0,-100.0
2025-12-15,PE,26027.3,26200.0,1.0,0.1,0.0761409446820272,182.6,184.7,167.94163455783647,3.7158680426534287,-14.658365442163529,-16.758365442163523,-8.027582388917596,-9.073289356883338
2025-12-15,PE,26027.3,25750.0,1.0,0.1,0.0761409446820272,5.25,5.8,0.23775236768199057,0.09499950375791898,-5.01224763231801,-5.56224763231801,-95.47138347272399,-95.90082124686224
2025-12-15,PE,26027.3,24850.0,1.0,0.1,0.0761409446820272,1.45,1.4,0.0,0.0,-1.45,-1.4,-100.0,-100.0
2025-12-15,PE,26027.3,24950.0,1.0,0.1,0.0761409446820272,1.5,1.45,0.0,0.0,-1.5,-1.45,-100.0,-100.0
2025-12-15,PE,26027.3,24800.0,1.0,0.1,0.0761409446820272,1.45,1.45,0.0,0.0,-1.45,-1.45,-100.0,-100.0
2025-12-15,CE,26027.3,25200.0,1.0,0.1,0.0761409446820272,828.25,828.3,834.5301196675231,4.013061010770949,6.280119667523081,6.230119667523127,0.7582396217957237,0.7521573907428621
2025-12-15,CE,26027.3,26900.0,1.0,0.1,0.0761409446820272,0.85,0.8,0.0,0.0,-0.85,-0.8,-100.0,-100.0
2025-12-15,PE,26027.3,24600.0,1.0,0.1,0.0761409446820272,1.3,1.3,0.0,0.0,-1.3,-1.3,-100.0,-100.0
2025-12-15,CE,26027.3,26800.0,1.0,0.1,0.0761409446820272,0.8,0.75,0.0,0.0,-0.8,-0.75,-100.0,-100.0
2025-12-15,CE,26027.3,27100.0,1.0,0.1,0.0761409446820272,0.75,0.65,0.0,0.0,-0.75,-0.65,-100.0,-100.0
2025-12-15,CE,26027.3,26350.0,1.0,0.1,0.0761409446820272,2.15,1.85,0.3773163473053685,0.1881818458869769,-1.7726836526946315,-1.4726836526946316,-82.4504024509131,-79.60452176727738
2025-12-15,PE,26027.3,24400.0,1.0,0.1,0.0761409446820272,1.35,1.35,0.0,0.0,-1.35,-1.35,-100.0,-100.0
2025-12-15,PE,26027.3,27000.0,1.0,0.1,0.0761409446820272,975.05,976.0,962.5066864210644,3.8763498986888076,-12.543313578935567,-13.493313578935613,-1.2864277297508402,-1.382511637186026
2025-12-15,CE,26027.3,25500.0,1.0,0.1,0.0761409446820272,529.1,527.2,534.4793665930752,3.946418271560919,5.379366593075133,7.27936659307511,1.016701302792503,1.3807599759247173
2025-12-15,CE,26027.3,25250.0,1.0,0.1,0.0761409446820272,778.9,773.6,781.2526182761,3.8916948533009608,2.3526182760999745,7.652618276099929,0.3020436867505424,0.9892215972207766
2025-12-15,CE,26027.3,25400.0,1.0,0.1,0.0761409446820272,629.45,627.9,638.8520309381729,4.085529428187477,9.402030938172857,10.952030938172925,1.4936898781750505,1.7442317149502986
2025-12-15,CE,26027.3,24550.0,1.0,0.1,0.0761409446820272,1456.4,1456.4,1492.2743963799962,3.8526901006733474,35.87439637999614,35.87439637999614,2.4632241403457935,2.4632241403457935
2025-12-15,PE,26027.3,26850.0,1.0,0.1,0.0761409446820272,835.35,835.35,807.9203665245352,3.858730099375538,-27.42963347546481,-27.42963347546481,-3.283609681626242,-3.283609681626242
2025-12-15,PE,26027.3,27950.0,1.0,0.1,0.0761409446820272,1994.15,1994.15,1912.8812080215657,3.960692835838965,-81.26879197843436,-81.26879197843436,-4.075360027000695,-4.075360027000695
2025-12-16,CE,25860.1,27450.0,0.0,0.1,0.0785638906190351,0.1,0.05,0.0,0.0,-0.1,-0.05,-100.0,-100.0
2025-12-16,CE,25860.1,25000.0,0.0,0.1,0.0785638906190351,872.3,859.95,860.0999999999839,3.596892367842956e-15,-12.200000000016075,0.14999999998383373,-1.3986013986032415,0.017442874583851818
2025-12-16,CE,25860.1,26050.0,0.0,0.1,0.0785638906190351,0.15,0.05,0.0,0.0,-0.15,-0.05,-100.0,-100.0
2025-12-16,PE,25860.1,25200.0,0.0,0.1,0.0785638906190351,0.05,0.05,0.0,0.0,-0.05,-0.05,-100.0,-100.0
2025-12-16,CE,25860.1,26300.0,0.0,0.1,0.0785638906190351,0.1,0.05,0.0,0.0,-0.1,-0.05,-100.0,-100.0
2025-12-16,PE,25860.1,25650.0,0.0,0.1,0.0785638906190351,0.1,0.05,0.0,0.0,-0.1,-0.05,-100.0,-100.0
2025-12-16,CE,25860.1,27150.0,0.0,0.1,0.0785638906190351,0.1,0.05,0.0,0.0,-0.1,-0.05,-100.0,-100.0
2025-12-16,CE,25860.1,27100.0,0.0,0.1,0.0785638906190351,0.05,0.05,0.0,0.0,-0.05,-0.05,-100.0,-100.0
2025-12-16,CE,25860.1,27850.0,0.0,0.1,0.0785638906190351,0.1,0.05,0.0,0.0,-0.1,-0.05,-100.0,-100.0
2025-12-16,CE,25860.1,27200.0,0.0,0.1,0.0785638906190351,0.1,0.05,0.0,0.0,-0.1,-0.05,-100.0,-100.0
2025-12-16,PE,25860.1,25050.0,0.0,0.1,0.0785638906190351,0.1,0.05,0.0,0.0,-0.1,-0.05,-100.0,-100.0
2025-12-16,CE,25860.1,25300.0,0.0,0.1,0.0785638906190351,569.7,561.2,560.0999999999839,3.596892367842956e-15,-9.600000000016166,-1.1000000000161663,-1.6850974196974136,-0.19600855310337958
2025-12-16,PE,25860.1,26600.0,0.0,0.1,0.0785638906190351,730.35,740.65,739.9000000000161,3.596892367842956e-15,9.550000000016098,-0.7499999999838565,1.3075922502931605,-0.10126240464238931
2025-12-16,PE,25860.1,26400.0,0.0,0.1,0.0785638906190351,530.75,539.1,539.9000000000161,3.596892367842956e-15,9.15000000001612,0.8000000000160981,1.7239755063619633,0.14839547394103098
2025-12-16,PE,25860.1,26550.0,0.0,0.1,0.0785638906190351,685.6,690.95,689.9000000000161,3.596892367842956e-15,4.300000000016098,-1.0499999999839247,0.6271878646464554,-0.15196468629914245
2025-12-16,CE,25860.1,24300.0,0.0,0.1,0.0785638906190351,1595.25,1595.25,1560.0999999999842,7.193784735685911e-15,-35.15000000001578,-35.15000000001578,-2.203416392415971,-2.203416392415971
2025-12-16,CE,25860.1,25750.0,0.0,0.1,0.0785638906190351,119.45,109.95,110.09999999998399,0.0,-9.35000000001601,0.14999999998399005,-7.827542904994567,0.13642564800726698
2025-12-16,PE,25860.1,25450.0,0.0,0.1,0.0785638906190351,0.1,0.05,0.0,0.0,-0.1,-0.05,-100.0,-100.0
2025-12-16,CE,25860.1,27800.0,0.0,0.1,0.0785638906190351,0.05,0.05,0.0,0.0,-0.05,-0.05,-100.0,-100.0
2025-12-16,PE,25860.1,24100.0,0.0,0.1,0.0785638906190351,0.1,0.05,0.0,0.0,-0.1,-0.05,-100.0,-100.0
2025-12-16,CE,25860.1,26950.0,0.0,0.1,0.0785638906190351,0.05,0.05,0.0,0.0,-0.05,-0.05,-100.0,-100.0
2025-12-16,CE,25860.1,24500.0,0.0,0.1,0.0785638906190351,1369.7,1359.3,1360.0999999999842,7.193784735685911e-15,-9.600000000015825,0.7999999999842657,-0.7008834051263653,0.058853821818896916
2025-12-16,CE,25860.1,27300.0,0.0,0.1,0.0785638906190351,0.05,0.05,0.0,0.0,-0.05,-0.05,-100.0,-100.0
2025-12-16,CE,25860.1,25450.0,0.0,0.1,0.0785638906190351,422.4,410.9,410.099999999984,0.0,-12.300000000015984,-0.8000000000159844,-2.9119318181856024,-0.19469457289267084
2025-12-16,PE,25860.1,27050.0,0.0,0.1,0.0785638906190351,1191.5,1191.5,1189.9000000000158,7.193784735685911e-15,-1.5999999999842203,-1.5999999999842203,-0.13428451531550317,-0.13428451531550317
2025-12-16,PE,25860.1,24450.0,0.0,0.1,0.0785638906190351,0.1,0.1,0.0,0.0,-0.1,-0.1,-100.0,-100.0
2025-12-16,PE,25860.1,27500.0,0.0,0.1,0.0785638906190351,1640.2,1643.0,1639.9000000000158,7.193784735685911e-15,-0.29999999998426574,-3.0999999999842203,-0.01829045238289634,-0.18867924528205843
2025-12-16,CE,25860.1,26600.0,0.0,0.1,0.0785638906190351,0.1,0.05,0.0,0.0,-0.1,-0.05,-100.0,-100.0
2025-12-16,CE,25860.1,27500.0,0.0,0.1,0.0785638906190351,0.05,0.05,0.0,0.0,-0.05,-0.05,-100.0,-100.0
2025-12-16,CE,25860.1,25650.0,0.0,0.1,0.0785638906190351,216.85,209.7,210.099999999984,0.0,-6.750000000016001,0.39999999998400426,-3.1127507493733,0.19074868859513794
2025-12-16,PE,25860.1,26500.0,0.0,0.1,0.0785638906190351,632.7,641.15,639.9000000000161,3.596892367842956e-15,7.200000000016075,-1.2499999999838565,1.137980085351047,-0.19496217733507862
2025-12-16,PE,25860.1,24800.0,0.0,0.1,0.0785638906190351,0.1,0.1,0.0,0.0,-0.1,-0.1,-100.0,-100.0
2025-12-16,CE,25860.1,25200.0,0.0,0.1,0.0785638906190351,672.85,661.4,660.0999999999839,3.596892367842956e-15,-12.750000000016144,-1.300000000016098,-1.8949245745732546,-0.19655276686061357
2025-12-16,PE,25860.1,25350.0,0.0,0.1,0.0785638906190351,0.1,0.05,0.0,0.0,-0.1,-0.05,-100.0,-100.0
2025-12-16,CE,25860.1,24800.0,0.0,0.1,0.0785638906190351,1060.2,1060.2,1060.0999999999842,7.193784735685911e-15,-0.10000000001582521,-0.10000000001582521,-0.009432182608547935,-0.009432182608547935
2025-12-16,CE,25860.1,27050.0,0.0,0.1,0.0785638906190351,0.1,0.05,0.0,0.0,-0.1,-0.05,-100.0,-100.0
2025-12-16,CE,25860.1,26750.0,0.0,0.1,0.0785638906190351,0.1,0.05,0.0,0.0,-0.1,-0.05,-100.0,-100.0
2025-12-16,PE,25860.1,24700.0,0.0,0.1,0.0785638906190351,0.1,0.05,0.0,0.0,-0.1,-0.05,-100.0,-100.0
2025-12-16,PE,25860.1,26300.0,0.0,0.1,0.0785638906190351,428.85,440.65,439.900000000016,0.0,11.050000000015984,-0.7499999999839702,2.5766585053086124,-0.17020310903982078
2025-12-16,PE,25860.1,25600.0,0.0,0.1,0.0785638906190351,0.1,0.05,0.0,0.0,-0.1,-0.05,-100.0,-100.0
2025-12-16,CE,25860.1,25500.0,0.0,0.1,0.0785638906190351,367.9,359.55,360.099999999984,0.0,-7.800000000015984,0.5499999999839815,-2.1201413427605287,0.1529689890095902
2025-12-16,CE,25860.1,26250.0,0.0,0.1,0.0785638906190351,0.1,0.05,0.0,0.0,-0.1,-0.05,-100.0,-100.0
2025-12-16,CE,25860.1,24450.0,0.0,0.1,0.0785638906190351,1438.0,1438.0,1410.0999999999842,7.193784735685911e-15,-27.90000000001578,-27.90000000001578,-1.9401947148828775,-1.9401947148828775
2025-12-16,CE,25860.1,24400.0,0.0,0.1,0.0785638906190351,1496.0,1496.0,1460.0999999999842,7.193784735685911e-15,-35.90000000001578,-35.90000000001578,-2.3997326203219105,-2.3997326203219105
2025-12-16,PE,25860.1,24750.0,0.0,0.1,0.0785638906190351,0.1,0.05,0.0,0.0,-0.1,-0.05,-100.0,-100.0
2025-12-16,PE,25860.1,25400.0,0.0,0.1,0.0785638906190351,0.1,0.05,0.0,0.0,-0.1,-0.05,-100.0,-100.0
2025-12-16,PE,25860.1,24600.0,0.0,0.1,0.0785638906190351,0.05,0.05,0.0,0.0,-0.05,-0.05,-100.0,-100.0
2025-12-16,PE,25860.1,24350.0,0.0,0.1,0.0785638906190351,0.1,0.05,0.0,0.0,-0.1,-0.05,-100.0,-100.0
2025-12-16,CE,25860.1,24100.0,0.0,0.1,0.0785638906190351,1790.95,1790.95,1760.0999999999842,7.193784735685911e-15,-30.850000000015825,-30.850000000015825,-1.722549484911127,-1.722549484911127
2025-12-16,CE,25860.1,25050.0,0.0,0.1,0.0785638906190351,835.7,822.45,810.0999999999839,3.596892367842956e-15,-25.600000000016166,-12.350000000016166,-3.063300227356248,-1.5016110401867793
2025-12-16,PE,25860.1,25750.0,0.0,0.1,0.0785638906190351,0.1,0.05,0.0,0.0,-0.1,-0.05,-100.0,-100.0
2025-12-16,CE,25860.1,23950.0,0.0,0.1,0.0785638906190351,1942.7,1942.7,1910.0999999999842,7.193784735685911e-15,-32.600000000015825,-32.600000000015825,-1.678076903279756,-1.678076903279756
2025-12-16,CE,25860.1,26650.0,0.0,0.1,0.0785638906190351,0.05,0.05,0.0,0.0,-0.05,-0.05,-100.0,-100.0
2025-12-16,PE,25860.1,26450.0,0.0,0.1,0.0785638906190351,579.95,588.95,589.9000000000161,3.596892367842956e-15,9.950000000016075,0.9500000000160753,1.715665143549629,0.16130401562374994
2025-12-16,CE,25860.1,26350.0,0.0,0.1,0.0785638906190351,0.1,0.05,0.0,0.0,-0.1,-0.05,-100.0,-100.0
2025-12-16,CE,25860.1,25100.0,0.0,0.1,0.0785638906190351,771.9,761.65,760.0999999999839,3.596892367842956e-15,-11.800000000016098,-1.550000000016098,-1.5286954268708508,-0.20350554716944766
2025-12-16,PE,25860.1,25100.0,0.0,0.1,0.0785638906190351,0.1,0.05,0.0,0.0,-0.1,-0.05,-100.0,-100.0
2025-12-16,PE,25860.1,25900.0,0.0,0.1,0.0785638906190351,27.95,39.8,39.90000000001601,0.0,11.950000000016008,0.10000000001600995,42.75491949916282,0.2512562814472612
2025-12-16,CE,25860.1,25700.0,0.0,0.1,0.0785638906190351,169.55,160.0,160.099999999984,0.0,-9.450000000016018,0.0999999999839929,-5.573577115904463,0.06249999998999556
2025-12-16,CE,25860.1,24600.0,0.0,0.1,0.0785638906190351,1280.0,1280.0,1260.0999999999842,7.193784735685911e-15,-19.90000000001578,-19.90000000001578,-1.5546875000012328,-1.5546875000012328
2025-12-16,CE,25860.1,26900.0,0.0,0.1,0.0785638906190351,0.05,0.05,0.0,0.0,-0.05,-0.05,-100.0,-100.0
2025-12-16,PE,25860.1,27300.0,0.0,0.1,0.0785638906190351,1400.0,1400.0,1439.9000000000158,7.193784735685911e-15,39.90000000001578,39.90000000001578,2.850000000001127,2.850000000001127
2025-12-16,PE,25860.1,25700.0,0.0,0.1,0.0785638906190351,0.1,0.05,0.0,0.0,-0.1,-0.05,-100.0,-100.0
2025-12-16,PE,25860.1,26650.0,0.0,0.1,0.0785638906190351,787.35,792.55,789.9000000000161,3.596892367842956e-15,2.550000000016098,-2.6499999999838337,0.32387121356653303,-0.3343637625366013
2025-12-16,PE,25860.1,24200.0,0.0,0.1,0.0785638906190351,0.1,0.05,0.0,0.0,-0.1,-0.05,-100.0,-100.0
2025-12-16,CE,25860.1,26700.0,0.0,0.1,0.0785638906190351,0.1,0.05,0.0,0.0,-0.1,-0.05,-100.0,-100.0
2025-12-16,PE,25860.1,25500.0,0.0,0.1,0.0785638906190351,0.1,0.05,0.0,0.0,-0.1,-0.05,-100.0,-100.0
2025-12-16,PE,25860.1,26800.0,0.0,0.1,0.0785638906190351,926.9,926.9,939.9000000000161,3.596892367842956e-15,13.000000000016144,13.000000000016144,1.4025245441812648,1.4025245441812648
2025-12-16,PE,25860.1,23950.0,0.0,0.1,0.0785638906190351,0.05,0.05,0.0,0.0,-0.05,-0.05,-100.0,-100.0
2025-12-16,PE,25860.1,27200.0,0.0,0.1,0.0785638906190351,1341.9,1341.9,1339.9000000000158,7.193784735685911e-15,-1.9999999999843112,-1.9999999999843112,-0.14904240256236018,-0.14904240256236018
2025-12-16,CE,25860.1,24000.0,0.0,0.1,0.0785638906190351,1868.85,1864.0,1860.0999999999842,7.193784735685911e-15,-8.750000000015689,-3.9000000000157797,-0.468202370442555,-0.20922746781200535
2025-12-16,PE,25860.1,26000.0,0.0,0.1,0.0785638906190351,128.0,139.5,139.900000000016,0.0,11.900000000016007,0.4000000000160071,9.296875000012506,0.2867383512659549
2025-12-16,CE,25860.1,27650.0,0.0,0.1,0.0785638906190351,0.1,0.05,0.0,0.0,-0.1,-0.05,-100.0,-100.0
2025-12-16,PE,25860.1,26200.0,0.0,0.1,0.0785638906190351,331.5,339.4,339.900000000016,0.0,8.400000000016007,0.5000000000160298,2.5339366515885393,0.14731879788333233
2025-12-16,CE,25860.1,25800.0,0.0,0.1,0.0785638906190351,69.2,60.1,60.09999999998399,0.0,-9.10000000001601,-1.6008527836675057e-11,-13.150289017364175,-2.6636485585149845e-11
2025-12-16,PE,25860.1,24500.0,0.0,0.1,0.0785638906190351,0.1,0.05,0.0,0.0,-0.1,-0.05,-100.0,-100.0
2025-12-16,CE,25860.1,27700.0,0.0,0.1,0.0785638906190351,0.1,0.05,0.0,0.0,-0.1,-0.05,-100.0,-100.0
2025-12-16,PE,25860.1,25150.0,0.0,0.1,0.0785638906190351,0.1,0.05,0.0,0.0,-0.1,-0.05,-100.0,-100.0
2025-12-16,CE,25860.1,25900.0,0.0,0.1,0.0785638906190351,1.05,0.05,0.0,0.0,-1.05,-0.05,-100.0,-100.0
2025-12-16,CE,25860.1,25350.0,0.0,0.1,0.0785638906190351,521.9,507.35,510.099999999984,0.0,-11.800000000015984,2.74999999998397,-2.2609695343966245,0.5420321277193201
2025-12-16,CE,25860.1,27250.0,0.0,0.1,0.0785638906190351,0.05,0.05,0.0,0.0,-0.05,-0.05,-100.0,-100.0
2025-12-16,CE,25860.1,25950.0,0.0,0.1,0.0785638906190351,0.2,0.05,0.0,0.0,-0.2,-0.05,-100.0,-100.0
2025-12-16,CE,25860.1,26000.0,0.0,0.1,0.0785638906190351,0.15,0.05,0.0,0.0,-0.15,-0.05,-100.0,-100.0
2025-12-16,PE,25860.1,25000.0,0.0,0.1,0.0785638906190351,0.1,0.05,0.0,0.0,-0.1,-0.05,-100.0,-100.0
2025-12-16,PE,25860.1,27400.0,0.0,0.1,0.0785638906190351,1508.3,1508.3,1539.9000000000158,7.193784735685911e-15,31.600000000015825,31.600000000015825,2.0950739242866687,2.0950739242866687
2025-12-16,CE,25860.1,25250.0,0.0,0.1,0.0785638906190351,618.45,613.2,610.0999999999839,3.596892367842956e-15,-8.350000000016166,-3.1000000000161663,-1.3501495674696686,-0.5055446836295118
2025-12-16,CE,25860.1,26200.0,0.0,0.1,0.0785638906190351,0.1,0.05,0.0,0.0,-0.1,-0.05,-100.0,-100.0
2025-12-16,CE,25860.1,27550.0,0.0,0.1,0.0785638906190351,0.1,0.05,0.0,0.0,-0.1,-0.05,-100.0,-100.0
2025-12-16,PE,25860.1,24300.0,0.0,0.1,0.0785638906190351,0.1,0.05,0.0,0.0,-0.1,-0.05,-100.0,-100.0
2025-12-16,PE,25860.1,24900.0,0.0,0.1,0.0785638906190351,0.05,0.05,0.0,0.0,-0.05,-0.05,-100.0,-100.0
2025-12-16,CE,25860.1,25600.0,0.0,0.1,0.0785638906190351,267.95,259.6,260.099999999984,0.0,-7.850000000015996,0.49999999998397016,-2.9296510543071452,0.19260400615715337
2025-12-16,CE,25860.1,26400.0,0.0,0.1,0.0785638906190351,0.1,0.05,0.0,0.0,-0.1,-0.05,-100.0,-100.0
2025-12-16,PE,25860.1,24650.0,0.0,0.1,0.0785638906190351,0.1,0.1,0.0,0.0,-0.1,-0.1,-100.0,-100.0
2025-12-16,CE,25860.1,26450.0,0.0,0.1,0.0785638906190351,0.1,0.05,0.0,0.0,-0.1,-0.05,-100.0,-100.0
2025-12-16,CE,25860.1,26150.0,0.0,0.1,0.0785638906190351,0.1,0.05,0.0,0.0,-0.1,-0.05,-100.0,-100.0
2025-12-16,CE,25860.1,24900.0,0.0,0.1,0.0785638906190351,973.65,967.25,960.0999999999839,3.596892367842956e-15,-13.550000000016098,-7.150000000016121,-1.391670518154994,-0.7392090979597954
2025-12-16,PE,25860.1,26250.0,0.0,0.1,0.0785638906190351,379.45,390.65,389.900000000016,0.0,10.450000000016018,-0.7499999999839702,2.7539860324195597,-0.1919877127822783
2025-12-16,CE,25860.1,24700.0,0.0,0.1,0.0785638906190351,1180.2,1162.75,1160.0999999999842,7.193784735685911e-15,-20.100000000015825,-2.6500000000157797,-1.703101169294681,-0.22790797678054436
2025-12-16,CE,25860.1,27350.0,0.0,0.1,0.0785638906190351,0.05,0.05,0.0,0.0,-0.05,-0.05,-100.0,-100.0
2025-12-16,PE,25860.1,26850.0,0.0,0.1,0.0785638906190351,983.75,983.75,989.9000000000161,3.596892367842956e-15,6.150000000016121,6.150000000016121,0.6251588310054507,0.6251588310054507
2025-12-16,PE,25860.1,26350.0,0.0,0.1,0.0785638906190351,484.65,490.45,489.900000000016,0.0,5.25000000001603,-0.5499999999839815,1.083255957911076,-0.1121419104870999
2025-12-16,CE,25860.1,24750.0,0.0,0.1,0.0785638906190351,1116.2,1116.2,1110.0999999999842,7.193784735685911e-15,-6.100000000015825,-6.100000000015825,-0.5464970435420019,-0.5464970435420019
2025-12-16,PE,25860.1,27900.0,0.0,0.1,0.0785638906190351,2034.8,2034.8,2039.9000000000158,7.193784735685911e-15,5.100000000015825,5.100000000015825,0.2506388834291245,0.2506388834291245
2025-12-16,CE,25860.1,24850.0,0.0,0.1,0.0785638906190351,1016.4,1016.4,1010.0999999999839,3.596892367842956e-15,-6.300000000016098,-6.300000000016098,-0.6198347107453854,-0.6198347107453854
2025-12-16,CE,25860.1,26100.0,0.0,0.1,0.0785638906190351,0.15,0.05,0.0,0.0,-0.15,-0.05,-100.0,-100.0
2025-12-16,PE,25860.1,24550.0,0.0,0.1,0.0785638906190351,0.1,0.05,0.0,0.0,-0.1,-0.05,-100.0,-100.0
2025-12-16,PE,25860.1,24150.0,0.0,0.1,0.0785638906190351,0.1,0.05,0.0,0.0,-0.1,-0.05,-100.0,-100.0
2025-12-16,PE,25860.1,26100.0,0.0,0.1,0.0785638906190351,228.1,239.5,239.900000000016,0.0,11.800000000016013,0.4000000000160071,5.17316966243578,0.16701461378538918
2025-12-16,CE,25860.1,27900.0,0.0,0.1,0.0785638906190351,0.1,0.05,0.0,0.0,-0.1,-0.05,-100.0,-100.0
2025-12-16,PE,25860.1,25300.0,0.0,0.1,0.0785638906190351,0.1,0.05,0.0,0.0,-0.1,-0.05,-100.0,-100.0
2025-12-16,PE,25860.1,25950.0,0.0,0.1,0.0785638906190351,77.45,89.55,89.90000000001601,0.0,12.450000000016004,0.35000000001600995,16.074887023907042,0.39084310442882186
2025-12-16,CE,25860.1,27950.0,0.0,0.1,0.0785638906190351,0.1,0.05,0.0,0.0,-0.1,-0.05,-100.0,-100.0
2025-12-16,PE,25860.1,26050.0,0.0,0.1,0.0785638906190351,179.05,189.45,189.900000000016,0.0,10.850000000015996,0.4500000000160185,6.059759843628034,0.2375296912198567
2025-12-16,PE,25860.1,25550.0,0.0,0.1,0.0785638906190351,0.1,0.05,0.0,0.0,-0.1,-0.05,-100.0,-100.0
2025-12-16,PE,25860.1,26700.0,0.0,0.1,0.0785638906190351,827.35,840.6,839.9000000000161,3.596892367842956e-15,12.550000000016098,-0.6999999999839019,1.5168912793879372,-0.08327385200855364
2025-12-16,PE,25860.1,24000.0,0.0,0.1,0.0785638906190351,0.1,0.05,0.0,0.0,-0.1,-0.05,-100.0,-100.0
2025-12-16,PE,25860.1,26900.0,0.0,0.1,0.0785638906190351,1040.0,1040.0,1039.900000000016,0.0,-0.0999999999839929,-0.0999999999839929,-0.00961538461384547,-0.00961538461384547
2025-12-16,CE,25860.1,27750.0,0.0,0.1,0.0785638906190351,0.1,0.05,0.0,0.0,-0.1,-0.05,-100.0,-100.0
2025-12-16,CE,25860.1,27000.0,0.0,0.1,0.0785638906190351,0.1,0.05,0.0,0.0,-0.1,-0.05,-100.0,-100.0
2025-12-16,PE,25860.1,25250.0,0.0,0.1,0.0785638906190351,0.05,0.05,0.0,0.0,-0.05,-0.05,-100.0,-100.0
2025-12-16,CE,25860.1,25150.0,0.0,0.1,0.0785638906190351,728.5,710.45,710.0999999999839,3.596892367842956e-15,-18.40000000001612,-0.35000000001616627,-2.5257378174352945,-0.049264550639195756
2025-12-16,PE,25860.1,26750.0,0.0,0.1,0.0785638906190351,891.2,891.2,889.9000000000161,3.596892367842956e-15,-1.2999999999839247,-1.2999999999839247,-0.14587073608437215,-0.14587073608437215
2025-12-16,PE,25860.1,25800.0,0.0,0.1,0.0785638906190351,0.15,0.05,0.0,0.0,-0.15,-0.05,-100.0,-100.0
2025-12-16,CE,25860.1,25550.0,0.0,0.1,0.0785638906190351,317.3,309.7,310.099999999984,0.0,-7.2000000000160185,0.39999999998400426,-2.269145918693986,0.12915724894543246
2025-12-16,CE,25860.1,26550.0,0.0,0.1,0.0785638906190351,0.05,0.05,0.0,0.0,-0.05,-0.05,-100.0,-100.0
2025-12-16,CE,25860.1,24950.0,0.0,0.1,0.0785638906190351,911.0,907.75,910.0999999999839,3.596892367842956e-15,-0.9000000000161208,2.349999999983879,-0.0987925356768519,0.2588818507280506
2025-12-16,CE,25860.1,25850.0,0.0,0.1,0.0785638906190351,18.1,10.2,10.099999999983993,0.0,-8.000000000016009,-0.1000000000160064,-44.19889502771275,-0.9803921570196706
2025-12-16,CE,25860.1,27400.0,0.0,0.1,0.0785638906190351,0.05,0.05,0.0,0.0,-0.05,-0.05,-100.0,-100.0
2025-12-16,CE,25860.1,24650.0,0.0,0.1,0.0785638906190351,1224.3,1224.45,1210.0999999999842,7.193784735685911e-15,-14.200000000015734,-14.350000000015825,-1.159846442866596,-1.171954755197503
2025-12-16,PE,25860.1,24400.0,0.0,0.1,0.0785638906190351,0.1,0.1,0.0,0.0,-0.1,-0.1,-100.0,-100.0
2025-12-16,PE,25860.1,24050.0,0.0,0.1,0.0785638906190351,0.1,0.05,0.0,0.0,-0.1,-0.05,-100.0,-100.0
2025-12-16,PE,25860.1,27000.0,0.0,0.1,0.0785638906190351,1133.15,1140.25,1139.9000000000158,7.193784735685911e-15,6.750000000015689,-0.34999999998422027,0.5956845960389788,-0.03069502301988338
2025-12-16,PE,25860.1,24950.0,0.0,0.1,0.0785638906190351,0.1,0.05,0.0,0.0,-0.1,-0.05,-100.0,-100.0
2025-12-16,CE,25860.1,26850.0,0.0,0.1,0.0785638906190351,0.05,0.05,0.0,0.0,-0.05,-0.05,-100.0,-100.0
2025-12-16,CE,25860.1,26500.0,0.0,0.1,0.0785638906190351,0.1,0.05,0.0,0.0,-0.1,-0.05,-100.0,-100.0
2025-12-16,PE,25860.1,26150.0,0.0,0.1,0.0785638906190351,281.35,289.55,289.900000000016,0.0,8.550000000015984,0.35000000001599574,3.0389194952962444,0.12087722328302392
2025-12-16,CE,25860.1,27600.0,0.0,0.1,0.0785638906190351,0.1,0.05,0.0,0.0,-0.1,-0.05,-100.0,-100.0
2025-12-16,PE,25860.1,24850.0,0.0,0.1,0.0785638906190351,0.1,0.05,0.0,0.0,-0.1,-0.05,-100.0,-100.0
2025-12-16,CE,25860.1,24550.0,0.0,0.1,0.0785638906190351,1342.0,1342.0,1310.0999999999842,7.193784735685911e-15,-31.90000000001578,-31.90000000001578,-2.3770491803290446,-2.3770491803290446
2025-12-16,PE,25860.1,24250.0,0.0,0.1,0.0785638906190351,0.1,0.05,0.0,0.0,-0.1,-0.05,-100.0,-100.0
2025-12-16,CE,25860.1,25400.0,0.0,0.1,0.0785638906190351,471.05,460.5,460.099999999984,0.0,-10.950000000016018,-0.4000000000160071,-2.3245939921486083,-0.08686210640955638
2025-12-16,CE,25860.1,26800.0,0.0,0.1,0.0785638906190351,0.05,0.05,0.0,0.0,-0.05,-0.05,-100.0,-100.0
